Instance,INF_avg,INF_sd,INF_r1,INF_kr,INF_sk,SUP_avg,SUP_sd,SUP_r1,SUP_kr,SUP_sk,INC_avg,INC_sd,INC_r1,INC_kr,INC_sk,IND_avg,IND_sd,IND_r1,IND_kr,IND_sk
190,0.2458,0.038991794,0.2085244719,3.6252287444,0.1027406093,0.2466,0.0442542653,0.0601626069,2.5774556652,-0.1371258888,0.5076,0.0411611467,-0.0856636913,2.9714807473,0.3317091075,0.5076,0.0411611467,-0.0856636913,2.9714807473,0.3317091075
