Instance,INF_avg,INF_sd,INF_r1,INF_kr,INF_sk,SUP_avg,SUP_sd,SUP_r1,SUP_kr,SUP_sk,INC_avg,INC_sd,INC_r1,INC_kr,INC_sk,IND_avg,IND_sd,IND_r1,IND_kr,IND_sk
173,0.2375,0.0264811254,-0.0365744871,2.8550525704,-0.3291619002,0.234,0.023,-0.1274925753,3.096497654,0.646256267,0.5285,0.0253031619,0.308109928,1.669096307,-0.0974053067,0.5285,0.0253031619,0.308109928,1.669096307,-0.0974053067
