Instance,INF_avg,INF_sd,INF_r1,INF_kr,INF_sk,SUP_avg,SUP_sd,SUP_r1,SUP_kr,SUP_sk,INC_avg,INC_sd,INC_r1,INC_kr,INC_sk,IND_avg,IND_sd,IND_r1,IND_kr,IND_sk
24,0.3248,0.0519322636,0.145906933,2.1970835795,0.0920552205,0.236,0.062992063,0.3230794539,2.4085587929,0.3840729647,0.4392,0.0800959425,0.3901145948,2.8206274614,0.5823502816,0.4392,0.0800959425,0.3901145948,2.8206274614,0.5823502816
