Instance,INF_avg,INF_sd,INF_r1,INF_kr,INF_sk,SUP_avg,SUP_sd,SUP_r1,SUP_kr,SUP_sk,INC_avg,INC_sd,INC_r1,INC_kr,INC_sk,IND_avg,IND_sd,IND_r1,IND_kr,IND_sk
168,0.5152466368,0.1156461945,0.888473591,2.276362081,-0.404419432,0.0751121076,0.0597949485,0.8733801004,4.2697011263,1.27955202,0.4096412556,0.0677495818,0.6961263021,2.3994743516,-0.0418642203,0.4096412556,0.0677495818,0.6961263021,2.3994743516,-0.0418642203
