Instance,INF_avg,INF_sd,INF_r1,INF_kr,INF_sk,SUP_avg,SUP_sd,SUP_r1,SUP_kr,SUP_sk,INC_avg,INC_sd,INC_r1,INC_kr,INC_sk,IND_avg,IND_sd,IND_r1,IND_kr,IND_sk
111,0.238,0.0224944438,-0.3247011952,1.8170960334,0.0126513455,0.28,0.0154919334,-0.4255319149,2.9947916667,-1.2506508722,0.482,0.0269443872,0.1287041132,1.6311158163,-0.0058277367,0.482,0.0269443872,0.1287041132,1.6311158163,-0.0058277367
