Instance,INF_avg,INF_sd,INF_r1,INF_kr,INF_sk,SUP_avg,SUP_sd,SUP_r1,SUP_kr,SUP_sk,INC_avg,INC_sd,INC_r1,INC_kr,INC_sk,IND_avg,IND_sd,IND_r1,IND_kr,IND_sk
270,0.2424,0.0261579816,0.0376066491,2.635331135,-0.1888640236,0.2358,0.0309735371,0.1613244564,4.4389734848,-0.1061080308,0.5218,0.0426117355,-0.0059765872,3.8203301638,-0.2495187552,0.5218,0.0426117355,-0.0059765872,3.8203301638,-0.2495187552
