Instance,INF_avg,INF_sd,INF_r1,INF_kr,INF_sk,SUP_avg,SUP_sd,SUP_r1,SUP_kr,SUP_sk,INC_avg,INC_sd,INC_r1,INC_kr,INC_sk,IND_avg,IND_sd,IND_r1,IND_kr,IND_sk
196,0.262,0.0202977831,-0.4252241239,3.8225563201,0.7928074168,0.2372,0.0340023529,-0.0654355735,1.9745031971,-0.2280796562,0.5008,0.0382277386,-0.1433475074,3.2967726637,-0.6799986411,0.5008,0.0382277386,-0.1433475074,3.2967726637,-0.6799986411
