Instance,INF_avg,INF_sd,INF_r1,INF_kr,INF_sk,SUP_avg,SUP_sd,SUP_r1,SUP_kr,SUP_sk,INC_avg,INC_sd,INC_r1,INC_kr,INC_sk,IND_avg,IND_sd,IND_r1,IND_kr,IND_sk
15,0.2728,0.0631518804,0.1970786925,2.2295249688,0.2634700063,0.2516,0.0659199515,0.1752837977,2.7402186071,0.0140260962,0.4756,0.0660048483,0.2299800153,2.620918323,-0.2081210903,0.4756,0.0660048483,0.2299800153,2.620918323,-0.2081210903
