Instance,INF_avg,INF_sd,INF_r1,INF_kr,INF_sk,SUP_avg,SUP_sd,SUP_r1,SUP_kr,SUP_sk,INC_avg,INC_sd,INC_r1,INC_kr,INC_sk,IND_avg,IND_sd,IND_r1,IND_kr,IND_sk
234,0.267,0.1442601816,-0.0706967744,2.4107650222,0.3085158949,0.249,0.1452549483,0.0538386999,2.9616845469,0.5973757945,0.484,0.1635359288,-0.1134671793,2.2939319229,-0.0576622733,0.484,0.1635359288,-0.1134671793,2.2939319229,-0.0576622733
