Instance,INF_avg,INF_sd,INF_r1,INF_kr,INF_sk,SUP_avg,SUP_sd,SUP_r1,SUP_kr,SUP_sk,INC_avg,INC_sd,INC_r1,INC_kr,INC_sk,IND_avg,IND_sd,IND_r1,IND_kr,IND_sk
208,0.252,0.0411825206,0.3441849493,1.9709082414,0.1577194142,0.256,0.0504380809,-0.2785388128,2.5383736798,-0.835509772,0.492,0.0423792402,-0.7165847117,2.3514119474,0.0659019142,0.492,0.0423792402,-0.7165847117,2.3514119474,0.0659019142
