Instance,INF_avg,INF_sd,INF_r1,INF_kr,INF_sk,SUP_avg,SUP_sd,SUP_r1,SUP_kr,SUP_sk,INC_avg,INC_sd,INC_r1,INC_kr,INC_sk,IND_avg,IND_sd,IND_r1,IND_kr,IND_sk
234,0.2665,0.0238799079,0.2165428863,1.7599242047,0.0894436158,0.2295,0.01439618,-0.6880891174,2.6767567709,-0.6540737905,0.504,0.0228910463,0.0406910662,1.3771123478,-0.0022509551,0.504,0.0228910463,0.0406910662,1.3771123478,-0.0022509551
