Instance,INF_avg,INF_sd,INF_r1,INF_kr,INF_sk,SUP_avg,SUP_sd,SUP_r1,SUP_kr,SUP_sk,INC_avg,INC_sd,INC_r1,INC_kr,INC_sk,IND_avg,IND_sd,IND_r1,IND_kr,IND_sk
140,0.2524,0.0552651789,0.0198785563,3.0026975883,-0.043629456,0.2552,0.053674575,0.0634594792,3.3820177605,0.3962666407,0.4924,0.0668,0.0916228798,2.522914398,-0.0699883177,0.4924,0.0668,0.0916228798,2.522914398,-0.0699883177
