Instance,INF_avg,INF_sd,INF_r1,INF_kr,INF_sk,SUP_avg,SUP_sd,SUP_r1,SUP_kr,SUP_sk,INC_avg,INC_sd,INC_r1,INC_kr,INC_sk,IND_avg,IND_sd,IND_r1,IND_kr,IND_sk
74,0.282,0.0495580468,-0.3912579957,2.2768464387,0.8269840323,0.276,0.0488262225,0.042409963,2.5180509887,-0.6333927332,0.442,0.0337045991,-0.3644948064,1.2910632811,0.0150437112,0.442,0.0337045991,-0.3644948064,1.2910632811,0.0150437112
