Instance,INF_avg,INF_sd,INF_r1,INF_kr,INF_sk,SUP_avg,SUP_sd,SUP_r1,SUP_kr,SUP_sk,INC_avg,INC_sd,INC_r1,INC_kr,INC_sk,IND_avg,IND_sd,IND_r1,IND_kr,IND_sk
180,0.26,0.1166190379,-0.3614744352,3.2474048443,-0.5447602116,0.244,0.113419575,-0.3012459807,2.7664104849,0.066323543,0.496,0.1310877569,-0.4656039331,2.3349614556,-0.2458159668,0.496,0.1310877569,-0.4656039331,2.3349614556,-0.2458159668
