Instance,INF_avg,INF_sd,INF_r1,INF_kr,INF_sk,SUP_avg,SUP_sd,SUP_r1,SUP_kr,SUP_sk,INC_avg,INC_sd,INC_r1,INC_kr,INC_sk,IND_avg,IND_sd,IND_r1,IND_kr,IND_sk
55,0.24,0.1095445115,0.1941646405,1.8408333333,0.0958514476,0.29,0.1086278049,-0.0072065889,1.683855214,0.0936177578,0.47,0.1224744871,-0.0430511413,3.0541333333,-0.352726523,0.47,0.1224744871,-0.0430511413,3.0541333333,-0.352726523
