Instance,INF_avg,INF_sd,INF_r1,INF_kr,INF_sk,SUP_avg,SUP_sd,SUP_r1,SUP_kr,SUP_sk,INC_avg,INC_sd,INC_r1,INC_kr,INC_sk,IND_avg,IND_sd,IND_r1,IND_kr,IND_sk
16,0.206,0.0875442745,0.085751645,5.7168378799,1.2919678044,0.268,0.0858836422,0.0027921819,3.0935154644,0.4275825033,0.526,0.1149956521,0.0738918074,2.2951214478,0.2801021233,0.526,0.1149956521,0.0738918074,2.2951214478,0.2801021233
