Instance,INF_avg,INF_sd,INF_r1,INF_kr,INF_sk,SUP_avg,SUP_sd,SUP_r1,SUP_kr,SUP_sk,INC_avg,INC_sd,INC_r1,INC_kr,INC_sk,IND_avg,IND_sd,IND_r1,IND_kr,IND_sk
8,0.264,0.1466424222,0.1830884426,1.9035727572,-0.2000736572,0.232,0.1223764683,0.0845322935,2.8555226824,0.4198896739,0.504,0.1660843159,0.2006432065,2.5001789934,0.0412392218,0.504,0.1660843159,0.2006432065,2.5001789934,0.0412392218
