Instance,INF_avg,INF_sd,INF_r1,INF_kr,INF_sk,SUP_avg,SUP_sd,SUP_r1,SUP_kr,SUP_sk,INC_avg,INC_sd,INC_r1,INC_kr,INC_sk,IND_avg,IND_sd,IND_r1,IND_kr,IND_sk
153,0.6439,0.1427280281,0.9397119375,1.9889279474,-0.5111206484,0.0562,0.0572936297,0.8609364404,2.9843792302,1.0634938755,0.2999,0.0911234876,0.887505331,1.9512728103,0.3324336028,0.2999,0.0911234876,0.887505331,1.9512728103,0.3324336028
