Instance,INF_avg,INF_sd,INF_r1,INF_kr,INF_sk,SUP_avg,SUP_sd,SUP_r1,SUP_kr,SUP_sk,INC_avg,INC_sd,INC_r1,INC_kr,INC_sk,IND_avg,IND_sd,IND_r1,IND_kr,IND_sk
147,0.2416,0.0362965563,0.0772356336,2.8166074611,0.4833312424,0.2096,0.0420932299,0.0381969338,2.1520495921,-0.161884264,0.5488,0.0481929455,-0.0915123274,2.5768414644,0.1486893074,0.5488,0.0481929455,-0.0915123274,2.5768414644,0.1486893074
