Instance,INF_avg,INF_sd,INF_r1,INF_kr,INF_sk,SUP_avg,SUP_sd,SUP_r1,SUP_kr,SUP_sk,INC_avg,INC_sd,INC_r1,INC_kr,INC_sk,IND_avg,IND_sd,IND_r1,IND_kr,IND_sk
13,0.248,0.0274954542,0.0997638725,1.5309481817,0.4398995565,0.253,0.0460543158,-0.5598320834,2.927323385,-0.0943477317,0.499,0.0380657326,-0.2077758888,2.125973935,0.3054539711,0.499,0.0380657326,-0.2077758888,2.125973935,0.3054539711
