Instance,INF_avg,INF_sd,INF_r1,INF_kr,INF_sk,SUP_avg,SUP_sd,SUP_r1,SUP_kr,SUP_sk,INC_avg,INC_sd,INC_r1,INC_kr,INC_sk,IND_avg,IND_sd,IND_r1,IND_kr,IND_sk
161,0.3286419753,0.0869759877,0.521527357,2.4365095518,0.122293731,0.1279012346,0.0793603448,0.6796423148,2.4084365118,0.5377716633,0.5434567901,0.067387959,0.0857582332,2.8366693029,0.0460756902,0.5434567901,0.067387959,0.0857582332,2.8366693029,0.0460756902
