Instance,INF_avg,INF_sd,INF_r1,INF_kr,INF_sk,SUP_avg,SUP_sd,SUP_r1,SUP_kr,SUP_sk,INC_avg,INC_sd,INC_r1,INC_kr,INC_sk,IND_avg,IND_sd,IND_r1,IND_kr,IND_sk
249,0.2472,0.0446448205,0.5002890221,3.9311041836,0.8718338149,0.2976,0.05386316,0.5729202182,2.5416656147,0.2513455143,0.4552,0.0487848337,0.5222638757,2.4859834267,0.3143423322,0.4552,0.0487848337,0.5222638757,2.4859834267,0.3143423322
