Instance,INF_avg,INF_sd,INF_r1,INF_kr,INF_sk,SUP_avg,SUP_sd,SUP_r1,SUP_kr,SUP_sk,INC_avg,INC_sd,INC_r1,INC_kr,INC_sk,IND_avg,IND_sd,IND_r1,IND_kr,IND_sk
171,0.2648,0.0452654394,-0.1270101186,3.6492443036,0.5372070678,0.248,0.047581509,-0.1026602519,3.2486171634,0.8194233454,0.4872,0.0592297223,-0.1383118331,2.5684486071,0.2075703721,0.4872,0.0592297223,-0.1383118331,2.5684486071,0.2075703721
