Instance,INF_avg,INF_sd,INF_r1,INF_kr,INF_sk,SUP_avg,SUP_sd,SUP_r1,SUP_kr,SUP_sk,INC_avg,INC_sd,INC_r1,INC_kr,INC_sk,IND_avg,IND_sd,IND_r1,IND_kr,IND_sk
246,0.273,0.0849764673,-0.0650200579,2.9005703199,0.3619272255,0.208,0.0862322445,-0.0558568446,2.8263001533,0.1029657437,0.519,0.1033876201,-0.1431380461,2.4369963408,-0.066628645,0.519,0.1033876201,-0.1431380461,2.4369963408,-0.066628645
