Instance,INF_avg,INF_sd,INF_r1,INF_kr,INF_sk,SUP_avg,SUP_sd,SUP_r1,SUP_kr,SUP_sk,INC_avg,INC_sd,INC_r1,INC_kr,INC_sk,IND_avg,IND_sd,IND_r1,IND_kr,IND_sk
153,0.26,0.0663324958,-0.2009803922,2.2169421488,-0.3700366502,0.28,0.04,-0.5492957746,2.078125,0.84375,0.46,0.0583095189,-0.0946745562,2.6660899654,-1.1500493357,0.46,0.0583095189,-0.0946745562,2.6660899654,-1.1500493357
