Instance,INF_avg,INF_sd,INF_r1,INF_kr,INF_sk,SUP_avg,SUP_sd,SUP_r1,SUP_kr,SUP_sk,INC_avg,INC_sd,INC_r1,INC_kr,INC_sk,IND_avg,IND_sd,IND_r1,IND_kr,IND_sk
14,0.2333333333,0.1247219129,-0.9411764706,1.5,0.3818017742,0.3,0.2943920289,-0.0588235294,1.5,0.4703304603,0.4666666667,0.2624669291,-0.2882352941,1.5,-0.6309038567,0.4666666667,0.2624669291,-0.2882352941,1.5,-0.6309038567
