Instance,INF_avg,INF_sd,INF_r1,INF_kr,INF_sk,SUP_avg,SUP_sd,SUP_r1,SUP_kr,SUP_sk,INC_avg,INC_sd,INC_r1,INC_kr,INC_sk,IND_avg,IND_sd,IND_r1,IND_kr,IND_sk
280,0.266,0.11934823,0.1501547007,3.2332812148,0.1130543712,0.21,0.15,-0.1213945548,2.3615407407,0.5404444444,0.524,0.1335065541,-0.3190751653,2.1208867716,0.2113143386,0.524,0.1335065541,-0.3190751653,2.1208867716,0.2113143386
