Instance,INF_avg,INF_sd,INF_r1,INF_kr,INF_sk,SUP_avg,SUP_sd,SUP_r1,SUP_kr,SUP_sk,INC_avg,INC_sd,INC_r1,INC_kr,INC_sk,IND_avg,IND_sd,IND_r1,IND_kr,IND_sk
144,0.2604,0.0567788693,-0.0175492781,2.1171516753,-0.0674621279,0.2152,0.058999661,0.1058677659,2.7252593499,0.2726538799,0.5244,0.0748641436,0.1004777908,4.5114269275,-0.4514597077,0.5244,0.0748641436,0.1004777908,4.5114269275,-0.4514597077
