Instance,INF_avg,INF_sd,INF_r1,INF_kr,INF_sk,SUP_avg,SUP_sd,SUP_r1,SUP_kr,SUP_sk,INC_avg,INC_sd,INC_r1,INC_kr,INC_sk,IND_avg,IND_sd,IND_r1,IND_kr,IND_sk
3,0.2312,0.0309929024,-0.0264142424,4.2886577143,1.1071432835,0.2692,0.0413685871,0.1659052316,3.5375740719,0.7810801474,0.4996,0.0424245212,-0.0109346617,2.6753002555,0.0438709828,0.4996,0.0424245212,-0.0109346617,2.6753002555,0.0438709828
