Instance,INF_avg,INF_sd,INF_r1,INF_kr,INF_sk,SUP_avg,SUP_sd,SUP_r1,SUP_kr,SUP_sk,INC_avg,INC_sd,INC_r1,INC_kr,INC_sk,IND_avg,IND_sd,IND_r1,IND_kr,IND_sk
134,0.27,0.1288409873,-0.9533527697,1.2876324575,0.3955562318,0.3,0.1303840481,-0.3823529412,2.223183391,0.0,0.43,0.136381817,-0.6539440204,1.3747832119,-0.1088026982,0.43,0.136381817,-0.6539440204,1.3747832119,-0.1088026982
