Instance,INF_avg,INF_sd,INF_r1,INF_kr,INF_sk,SUP_avg,SUP_sd,SUP_r1,SUP_kr,SUP_sk,INC_avg,INC_sd,INC_r1,INC_kr,INC_sk,IND_avg,IND_sd,IND_r1,IND_kr,IND_sk
49,0.26,0.0583095189,-0.7415730337,1.6280276817,0.3631734744,0.27,0.06,0.0458015267,1.3981481481,-0.1111111111,0.47,0.04,-0.5131578947,2.078125,-0.84375,0.47,0.04,-0.5131578947,2.078125,-0.84375
