Instance,INF_avg,INF_sd,INF_r1,INF_kr,INF_sk,SUP_avg,SUP_sd,SUP_r1,SUP_kr,SUP_sk,INC_avg,INC_sd,INC_r1,INC_kr,INC_sk,IND_avg,IND_sd,IND_r1,IND_kr,IND_sk
29,0.2616,0.065828869,0.1893635979,2.4802509098,-0.0942441771,0.252,0.0622253967,-0.2214753962,2.8373403456,0.3267247712,0.4864,0.0626660993,0.0211452193,2.8590529591,-0.1527122761,0.4864,0.0626660993,0.0211452193,2.8590529591,-0.1527122761
