Instance,INF_avg,INF_sd,INF_r1,INF_kr,INF_sk,SUP_avg,SUP_sd,SUP_r1,SUP_kr,SUP_sk,INC_avg,INC_sd,INC_r1,INC_kr,INC_sk,IND_avg,IND_sd,IND_r1,IND_kr,IND_sk
127,0.27,0.1144552314,-0.555652936,2.0375852223,-0.396168099,0.3,0.1140175425,-0.125,1.7899408284,-0.1011990022,0.43,0.1187434209,0.0292648108,2.2135204467,-0.3709052078,0.43,0.1187434209,0.0292648108,2.2135204467,-0.3709052078
