Instance,INF_avg,INF_sd,INF_r1,INF_kr,INF_sk,SUP_avg,SUP_sd,SUP_r1,SUP_kr,SUP_sk,INC_avg,INC_sd,INC_r1,INC_kr,INC_sk,IND_avg,IND_sd,IND_r1,IND_kr,IND_sk
151,0.227,0.1441214765,-0.0329376491,2.2649250596,0.4034898813,0.255,0.1479019946,-0.0553716769,2.6040594286,0.1527652536,0.518,0.1722672343,-0.1326377734,2.7398444786,-0.1268212687,0.518,0.1722672343,-0.1326377734,2.7398444786,-0.1268212687
