Instance,INF_avg,INF_sd,INF_r1,INF_kr,INF_sk,SUP_avg,SUP_sd,SUP_r1,SUP_kr,SUP_sk,INC_avg,INC_sd,INC_r1,INC_kr,INC_sk,IND_avg,IND_sd,IND_r1,IND_kr,IND_sk
151,0.2408,0.0307141661,0.3659401788,2.1758608969,-0.0256976167,0.2836,0.0498702316,0.2355502376,2.8170314561,-0.3475525672,0.4756,0.0491593328,0.0650932055,2.2309351315,0.2231038765,0.4756,0.0491593328,0.0650932055,2.2309351315,0.2231038765
