Instance,INF_avg,INF_sd,INF_r1,INF_kr,INF_sk,SUP_avg,SUP_sd,SUP_r1,SUP_kr,SUP_sk,INC_avg,INC_sd,INC_r1,INC_kr,INC_sk,IND_avg,IND_sd,IND_r1,IND_kr,IND_sk
228,0.3802521008,0.0934264838,0.6904002208,2.4022269307,0.1475600622,0.1070588235,0.0626495246,0.7719277593,2.4860865894,0.4510064718,0.5126890756,0.060093729,0.1799229341,3.3236529025,0.0104892045,0.5126890756,0.060093729,0.1799229341,3.3236529025,0.0104892045
