Instance,INF_avg,INF_sd,INF_r1,INF_kr,INF_sk,SUP_avg,SUP_sd,SUP_r1,SUP_kr,SUP_sk,INC_avg,INC_sd,INC_r1,INC_kr,INC_sk,IND_avg,IND_sd,IND_r1,IND_kr,IND_sk
50,0.224,0.0965608616,0.1016120435,5.9623545222,1.2882426719,0.279,0.098534258,-0.0038417475,3.374312135,0.7352887137,0.497,0.1133181362,-0.2733920185,2.2252762837,-0.2865086861,0.497,0.1133181362,-0.2733920185,2.2252762837,-0.2865086861
