Instance,INF_avg,INF_sd,INF_r1,INF_kr,INF_sk,SUP_avg,SUP_sd,SUP_r1,SUP_kr,SUP_sk,INC_avg,INC_sd,INC_r1,INC_kr,INC_sk,IND_avg,IND_sd,IND_r1,IND_kr,IND_sk
104,0.3857142857,0.1008535005,0.6082580188,2.4907247333,0.5062501224,0.1273469388,0.0777955329,0.4909640774,3.6019570383,0.9038427845,0.4869387755,0.0821696623,0.0946770149,3.2770558367,-0.2418702008,0.4869387755,0.0821696623,0.0946770149,3.2770558367,-0.2418702008
