Instance,INF_avg,INF_sd,INF_r1,INF_kr,INF_sk,SUP_avg,SUP_sd,SUP_r1,SUP_kr,SUP_sk,INC_avg,INC_sd,INC_r1,INC_kr,INC_sk,IND_avg,IND_sd,IND_r1,IND_kr,IND_sk
137,0.2499,0.0313765836,0.0662780804,3.3871284874,-0.1318278037,0.2582,0.0335523472,-0.0749855826,3.7279907159,0.4104887487,0.4919,0.0343204021,-0.0844632638,3.6324711108,0.913569981,0.4919,0.0343204021,-0.0844632638,3.6324711108,0.913569981
