Instance,INF_avg,INF_sd,INF_r1,INF_kr,INF_sk,SUP_avg,SUP_sd,SUP_r1,SUP_kr,SUP_sk,INC_avg,INC_sd,INC_r1,INC_kr,INC_sk,IND_avg,IND_sd,IND_r1,IND_kr,IND_sk
287,0.271,0.0478434949,0.3900728172,1.9911623601,0.2340527808,0.248,0.0470744092,0.0351277372,2.1934405505,0.5397400133,0.481,0.0344818793,-0.4918333479,3.0903813412,-0.1284910814,0.481,0.0344818793,-0.4918333479,3.0903813412,-0.1284910814
