Instance,INF_avg,INF_sd,INF_r1,INF_kr,INF_sk,SUP_avg,SUP_sd,SUP_r1,SUP_kr,SUP_sk,INC_avg,INC_sd,INC_r1,INC_kr,INC_sk,IND_avg,IND_sd,IND_r1,IND_kr,IND_sk
221,0.302,0.0341467422,-0.2376751427,1.6239728264,0.0890616846,0.226,0.0241660919,0.2479674797,2.5052542691,0.8978957038,0.472,0.0317175031,-0.6566511882,1.3746961571,0.1130130905,0.472,0.0317175031,-0.6566511882,1.3746961571,0.1130130905
