Instance,INF_avg,INF_sd,INF_r1,INF_kr,INF_sk,SUP_avg,SUP_sd,SUP_r1,SUP_kr,SUP_sk,INC_avg,INC_sd,INC_r1,INC_kr,INC_sk,IND_avg,IND_sd,IND_r1,IND_kr,IND_sk
237,0.256,0.1395134402,0.0433200976,3.0559492551,0.5724315791,0.224,0.1241933976,0.007668839,3.4067315473,0.478005646,0.52,0.164924225,0.0869176961,3.2333477509,-0.4948796761,0.52,0.164924225,0.0869176961,3.2333477509,-0.4948796761
