Instance,INF_avg,INF_sd,INF_r1,INF_kr,INF_sk,SUP_avg,SUP_sd,SUP_r1,SUP_kr,SUP_sk,INC_avg,INC_sd,INC_r1,INC_kr,INC_sk,IND_avg,IND_sd,IND_r1,IND_kr,IND_sk
179,0.228,0.0391918359,-0.6684045881,2.2225748698,0.1299696706,0.244,0.0449888875,-0.7330259849,1.9858223062,-0.4870768025,0.528,0.0479165942,-0.1677959346,2.8436729838,1.2360327736,0.528,0.0479165942,-0.1677959346,2.8436729838,1.2360327736
