Instance,INF_avg,INF_sd,INF_r1,INF_kr,INF_sk,SUP_avg,SUP_sd,SUP_r1,SUP_kr,SUP_sk,INC_avg,INC_sd,INC_r1,INC_kr,INC_sk,IND_avg,IND_sd,IND_r1,IND_kr,IND_sk
298,0.2486,0.0464762305,0.3520868164,2.2951545329,0.0830248938,0.2038,0.0495939512,0.4216218383,2.7230550865,-0.0058522717,0.5476,0.0443873856,0.1407175557,2.9826139544,0.2007866037,0.5476,0.0443873856,0.1407175557,2.9826139544,0.2007866037
