Instance,INF_avg,INF_sd,INF_r1,INF_kr,INF_sk,SUP_avg,SUP_sd,SUP_r1,SUP_kr,SUP_sk,INC_avg,INC_sd,INC_r1,INC_kr,INC_sk,IND_avg,IND_sd,IND_r1,IND_kr,IND_sk
284,0.2702,0.0295628145,0.2144095191,2.7618787098,0.1064615123,0.2199,0.0351495377,-0.0562934237,2.8531965584,0.1673651035,0.5099,0.0366672879,-0.0290162613,2.7292202579,-0.3320395502,0.5099,0.0366672879,-0.0290162613,2.7292202579,-0.3320395502
