Instance,INF_avg,INF_sd,INF_r1,INF_kr,INF_sk,SUP_avg,SUP_sd,SUP_r1,SUP_kr,SUP_sk,INC_avg,INC_sd,INC_r1,INC_kr,INC_sk,IND_avg,IND_sd,IND_r1,IND_kr,IND_sk
208,0.251,0.1014839889,-0.0416636032,2.409759974,0.0804662452,0.221,0.0946519942,0.1308000032,3.0133050713,0.5263310481,0.528,0.1087014259,-0.0224274406,2.8272632406,0.2281223442,0.528,0.1087014259,-0.0224274406,2.8272632406,0.2281223442
