Instance,INF_avg,INF_sd,INF_r1,INF_kr,INF_sk,SUP_avg,SUP_sd,SUP_r1,SUP_kr,SUP_sk,INC_avg,INC_sd,INC_r1,INC_kr,INC_sk,IND_avg,IND_sd,IND_r1,IND_kr,IND_sk
297,0.2856,0.0665179675,0.3799290596,2.2924740215,0.0757358622,0.2704,0.0453854602,0.2835162732,2.5283391789,0.0510032293,0.444,0.0609261848,-0.0606530275,2.3944476442,-0.4459183439,0.444,0.0609261848,-0.0606530275,2.3944476442,-0.4459183439
