Instance,INF_avg,INF_sd,INF_r1,INF_kr,INF_sk,SUP_avg,SUP_sd,SUP_r1,SUP_kr,SUP_sk,INC_avg,INC_sd,INC_r1,INC_kr,INC_sk,IND_avg,IND_sd,IND_r1,IND_kr,IND_sk
98,0.2875,0.0288314065,-0.0024019215,3.5957826898,0.9153551859,0.226,0.0223383079,-0.0215929925,3.3937494227,-0.0850467102,0.4865,0.0255,-0.2202840078,3.997353072,-1.0519031142,0.4865,0.0255,-0.2202840078,3.997353072,-1.0519031142
