Instance,INF_avg,INF_sd,INF_r1,INF_kr,INF_sk,SUP_avg,SUP_sd,SUP_r1,SUP_kr,SUP_sk,INC_avg,INC_sd,INC_r1,INC_kr,INC_sk,IND_avg,IND_sd,IND_r1,IND_kr,IND_sk
195,0.27,0.0989949494,-0.446378175,2.4854227405,0.1175075409,0.246,0.0798999374,0.0267770728,2.9506143177,-0.7515038775,0.484,0.1222456543,-0.4415724507,2.8625363384,0.0281404099,0.484,0.1222456543,-0.4415724507,2.8625363384,0.0281404099
