Instance,INF_avg,INF_sd,INF_r1,INF_kr,INF_sk,SUP_avg,SUP_sd,SUP_r1,SUP_kr,SUP_sk,INC_avg,INC_sd,INC_r1,INC_kr,INC_sk,IND_avg,IND_sd,IND_r1,IND_kr,IND_sk
113,0.507375,0.1123331401,0.8784529911,2.2328267529,-0.4541748287,0.089625,0.0735899747,0.8933147639,2.9590686157,0.9907195104,0.403,0.0518627998,0.519965045,1.9270359714,-0.1627066738,0.403,0.0518627998,0.519965045,1.9270359714,-0.1627066738
