Instance,INF_avg,INF_sd,INF_r1,INF_kr,INF_sk,SUP_avg,SUP_sd,SUP_r1,SUP_kr,SUP_sk,INC_avg,INC_sd,INC_r1,INC_kr,INC_sk,IND_avg,IND_sd,IND_r1,IND_kr,IND_sk
280,0.239,0.0326802693,0.1432908085,2.1313912385,-0.3953868374,0.2794,0.0389953843,-0.3093450405,3.5443406554,-0.8804290824,0.4816,0.0433063506,-0.2027692109,2.502830724,0.4170700985,0.4816,0.0433063506,-0.2027692109,2.502830724,0.4170700985
