Instance,INF_avg,INF_sd,INF_r1,INF_kr,INF_sk,SUP_avg,SUP_sd,SUP_r1,SUP_kr,SUP_sk,INC_avg,INC_sd,INC_r1,INC_kr,INC_sk,IND_avg,IND_sd,IND_r1,IND_kr,IND_sk
13,0.232,0.1190630085,-0.1025652678,2.343976275,0.0037539165,0.236,0.136762568,0.0647661271,2.9035052222,0.3179475182,0.532,0.1489160838,-0.1673337145,3.3385087736,0.3144221205,0.532,0.1489160838,-0.1673337145,3.3385087736,0.3144221205
