Instance,INF_avg,INF_sd,INF_r1,INF_kr,INF_sk,SUP_avg,SUP_sd,SUP_r1,SUP_kr,SUP_sk,INC_avg,INC_sd,INC_r1,INC_kr,INC_sk,IND_avg,IND_sd,IND_r1,IND_kr,IND_sk
245,0.239,0.0396106046,-0.4658762086,2.1829970497,-0.505108376,0.235,0.055,0.0548523207,1.7396216105,-0.0,0.526,0.0397994975,0.6559945504,1.8544153658,0.096316124,0.526,0.0397994975,0.6559945504,1.8544153658,0.096316124
