Instance,INF_avg,INF_sd,INF_r1,INF_kr,INF_sk,SUP_avg,SUP_sd,SUP_r1,SUP_kr,SUP_sk,INC_avg,INC_sd,INC_r1,INC_kr,INC_sk,IND_avg,IND_sd,IND_r1,IND_kr,IND_sk
70,0.282,0.0582752091,0.0521636815,2.095581166,-0.0261947025,0.246,0.0456508488,0.0847913863,1.7365725885,0.2341060547,0.472,0.0722218803,-0.0902620511,2.4231435131,0.6819475415,0.472,0.0722218803,-0.0902620511,2.4231435131,0.6819475415
