Instance,INF_avg,INF_sd,INF_r1,INF_kr,INF_sk,SUP_avg,SUP_sd,SUP_r1,SUP_kr,SUP_sk,INC_avg,INC_sd,INC_r1,INC_kr,INC_sk,IND_avg,IND_sd,IND_r1,IND_kr,IND_sk
96,0.2376,0.0654388264,0.219913408,2.7486706178,-0.0029763537,0.284,0.074511744,0.2866130616,2.8343811509,0.0051052819,0.4784,0.0759304945,0.0517392408,3.1592650456,0.3424567234,0.4784,0.0759304945,0.0517392408,3.1592650456,0.3424567234
