Instance,INF_avg,INF_sd,INF_r1,INF_kr,INF_sk,SUP_avg,SUP_sd,SUP_r1,SUP_kr,SUP_sk,INC_avg,INC_sd,INC_r1,INC_kr,INC_sk,IND_avg,IND_sd,IND_r1,IND_kr,IND_sk
192,0.22,0.0911043358,-0.0988742046,1.9734359123,0.111086721,0.273,0.103058236,0.0066308602,2.7404265803,0.3996815133,0.507,0.1077079384,0.0524921264,3.1680989442,-0.1332223794,0.507,0.1077079384,0.0524921264,3.1680989442,-0.1332223794
