Instance,INF_avg,INF_sd,INF_r1,INF_kr,INF_sk,SUP_avg,SUP_sd,SUP_r1,SUP_kr,SUP_sk,INC_avg,INC_sd,INC_r1,INC_kr,INC_sk,IND_avg,IND_sd,IND_r1,IND_kr,IND_sk
142,0.239,0.018547237,0.1608391608,1.509194159,0.1579875514,0.26,0.020976177,-0.367816092,2.0170454545,0.5363227065,0.501,0.0261533937,-0.0566110896,1.4058428234,-0.0798259425,0.501,0.0261533937,-0.0566110896,1.4058428234,-0.0798259425
