Instance,INF_avg,INF_sd,INF_r1,INF_kr,INF_sk,SUP_avg,SUP_sd,SUP_r1,SUP_kr,SUP_sk,INC_avg,INC_sd,INC_r1,INC_kr,INC_sk,IND_avg,IND_sd,IND_r1,IND_kr,IND_sk
137,0.25035,0.0307754366,-0.0093207273,2.9168148059,0.1900361394,0.2471,0.035490703,-0.0568377934,2.7252792871,0.0903799657,0.50255,0.0354858775,-0.0520268432,3.1233998004,-0.2915615585,0.50255,0.0354858775,-0.0520268432,3.1233998004,-0.2915615585
