Instance,INF_avg,INF_sd,INF_r1,INF_kr,INF_sk,SUP_avg,SUP_sd,SUP_r1,SUP_kr,SUP_sk,INC_avg,INC_sd,INC_r1,INC_kr,INC_sk,IND_avg,IND_sd,IND_r1,IND_kr,IND_sk
244,0.238,0.0415270996,0.5302796393,2.2661430894,0.0267058648,0.2657,0.0504629567,0.6372213664,2.4355648463,0.0661415829,0.4963,0.0433971197,0.2365129037,2.8188321613,-0.1434549501,0.4963,0.0433971197,0.2365129037,2.8188321613,-0.1434549501
