Instance,INF_avg,INF_sd,INF_r1,INF_kr,INF_sk,SUP_avg,SUP_sd,SUP_r1,SUP_kr,SUP_sk,INC_avg,INC_sd,INC_r1,INC_kr,INC_sk,IND_avg,IND_sd,IND_r1,IND_kr,IND_sk
223,0.2256,0.0485040205,0.3964549246,3.0643562158,-0.1263662453,0.2672,0.0671428328,-0.1045509596,2.141689086,-0.0026082869,0.5072,0.0767082786,0.167862233,2.4093010645,-0.3611080677,0.5072,0.0767082786,0.167862233,2.4093010645,-0.3611080677
