Instance,INF_avg,INF_sd,INF_r1,INF_kr,INF_sk,SUP_avg,SUP_sd,SUP_r1,SUP_kr,SUP_sk,INC_avg,INC_sd,INC_r1,INC_kr,INC_sk,IND_avg,IND_sd,IND_r1,IND_kr,IND_sk
161,0.2604,0.0403464992,0.0928140344,2.9829446305,-0.4639854529,0.242,0.0349857114,-0.035975115,1.6403306421,-0.1614104331,0.4976,0.0562337977,0.1846704071,3.0019477558,0.4911686644,0.4976,0.0562337977,0.1846704071,3.0019477558,0.4911686644
