Instance,INF_avg,INF_sd,INF_r1,INF_kr,INF_sk,SUP_avg,SUP_sd,SUP_r1,SUP_kr,SUP_sk,INC_avg,INC_sd,INC_r1,INC_kr,INC_sk,IND_avg,IND_sd,IND_r1,IND_kr,IND_sk
4,0.31,0.1135781669,0.2386655261,1.9576347575,0.6224583152,0.19,0.1374772708,0.1235334714,1.8962794995,0.1801163538,0.5,0.1341640786,0.1764705882,1.6666666667,-0.2484519975,0.5,0.1341640786,0.1764705882,1.6666666667,-0.2484519975
