Instance,INF_avg,INF_sd,INF_r1,INF_kr,INF_sk,SUP_avg,SUP_sd,SUP_r1,SUP_kr,SUP_sk,INC_avg,INC_sd,INC_r1,INC_kr,INC_sk,IND_avg,IND_sd,IND_r1,IND_kr,IND_sk
239,0.3780487805,0.0975609756,0.4362493512,2.1537484825,0.27727725,0.1219512195,0.0771194674,0.6931776849,2.5448240602,0.6506909691,0.5,0.0662589156,0.0113378685,3.3055111111,0.1006153904,0.5,0.0662589156,0.0113378685,3.3055111111,0.1006153904
