Instance,INF_avg,INF_sd,INF_r1,INF_kr,INF_sk,SUP_avg,SUP_sd,SUP_r1,SUP_kr,SUP_sk,INC_avg,INC_sd,INC_r1,INC_kr,INC_sk,IND_avg,IND_sd,IND_r1,IND_kr,IND_sk
83,0.2582,0.0377724768,-0.3508291323,2.9935604728,0.0684761796,0.2462,0.0370345784,-0.1829367177,2.1986542814,0.0037534295,0.4956,0.0417209779,-0.1052137699,2.3309858121,-0.0999483305,0.4956,0.0417209779,-0.1052137699,2.3309858121,-0.0999483305
