Instance,INF_avg,INF_sd,INF_r1,INF_kr,INF_sk,SUP_avg,SUP_sd,SUP_r1,SUP_kr,SUP_sk,INC_avg,INC_sd,INC_r1,INC_kr,INC_sk,IND_avg,IND_sd,IND_r1,IND_kr,IND_sk
139,0.21,0.0404969135,0.3076923077,2.0597858418,0.7588654218,0.366,0.0634350061,-0.0346199761,2.494023928,0.1878537061,0.424,0.0361109402,-0.1909323116,2.2368361624,-0.8348505777,0.424,0.0361109402,-0.1909323116,2.2368361624,-0.8348505777
