Instance,INF_avg,INF_sd,INF_r1,INF_kr,INF_sk,SUP_avg,SUP_sd,SUP_r1,SUP_kr,SUP_sk,INC_avg,INC_sd,INC_r1,INC_kr,INC_sk,IND_avg,IND_sd,IND_r1,IND_kr,IND_sk
57,0.2234,0.0706572006,0.0951389297,2.6050347311,0.3261154066,0.2614,0.0659245023,0.1797977546,2.4811327273,0.2883799411,0.5152,0.0668203562,0.0371493611,2.8062568007,0.2898808545,0.5152,0.0668203562,0.0371493611,2.8062568007,0.2898808545
