Instance,INF_avg,INF_sd,INF_r1,INF_kr,INF_sk,SUP_avg,SUP_sd,SUP_r1,SUP_kr,SUP_sk,INC_avg,INC_sd,INC_r1,INC_kr,INC_sk,IND_avg,IND_sd,IND_r1,IND_kr,IND_sk
109,0.208,0.0299332591,-0.9369369369,2.1339285714,0.7301958931,0.272,0.037094474,0.1207349081,1.509194159,-0.1579875514,0.52,0.055136195,-0.1818181818,1.8351800554,-0.0572744408,0.52,0.055136195,-0.1818181818,1.8351800554,-0.0572744408
