Instance,INF_avg,INF_sd,INF_r1,INF_kr,INF_sk,SUP_avg,SUP_sd,SUP_r1,SUP_kr,SUP_sk,INC_avg,INC_sd,INC_r1,INC_kr,INC_sk,IND_avg,IND_sd,IND_r1,IND_kr,IND_sk
187,0.21,0.0860232527,0.3220338983,1.9945215486,0.3958703373,0.26,0.1462873884,-0.5318503539,2.2264389903,-0.8682180139,0.53,0.12489996,-0.5302782324,1.3269230769,0.2278746804,0.53,0.12489996,-0.5302782324,1.3269230769,0.2278746804
