Instance,INF_avg,INF_sd,INF_r1,INF_kr,INF_sk,SUP_avg,SUP_sd,SUP_r1,SUP_kr,SUP_sk,INC_avg,INC_sd,INC_r1,INC_kr,INC_sk,IND_avg,IND_sd,IND_r1,IND_kr,IND_sk
89,0.279,0.0350570963,0.0184619471,3.2671100692,0.0414991967,0.207,0.0473392015,-0.5670444045,1.6318846709,0.1818881919,0.514,0.050039984,-0.5235593499,2.2938939869,0.2896086613,0.514,0.050039984,-0.5235593499,2.2938939869,0.2896086613
