Instance,INF_avg,INF_sd,INF_r1,INF_kr,INF_sk,SUP_avg,SUP_sd,SUP_r1,SUP_kr,SUP_sk,INC_avg,INC_sd,INC_r1,INC_kr,INC_sk,IND_avg,IND_sd,IND_r1,IND_kr,IND_sk
49,0.216,0.0367287353,0.0339591592,2.8031894696,1.0389515718,0.3205,0.0392714909,0.351345133,1.8317792036,-0.1729670273,0.4635,0.0235637433,-0.1980506295,2.9150700377,0.7902539708,0.4635,0.0235637433,-0.1980506295,2.9150700377,0.7902539708
