Instance,INF_avg,INF_sd,INF_r1,INF_kr,INF_sk,SUP_avg,SUP_sd,SUP_r1,SUP_kr,SUP_sk,INC_avg,INC_sd,INC_r1,INC_kr,INC_sk,IND_avg,IND_sd,IND_r1,IND_kr,IND_sk
240,0.2468,0.0651901833,0.0189613711,2.4369875234,-0.0824766056,0.2596,0.0547707951,-0.0483236955,3.1079937242,0.0267789106,0.4936,0.0581639063,-0.1078136896,2.7346886363,-0.1060293789,0.4936,0.0581639063,-0.1078136896,2.7346886363,-0.1060293789
