Instance,INF_avg,INF_sd,INF_r1,INF_kr,INF_sk,SUP_avg,SUP_sd,SUP_r1,SUP_kr,SUP_sk,INC_avg,INC_sd,INC_r1,INC_kr,INC_sk,IND_avg,IND_sd,IND_r1,IND_kr,IND_sk
292,0.27,0.0749666593,-0.0636132316,1.6097187219,0.2335557829,0.23,0.0538516481,-0.0705394191,1.7952437574,0.2305183508,0.5,0.08,-0.0529801325,2.4390625,0.515625,0.5,0.08,-0.0529801325,2.4390625,0.515625
