Instance,INF_avg,INF_sd,INF_r1,INF_kr,INF_sk,SUP_avg,SUP_sd,SUP_r1,SUP_kr,SUP_sk,INC_avg,INC_sd,INC_r1,INC_kr,INC_sk,IND_avg,IND_sd,IND_r1,IND_kr,IND_sk
68,0.22,0.1166190379,-0.2337662338,2.6660899654,-1.1500493357,0.18,0.1469693846,-0.711409396,1.5781893004,0.3477670622,0.6,0.2449489743,-0.4761904762,1.9666666667,0.4082482905,0.6,0.2449489743,-0.4761904762,1.9666666667,0.4082482905
