Instance,INF_avg,INF_sd,INF_r1,INF_kr,INF_sk,SUP_avg,SUP_sd,SUP_r1,SUP_kr,SUP_sk,INC_avg,INC_sd,INC_r1,INC_kr,INC_sk,IND_avg,IND_sd,IND_r1,IND_kr,IND_sk
137,0.2816,0.050571138,0.2241279039,2.7832795258,0.0733008402,0.236,0.056,-0.0042865891,2.0008329863,0.2383381924,0.4824,0.0716256937,-0.1510889479,2.5695355173,0.1058312894,0.4824,0.0716256937,-0.1510889479,2.5695355173,0.1058312894
