Instance,INF_avg,INF_sd,INF_r1,INF_kr,INF_sk,SUP_avg,SUP_sd,SUP_r1,SUP_kr,SUP_sk,INC_avg,INC_sd,INC_r1,INC_kr,INC_sk,IND_avg,IND_sd,IND_r1,IND_kr,IND_sk
291,0.2936,0.0553447378,0.3040178533,2.5861953018,-0.13099974,0.2536,0.065901745,-0.0359751069,4.8481618029,1.0145157066,0.4528,0.0748074863,-0.0470511948,3.8637772999,-0.7400001097,0.4528,0.0748074863,-0.0470511948,3.8637772999,-0.7400001097
