Instance,INF_avg,INF_sd,INF_r1,INF_kr,INF_sk,SUP_avg,SUP_sd,SUP_r1,SUP_kr,SUP_sk,INC_avg,INC_sd,INC_r1,INC_kr,INC_sk,IND_avg,IND_sd,IND_r1,IND_kr,IND_sk
282,0.215,0.0867467579,-0.5738711092,2.3387931701,-0.4664741055,0.26,0.0969535971,-0.5205627706,2.0871435038,-0.4476807111,0.525,0.100623059,-0.2389380531,2.3388203018,-0.6257309567,0.525,0.100623059,-0.2389380531,2.3388203018,-0.6257309567
