Instance,INF_avg,INF_sd,INF_r1,INF_kr,INF_sk,SUP_avg,SUP_sd,SUP_r1,SUP_kr,SUP_sk,INC_avg,INC_sd,INC_r1,INC_kr,INC_sk,IND_avg,IND_sd,IND_r1,IND_kr,IND_sk
108,0.27205,0.0356867973,0.175675824,2.9286586328,0.3373643999,0.241,0.0393827373,0.3829817667,3.3605672761,0.2686279419,0.48695,0.0375226265,0.27791566,3.679259311,-0.4612002521,0.48695,0.0375226265,0.27791566,3.679259311,-0.4612002521
