Instance,INF_avg,INF_sd,INF_r1,INF_kr,INF_sk,SUP_avg,SUP_sd,SUP_r1,SUP_kr,SUP_sk,INC_avg,INC_sd,INC_r1,INC_kr,INC_sk,IND_avg,IND_sd,IND_r1,IND_kr,IND_sk
227,0.26855,0.0343022958,0.3032739837,3.6429942772,-0.6418158283,0.2418,0.0299459513,0.1505453541,3.8466105677,-0.0110163235,0.48965,0.0372508725,0.0920112492,3.2214751923,0.3984458939,0.48965,0.0372508725,0.0920112492,3.2214751923,0.3984458939
