Instance,INF_avg,INF_sd,INF_r1,INF_kr,INF_sk,SUP_avg,SUP_sd,SUP_r1,SUP_kr,SUP_sk,INC_avg,INC_sd,INC_r1,INC_kr,INC_sk,IND_avg,IND_sd,IND_r1,IND_kr,IND_sk
41,0.228,0.1249639948,-0.2856326582,4.3878619659,0.5669173941,0.188,0.1274990196,0.2863610884,1.9672755596,0.3410864579,0.584,0.1254750971,-0.2275395837,2.7784304977,-0.1823313893,0.584,0.1254750971,-0.2275395837,2.7784304977,-0.1823313893
