Instance,INF_avg,INF_sd,INF_r1,INF_kr,INF_sk,SUP_avg,SUP_sd,SUP_r1,SUP_kr,SUP_sk,INC_avg,INC_sd,INC_r1,INC_kr,INC_sk,IND_avg,IND_sd,IND_r1,IND_kr,IND_sk
195,0.26195,0.0297900571,-0.0123849302,3.0453288093,0.0939878486,0.248,0.0323573794,0.0382847355,2.316365766,-0.0500322092,0.49005,0.0332452628,0.061780382,2.6561066253,-0.0763258942,0.49005,0.0332452628,0.061780382,2.6561066253,-0.0763258942
