Instance,INF_avg,INF_sd,INF_r1,INF_kr,INF_sk,SUP_avg,SUP_sd,SUP_r1,SUP_kr,SUP_sk,INC_avg,INC_sd,INC_r1,INC_kr,INC_sk,IND_avg,IND_sd,IND_r1,IND_kr,IND_sk
108,0.224,0.0861626369,-0.0280571482,2.9736072663,0.4090350034,0.294,0.1051855503,0.3233279422,3.8155029385,-0.5118111834,0.482,0.1310572394,0.1820270043,2.4643327666,0.1280901759,0.482,0.1310572394,0.1820270043,2.4643327666,0.1280901759
