Instance,INF_avg,INF_sd,INF_r1,INF_kr,INF_sk,SUP_avg,SUP_sd,SUP_r1,SUP_kr,SUP_sk,INC_avg,INC_sd,INC_r1,INC_kr,INC_sk,IND_avg,IND_sd,IND_r1,IND_kr,IND_sk
29,0.26,0.1428285686,0.0888978278,2.3979238754,0.1894496584,0.26,0.1232882801,-0.1105235325,2.3407202216,0.2177182231,0.48,0.1673320053,0.0588931637,2.032244898,0.2151411497,0.48,0.1673320053,0.0588931637,2.032244898,0.2151411497
