Instance,INF_avg,INF_sd,INF_r1,INF_kr,INF_sk,SUP_avg,SUP_sd,SUP_r1,SUP_kr,SUP_sk,INC_avg,INC_sd,INC_r1,INC_kr,INC_sk,IND_avg,IND_sd,IND_r1,IND_kr,IND_sk
259,0.2375,0.02900431,-0.1657142857,2.3311048752,-0.7576882827,0.255,0.0436463057,-0.191689008,2.1205075743,-0.0947126728,0.5075,0.0300208261,0.2086531752,2.3052914256,0.4698541308,0.5075,0.0300208261,0.2086531752,2.3052914256,0.4698541308
