Instance,INF_avg,INF_sd,INF_r1,INF_kr,INF_sk,SUP_avg,SUP_sd,SUP_r1,SUP_kr,SUP_sk,INC_avg,INC_sd,INC_r1,INC_kr,INC_sk,IND_avg,IND_sd,IND_r1,IND_kr,IND_sk
227,0.225,0.1416862732,0.1006146878,3.1425197229,0.4812168227,0.235,0.1444818328,0.138895879,2.2331571587,0.4095577386,0.54,0.161245155,0.0434235368,2.2740828402,0.1230806212,0.54,0.161245155,0.0434235368,2.2740828402,0.1230806212
