Instance,INF_avg,INF_sd,INF_r1,INF_kr,INF_sk,SUP_avg,SUP_sd,SUP_r1,SUP_kr,SUP_sk,INC_avg,INC_sd,INC_r1,INC_kr,INC_sk,IND_avg,IND_sd,IND_r1,IND_kr,IND_sk
228,0.2689,0.0440203362,0.0265327184,3.2751292193,0.2003001628,0.2414,0.0356936969,0.322482859,2.5215240922,0.0476366924,0.4897,0.0476330767,0.039842097,3.6283817529,0.0236136213,0.4897,0.0476330767,0.039842097,3.6283817529,0.0236136213
