Instance,INF_avg,INF_sd,INF_r1,INF_kr,INF_sk,SUP_avg,SUP_sd,SUP_r1,SUP_kr,SUP_sk,INC_avg,INC_sd,INC_r1,INC_kr,INC_sk,IND_avg,IND_sd,IND_r1,IND_kr,IND_sk
78,0.228,0.0671714225,0.1094675606,2.8071525577,0.3769333445,0.2842,0.068486203,0.0667256199,2.6137734727,-0.1162195662,0.4878,0.0758364029,-0.026457745,2.7611745687,-0.228756888,0.4878,0.0758364029,-0.026457745,2.7611745687,-0.228756888
