Instance,INF_avg,INF_sd,INF_r1,INF_kr,INF_sk,SUP_avg,SUP_sd,SUP_r1,SUP_kr,SUP_sk,INC_avg,INC_sd,INC_r1,INC_kr,INC_sk,IND_avg,IND_sd,IND_r1,IND_kr,IND_sk
247,0.285,0.0895823643,0.0523338048,3.250909832,-0.0667688161,0.195,0.0788986692,-0.2936922459,2.2789471138,0.6230349258,0.52,0.1166190379,-0.3445378151,1.7821150519,-0.1569968665,0.52,0.1166190379,-0.3445378151,1.7821150519,-0.1569968665
