Instance,INF_avg,INF_sd,INF_r1,INF_kr,INF_sk,SUP_avg,SUP_sd,SUP_r1,SUP_kr,SUP_sk,INC_avg,INC_sd,INC_r1,INC_kr,INC_sk,IND_avg,IND_sd,IND_r1,IND_kr,IND_sk
56,0.216,0.0717216843,0.0480813533,2.0573045285,-0.1653618598,0.348,0.1108873302,0.0663544572,2.4218614873,0.248471802,0.436,0.0974884609,-0.1130701145,2.5226613781,-0.5429806048,0.436,0.0974884609,-0.1130701145,2.5226613781,-0.5429806048
