Instance,INF_avg,INF_sd,INF_r1,INF_kr,INF_sk,SUP_avg,SUP_sd,SUP_r1,SUP_kr,SUP_sk,INC_avg,INC_sd,INC_r1,INC_kr,INC_sk,IND_avg,IND_sd,IND_r1,IND_kr,IND_sk
198,0.2524,0.0683391542,0.3032846969,2.2048877488,-0.2400034203,0.2652,0.0672678229,0.0790263228,2.496324418,0.152931771,0.4824,0.0687767403,0.109616844,3.2200375306,0.5385552678,0.4824,0.0687767403,0.109616844,3.2200375306,0.5385552678
