Instance,INF_avg,INF_sd,INF_r1,INF_kr,INF_sk,SUP_avg,SUP_sd,SUP_r1,SUP_kr,SUP_sk,INC_avg,INC_sd,INC_r1,INC_kr,INC_sk,IND_avg,IND_sd,IND_r1,IND_kr,IND_sk
184,0.2476,0.043107308,-0.1899663665,2.9161973063,-0.3780953807,0.2604,0.0455613872,-0.3160783682,3.4298579134,-0.3253507499,0.492,0.0469893605,-0.3840556786,2.4994092628,0.4825329139,0.492,0.0469893605,-0.3840556786,2.4994092628,0.4825329139
