Instance,INF_avg,INF_sd,INF_r1,INF_kr,INF_sk,SUP_avg,SUP_sd,SUP_r1,SUP_kr,SUP_sk,INC_avg,INC_sd,INC_r1,INC_kr,INC_sk,IND_avg,IND_sd,IND_r1,IND_kr,IND_sk
272,0.37,0.0934166295,0.6248231251,2.2101937518,-0.1359149342,0.1073333333,0.0694710171,0.4943408049,3.6319407487,0.9650429405,0.5226666667,0.0688444301,0.0113850308,2.2526283296,0.1812219088,0.5226666667,0.0688444301,0.0113850308,2.2526283296,0.1812219088
