Instance,INF_avg,INF_sd,INF_r1,INF_kr,INF_sk,SUP_avg,SUP_sd,SUP_r1,SUP_kr,SUP_sk,INC_avg,INC_sd,INC_r1,INC_kr,INC_sk,IND_avg,IND_sd,IND_r1,IND_kr,IND_sk
241,0.16,0.0178885438,-0.75,1.953125,0.6288941187,0.3,0.0918694726,-0.6863270777,1.4164663866,-0.097500788,0.54,0.0885437745,-0.6975476839,1.3188515202,0.2160812906,0.54,0.0885437745,-0.6975476839,1.3188515202,0.2160812906
