Instance,INF_avg,INF_sd,INF_r1,INF_kr,INF_sk,SUP_avg,SUP_sd,SUP_r1,SUP_kr,SUP_sk,INC_avg,INC_sd,INC_r1,INC_kr,INC_sk,IND_avg,IND_sd,IND_r1,IND_kr,IND_sk
46,0.29,0.0770713955,-0.1871838111,1.7547529164,0.078636257,0.24,0.0447213595,-0.1428571429,2.456,-0.1609968944,0.47,0.0801249025,-0.2290679305,2.28709931,0.7698261223,0.47,0.0801249025,-0.2290679305,2.28709931,0.7698261223
