Instance,INF_avg,INF_sd,INF_r1,INF_kr,INF_sk,SUP_avg,SUP_sd,SUP_r1,SUP_kr,SUP_sk,INC_avg,INC_sd,INC_r1,INC_kr,INC_sk,IND_avg,IND_sd,IND_r1,IND_kr,IND_sk
66,0.227,0.1434259391,0.1536871421,2.5031589834,0.3742070193,0.263,0.1432864264,0.1753888788,3.0753892725,0.5233485864,0.51,0.1634013464,-0.0418036274,2.4868493035,0.2241671461,0.51,0.1634013464,-0.0418036274,2.4868493035,0.2241671461
