Instance,INF_avg,INF_sd,INF_r1,INF_kr,INF_sk,SUP_avg,SUP_sd,SUP_r1,SUP_kr,SUP_sk,INC_avg,INC_sd,INC_r1,INC_kr,INC_sk,IND_avg,IND_sd,IND_r1,IND_kr,IND_sk
211,0.3,0.1095445115,-0.0638297872,2.4479166667,0.0570544331,0.26,0.1337908816,-0.0174746336,1.8375518866,0.1615963022,0.44,0.0860232527,-0.4871016692,3.8571950329,1.2535894016,0.44,0.0860232527,-0.4871016692,3.8571950329,1.2535894016
