Instance,INF_avg,INF_sd,INF_r1,INF_kr,INF_sk,SUP_avg,SUP_sd,SUP_r1,SUP_kr,SUP_sk,INC_avg,INC_sd,INC_r1,INC_kr,INC_sk,IND_avg,IND_sd,IND_r1,IND_kr,IND_sk
215,0.226,0.018,0.076590488,1.855395519,0.4032921811,0.282,0.0480208288,-0.5220557636,2.0385829342,-0.6677501367,0.492,0.054277067,-0.5106491519,1.7786324928,0.2790239726,0.492,0.054277067,-0.5106491519,1.7786324928,0.2790239726
