Instance,INF_avg,INF_sd,INF_r1,INF_kr,INF_sk,SUP_avg,SUP_sd,SUP_r1,SUP_kr,SUP_sk,INC_avg,INC_sd,INC_r1,INC_kr,INC_sk,IND_avg,IND_sd,IND_r1,IND_kr,IND_sk
206,0.224,0.01356466,-0.2389380531,2.3638941399,-0.7500308204,0.302,0.0146969385,-0.0826771654,1.5781893004,-0.3477670622,0.474,0.0257681975,-0.2651331719,2.3327768907,0.8163607337,0.474,0.0257681975,-0.2651331719,2.3327768907,0.8163607337
