Instance,INF_avg,INF_sd,INF_r1,INF_kr,INF_sk,SUP_avg,SUP_sd,SUP_r1,SUP_kr,SUP_sk,INC_avg,INC_sd,INC_r1,INC_kr,INC_sk,IND_avg,IND_sd,IND_r1,IND_kr,IND_sk
266,0.1922,0.0384338393,0.0152181445,2.6802174789,0.3223384102,0.2926,0.0505493818,-0.1032177697,2.2935250272,0.2786461381,0.5152,0.0415326378,0.1793764901,3.0656369832,0.0182855512,0.5152,0.0415326378,0.1793764901,3.0656369832,0.0182855512
