Instance,INF_avg,INF_sd,INF_r1,INF_kr,INF_sk,SUP_avg,SUP_sd,SUP_r1,SUP_kr,SUP_sk,INC_avg,INC_sd,INC_r1,INC_kr,INC_sk,IND_avg,IND_sd,IND_r1,IND_kr,IND_sk
30,0.2702,0.0367009537,0.2146329153,3.486247008,-0.2389653431,0.2718,0.0423764085,0.3712820725,1.8194715342,0.0146136042,0.458,0.0345832329,0.1487626254,1.8896404962,0.239933001,0.458,0.0345832329,0.1487626254,1.8896404962,0.239933001
