Instance,INF_avg,INF_sd,INF_r1,INF_kr,INF_sk,SUP_avg,SUP_sd,SUP_r1,SUP_kr,SUP_sk,INC_avg,INC_sd,INC_r1,INC_kr,INC_sk,IND_avg,IND_sd,IND_r1,IND_kr,IND_sk
163,0.248,0.0273130006,-0.4944216089,2.7762040984,1.182007895,0.27,0.0270185122,-0.5,1.5880090073,0.136892443,0.482,0.0478121324,-0.6918693842,1.3956078653,-0.2101949499,0.482,0.0478121324,-0.6918693842,1.3956078653,-0.2101949499
