Instance,INF_avg,INF_sd,INF_r1,INF_kr,INF_sk,SUP_avg,SUP_sd,SUP_r1,SUP_kr,SUP_sk,INC_avg,INC_sd,INC_r1,INC_kr,INC_sk,IND_avg,IND_sd,IND_r1,IND_kr,IND_sk
132,0.238,0.0572363521,-0.2907775325,1.7945542451,-0.2545834603,0.34,0.0428952212,0.3169398907,1.8868147448,-0.4941261891,0.422,0.0592958683,-0.65186296,2.9583299359,0.1270887229,0.422,0.0592958683,-0.65186296,2.9583299359,0.1270887229
