Instance,INF_avg,INF_sd,INF_r1,INF_kr,INF_sk,SUP_avg,SUP_sd,SUP_r1,SUP_kr,SUP_sk,INC_avg,INC_sd,INC_r1,INC_kr,INC_sk,IND_avg,IND_sd,IND_r1,IND_kr,IND_sk
260,0.3793939394,0.1142548824,0.4885780417,2.3926231573,0.1386288284,0.1024242424,0.0767139631,0.6754531005,3.4750461079,0.8287595494,0.5181818182,0.0752150269,0.2035176818,2.4128929421,-0.1821317881,0.5181818182,0.0752150269,0.2035176818,2.4128929421,-0.1821317881
