Instance,INF_avg,INF_sd,INF_r1,INF_kr,INF_sk,SUP_avg,SUP_sd,SUP_r1,SUP_kr,SUP_sk,INC_avg,INC_sd,INC_r1,INC_kr,INC_sk,IND_avg,IND_sd,IND_r1,IND_kr,IND_sk
139,0.2454,0.0483925614,0.635395491,2.0112302447,-0.0662704373,0.2744,0.0336844178,0.1687638712,2.6885077617,-0.1604521742,0.4802,0.0651687041,0.7411076453,2.0177385186,0.4370679829,0.4802,0.0651687041,0.7411076453,2.0177385186,0.4370679829
