Instance,INF_avg,INF_sd,INF_r1,INF_kr,INF_sk,SUP_avg,SUP_sd,SUP_r1,SUP_kr,SUP_sk,INC_avg,INC_sd,INC_r1,INC_kr,INC_sk,IND_avg,IND_sd,IND_r1,IND_kr,IND_sk
264,0.29,0.0489897949,-0.7261904762,2.7291666667,-0.8675276172,0.22,0.092736185,-0.6666666667,1.509194159,0.1579875514,0.49,0.1019803903,-0.6570327553,1.3731508876,-0.1527442976,0.49,0.1019803903,-0.6570327553,1.3731508876,-0.1527442976
