Instance,INF_avg,INF_sd,INF_r1,INF_kr,INF_sk,SUP_avg,SUP_sd,SUP_r1,SUP_kr,SUP_sk,INC_avg,INC_sd,INC_r1,INC_kr,INC_sk,IND_avg,IND_sd,IND_r1,IND_kr,IND_sk
56,0.5126666667,0.1483674118,0.8813655247,2.230178088,-0.3444755079,0.0996666667,0.0925016516,0.8225154208,2.7957393719,1.0073629451,0.3876666667,0.0710250347,0.6680894409,2.7095728935,-0.5144125649,0.3876666667,0.0710250347,0.6680894409,2.7095728935,-0.5144125649
