Instance,INF_avg,INF_sd,INF_r1,INF_kr,INF_sk,SUP_avg,SUP_sd,SUP_r1,SUP_kr,SUP_sk,INC_avg,INC_sd,INC_r1,INC_kr,INC_sk,IND_avg,IND_sd,IND_r1,IND_kr,IND_sk
285,0.248,0.106282642,0.1099441214,3.0059741873,0.4770938875,0.299,0.1115750868,0.0037550082,3.1699400031,0.4894520185,0.453,0.0986965045,0.2598244064,2.5151080051,0.1038108226,0.453,0.0986965045,0.2598244064,2.5151080051,0.1038108226
