Instance,INF_avg,INF_sd,INF_r1,INF_kr,INF_sk,SUP_avg,SUP_sd,SUP_r1,SUP_kr,SUP_sk,INC_avg,INC_sd,INC_r1,INC_kr,INC_sk,IND_avg,IND_sd,IND_r1,IND_kr,IND_sk
213,0.281,0.042284749,0.5751815365,2.6996925814,-0.120428334,0.2525,0.0418598853,0.4357505906,3.1162800265,0.4730126864,0.4665,0.045730187,0.3307960513,2.5656258233,0.0848397362,0.4665,0.045730187,0.3307960513,2.5656258233,0.0848397362
