Instance,INF_avg,INF_sd,INF_r1,INF_kr,INF_sk,SUP_avg,SUP_sd,SUP_r1,SUP_kr,SUP_sk,INC_avg,INC_sd,INC_r1,INC_kr,INC_sk,IND_avg,IND_sd,IND_r1,IND_kr,IND_sk
141,0.2488,0.0617297335,0.074944483,2.4860187199,-0.0687013118,0.2972,0.06400125,0.1299099281,2.2838927603,0.1856492783,0.454,0.0733484833,0.1188901002,4.0475466066,0.5463960756,0.454,0.0733484833,0.1188901002,4.0475466066,0.5463960756
