Instance,INF_avg,INF_sd,INF_r1,INF_kr,INF_sk,SUP_avg,SUP_sd,SUP_r1,SUP_kr,SUP_sk,INC_avg,INC_sd,INC_r1,INC_kr,INC_sk,IND_avg,IND_sd,IND_r1,IND_kr,IND_sk
147,0.278,0.0274043792,-0.2544774957,2.7046884669,-0.7524529504,0.22,0.0174642492,0.0973451327,1.7911851653,-0.0,0.502,0.0305941171,-0.2239929172,2.6272942691,0.3317840812,0.502,0.0305941171,-0.2239929172,2.6272942691,0.3317840812
