Instance,INF_avg,INF_sd,INF_r1,INF_kr,INF_sk,SUP_avg,SUP_sd,SUP_r1,SUP_kr,SUP_sk,INC_avg,INC_sd,INC_r1,INC_kr,INC_sk,IND_avg,IND_sd,IND_r1,IND_kr,IND_sk
91,0.312,0.1365869686,0.302862582,2.2250514138,-0.217153786,0.26,0.1414213562,-0.2570507655,2.6792,0.3054701295,0.428,0.1562561999,0.1026418005,1.9765403173,0.033315585,0.428,0.1562561999,0.1026418005,1.9765403173,0.033315585
