Instance,INF_avg,INF_sd,INF_r1,INF_kr,INF_sk,SUP_avg,SUP_sd,SUP_r1,SUP_kr,SUP_sk,INC_avg,INC_sd,INC_r1,INC_kr,INC_sk,IND_avg,IND_sd,IND_r1,IND_kr,IND_sk
265,0.2892,0.0547481507,0.4700622852,2.6145712976,0.4939927915,0.2712,0.0410433917,0.5135935781,2.0576916468,-0.0126720175,0.4396,0.0440663137,0.2470415591,3.9548088751,-0.9489305097,0.4396,0.0440663137,0.2470415591,3.9548088751,-0.9489305097
