Instance,INF_avg,INF_sd,INF_r1,INF_kr,INF_sk,SUP_avg,SUP_sd,SUP_r1,SUP_kr,SUP_sk,INC_avg,INC_sd,INC_r1,INC_kr,INC_sk,IND_avg,IND_sd,IND_r1,IND_kr,IND_sk
199,0.2585,0.0292446576,0.0899442823,2.0372798441,-0.456210263,0.2405,0.0358782664,0.0221841961,1.6820594035,-0.267266158,0.501,0.0373363094,0.0594855305,2.3001025094,0.8279469117,0.501,0.0373363094,0.0594855305,2.3001025094,0.8279469117
