Instance,INF_avg,INF_sd,INF_r1,INF_kr,INF_sk,SUP_avg,SUP_sd,SUP_r1,SUP_kr,SUP_sk,INC_avg,INC_sd,INC_r1,INC_kr,INC_sk,IND_avg,IND_sd,IND_r1,IND_kr,IND_sk
59,0.2359,0.0442514407,0.0033812073,3.1068722598,0.0143637485,0.2683,0.0488273489,0.1380109495,3.5264634619,0.3504334192,0.4958,0.0561992883,0.0365846784,2.9130724152,0.0883923242,0.4958,0.0561992883,0.0365846784,2.9130724152,0.0883923242
