Instance,INF_avg,INF_sd,INF_r1,INF_kr,INF_sk,SUP_avg,SUP_sd,SUP_r1,SUP_kr,SUP_sk,INC_avg,INC_sd,INC_r1,INC_kr,INC_sk,IND_avg,IND_sd,IND_r1,IND_kr,IND_sk
81,0.25725,0.0290807067,0.0336721066,3.243866313,-0.0820768367,0.2451,0.0312728317,0.1589775529,2.8434571801,-0.0796448095,0.49765,0.0380818526,0.1547995284,2.7347970789,0.2301999238,0.49765,0.0380818526,0.1547995284,2.7347970789,0.2301999238
