Instance,INF_avg,INF_sd,INF_r1,INF_kr,INF_sk,SUP_avg,SUP_sd,SUP_r1,SUP_kr,SUP_sk,INC_avg,INC_sd,INC_r1,INC_kr,INC_sk,IND_avg,IND_sd,IND_r1,IND_kr,IND_sk
278,0.513375,0.1644988127,0.9100730732,1.7435355695,-0.2834346915,0.087,0.0659241989,0.8966219852,2.2878164305,0.7447159107,0.399625,0.108655922,0.7631260236,1.9621108868,0.1476604924,0.399625,0.108655922,0.7631260236,1.9621108868,0.1476604924
