Instance,INF_avg,INF_sd,INF_r1,INF_kr,INF_sk,SUP_avg,SUP_sd,SUP_r1,SUP_kr,SUP_sk,INC_avg,INC_sd,INC_r1,INC_kr,INC_sk,IND_avg,IND_sd,IND_r1,IND_kr,IND_sk
183,0.2502,0.0496584333,0.2038877915,3.8158522196,0.5549795585,0.2517,0.0490928712,0.2678334381,3.6087627544,-0.2551273924,0.4981,0.0551850523,0.0560727213,2.6394256856,-0.0149019273,0.4981,0.0551850523,0.0560727213,2.6394256856,-0.0149019273
