Instance,INF_avg,INF_sd,INF_r1,INF_kr,INF_sk,SUP_avg,SUP_sd,SUP_r1,SUP_kr,SUP_sk,INC_avg,INC_sd,INC_r1,INC_kr,INC_sk,IND_avg,IND_sd,IND_r1,IND_kr,IND_sk
293,0.31,0.0994987437,0.0618448637,2.1270278543,0.7126631781,0.145,0.0687386354,-0.2705134992,2.7025279248,-0.5126388533,0.545,0.0788986692,-0.3043478261,2.6660376446,-0.904011461,0.545,0.0788986692,-0.3043478261,2.6660376446,-0.904011461
