Instance,INF_avg,INF_sd,INF_r1,INF_kr,INF_sk,SUP_avg,SUP_sd,SUP_r1,SUP_kr,SUP_sk,INC_avg,INC_sd,INC_r1,INC_kr,INC_sk,IND_avg,IND_sd,IND_r1,IND_kr,IND_sk
265,0.236,0.143888846,0.0192870942,2.3741976403,-0.0009022936,0.264,0.1195993311,0.2545059923,2.1471029833,0.4392743025,0.5,0.1766352173,0.1621621622,2.342209073,0.6532367505,0.5,0.1766352173,0.1621621622,2.342209073,0.6532367505
