Instance,INF_avg,INF_sd,INF_r1,INF_kr,INF_sk,SUP_avg,SUP_sd,SUP_r1,SUP_kr,SUP_sk,INC_avg,INC_sd,INC_r1,INC_kr,INC_sk,IND_avg,IND_sd,IND_r1,IND_kr,IND_sk
5,0.24,0.1854723699,0.0027322404,1.509194159,0.1579875514,0.3,0.1414213562,-0.6666666667,1.7,0.0,0.46,0.2244994432,-0.4412238325,2.3760393046,-0.1315095,0.46,0.2244994432,-0.4412238325,2.3760393046,-0.1315095
