Instance,INF_avg,INF_sd,INF_r1,INF_kr,INF_sk,SUP_avg,SUP_sd,SUP_r1,SUP_kr,SUP_sk,INC_avg,INC_sd,INC_r1,INC_kr,INC_sk,IND_avg,IND_sd,IND_r1,IND_kr,IND_sk
138,0.266,0.1544150252,0.0388977391,2.3516368389,0.1551906263,0.218,0.1177964346,0.0915330884,2.2777717993,0.3088715924,0.516,0.1566652482,0.1471728288,2.4272857388,-0.0161781264,0.516,0.1566652482,0.1471728288,2.4272857388,-0.0161781264
