Instance,INF_avg,INF_sd,INF_r1,INF_kr,INF_sk,SUP_avg,SUP_sd,SUP_r1,SUP_kr,SUP_sk,INC_avg,INC_sd,INC_r1,INC_kr,INC_sk,IND_avg,IND_sd,IND_r1,IND_kr,IND_sk
86,0.242,0.1226213684,-0.0370368395,2.8194995485,0.1688832818,0.294,0.1263487238,0.029960367,2.9975837642,-0.0954035895,0.464,0.1374918179,-0.0197426928,3.0591913813,0.3417615749,0.464,0.1374918179,-0.0197426928,3.0591913813,0.3417615749
