Instance,INF_avg,INF_sd,INF_r1,INF_kr,INF_sk,SUP_avg,SUP_sd,SUP_r1,SUP_kr,SUP_sk,INC_avg,INC_sd,INC_r1,INC_kr,INC_sk,IND_avg,IND_sd,IND_r1,IND_kr,IND_sk
243,0.2824,0.0711775245,0.2246314148,2.8206146218,0.4765060841,0.272,0.0881816307,-0.1147281365,3.0820250978,-0.0957619447,0.4456,0.0847622558,-0.1724312323,4.653390003,0.6154529851,0.4456,0.0847622558,-0.1724312323,4.653390003,0.6154529851
