Instance,INF_avg,INF_sd,INF_r1,INF_kr,INF_sk,SUP_avg,SUP_sd,SUP_r1,SUP_kr,SUP_sk,INC_avg,INC_sd,INC_r1,INC_kr,INC_sk,IND_avg,IND_sd,IND_r1,IND_kr,IND_sk
166,0.3753170732,0.102769085,0.389507778,2.4521324843,0.0330334266,0.1335609756,0.0782834278,0.5716559533,3.0902214064,0.7988283407,0.4911219512,0.0791245376,-0.0072832951,2.8268318188,0.0656889974,0.4911219512,0.0791245376,-0.0072832951,2.8268318188,0.0656889974
