Instance,INF_avg,INF_sd,INF_r1,INF_kr,INF_sk,SUP_avg,SUP_sd,SUP_r1,SUP_kr,SUP_sk,INC_avg,INC_sd,INC_r1,INC_kr,INC_sk,IND_avg,IND_sd,IND_r1,IND_kr,IND_sk
38,0.376,0.0303973683,0.1076796939,1.351141283,0.4362134289,0.261,0.0251793566,-0.7827042873,1.619784255,-0.1646233648,0.363,0.0297657521,-0.3093858633,2.4030211619,0.6322505478,0.363,0.0297657521,-0.3093858633,2.4030211619,0.6322505478
