Instance,INF_avg,INF_sd,INF_r1,INF_kr,INF_sk,SUP_avg,SUP_sd,SUP_r1,SUP_kr,SUP_sk,INC_avg,INC_sd,INC_r1,INC_kr,INC_sk,IND_avg,IND_sd,IND_r1,IND_kr,IND_sk
255,0.2648,0.0731639255,0.0406651324,3.0980755811,-0.2608321051,0.2576,0.0602182697,0.4832004857,2.470227348,0.3174614378,0.4776,0.0594158228,-0.1720003501,6.044162384,1.3341059894,0.4776,0.0594158228,-0.1720003501,6.044162384,1.3341059894
