Instance,INF_avg,INF_sd,INF_r1,INF_kr,INF_sk,SUP_avg,SUP_sd,SUP_r1,SUP_kr,SUP_sk,INC_avg,INC_sd,INC_r1,INC_kr,INC_sk,IND_avg,IND_sd,IND_r1,IND_kr,IND_sk
164,0.232,0.0299332591,0.347826087,1.8469387755,0.3436215967,0.256,0.08428523,-0.5313067151,2.5743243243,-1.0145729387,0.512,0.0992773892,-0.3150195059,2.7495467195,1.1416261375,0.512,0.0992773892,-0.3150195059,2.7495467195,1.1416261375
