Instance,INF_avg,INF_sd,INF_r1,INF_kr,INF_sk,SUP_avg,SUP_sd,SUP_r1,SUP_kr,SUP_sk,INC_avg,INC_sd,INC_r1,INC_kr,INC_sk,IND_avg,IND_sd,IND_r1,IND_kr,IND_sk
66,0.26,0.0603986755,0.0364583333,2.614265928,-0.6448381212,0.2328,0.0489505873,0.0285061181,2.3210136218,-0.2839860114,0.5072,0.0789693611,0.016598627,2.5087108045,0.5853925896,0.5072,0.0789693611,0.016598627,2.5087108045,0.5853925896
