Instance,INF_avg,INF_sd,INF_r1,INF_kr,INF_sk,SUP_avg,SUP_sd,SUP_r1,SUP_kr,SUP_sk,INC_avg,INC_sd,INC_r1,INC_kr,INC_sk,IND_avg,IND_sd,IND_r1,IND_kr,IND_sk
110,0.4006896552,0.092069353,0.5494832213,2.7651428741,-0.2401361329,0.1333793103,0.066022156,0.6492432139,2.7564319507,0.4950951541,0.4659310345,0.066814169,0.0311373136,2.8956825803,0.0217412921,0.4659310345,0.066814169,0.0311373136,2.8956825803,0.0217412921
