Instance,INF_avg,INF_sd,INF_r1,INF_kr,INF_sk,SUP_avg,SUP_sd,SUP_r1,SUP_kr,SUP_sk,INC_avg,INC_sd,INC_r1,INC_kr,INC_sk,IND_avg,IND_sd,IND_r1,IND_kr,IND_sk
21,0.2336,0.065901745,-0.2035226234,2.3080854039,0.3034391674,0.252,0.0671714225,0.1186488788,2.9380564358,-0.4624560361,0.5144,0.0544117634,0.0427131431,3.2087392469,0.2959419566,0.5144,0.0544117634,0.0427131431,3.2087392469,0.2959419566
