Instance,INF_avg,INF_sd,INF_r1,INF_kr,INF_sk,SUP_avg,SUP_sd,SUP_r1,SUP_kr,SUP_sk,INC_avg,INC_sd,INC_r1,INC_kr,INC_sk,IND_avg,IND_sd,IND_r1,IND_kr,IND_sk
199,0.2578,0.0345783169,0.0038487415,3.0177477519,0.2913852097,0.25665,0.0306924665,0.1795111689,3.0351400354,-0.1602654381,0.48555,0.0332257054,-0.0088201753,2.9806795705,-0.0090085836,0.48555,0.0332257054,-0.0088201753,2.9806795705,-0.0090085836
