Instance,INF_avg,INF_sd,INF_r1,INF_kr,INF_sk,SUP_avg,SUP_sd,SUP_r1,SUP_kr,SUP_sk,INC_avg,INC_sd,INC_r1,INC_kr,INC_sk,IND_avg,IND_sd,IND_r1,IND_kr,IND_sk
29,0.2285714286,0.0699854212,-0.5664335664,2.1041666667,-0.4592793268,0.2142857143,0.1124858268,-0.5741626794,2.9911550468,-0.282677702,0.5571428571,0.1293626448,-0.6540084388,2.6695419393,-0.7514730677,0.5571428571,0.1293626448,-0.6540084388,2.6695419393,-0.7514730677
