Instance,INF_avg,INF_sd,INF_r1,INF_kr,INF_sk,SUP_avg,SUP_sd,SUP_r1,SUP_kr,SUP_sk,INC_avg,INC_sd,INC_r1,INC_kr,INC_sk,IND_avg,IND_sd,IND_r1,IND_kr,IND_sk
298,0.3056,0.0711100555,-0.066243311,2.7575552775,-0.0142588498,0.234,0.0628967408,0.1069250016,2.1769995737,0.0189052702,0.4604,0.0746715475,0.2883005471,2.5937311803,0.3440054213,0.4604,0.0746715475,0.2883005471,2.5937311803,0.3440054213
