Instance,INF_avg,INF_sd,INF_r1,INF_kr,INF_sk,SUP_avg,SUP_sd,SUP_r1,SUP_kr,SUP_sk,INC_avg,INC_sd,INC_r1,INC_kr,INC_sk,IND_avg,IND_sd,IND_r1,IND_kr,IND_sk
51,0.228,0.0849470423,0.1698983455,2.8497438557,0.117302769,0.264,0.0854634425,-0.0540307991,2.3493622004,0.1369506223,0.508,0.1074057727,-0.0085962684,1.8271971622,0.0101885907,0.508,0.1074057727,-0.0085962684,1.8271971622,0.0101885907
