Instance,INF_avg,INF_sd,INF_r1,INF_kr,INF_sk,SUP_avg,SUP_sd,SUP_r1,SUP_kr,SUP_sk,INC_avg,INC_sd,INC_r1,INC_kr,INC_sk,IND_avg,IND_sd,IND_r1,IND_kr,IND_sk
272,0.2644,0.0443693588,0.0677797692,2.8558146219,0.2588376449,0.2418,0.0486493577,0.2936649746,3.1962367641,0.5981661825,0.4938,0.0541808084,0.0843322151,2.9810990606,0.3363684561,0.4938,0.0541808084,0.0843322151,2.9810990606,0.3363684561
