Instance,INF_avg,INF_sd,INF_r1,INF_kr,INF_sk,SUP_avg,SUP_sd,SUP_r1,SUP_kr,SUP_sk,INC_avg,INC_sd,INC_r1,INC_kr,INC_sk,IND_avg,IND_sd,IND_r1,IND_kr,IND_sk
219,0.2416,0.0256795639,0.0428311981,2.4708179821,-0.158225297,0.267,0.0267581763,-0.2898437062,2.2796026965,0.0864352314,0.4914,0.0311294073,-0.3336512228,3.1198490454,-0.3118684612,0.4914,0.0311294073,-0.3336512228,3.1198490454,-0.3118684612
