Instance,INF_avg,INF_sd,INF_r1,INF_kr,INF_sk,SUP_avg,SUP_sd,SUP_r1,SUP_kr,SUP_sk,INC_avg,INC_sd,INC_r1,INC_kr,INC_sk,IND_avg,IND_sd,IND_r1,IND_kr,IND_sk
56,0.21,0.1135781669,-0.2831479897,1.3807463494,0.2129462657,0.36,0.1562049935,0.4385026738,1.7433485622,-0.1070472275,0.43,0.1734935157,0.043652116,2.8156090992,0.5675817934,0.43,0.1734935157,0.043652116,2.8156090992,0.5675817934
