Instance,INF_avg,INF_sd,INF_r1,INF_kr,INF_sk,SUP_avg,SUP_sd,SUP_r1,SUP_kr,SUP_sk,INC_avg,INC_sd,INC_r1,INC_kr,INC_sk,IND_avg,IND_sd,IND_r1,IND_kr,IND_sk
299,0.2445,0.0259277843,-0.4149452864,2.3030534576,-0.1580038683,0.2805,0.0242332416,0.1523814284,2.0754458162,-0.5775080221,0.475,0.0327108545,-0.609223301,1.6125862521,0.1799968409,0.475,0.0327108545,-0.609223301,1.6125862521,0.1799968409
