Instance,INF_avg,INF_sd,INF_r1,INF_kr,INF_sk,SUP_avg,SUP_sd,SUP_r1,SUP_kr,SUP_sk,INC_avg,INC_sd,INC_r1,INC_kr,INC_sk,IND_avg,IND_sd,IND_r1,IND_kr,IND_sk
89,0.2148,0.0376425291,0.0859169116,3.0254381761,-0.3441229597,0.274,0.0514587213,-0.0765812186,2.2731765866,0.2747633918,0.5112,0.0603536246,-0.1158285707,3.7272013047,-0.8025544972,0.5112,0.0603536246,-0.1158285707,3.7272013047,-0.8025544972
