Instance,INF_avg,INF_sd,INF_r1,INF_kr,INF_sk,SUP_avg,SUP_sd,SUP_r1,SUP_kr,SUP_sk,INC_avg,INC_sd,INC_r1,INC_kr,INC_sk,IND_avg,IND_sd,IND_r1,IND_kr,IND_sk
297,0.194,0.0449888875,0.2107404394,3.4738942961,1.0284489628,0.333,0.0433704969,0.2114932835,2.2070270403,0.6195643428,0.473,0.0464865572,0.0645605047,1.5426250251,-0.3879851615,0.473,0.0464865572,0.0645605047,1.5426250251,-0.3879851615
