Instance,INF_avg,INF_sd,INF_r1,INF_kr,INF_sk,SUP_avg,SUP_sd,SUP_r1,SUP_kr,SUP_sk,INC_avg,INC_sd,INC_r1,INC_kr,INC_sk,IND_avg,IND_sd,IND_r1,IND_kr,IND_sk
19,0.304,0.0326190129,-0.0264266565,2.1267737012,-0.7385332495,0.243,0.0306757233,-0.7011526177,2.5839707458,-0.5541495186,0.453,0.0366196668,-0.1979547115,1.8858326368,0.541756053,0.453,0.0366196668,-0.1979547115,1.8858326368,0.541756053
