Instance,INF_avg,INF_sd,INF_r1,INF_kr,INF_sk,SUP_avg,SUP_sd,SUP_r1,SUP_kr,SUP_sk,INC_avg,INC_sd,INC_r1,INC_kr,INC_sk,IND_avg,IND_sd,IND_r1,IND_kr,IND_sk
127,0.2649,0.0430695948,0.0543995776,2.7413985674,-0.1030870435,0.2132,0.0442465818,0.0583836675,3.078830303,0.1610720554,0.5219,0.047237591,-0.2195120283,2.2301026356,-0.0363907238,0.5219,0.047237591,-0.2195120283,2.2301026356,-0.0363907238
