Instance,INF_avg,INF_sd,INF_r1,INF_kr,INF_sk,SUP_avg,SUP_sd,SUP_r1,SUP_kr,SUP_sk,INC_avg,INC_sd,INC_r1,INC_kr,INC_sk,IND_avg,IND_sd,IND_r1,IND_kr,IND_sk
201,0.2164,0.0591526838,0.2701876543,2.5842234151,0.083082843,0.2768,0.066013332,0.0297678845,3.4447316786,0.6049539687,0.5068,0.0619173643,0.0125657561,3.356409776,-0.0119773365,0.5068,0.0619173643,0.0125657561,3.356409776,-0.0119773365
