Instance,INF_avg,INF_sd,INF_r1,INF_kr,INF_sk,SUP_avg,SUP_sd,SUP_r1,SUP_kr,SUP_sk,INC_avg,INC_sd,INC_r1,INC_kr,INC_sk,IND_avg,IND_sd,IND_r1,IND_kr,IND_sk
130,0.296,0.0344093011,0.6950578339,1.4295562454,0.0459492356,0.266,0.0387814389,-0.098343132,2.8404538253,1.1677553844,0.438,0.0624179461,0.2155460181,2.7057941805,-1.1481850263,0.438,0.0624179461,0.2155460181,2.7057941805,-1.1481850263
