Instance,INF_avg,INF_sd,INF_r1,INF_kr,INF_sk,SUP_avg,SUP_sd,SUP_r1,SUP_kr,SUP_sk,INC_avg,INC_sd,INC_r1,INC_kr,INC_sk,IND_avg,IND_sd,IND_r1,IND_kr,IND_sk
115,0.2671,0.038145642,0.0385578904,3.3901737635,0.581766921,0.2524,0.0309715999,0.0503310726,3.2453685269,-0.2647446807,0.4805,0.0431653796,-0.2052962677,3.9200493584,0.2580261532,0.4805,0.0431653796,-0.2052962677,3.9200493584,0.2580261532
