Instance,INF_avg,INF_sd,INF_r1,INF_kr,INF_sk,SUP_avg,SUP_sd,SUP_r1,SUP_kr,SUP_sk,INC_avg,INC_sd,INC_r1,INC_kr,INC_sk,IND_avg,IND_sd,IND_r1,IND_kr,IND_sk
78,0.27,0.0871779789,-0.2938005391,1.7957063712,0.0543353054,0.22,0.092736185,-0.1202185792,2.4826933478,-0.9704949588,0.51,0.1562049935,-0.2784349409,1.8390889546,0.2077975592,0.51,0.1562049935,-0.2784349409,1.8390889546,0.2077975592
