Instance,INF_avg,INF_sd,INF_r1,INF_kr,INF_sk,SUP_avg,SUP_sd,SUP_r1,SUP_kr,SUP_sk,INC_avg,INC_sd,INC_r1,INC_kr,INC_sk,IND_avg,IND_sd,IND_r1,IND_kr,IND_sk
244,0.255,0.115,-0.0332027222,1.8631186995,0.1735842854,0.225,0.081394103,-0.0476190476,2.9138483446,0.5563427473,0.52,0.09,-0.4430577223,2.2812071331,-0.0946502058,0.52,0.09,-0.4430577223,2.2812071331,-0.0946502058
