Instance,INF_avg,INF_sd,INF_r1,INF_kr,INF_sk,SUP_avg,SUP_sd,SUP_r1,SUP_kr,SUP_sk,INC_avg,INC_sd,INC_r1,INC_kr,INC_sk,IND_avg,IND_sd,IND_r1,IND_kr,IND_sk
220,0.24,0.1356465997,-0.0770234987,3.5051984877,0.4759810976,0.268,0.1554863338,0.0606554936,4.7021761002,0.860237204,0.492,0.173597235,0.0988787719,3.2076343195,0.1115880853,0.492,0.173597235,0.0988787719,3.2076343195,0.1115880853
