Instance,INF_avg,INF_sd,INF_r1,INF_kr,INF_sk,SUP_avg,SUP_sd,SUP_r1,SUP_kr,SUP_sk,INC_avg,INC_sd,INC_r1,INC_kr,INC_sk,IND_avg,IND_sd,IND_r1,IND_kr,IND_sk
178,0.228,0.0545527268,0.2904290429,1.9991328477,-0.3642525115,0.276,0.0571314274,-0.0849772382,1.664071511,0.2018050709,0.496,0.0407921561,-0.5895953757,2.7045118343,-1.0013237284,0.496,0.0407921561,-0.5895953757,2.7045118343,-1.0013237284
