Instance,INF_avg,INF_sd,INF_r1,INF_kr,INF_sk,SUP_avg,SUP_sd,SUP_r1,SUP_kr,SUP_sk,INC_avg,INC_sd,INC_r1,INC_kr,INC_sk,IND_avg,IND_sd,IND_r1,IND_kr,IND_sk
121,0.25,0.0806225775,-0.76,2.5147928994,0.0,0.3,0.0774596669,-0.3333333333,5.0,1.2909944487,0.45,0.1431782106,-0.5802469136,4.512195122,-0.9198838042,0.45,0.1431782106,-0.5802469136,4.512195122,-0.9198838042
