Instance,INF_avg,INF_sd,INF_r1,INF_kr,INF_sk,SUP_avg,SUP_sd,SUP_r1,SUP_kr,SUP_sk,INC_avg,INC_sd,INC_r1,INC_kr,INC_sk,IND_avg,IND_sd,IND_r1,IND_kr,IND_sk
22,0.2704,0.0503173926,-0.1411756262,2.9342095712,0.3231016777,0.2608,0.0526057031,0.1226355377,2.8787581478,-0.2940135593,0.4688,0.0568731923,-0.0469068122,2.7908912984,0.3131453653,0.4688,0.0568731923,-0.0469068122,2.7908912984,0.3131453653
