Instance,INF_avg,INF_sd,INF_r1,INF_kr,INF_sk,SUP_avg,SUP_sd,SUP_r1,SUP_kr,SUP_sk,INC_avg,INC_sd,INC_r1,INC_kr,INC_sk,IND_avg,IND_sd,IND_r1,IND_kr,IND_sk
138,0.236,0.0463033476,0.2233009709,2.1988193362,-0.3365218792,0.3,0.0565685425,0.0,2.2625,0.7954951288,0.464,0.0527636238,0.206231454,1.8008323424,-0.3476794476,0.464,0.0527636238,0.206231454,1.8008323424,-0.3476794476
