Instance,INF_avg,INF_sd,INF_r1,INF_kr,INF_sk,SUP_avg,SUP_sd,SUP_r1,SUP_kr,SUP_sk,INC_avg,INC_sd,INC_r1,INC_kr,INC_sk,IND_avg,IND_sd,IND_r1,IND_kr,IND_sk
64,0.258,0.0248193473,-0.3997662186,1.7122723056,0.1801328282,0.219,0.042708313,-0.348283803,1.9232997172,0.1719898123,0.523,0.0467546789,-0.5723170989,1.7393313852,0.6724084969,0.523,0.0467546789,-0.5723170989,1.7393313852,0.6724084969
