Instance,INF_avg,INF_sd,INF_r1,INF_kr,INF_sk,SUP_avg,SUP_sd,SUP_r1,SUP_kr,SUP_sk,INC_avg,INC_sd,INC_r1,INC_kr,INC_sk,IND_avg,IND_sd,IND_r1,IND_kr,IND_sk
132,0.5926704545,0.169472693,0.9452503943,1.9221492127,-0.3077564687,0.0851136364,0.0744753516,0.9242033575,2.5460924831,0.8137556145,0.3222159091,0.1007298873,0.8949139698,1.9781366939,-0.0154605903,0.3222159091,0.1007298873,0.8949139698,1.9781366939,-0.0154605903
