Instance,INF_avg,INF_sd,INF_r1,INF_kr,INF_sk,SUP_avg,SUP_sd,SUP_r1,SUP_kr,SUP_sk,INC_avg,INC_sd,INC_r1,INC_kr,INC_sk,IND_avg,IND_sd,IND_r1,IND_kr,IND_sk
238,0.18,0.1077032961,0.0138408304,2.2318668252,0.8836536782,0.25,0.1360147051,-0.0684931507,4.6932067202,1.4306879133,0.57,0.1417744688,-0.1044477761,2.8439147546,-1.1453970598,0.57,0.1417744688,-0.1044477761,2.8439147546,-1.1453970598
