Instance,INF_avg,INF_sd,INF_r1,INF_kr,INF_sk,SUP_avg,SUP_sd,SUP_r1,SUP_kr,SUP_sk,INC_avg,INC_sd,INC_r1,INC_kr,INC_sk,IND_avg,IND_sd,IND_r1,IND_kr,IND_sk
282,0.24015,0.030890573,-0.1003524051,4.3564843137,0.8173200526,0.2714,0.031694479,-0.1017493345,2.9181405514,0.3471656157,0.48845,0.0380111497,-0.0635062663,3.0326764759,0.0463128219,0.48845,0.0380111497,-0.0635062663,3.0326764759,0.0463128219
