Instance,INF_avg,INF_sd,INF_r1,INF_kr,INF_sk,SUP_avg,SUP_sd,SUP_r1,SUP_kr,SUP_sk,INC_avg,INC_sd,INC_r1,INC_kr,INC_sk,IND_avg,IND_sd,IND_r1,IND_kr,IND_sk
45,0.266,0.0891291198,0.2061530858,3.4490329588,0.7409054853,0.228,0.1049571341,0.0710743294,2.9613230429,0.8239902972,0.506,0.120266371,0.0199852705,2.8703497607,-0.2963830304,0.506,0.120266371,0.0199852705,2.8703497607,-0.2963830304
