Instance,INF_avg,INF_sd,INF_r1,INF_kr,INF_sk,SUP_avg,SUP_sd,SUP_r1,SUP_kr,SUP_sk,INC_avg,INC_sd,INC_r1,INC_kr,INC_sk,IND_avg,IND_sd,IND_r1,IND_kr,IND_sk
273,0.2502,0.0340728631,0.3763777377,2.2269572708,0.0439468575,0.2718,0.0395317594,0.179038995,2.4458903945,0.1823488144,0.478,0.0363455637,0.1829240303,2.6976025205,0.2469982309,0.478,0.0363455637,0.1829240303,2.6976025205,0.2469982309
