Instance,INF_avg,INF_sd,INF_r1,INF_kr,INF_sk,SUP_avg,SUP_sd,SUP_r1,SUP_kr,SUP_sk,INC_avg,INC_sd,INC_r1,INC_kr,INC_sk,IND_avg,IND_sd,IND_r1,IND_kr,IND_sk
105,0.244,0.1402283851,0.1159830269,2.9059738182,0.297074367,0.257,0.1416015537,-0.0268996044,2.3394092931,0.0479302168,0.499,0.1774795763,-0.1577749342,2.2285607398,0.0151147608,0.499,0.1774795763,-0.1577749342,2.2285607398,0.0151147608
