Instance,INF_avg,INF_sd,INF_r1,INF_kr,INF_sk,SUP_avg,SUP_sd,SUP_r1,SUP_kr,SUP_sk,INC_avg,INC_sd,INC_r1,INC_kr,INC_sk,IND_avg,IND_sd,IND_r1,IND_kr,IND_sk
198,0.26,0.0374165739,-0.1111111111,1.8469387755,-0.3436215967,0.25,0.0836660027,-0.6923076923,2.5,0.7683612489,0.49,0.0734846923,-0.3197026022,2.8127572016,-1.1642636432,0.49,0.0734846923,-0.3197026022,2.8127572016,-1.1642636432
