Instance,INF_avg,INF_sd,INF_r1,INF_kr,INF_sk,SUP_avg,SUP_sd,SUP_r1,SUP_kr,SUP_sk,INC_avg,INC_sd,INC_r1,INC_kr,INC_sk,IND_avg,IND_sd,IND_r1,IND_kr,IND_sk
271,0.261,0.0526212885,-0.341294634,2.1210449071,0.2154440736,0.212,0.024,0.0800561798,2.9534143519,-0.5399305556,0.527,0.0477598157,-0.3199734165,1.9462796281,-0.2656871937,0.527,0.0477598157,-0.3199734165,1.9462796281,-0.2656871937
