Instance,INF_avg,INF_sd,INF_r1,INF_kr,INF_sk,SUP_avg,SUP_sd,SUP_r1,SUP_kr,SUP_sk,INC_avg,INC_sd,INC_r1,INC_kr,INC_sk,IND_avg,IND_sd,IND_r1,IND_kr,IND_sk
32,0.306,0.028,-0.0781476122,2.0005206164,-0.4067055394,0.216,0.0440908154,-0.6032728881,2.7721129909,1.1922642118,0.478,0.0479165942,-0.5732305536,2.4248260875,-0.1819363454,0.478,0.0479165942,-0.5732305536,2.4248260875,-0.1819363454
