Instance,INF_avg,INF_sd,INF_r1,INF_kr,INF_sk,SUP_avg,SUP_sd,SUP_r1,SUP_kr,SUP_sk,INC_avg,INC_sd,INC_r1,INC_kr,INC_sk,IND_avg,IND_sd,IND_r1,IND_kr,IND_sk
207,0.37,0.0733484833,0.1072210066,2.3187214107,-0.0729825569,0.234,0.0551724569,-0.066964873,1.8889610289,-0.0868856089,0.396,0.0714422844,0.0542015278,2.7865980091,-0.691879711,0.396,0.0714422844,0.0542015278,2.7865980091,-0.691879711
