Instance,INF_avg,INF_sd,INF_r1,INF_kr,INF_sk,SUP_avg,SUP_sd,SUP_r1,SUP_kr,SUP_sk,INC_avg,INC_sd,INC_r1,INC_kr,INC_sk,IND_avg,IND_sd,IND_r1,IND_kr,IND_sk
239,0.2324,0.054683087,-0.024704094,4.3957053341,0.8178821204,0.3092,0.0784051019,-0.069703153,2.6686791683,0.4268067214,0.4584,0.0815686214,-0.1907338414,2.0435192317,0.1673458851,0.4584,0.0815686214,-0.1907338414,2.0435192317,0.1673458851
