Instance,INF_avg,INF_sd,INF_r1,INF_kr,INF_sk,SUP_avg,SUP_sd,SUP_r1,SUP_kr,SUP_sk,INC_avg,INC_sd,INC_r1,INC_kr,INC_sk,IND_avg,IND_sd,IND_r1,IND_kr,IND_sk
102,0.264,0.081877958,-0.1875501281,2.0294128537,-0.1262721055,0.234,0.0833306666,-0.1475993536,2.2850387033,-0.0563243831,0.502,0.094318609,-0.1261015221,1.9285549079,-0.2364364779,0.502,0.094318609,-0.1261015221,1.9285549079,-0.2364364779
