Instance,INF_avg,INF_sd,INF_r1,INF_kr,INF_sk,SUP_avg,SUP_sd,SUP_r1,SUP_kr,SUP_sk,INC_avg,INC_sd,INC_r1,INC_kr,INC_sk,IND_avg,IND_sd,IND_r1,IND_kr,IND_sk
298,0.2128,0.0384208277,0.2275522934,2.4119919018,-0.4045063757,0.2944,0.0560770898,0.2140757682,2.9420250532,-0.1381088801,0.4928,0.0482924425,-0.0915016094,2.8370460675,0.1756961647,0.4928,0.0482924425,-0.0915016094,2.8370460675,0.1756961647
