Instance,INF_avg,INF_sd,INF_r1,INF_kr,INF_sk,SUP_avg,SUP_sd,SUP_r1,SUP_kr,SUP_sk,INC_avg,INC_sd,INC_r1,INC_kr,INC_sk,IND_avg,IND_sd,IND_r1,IND_kr,IND_sk
223,0.242,0.0107703296,-0.3047285464,1.7636741974,-0.403407114,0.279,0.0203469899,-0.7168429618,1.950815655,0.0733648381,0.479,0.0146287388,-0.4593908629,2.3312516377,0.772388211,0.479,0.0146287388,-0.4593908629,2.3312516377,0.772388211
