Instance,INF_avg,INF_sd,INF_r1,INF_kr,INF_sk,SUP_avg,SUP_sd,SUP_r1,SUP_kr,SUP_sk,INC_avg,INC_sd,INC_r1,INC_kr,INC_sk,IND_avg,IND_sd,IND_r1,IND_kr,IND_sk
287,0.288,0.0803492377,0.0153542224,2.0859003238,0.1622100921,0.256,0.0962496753,-0.2372903862,1.6477757792,0.1323737727,0.456,0.1151694404,-0.159930579,2.163536154,-0.2251677932,0.456,0.1151694404,-0.159930579,2.163536154,-0.2251677932
