Instance,INF_avg,INF_sd,INF_r1,INF_kr,INF_sk,SUP_avg,SUP_sd,SUP_r1,SUP_kr,SUP_sk,INC_avg,INC_sd,INC_r1,INC_kr,INC_sk,IND_avg,IND_sd,IND_r1,IND_kr,IND_sk
178,0.4433686441,0.0962186979,0.871189043,2.172459547,-0.0554472771,0.0937076271,0.0722029516,0.8874138692,2.6546331734,0.7957359492,0.4629237288,0.0449285038,0.3822465064,2.8647029197,-0.2429122341,0.4629237288,0.0449285038,0.3822465064,2.8647029197,-0.2429122341
