Instance,INF_avg,INF_sd,INF_r1,INF_kr,INF_sk,SUP_avg,SUP_sd,SUP_r1,SUP_kr,SUP_sk,INC_avg,INC_sd,INC_r1,INC_kr,INC_sk,IND_avg,IND_sd,IND_r1,IND_kr,IND_sk
39,0.3034482759,0.1691413582,0.0943601911,2.7766089763,0.5873067552,0.3,0.1800383101,0.2,1.8838841105,0.2836275777,0.3965517241,0.1884286358,-0.1748293742,2.0909753442,0.0806776368,0.3965517241,0.1884286358,-0.1748293742,2.0909753442,0.0806776368
