Instance,INF_avg,INF_sd,INF_r1,INF_kr,INF_sk,SUP_avg,SUP_sd,SUP_r1,SUP_kr,SUP_sk,INC_avg,INC_sd,INC_r1,INC_kr,INC_sk,IND_avg,IND_sd,IND_r1,IND_kr,IND_sk
226,0.234,0.0326190129,-0.2341623651,1.8978178529,0.5061857103,0.304,0.0233238076,-0.4103618421,2.236267301,-0.3461497178,0.462,0.0271293199,0.1913903432,4.5747282609,1.1406718728,0.462,0.0271293199,0.1913903432,4.5747282609,1.1406718728
