Instance,INF_avg,INF_sd,INF_r1,INF_kr,INF_sk,SUP_avg,SUP_sd,SUP_r1,SUP_kr,SUP_sk,INC_avg,INC_sd,INC_r1,INC_kr,INC_sk,IND_avg,IND_sd,IND_r1,IND_kr,IND_sk
269,0.2598,0.0575843729,-0.0473120853,3.3956443797,-0.0503301544,0.3198,0.0729106302,0.0250065547,2.644036696,0.1814019585,0.4204,0.0695114379,-0.0364875017,2.5692144807,0.1904370174,0.4204,0.0695114379,-0.0364875017,2.5692144807,0.1904370174
