Instance,INF_avg,INF_sd,INF_r1,INF_kr,INF_sk,SUP_avg,SUP_sd,SUP_r1,SUP_kr,SUP_sk,INC_avg,INC_sd,INC_r1,INC_kr,INC_sk,IND_avg,IND_sd,IND_r1,IND_kr,IND_sk
158,0.27,0.1382027496,0.1231313718,2.8178229763,0.3659544862,0.267,0.1257417989,-0.0063221079,2.6323966408,-0.024532927,0.463,0.1559839735,0.2437246809,2.8296692881,0.042525306,0.463,0.1559839735,0.2437246809,2.8296692881,0.042525306
