Instance,INF_avg,INF_sd,INF_r1,INF_kr,INF_sk,SUP_avg,SUP_sd,SUP_r1,SUP_kr,SUP_sk,INC_avg,INC_sd,INC_r1,INC_kr,INC_sk,IND_avg,IND_sd,IND_r1,IND_kr,IND_sk
20,0.3960377358,0.1005332879,0.84029996,1.9748813561,-0.1088219537,0.1160377358,0.0725892976,0.8136583962,2.7710164039,0.6621935589,0.4879245283,0.0495397112,0.3214235847,3.2504633017,0.6734243603,0.4879245283,0.0495397112,0.3214235847,3.2504633017,0.6734243603
