Instance,INF_avg,INF_sd,INF_r1,INF_kr,INF_sk,SUP_avg,SUP_sd,SUP_r1,SUP_kr,SUP_sk,INC_avg,INC_sd,INC_r1,INC_kr,INC_sk,IND_avg,IND_sd,IND_r1,IND_kr,IND_sk
168,0.2504,0.0415191522,-0.073428985,2.2752293617,-0.2094197926,0.254,0.0366606056,-0.1490568364,2.3236607143,-0.1159282542,0.4956,0.0508393548,0.0388354565,3.0224694978,-0.5814059098,0.4956,0.0508393548,0.0388354565,3.0224694978,-0.5814059098
