Instance,INF_avg,INF_sd,INF_r1,INF_kr,INF_sk,SUP_avg,SUP_sd,SUP_r1,SUP_kr,SUP_sk,INC_avg,INC_sd,INC_r1,INC_kr,INC_sk,IND_avg,IND_sd,IND_r1,IND_kr,IND_sk
178,0.2584,0.0284154887,0.0042350618,2.6539383623,-0.346507171,0.2422,0.0279671236,0.1663130961,2.843871181,0.4682151251,0.4994,0.0281183214,0.0283382818,2.2682720164,0.1753535893,0.4994,0.0281183214,0.0283382818,2.2682720164,0.1753535893
