Instance,INF_avg,INF_sd,INF_r1,INF_kr,INF_sk,SUP_avg,SUP_sd,SUP_r1,SUP_kr,SUP_sk,INC_avg,INC_sd,INC_r1,INC_kr,INC_sk,IND_avg,IND_sd,IND_r1,IND_kr,IND_sk
145,0.1962,0.0463849113,0.0902664485,2.4513495038,-0.1506749106,0.2502,0.0525162832,0.1393398006,2.3600551621,0.2878061776,0.5536,0.0558483661,0.2622581427,2.6504589191,0.1824852862,0.5536,0.0558483661,0.2622581427,2.6504589191,0.1824852862
