Instance,INF_avg,INF_sd,INF_r1,INF_kr,INF_sk,SUP_avg,SUP_sd,SUP_r1,SUP_kr,SUP_sk,INC_avg,INC_sd,INC_r1,INC_kr,INC_sk,IND_avg,IND_sd,IND_r1,IND_kr,IND_sk
108,0.4729375,0.1410179371,0.9321035811,1.8805117066,-0.2752760188,0.11,0.0969664891,0.9515605999,2.2226366957,0.7803833301,0.4170625,0.0583293116,0.6518546745,2.4627606574,-0.2876430008,0.4170625,0.0583293116,0.6518546745,2.4627606574,-0.2876430008
