Instance,INF_avg,INF_sd,INF_r1,INF_kr,INF_sk,SUP_avg,SUP_sd,SUP_r1,SUP_kr,SUP_sk,INC_avg,INC_sd,INC_r1,INC_kr,INC_sk,IND_avg,IND_sd,IND_r1,IND_kr,IND_sk
29,0.2757,0.0387622239,0.4312883341,3.6573144358,0.1063155757,0.2172,0.0432395652,0.5980664505,2.5577539671,0.1954348577,0.5071,0.044677623,0.405723961,2.3850199087,-0.130938048,0.5071,0.044677623,0.405723961,2.3850199087,-0.130938048
