Instance,INF_avg,INF_sd,INF_r1,INF_kr,INF_sk,SUP_avg,SUP_sd,SUP_r1,SUP_kr,SUP_sk,INC_avg,INC_sd,INC_r1,INC_kr,INC_sk,IND_avg,IND_sd,IND_r1,IND_kr,IND_sk
90,0.2616,0.0706359682,0.2283063682,2.5940208316,0.2607200541,0.2484,0.0702099708,0.2083512281,3.520942361,0.1719333242,0.49,0.0707389567,-0.1387387387,3.3553492937,0.216284787,0.49,0.0707389567,-0.1387387387,3.3553492937,0.216284787
