Instance,INF_avg,INF_sd,INF_r1,INF_kr,INF_sk,SUP_avg,SUP_sd,SUP_r1,SUP_kr,SUP_sk,INC_avg,INC_sd,INC_r1,INC_kr,INC_sk,IND_avg,IND_sd,IND_r1,IND_kr,IND_sk
125,0.283,0.0463141447,-0.1441113026,2.7912113062,-0.1964087549,0.1992,0.0448481884,0.0386897795,2.5666868428,-0.067093474,0.5178,0.0600429846,-0.1743440565,3.1003913452,0.0130492674,0.5178,0.0600429846,-0.1743440565,3.1003913452,0.0130492674
