Instance,INF_avg,INF_sd,INF_r1,INF_kr,INF_sk,SUP_avg,SUP_sd,SUP_r1,SUP_kr,SUP_sk,INC_avg,INC_sd,INC_r1,INC_kr,INC_sk,IND_avg,IND_sd,IND_r1,IND_kr,IND_sk
162,0.2303,0.0462699687,0.6141405288,2.4211263664,0.2986139935,0.2339,0.0578428042,0.7100140065,3.3289919984,0.7790525224,0.5358,0.0424600989,0.3280461368,3.0965537854,-0.4046705713,0.5358,0.0424600989,0.3280461368,3.0965537854,-0.4046705713
