Instance,INF_avg,INF_sd,INF_r1,INF_kr,INF_sk,SUP_avg,SUP_sd,SUP_r1,SUP_kr,SUP_sk,INC_avg,INC_sd,INC_r1,INC_kr,INC_sk,IND_avg,IND_sd,IND_r1,IND_kr,IND_sk
169,0.275,0.1639359631,-0.3333333333,2.4256354786,0.4042985353,0.2,0.1290994449,-0.1875,3.12,0.6971370023,0.525,0.1785357107,-0.4795417349,2.9238754325,0.2361256612,0.525,0.1785357107,-0.4795417349,2.9238754325,0.2361256612
