Instance,INF_avg,INF_sd,INF_r1,INF_kr,INF_sk,SUP_avg,SUP_sd,SUP_r1,SUP_kr,SUP_sk,INC_avg,INC_sd,INC_r1,INC_kr,INC_sk,IND_avg,IND_sd,IND_r1,IND_kr,IND_sk
203,0.2678,0.0361131555,-0.0104564464,2.9275861819,0.7028657884,0.2436,0.0243113142,0.305750906,2.5023887307,-0.5122074546,0.4886,0.0306111091,-0.2616884863,2.7419197905,0.1486311784,0.4886,0.0306111091,-0.2616884863,2.7419197905,0.1486311784
