Instance,INF_avg,INF_sd,INF_r1,INF_kr,INF_sk,SUP_avg,SUP_sd,SUP_r1,SUP_kr,SUP_sk,INC_avg,INC_sd,INC_r1,INC_kr,INC_sk,IND_avg,IND_sd,IND_r1,IND_kr,IND_sk
79,0.288,0.1451068572,-0.155469221,2.8687038645,0.6414097179,0.27,0.1315294644,-0.019016864,2.6684820742,0.1423888084,0.442,0.1312859475,-0.1831718225,2.3013383991,0.3598019959,0.442,0.1312859475,-0.1831718225,2.3013383991,0.3598019959
