Instance,INF_avg,INF_sd,INF_r1,INF_kr,INF_sk,SUP_avg,SUP_sd,SUP_r1,SUP_kr,SUP_sk,INC_avg,INC_sd,INC_r1,INC_kr,INC_sk,IND_avg,IND_sd,IND_r1,IND_kr,IND_sk
187,0.32,0.0521536192,-0.1492537313,1.9117647059,-0.2030201441,0.214,0.0632771681,0.1194321572,2.3741463332,0.5789665648,0.466,0.078,0.1015813825,2.0816510989,0.02670308,0.466,0.078,0.1015813825,2.0816510989,0.02670308
