Instance,INF_avg,INF_sd,INF_r1,INF_kr,INF_sk,SUP_avg,SUP_sd,SUP_r1,SUP_kr,SUP_sk,INC_avg,INC_sd,INC_r1,INC_kr,INC_sk,IND_avg,IND_sd,IND_r1,IND_kr,IND_sk
253,0.415,0.1119151464,0.4571757777,2.1334456835,0.2108098423,0.17,0.1077032961,0.0275726243,2.3098989298,0.4370243735,0.415,0.126589889,-0.3524622559,1.9165086728,-0.005915401,0.415,0.126589889,-0.3524622559,1.9165086728,-0.005915401
