Instance,INF_avg,INF_sd,INF_r1,INF_kr,INF_sk,SUP_avg,SUP_sd,SUP_r1,SUP_kr,SUP_sk,INC_avg,INC_sd,INC_r1,INC_kr,INC_sk,IND_avg,IND_sd,IND_r1,IND_kr,IND_sk
61,0.2376,0.0577775043,0.1742496557,2.3684013941,-0.1142233463,0.206,0.0535537114,0.296388369,2.7459078097,-0.2718890827,0.5564,0.0665360053,-0.0416173011,2.3301115763,0.1445513347,0.5564,0.0665360053,-0.0416173011,2.3301115763,0.1445513347
