Instance,INF_avg,INF_sd,INF_r1,INF_kr,INF_sk,SUP_avg,SUP_sd,SUP_r1,SUP_kr,SUP_sk,INC_avg,INC_sd,INC_r1,INC_kr,INC_sk,IND_avg,IND_sd,IND_r1,IND_kr,IND_sk
116,0.332,0.0391918359,0.7146302251,1.2460123698,-0.3293096562,0.222,0.0479165942,-0.7077087794,2.592364846,0.9236432693,0.446,0.0412795349,-0.5227021041,2.3040071414,0.8830211951,0.446,0.0412795349,-0.5227021041,2.3040071414,0.8830211951
