Instance,INF_avg,INF_sd,INF_r1,INF_kr,INF_sk,SUP_avg,SUP_sd,SUP_r1,SUP_kr,SUP_sk,INC_avg,INC_sd,INC_r1,INC_kr,INC_sk,IND_avg,IND_sd,IND_r1,IND_kr,IND_sk
118,0.309,0.0418807832,0.0635671132,1.2136462154,0.4082283096,0.24,0.0151657509,-0.4761904762,1.7816635161,0.6450461153,0.451,0.0330756708,0.2289190719,1.4074125444,-0.1149101792,0.451,0.0330756708,0.2289190719,1.4074125444,-0.1149101792
