Instance,INF_avg,INF_sd,INF_r1,INF_kr,INF_sk,SUP_avg,SUP_sd,SUP_r1,SUP_kr,SUP_sk,INC_avg,INC_sd,INC_r1,INC_kr,INC_sk,IND_avg,IND_sd,IND_r1,IND_kr,IND_sk
37,0.2506,0.0515134934,0.0122390921,2.5338292694,0.3381405863,0.2296,0.0585306757,0.4359076541,2.7412269959,0.3078599575,0.5198,0.0502589296,-7.16772e-05,3.2702934753,-0.3502457621,0.5198,0.0502589296,-7.16772e-05,3.2702934753,-0.3502457621
