Instance,INF_avg,INF_sd,INF_r1,INF_kr,INF_sk,SUP_avg,SUP_sd,SUP_r1,SUP_kr,SUP_sk,INC_avg,INC_sd,INC_r1,INC_kr,INC_sk,IND_avg,IND_sd,IND_r1,IND_kr,IND_sk
296,0.284,0.0542586399,0.0300375469,1.2562618147,0.4495377033,0.26,0.0379473319,0.2777777778,1.7592592593,0.3513641845,0.456,0.0611882342,0.323164919,1.9775367083,-0.1877351037,0.456,0.0611882342,0.323164919,1.9775367083,-0.1877351037
