Instance,INF_avg,INF_sd,INF_r1,INF_kr,INF_sk,SUP_avg,SUP_sd,SUP_r1,SUP_kr,SUP_sk,INC_avg,INC_sd,INC_r1,INC_kr,INC_sk,IND_avg,IND_sd,IND_r1,IND_kr,IND_sk
286,0.388,0.0775628777,0.2011059371,5.4515759393,-1.6718076557,0.31,0.0947628619,0.2451708767,3.1673702015,0.6289289699,0.302,0.0501597448,0.3331935416,1.8298836572,-0.0753078888,0.302,0.0501597448,0.3331935416,1.8298836572,-0.0753078888
