Instance,INF_avg,INF_sd,INF_r1,INF_kr,INF_sk,SUP_avg,SUP_sd,SUP_r1,SUP_kr,SUP_sk,INC_avg,INC_sd,INC_r1,INC_kr,INC_sk,IND_avg,IND_sd,IND_r1,IND_kr,IND_sk
65,0.258,0.0701141926,0.0186345512,2.6760244194,0.7099426334,0.214,0.0521919534,0.4045534151,2.1459695835,-0.2106760525,0.528,0.0620966988,-0.3967343336,1.8415144367,0.3464012398,0.528,0.0620966988,-0.3967343336,1.8415144367,0.3464012398
