Instance,INF_avg,INF_sd,INF_r1,INF_kr,INF_sk,SUP_avg,SUP_sd,SUP_r1,SUP_kr,SUP_sk,INC_avg,INC_sd,INC_r1,INC_kr,INC_sk,IND_avg,IND_sd,IND_r1,IND_kr,IND_sk
212,0.32416,0.0830728259,0.3390041124,2.6777389636,0.1914732457,0.1568,0.0720621954,0.5735955091,3.0628973716,0.425415114,0.51904,0.0737067053,0.0748034531,3.1972578776,-0.350270494,0.51904,0.0737067053,0.0748034531,3.1972578776,-0.350270494
