Instance,INF_avg,INF_sd,INF_r1,INF_kr,INF_sk,SUP_avg,SUP_sd,SUP_r1,SUP_kr,SUP_sk,INC_avg,INC_sd,INC_r1,INC_kr,INC_sk,IND_avg,IND_sd,IND_r1,IND_kr,IND_sk
283,0.2448,0.0424377191,0.0425026782,2.5424716389,0.1145589484,0.2596,0.0472846698,0.0750457316,3.1337498647,-0.5243702858,0.4956,0.0594696561,-0.0060868701,2.051829929,0.1597964541,0.4956,0.0594696561,-0.0060868701,2.051829929,0.1597964541
