Instance,INF_avg,INF_sd,INF_r1,INF_kr,INF_sk,SUP_avg,SUP_sd,SUP_r1,SUP_kr,SUP_sk,INC_avg,INC_sd,INC_r1,INC_kr,INC_sk,IND_avg,IND_sd,IND_r1,IND_kr,IND_sk
91,0.27,0.0581377674,0.0116731518,1.6996953888,0.0854937233,0.264,0.0618384993,0.6645274212,2.4209485128,0.2387106161,0.466,0.1099272487,0.4000288448,2.4895111906,-0.2090757155,0.466,0.1099272487,0.4000288448,2.4895111906,-0.2090757155
