Instance,INF_avg,INF_sd,INF_r1,INF_kr,INF_sk,SUP_avg,SUP_sd,SUP_r1,SUP_kr,SUP_sk,INC_avg,INC_sd,INC_r1,INC_kr,INC_sk,IND_avg,IND_sd,IND_r1,IND_kr,IND_sk
168,0.292,0.0479165942,-0.2476041122,4.4985734925,-1.426913232,0.24,0.0340587727,0.0086206897,5.1516052319,1.5794199008,0.468,0.0271293199,-0.3567156063,1.5974125709,0.1814978428,0.468,0.0271293199,-0.3567156063,1.5974125709,0.1814978428
