Instance,INF_avg,INF_sd,INF_r1,INF_kr,INF_sk,SUP_avg,SUP_sd,SUP_r1,SUP_kr,SUP_sk,INC_avg,INC_sd,INC_r1,INC_kr,INC_sk,IND_avg,IND_sd,IND_r1,IND_kr,IND_sk
235,0.244,0.1465059726,-0.0052477211,2.1921486579,0.0704597419,0.277,0.1427270122,-0.0316232511,2.3969895694,0.2640647023,0.479,0.151191931,-0.0010680568,3.0046441276,0.1850000507,0.479,0.151191931,-0.0010680568,3.0046441276,0.1850000507
