Instance,INF_avg,INF_sd,INF_r1,INF_kr,INF_sk,SUP_avg,SUP_sd,SUP_r1,SUP_kr,SUP_sk,INC_avg,INC_sd,INC_r1,INC_kr,INC_sk,IND_avg,IND_sd,IND_r1,IND_kr,IND_sk
154,0.276,0.0233238076,-0.7910447761,1.6280276817,-0.3631734744,0.256,0.1046135746,-0.4244339126,2.206089053,0.1133662545,0.468,0.089977775,-0.2595419847,2.3935774657,-0.249864074,0.468,0.089977775,-0.2595419847,2.3935774657,-0.249864074
