Instance,INF_avg,INF_sd,INF_r1,INF_kr,INF_sk,SUP_avg,SUP_sd,SUP_r1,SUP_kr,SUP_sk,INC_avg,INC_sd,INC_r1,INC_kr,INC_sk,IND_avg,IND_sd,IND_r1,IND_kr,IND_sk
224,0.32,0.1166190379,-0.2686567164,1.6280276817,0.3631734744,0.24,0.1356465997,-0.5060240964,1.2296786389,0.2115471545,0.44,0.1496662955,-0.7572463768,2.1339285714,0.7301958931,0.44,0.1496662955,-0.7572463768,2.1339285714,0.7301958931
