Instance,INF_avg,INF_sd,INF_r1,INF_kr,INF_sk,SUP_avg,SUP_sd,SUP_r1,SUP_kr,SUP_sk,INC_avg,INC_sd,INC_r1,INC_kr,INC_sk,IND_avg,IND_sd,IND_r1,IND_kr,IND_sk
8,0.219,0.0932148057,0.0168494342,2.2435656493,0.0128008937,0.227,0.0928493403,0.1547673717,2.0353099712,-0.3254202577,0.554,0.0893532316,-0.1196623384,3.236483488,-0.2255016213,0.554,0.0893532316,-0.1196623384,3.236483488,-0.2255016213
