Instance,INF_avg,INF_sd,INF_r1,INF_kr,INF_sk,SUP_avg,SUP_sd,SUP_r1,SUP_kr,SUP_sk,INC_avg,INC_sd,INC_r1,INC_kr,INC_sk,IND_avg,IND_sd,IND_r1,IND_kr,IND_sk
263,0.288,0.0724982758,-0.1938816719,1.9714872501,0.0287205697,0.21,0.081240384,-0.0161090458,2.4228650138,-0.268563253,0.502,0.0953729521,-0.3022038666,2.5469596656,0.1157516632,0.502,0.0953729521,-0.3022038666,2.5469596656,0.1157516632
