Instance,INF_avg,INF_sd,INF_r1,INF_kr,INF_sk,SUP_avg,SUP_sd,SUP_r1,SUP_kr,SUP_sk,INC_avg,INC_sd,INC_r1,INC_kr,INC_sk,IND_avg,IND_sd,IND_r1,IND_kr,IND_sk
171,0.18,0.1166190379,-0.0946745562,2.6660899654,1.1500493357,0.34,0.1019803903,0.2857142857,1.9556213018,0.2715454179,0.48,0.1720465053,0.2953929539,1.9945215486,-0.3958703373,0.48,0.1720465053,0.2953929539,1.9945215486,-0.3958703373
