Instance,INF_avg,INF_sd,INF_r1,INF_kr,INF_sk,SUP_avg,SUP_sd,SUP_r1,SUP_kr,SUP_sk,INC_avg,INC_sd,INC_r1,INC_kr,INC_sk,IND_avg,IND_sd,IND_r1,IND_kr,IND_sk
154,0.4195652174,0.1019368202,0.792105129,2.1777826138,-0.0555881806,0.0836956522,0.0674491337,0.7887529454,3.5925846835,1.1548185199,0.4967391304,0.0598568709,0.4584006127,2.9936763705,-0.4801920468,0.4967391304,0.0598568709,0.4584006127,2.9936763705,-0.4801920468
