Instance,INF_avg,INF_sd,INF_r1,INF_kr,INF_sk,SUP_avg,SUP_sd,SUP_r1,SUP_kr,SUP_sk,INC_avg,INC_sd,INC_r1,INC_kr,INC_sk,IND_avg,IND_sd,IND_r1,IND_kr,IND_sk
81,0.3143835616,0.1151174064,0.0500928276,2.6943767961,0.4347347423,0.1842465753,0.1016563888,0.1237241019,2.942290173,0.607172246,0.501369863,0.1279374319,0.1323848408,2.546211173,-0.2071110016,0.501369863,0.1279374319,0.1323848408,2.546211173,-0.2071110016
