Instance,INF_avg,INF_sd,INF_r1,INF_kr,INF_sk,SUP_avg,SUP_sd,SUP_r1,SUP_kr,SUP_sk,INC_avg,INC_sd,INC_r1,INC_kr,INC_sk,IND_avg,IND_sd,IND_r1,IND_kr,IND_sk
47,0.283,0.0445084262,0.2886902965,3.3514289333,-0.900021855,0.274,0.0174355958,-0.3291139241,1.5100415512,-0.0588632475,0.443,0.0412431813,0.10889783,2.6643721351,0.8718452569,0.443,0.0412431813,0.10889783,2.6643721351,0.8718452569
