Instance,INF_avg,INF_sd,INF_r1,INF_kr,INF_sk,SUP_avg,SUP_sd,SUP_r1,SUP_kr,SUP_sk,INC_avg,INC_sd,INC_r1,INC_kr,INC_sk,IND_avg,IND_sd,IND_r1,IND_kr,IND_sk
200,0.2648,0.0348849538,0.2020254657,3.7347956057,-0.8224231036,0.2292,0.0266713329,-0.0517761125,2.4938387961,0.6044286472,0.506,0.0413763217,0.0493558166,5.2597388418,1.359303783,0.506,0.0413763217,0.0493558166,5.2597388418,1.359303783
