Instance,INF_avg,INF_sd,INF_r1,INF_kr,INF_sk,SUP_avg,SUP_sd,SUP_r1,SUP_kr,SUP_sk,INC_avg,INC_sd,INC_r1,INC_kr,INC_sk,IND_avg,IND_sd,IND_r1,IND_kr,IND_sk
232,0.252,0.1086093919,0.2186332069,2.8570296602,0.3584386769,0.2055,0.0929771477,0.1587374439,2.7294543054,-0.0485898104,0.5425,0.1061543687,0.0518357212,2.5590691425,0.0963184629,0.5425,0.1061543687,0.0518357212,2.5590691425,0.0963184629
