Instance,INF_avg,INF_sd,INF_r1,INF_kr,INF_sk,SUP_avg,SUP_sd,SUP_r1,SUP_kr,SUP_sk,INC_avg,INC_sd,INC_r1,INC_kr,INC_sk,IND_avg,IND_sd,IND_r1,IND_kr,IND_sk
157,0.2305,0.0854093086,-0.0988309224,2.6263460189,0.3417242912,0.3055,0.1041381294,-0.1457721423,3.4638713362,0.2852478731,0.464,0.105848949,-0.0898004118,2.7666869625,-0.3126756993,0.464,0.105848949,-0.0898004118,2.7666869625,-0.3126756993
