Instance,INF_avg,INF_sd,INF_r1,INF_kr,INF_sk,SUP_avg,SUP_sd,SUP_r1,SUP_kr,SUP_sk,INC_avg,INC_sd,INC_r1,INC_kr,INC_sk,IND_avg,IND_sd,IND_r1,IND_kr,IND_sk
109,0.22,0.1469693846,-0.7519685039,1.5781893004,-0.3477670622,0.22,0.1326649916,0.3939393939,2.2169421488,-0.3700366502,0.56,0.1496662955,-0.0173160173,2.1339285714,-0.7301958931,0.56,0.1496662955,-0.0173160173,2.1339285714,-0.7301958931
