Instance,INF_avg,INF_sd,INF_r1,INF_kr,INF_sk,SUP_avg,SUP_sd,SUP_r1,SUP_kr,SUP_sk,INC_avg,INC_sd,INC_r1,INC_kr,INC_sk,IND_avg,IND_sd,IND_r1,IND_kr,IND_sk
23,0.268,0.024,-0.4710485133,1.615162037,-0.5451388889,0.266,0.0366606056,0.1616945107,2.397002551,-0.8485168857,0.466,0.0300665928,-0.0777058279,2.0385699742,-0.0988955201,0.466,0.0300665928,-0.0777058279,2.0385699742,-0.0988955201
