Instance,INF_avg,INF_sd,INF_r1,INF_kr,INF_sk,SUP_avg,SUP_sd,SUP_r1,SUP_kr,SUP_sk,INC_avg,INC_sd,INC_r1,INC_kr,INC_sk,IND_avg,IND_sd,IND_r1,IND_kr,IND_sk
270,0.253,0.0346554469,-0.3552378564,1.6373373285,0.020758656,0.284,0.048,-0.5462350206,1.645453559,0.0948350694,0.463,0.0462709412,-0.4802421141,2.3437032942,-0.5551445778,0.463,0.0462709412,-0.4802421141,2.3437032942,-0.5551445778
