Instance,INF_avg,INF_sd,INF_r1,INF_kr,INF_sk,SUP_avg,SUP_sd,SUP_r1,SUP_kr,SUP_sk,INC_avg,INC_sd,INC_r1,INC_kr,INC_sk,IND_avg,IND_sd,IND_r1,IND_kr,IND_sk
63,0.274,0.0573061951,0.2317118,2.9683313033,0.6595762896,0.216,0.0332264955,-0.0509031199,4.4039067423,1.3661177241,0.51,0.0545893763,-0.1135531136,3.3955677672,0.0590128837,0.51,0.0545893763,-0.1135531136,3.3955677672,0.0590128837
