Instance,INF_avg,INF_sd,INF_r1,INF_kr,INF_sk,SUP_avg,SUP_sd,SUP_r1,SUP_kr,SUP_sk,INC_avg,INC_sd,INC_r1,INC_kr,INC_sk,IND_avg,IND_sd,IND_r1,IND_kr,IND_sk
69,0.272,0.0411825206,-0.846473029,2.0685297259,0.4068404933,0.2,0.0282842712,-0.6666666667,1.7,-0.0,0.528,0.0574108004,-1.0930232558,2.6779621076,-1.114096383,0.528,0.0574108004,-1.0930232558,2.6779621076,-1.114096383
