Instance,INF_avg,INF_sd,INF_r1,INF_kr,INF_sk,SUP_avg,SUP_sd,SUP_r1,SUP_kr,SUP_sk,INC_avg,INC_sd,INC_r1,INC_kr,INC_sk,IND_avg,IND_sd,IND_r1,IND_kr,IND_sk
202,0.205,0.0878919792,-0.2994350282,3.4567819776,0.5103351792,0.3,0.0948683298,-0.21875,1.7592592593,0.5270462767,0.495,0.0756637298,-0.337021669,2.3793787304,0.5159579291,0.495,0.0756637298,-0.337021669,2.3793787304,0.5159579291
