Instance,INF_avg,INF_sd,INF_r1,INF_kr,INF_sk,SUP_avg,SUP_sd,SUP_r1,SUP_kr,SUP_sk,INC_avg,INC_sd,INC_r1,INC_kr,INC_sk,IND_avg,IND_sd,IND_r1,IND_kr,IND_sk
254,0.248,0.1060471593,0.1657369174,3.2305434012,0.4422951449,0.208,0.0893644225,0.2868783606,2.7570460929,0.0424905673,0.544,0.1084619749,-0.0039372813,2.9477557093,-0.2453331371,0.544,0.1084619749,-0.0039372813,2.9477557093,-0.2453331371
