Instance,INF_avg,INF_sd,INF_r1,INF_kr,INF_sk,SUP_avg,SUP_sd,SUP_r1,SUP_kr,SUP_sk,INC_avg,INC_sd,INC_r1,INC_kr,INC_sk,IND_avg,IND_sd,IND_r1,IND_kr,IND_sk
32,0.28,0.0368781778,0.1666666667,3.0968858131,-0.4785230687,0.206,0.0310483494,0.1655510933,2.4148516727,0.6158244262,0.514,0.0400499688,0.3940924009,2.756804995,0.7890392543,0.514,0.0400499688,0.3940924009,2.756804995,0.7890392543
