Instance,INF_avg,INF_sd,INF_r1,INF_kr,INF_sk,SUP_avg,SUP_sd,SUP_r1,SUP_kr,SUP_sk,INC_avg,INC_sd,INC_r1,INC_kr,INC_sk,IND_avg,IND_sd,IND_r1,IND_kr,IND_sk
227,0.23,0.0543691089,-0.0235783634,4.3413913766,0.5876237412,0.2652,0.0415326378,-0.0169938309,3.5447518304,0.1857847381,0.5048,0.0530373453,0.2723939592,3.4944671848,-0.0245134973,0.5048,0.0530373453,0.2723939592,3.4944671848,-0.0245134973
