Instance,INF_avg,INF_sd,INF_r1,INF_kr,INF_sk,SUP_avg,SUP_sd,SUP_r1,SUP_kr,SUP_sk,INC_avg,INC_sd,INC_r1,INC_kr,INC_sk,IND_avg,IND_sd,IND_r1,IND_kr,IND_sk
89,0.29,0.0888819442,-0.4018087855,5.4281365166,-1.8328963652,0.185,0.055,-0.1911623439,1.4327573253,0.162283997,0.525,0.126984251,-0.3696498054,4.5853614566,1.4101730415,0.525,0.126984251,-0.3696498054,4.5853614566,1.4101730415
