Instance,INF_avg,INF_sd,INF_r1,INF_kr,INF_sk,SUP_avg,SUP_sd,SUP_r1,SUP_kr,SUP_sk,INC_avg,INC_sd,INC_r1,INC_kr,INC_sk,IND_avg,IND_sd,IND_r1,IND_kr,IND_sk
134,0.256,0.1471869559,0.0653990293,2.0311839312,0.1081432932,0.284,0.1346996659,-0.2758523329,2.572702332,-0.4930427849,0.46,0.1624807681,-0.3808322825,1.7727272727,0.1566618976,0.46,0.1624807681,-0.3808322825,1.7727272727,0.1566618976
