Instance,INF_avg,INF_sd,INF_r1,INF_kr,INF_sk,SUP_avg,SUP_sd,SUP_r1,SUP_kr,SUP_sk,INC_avg,INC_sd,INC_r1,INC_kr,INC_sk,IND_avg,IND_sd,IND_r1,IND_kr,IND_sk
295,0.2444,0.0285068413,0.2112258339,2.9958045341,-0.0177862197,0.2448,0.0281595455,-0.2211320244,3.083269454,0.4859417326,0.5108,0.0397159917,0.0688387298,2.7493323022,0.4513238821,0.5108,0.0397159917,0.0688387298,2.7493323022,0.4513238821
