Instance,INF_avg,INF_sd,INF_r1,INF_kr,INF_sk,SUP_avg,SUP_sd,SUP_r1,SUP_kr,SUP_sk,INC_avg,INC_sd,INC_r1,INC_kr,INC_sk,IND_avg,IND_sd,IND_r1,IND_kr,IND_sk
298,0.261,0.0168522995,-1.0725388601,2.2730113073,0.5791828797,0.258,0.0213541565,-1.0083816892,1.2748730379,0.1226188003,0.481,0.0365239647,-1.1703452179,1.6985596407,-0.2478912976,0.481,0.0365239647,-1.1703452179,1.6985596407,-0.2478912976
