Instance,INF_avg,INF_sd,INF_r1,INF_kr,INF_sk,SUP_avg,SUP_sd,SUP_r1,SUP_kr,SUP_sk,INC_avg,INC_sd,INC_r1,INC_kr,INC_sk,IND_avg,IND_sd,IND_r1,IND_kr,IND_sk
252,0.242,0.0337045991,-0.5722379603,1.2910632811,0.0150437112,0.296,0.0387814389,-0.3174772849,2.1274615211,-0.5604238314,0.462,0.037094474,-0.1475409836,2.4826933478,0.9704949588,0.462,0.037094474,-0.1475409836,2.4826933478,0.9704949588
