Instance,INF_avg,INF_sd,INF_r1,INF_kr,INF_sk,SUP_avg,SUP_sd,SUP_r1,SUP_kr,SUP_sk,INC_avg,INC_sd,INC_r1,INC_kr,INC_sk,IND_avg,IND_sd,IND_r1,IND_kr,IND_sk
58,0.2928,0.0576555288,0.5336306676,2.9013521885,0.5694316309,0.2934,0.0487692526,0.2139644185,2.3815295511,-0.3006980458,0.4138,0.0611846386,0.5196714574,3.1940822244,0.2462735058,0.4138,0.0611846386,0.5196714574,3.1940822244,0.2462735058
