Instance,INF_avg,INF_sd,INF_r1,INF_kr,INF_sk,SUP_avg,SUP_sd,SUP_r1,SUP_kr,SUP_sk,INC_avg,INC_sd,INC_r1,INC_kr,INC_sk,IND_avg,IND_sd,IND_r1,IND_kr,IND_sk
239,0.24,0.18,0.073587385,2.3955189758,0.4197530864,0.28,0.153622915,-0.1714770798,2.7023843723,0.834091667,0.48,0.1939071943,0.4192477876,2.4945676777,-0.2106732758,0.48,0.1939071943,0.4192477876,2.4945676777,-0.2106732758
