Instance,INF_avg,INF_sd,INF_r1,INF_kr,INF_sk,SUP_avg,SUP_sd,SUP_r1,SUP_kr,SUP_sk,INC_avg,INC_sd,INC_r1,INC_kr,INC_sk,IND_avg,IND_sd,IND_r1,IND_kr,IND_sk
175,0.2484,0.0647567757,0.3703464164,2.2777126962,0.2609156868,0.2612,0.0621494972,0.1549637997,2.6733377748,0.1240253771,0.4904,0.0731289272,0.2893838306,2.6491985648,-0.1390437287,0.4904,0.0731289272,0.2893838306,2.6491985648,-0.1390437287
