Instance,INF_avg,INF_sd,INF_r1,INF_kr,INF_sk,SUP_avg,SUP_sd,SUP_r1,SUP_kr,SUP_sk,INC_avg,INC_sd,INC_r1,INC_kr,INC_sk,IND_avg,IND_sd,IND_r1,IND_kr,IND_sk
85,0.27,0.1046422477,-0.0668745987,3.2024770126,0.4385457306,0.2225,0.0970502447,0.0837390393,2.676650746,0.1002018952,0.5075,0.1123332097,-0.209167323,3.6352003662,0.1195101866,0.5075,0.1123332097,-0.209167323,3.6352003662,0.1195101866
