Instance,INF_avg,INF_sd,INF_r1,INF_kr,INF_sk,SUP_avg,SUP_sd,SUP_r1,SUP_kr,SUP_sk,INC_avg,INC_sd,INC_r1,INC_kr,INC_sk,IND_avg,IND_sd,IND_r1,IND_kr,IND_sk
231,0.3,0.1414213562,-0.3636363636,1.6538461538,0.163178488,0.2846153846,0.1349994521,-0.8155597723,2.487012987,-0.4695323751,0.4153846154,0.1166596222,-0.1962356222,3.8302835539,0.5710808274,0.4153846154,0.1166596222,-0.1962356222,3.8302835539,0.5710808274
