Instance,INF_avg,INF_sd,INF_r1,INF_kr,INF_sk,SUP_avg,SUP_sd,SUP_r1,SUP_kr,SUP_sk,INC_avg,INC_sd,INC_r1,INC_kr,INC_sk,IND_avg,IND_sd,IND_r1,IND_kr,IND_sk
8,0.275,0.033015148,0.0099009901,3.1009595152,1.383851841,0.221,0.02310844,-0.0581745236,2.0798510289,0.5285291061,0.504,0.0549909083,0.0156874808,2.7544931553,-1.1182223635,0.504,0.0549909083,0.0156874808,2.7544931553,-1.1182223635
