Instance,INF_avg,INF_sd,INF_r1,INF_kr,INF_sk,SUP_avg,SUP_sd,SUP_r1,SUP_kr,SUP_sk,INC_avg,INC_sd,INC_r1,INC_kr,INC_sk,IND_avg,IND_sd,IND_r1,IND_kr,IND_sk
286,0.2583,0.0496398026,0.1620947525,2.8808134305,-0.3685324347,0.2777,0.0569184504,0.3855763599,3.4697973345,0.2466179245,0.464,0.0547722558,0.2903147569,3.2938186667,-0.0399472319,0.464,0.0547722558,0.2903147569,3.2938186667,-0.0399472319
