Instance,INF_avg,INF_sd,INF_r1,INF_kr,INF_sk,SUP_avg,SUP_sd,SUP_r1,SUP_kr,SUP_sk,INC_avg,INC_sd,INC_r1,INC_kr,INC_sk,IND_avg,IND_sd,IND_r1,IND_kr,IND_sk
173,0.228,0.1114271062,-0.0156741455,2.4884286322,0.4735193113,0.216,0.0924337601,0.5503237669,2.1419223162,0.2859016692,0.556,0.113419575,-0.1574653386,2.1166740922,0.2626622853,0.556,0.113419575,-0.1574653386,2.1166740922,0.2626622853
