Instance,INF_avg,INF_sd,INF_r1,INF_kr,INF_sk,SUP_avg,SUP_sd,SUP_r1,SUP_kr,SUP_sk,INC_avg,INC_sd,INC_r1,INC_kr,INC_sk,IND_avg,IND_sd,IND_r1,IND_kr,IND_sk
28,0.302,0.074135012,0.2338341365,2.03144804,0.0785772789,0.3,0.0883176087,-0.3333333333,3.1311637081,0.2177455835,0.398,0.0767854153,-0.0861774274,5.1357045413,-1.1256589856,0.398,0.0767854153,-0.0861774274,5.1357045413,-1.1256589856
