Instance,INF_avg,INF_sd,INF_r1,INF_kr,INF_sk,SUP_avg,SUP_sd,SUP_r1,SUP_kr,SUP_sk,INC_avg,INC_sd,INC_r1,INC_kr,INC_sk,IND_avg,IND_sd,IND_r1,IND_kr,IND_sk
216,0.2589285714,0.0906854566,-0.3992998314,3.1372799452,0.3082653884,0.2214285714,0.0948952161,0.0557648832,2.6204367261,-0.0307054475,0.5196428571,0.1011887255,-0.3393921169,2.1532278534,0.5176816625,0.5196428571,0.1011887255,-0.3393921169,2.1532278534,0.5176816625
