Instance,INF_avg,INF_sd,INF_r1,INF_kr,INF_sk,SUP_avg,SUP_sd,SUP_r1,SUP_kr,SUP_sk,INC_avg,INC_sd,INC_r1,INC_kr,INC_sk,IND_avg,IND_sd,IND_r1,IND_kr,IND_sk
249,0.38,0.0748331477,0.4117647059,1.8469387755,0.3436215967,0.2,0.0894427191,0.0,1.25,-0.0,0.42,0.1326649916,0.3939393939,2.2169421488,-0.3700366502,0.42,0.1326649916,0.3939393939,2.2169421488,-0.3700366502
