Instance,INF_avg,INF_sd,INF_r1,INF_kr,INF_sk,SUP_avg,SUP_sd,SUP_r1,SUP_kr,SUP_sk,INC_avg,INC_sd,INC_r1,INC_kr,INC_sk,IND_avg,IND_sd,IND_r1,IND_kr,IND_sk
105,0.396741573,0.0843762123,0.6221340817,2.4939360945,-0.0920286434,0.1075280899,0.0683176251,0.7583098781,2.9586405691,0.7665598378,0.4957303371,0.0532302111,0.0172353619,2.629440557,0.1010966043,0.4957303371,0.0532302111,0.0172353619,2.629440557,0.1010966043
