Instance,INF_avg,INF_sd,INF_r1,INF_kr,INF_sk,SUP_avg,SUP_sd,SUP_r1,SUP_kr,SUP_sk,INC_avg,INC_sd,INC_r1,INC_kr,INC_sk,IND_avg,IND_sd,IND_r1,IND_kr,IND_sk
277,0.2738,0.0459081692,0.2914550719,2.5929507867,-0.2213966043,0.1966,0.0403787073,-0.0304342119,3.0477939981,0.3045458174,0.5296,0.0464740788,0.1621297967,2.9915940579,0.3685309271,0.5296,0.0464740788,0.1621297967,2.9915940579,0.3685309271
