Instance,INF_avg,INF_sd,INF_r1,INF_kr,INF_sk,SUP_avg,SUP_sd,SUP_r1,SUP_kr,SUP_sk,INC_avg,INC_sd,INC_r1,INC_kr,INC_sk,IND_avg,IND_sd,IND_r1,IND_kr,IND_sk
293,0.2485,0.0274818122,-0.5828073763,1.9451587974,-0.0438675974,0.2725,0.0231570724,0.1142520612,3.0468482566,0.1449511106,0.479,0.0303150128,-0.0222781171,2.1345610323,-0.4214720785,0.479,0.0303150128,-0.0222781171,2.1345610323,-0.4214720785
