Instance,INF_avg,INF_sd,INF_r1,INF_kr,INF_sk,SUP_avg,SUP_sd,SUP_r1,SUP_kr,SUP_sk,INC_avg,INC_sd,INC_r1,INC_kr,INC_sk,IND_avg,IND_sd,IND_r1,IND_kr,IND_sk
43,0.35,0.0409878031,-0.8008948546,2.0788159014,0.3104146437,0.21,0.0366060104,0.0384615385,2.3915404322,0.273688845,0.44,0.0316227766,0.4336917563,2.8255,0.3320391543,0.44,0.0316227766,0.4336917563,2.8255,0.3320391543
