Instance,INF_avg,INF_sd,INF_r1,INF_kr,INF_sk,SUP_avg,SUP_sd,SUP_r1,SUP_kr,SUP_sk,INC_avg,INC_sd,INC_r1,INC_kr,INC_sk,IND_avg,IND_sd,IND_r1,IND_kr,IND_sk
150,0.2035,0.0287271648,-0.3971304728,2.3000472349,-0.1801359635,0.2735,0.0185809042,0.4422827497,3.3997218903,-0.1372552071,0.523,0.0317175031,0.1441576631,2.5378958851,0.3617923229,0.523,0.0317175031,0.1441576631,2.5378958851,0.3617923229
