Instance,INF_avg,INF_sd,INF_r1,INF_kr,INF_sk,SUP_avg,SUP_sd,SUP_r1,SUP_kr,SUP_sk,INC_avg,INC_sd,INC_r1,INC_kr,INC_sk,IND_avg,IND_sd,IND_r1,IND_kr,IND_sk
129,0.276,0.0685857128,-0.4525810324,2.0204775788,-0.2463772482,0.276,0.0463033476,-0.2972420838,2.399309423,0.2436882574,0.448,0.0733212111,-0.0205601907,1.8190369898,0.3005366926,0.448,0.0733212111,-0.0205601907,1.8190369898,0.3005366926
