Instance,INF_avg,INF_sd,INF_r1,INF_kr,INF_sk,SUP_avg,SUP_sd,SUP_r1,SUP_kr,SUP_sk,INC_avg,INC_sd,INC_r1,INC_kr,INC_sk,IND_avg,IND_sd,IND_r1,IND_kr,IND_sk
29,0.222,0.0444522215,0.0793230016,3.0103837139,-0.2557447223,0.255,0.0261725047,0.0577777778,1.3759390484,-0.1506010178,0.523,0.0337786915,-0.0550500873,2.1572301923,0.5812956826,0.523,0.0337786915,-0.0550500873,2.1572301923,0.5812956826
