Instance,INF_avg,INF_sd,INF_r1,INF_kr,INF_sk,SUP_avg,SUP_sd,SUP_r1,SUP_kr,SUP_sk,INC_avg,INC_sd,INC_r1,INC_kr,INC_sk,IND_avg,IND_sd,IND_r1,IND_kr,IND_sk
188,0.4798717949,0.1141467071,0.8512417694,2.2444287857,-0.3680472707,0.0939102564,0.0670301666,0.8498753064,3.1775883832,1.0077682638,0.4262179487,0.0660064386,0.5143266864,2.5714567769,-0.0310490101,0.4262179487,0.0660064386,0.5143266864,2.5714567769,-0.0310490101
