Instance,INF_avg,INF_sd,INF_r1,INF_kr,INF_sk,SUP_avg,SUP_sd,SUP_r1,SUP_kr,SUP_sk,INC_avg,INC_sd,INC_r1,INC_kr,INC_sk,IND_avg,IND_sd,IND_r1,IND_kr,IND_sk
272,0.262,0.0430813185,-0.3605002156,2.1189989596,0.178291537,0.242,0.0318747549,-1.0792079208,1.3299336599,-0.1823080253,0.496,0.0484148737,-0.5310821182,1.2054945311,0.403508977,0.496,0.0484148737,-0.5310821182,1.2054945311,0.403508977
