Instance,INF_avg,INF_sd,INF_r1,INF_kr,INF_sk,SUP_avg,SUP_sd,SUP_r1,SUP_kr,SUP_sk,INC_avg,INC_sd,INC_r1,INC_kr,INC_sk,IND_avg,IND_sd,IND_r1,IND_kr,IND_sk
111,0.2654,0.0445515432,-0.2121088205,3.8420655939,0.252727729,0.2412,0.0411650337,-0.0754329328,3.0210223689,0.3081837415,0.4934,0.049703521,0.1644514223,2.6303700663,-0.1177444666,0.4934,0.049703521,0.1644514223,2.6303700663,-0.1177444666
