Instance,INF_avg,INF_sd,INF_r1,INF_kr,INF_sk,SUP_avg,SUP_sd,SUP_r1,SUP_kr,SUP_sk,INC_avg,INC_sd,INC_r1,INC_kr,INC_sk,IND_avg,IND_sd,IND_r1,IND_kr,IND_sk
122,0.289,0.0375366488,-0.1917880595,1.8183103551,0.2141838647,0.246,0.0385227206,0.045279795,2.6552916645,0.7569306949,0.465,0.0332415403,-0.3850415512,1.9120206384,0.1306765982,0.465,0.0332415403,-0.3850415512,1.9120206384,0.1306765982
