Instance,INF_avg,INF_sd,INF_r1,INF_kr,INF_sk,SUP_avg,SUP_sd,SUP_r1,SUP_kr,SUP_sk,INC_avg,INC_sd,INC_r1,INC_kr,INC_sk,IND_avg,IND_sd,IND_r1,IND_kr,IND_sk
199,0.27,0.1288409873,-0.6869671133,2.3327768907,0.8163607337,0.27,0.1208304597,-0.1997226075,2.5052542691,-0.8978957038,0.46,0.0734846923,-0.3888888889,2.8127572016,1.1642636432,0.46,0.0734846923,-0.3888888889,2.8127572016,1.1642636432
