Instance,INF_avg,INF_sd,INF_r1,INF_kr,INF_sk,SUP_avg,SUP_sd,SUP_r1,SUP_kr,SUP_sk,INC_avg,INC_sd,INC_r1,INC_kr,INC_sk,IND_avg,IND_sd,IND_r1,IND_kr,IND_sk
226,0.278,0.0605970296,0.2259921957,2.4542626056,-0.318184668,0.2776,0.0586706059,0.0853009998,2.6930349964,0.1085271132,0.4444,0.0635660287,-0.0066695866,1.8856375227,0.2207472593,0.4444,0.0635660287,-0.0066695866,1.8856375227,0.2207472593
