Instance,INF_avg,INF_sd,INF_r1,INF_kr,INF_sk,SUP_avg,SUP_sd,SUP_r1,SUP_kr,SUP_sk,INC_avg,INC_sd,INC_r1,INC_kr,INC_sk,IND_avg,IND_sd,IND_r1,IND_kr,IND_sk
208,0.2454,0.0368353091,0.0110562198,2.5216177944,0.0048365313,0.2432,0.0385455575,-0.1448379703,3.3867859551,-0.4284320015,0.5114,0.0485802429,0.0283383372,4.3464911252,1.1204850671,0.5114,0.0485802429,0.0283383372,4.3464911252,1.1204850671
