Instance,INF_avg,INF_sd,INF_r1,INF_kr,INF_sk,SUP_avg,SUP_sd,SUP_r1,SUP_kr,SUP_sk,INC_avg,INC_sd,INC_r1,INC_kr,INC_sk,IND_avg,IND_sd,IND_r1,IND_kr,IND_sk
18,0.26,0.1280624847,-0.3948497854,2.6848602023,1.0627434041,0.32,0.1166190379,-0.2230919765,1.5469290657,-0.1097086537,0.42,0.0509901951,-0.1904761905,1.9556213018,0.2715454179,0.42,0.0509901951,-0.1904761905,1.9556213018,0.2715454179
