Instance,INF_avg,INF_sd,INF_r1,INF_kr,INF_sk,SUP_avg,SUP_sd,SUP_r1,SUP_kr,SUP_sk,INC_avg,INC_sd,INC_r1,INC_kr,INC_sk,IND_avg,IND_sd,IND_r1,IND_kr,IND_sk
140,0.25075,0.0316731353,0.0392653132,2.3674526427,0.1131788782,0.2451,0.0317960689,0.0571183636,3.2423188831,0.1681946368,0.50415,0.0339488954,-0.0133822726,3.5206979842,0.4600606458,0.50415,0.0339488954,-0.0133822726,3.5206979842,0.4600606458
