Instance,INF_avg,INF_sd,INF_r1,INF_kr,INF_sk,SUP_avg,SUP_sd,SUP_r1,SUP_kr,SUP_sk,INC_avg,INC_sd,INC_r1,INC_kr,INC_sk,IND_avg,IND_sd,IND_r1,IND_kr,IND_sk
128,0.2676,0.0700731047,0.0259417083,3.4063370061,0.1802148216,0.2408,0.0528333228,-0.0774466443,3.8662520634,0.2691963586,0.4916,0.0751627567,0.1953095605,3.1124061521,0.1795422925,0.4916,0.0751627567,0.1953095605,3.1124061521,0.1795422925
