Instance,INF_avg,INF_sd,INF_r1,INF_kr,INF_sk,SUP_avg,SUP_sd,SUP_r1,SUP_kr,SUP_sk,INC_avg,INC_sd,INC_r1,INC_kr,INC_sk,IND_avg,IND_sd,IND_r1,IND_kr,IND_sk
125,0.28,0.0948683298,0.2497712717,2.7059259259,0.72381022,0.226,0.0981019877,-0.1593882377,4.0629484062,1.1298740761,0.494,0.1098362417,-0.2713719144,2.0875327168,-0.2774446241,0.494,0.1098362417,-0.2713719144,2.0875327168,-0.2774446241
