Instance,INF_avg,INF_sd,INF_r1,INF_kr,INF_sk,SUP_avg,SUP_sd,SUP_r1,SUP_kr,SUP_sk,INC_avg,INC_sd,INC_r1,INC_kr,INC_sk,IND_avg,IND_sd,IND_r1,IND_kr,IND_sk
13,0.2619047619,0.1430157849,0.2203745649,2.8030024434,0.4924317234,0.2333333333,0.112687234,-0.1623036649,2.191875,-0.081346097,0.5047619048,0.1090049823,-0.1664466239,2.6213944409,-0.9767477794,0.5047619048,0.1090049823,-0.1664466239,2.6213944409,-0.9767477794
