Instance,INF_avg,INF_sd,INF_r1,INF_kr,INF_sk,SUP_avg,SUP_sd,SUP_r1,SUP_kr,SUP_sk,INC_avg,INC_sd,INC_r1,INC_kr,INC_sk,IND_avg,IND_sd,IND_r1,IND_kr,IND_sk
91,0.242,0.1078702925,-0.0688991718,3.0636724306,-0.2232542624,0.284,0.1316966211,0.0278116157,2.7688739941,0.2436831762,0.474,0.1507448175,-0.0612669405,4.140243122,0.5517542192,0.474,0.1507448175,-0.0612669405,4.140243122,0.5517542192
