Instance,INF_avg,INF_sd,INF_r1,INF_kr,INF_sk,SUP_avg,SUP_sd,SUP_r1,SUP_kr,SUP_sk,INC_avg,INC_sd,INC_r1,INC_kr,INC_sk,IND_avg,IND_sd,IND_r1,IND_kr,IND_sk
54,0.2195,0.0256368875,-0.053479508,1.7730054266,0.2803289998,0.306,0.0421188794,0.6017828012,2.4539992043,0.6819158934,0.4745,0.032592177,0.5974269506,2.533139164,-0.3919293009,0.4745,0.032592177,0.5974269506,2.533139164,-0.3919293009
