Instance,INF_avg,INF_sd,INF_r1,INF_kr,INF_sk,SUP_avg,SUP_sd,SUP_r1,SUP_kr,SUP_sk,INC_avg,INC_sd,INC_r1,INC_kr,INC_sk,IND_avg,IND_sd,IND_r1,IND_kr,IND_sk
172,0.186,0.0456508488,-0.1517015958,4.3890827104,1.2431838766,0.312,0.0448998886,0.2609413708,2.0359032502,-0.3436215967,0.502,0.0701141926,0.035253513,1.8275305027,-0.1668323411,0.502,0.0701141926,0.035253513,1.8275305027,-0.1668323411
