Instance,INF_avg,INF_sd,INF_r1,INF_kr,INF_sk,SUP_avg,SUP_sd,SUP_r1,SUP_kr,SUP_sk,INC_avg,INC_sd,INC_r1,INC_kr,INC_sk,IND_avg,IND_sd,IND_r1,IND_kr,IND_sk
154,0.2576,0.0509336824,0.2936370454,3.677095092,-0.2594911007,0.1935,0.049807128,0.4659886617,2.7798326566,-0.065561779,0.5489,0.0523621046,0.1746652834,3.0337648863,0.2185702812,0.5489,0.0523621046,0.1746652834,3.0337648863,0.2185702812
