Instance,INF_avg,INF_sd,INF_r1,INF_kr,INF_sk,SUP_avg,SUP_sd,SUP_r1,SUP_kr,SUP_sk,INC_avg,INC_sd,INC_r1,INC_kr,INC_sk,IND_avg,IND_sd,IND_r1,IND_kr,IND_sk
25,0.2805,0.04112481,0.1430035543,2.1990144919,-0.2746061654,0.244,0.0384057287,0.2181069959,2.7233245619,-0.0393479434,0.4755,0.0390544492,-0.132412256,2.6128494927,-0.0570862124,0.4755,0.0390544492,-0.132412256,2.6128494927,-0.0570862124
