Instance,INF_avg,INF_sd,INF_r1,INF_kr,INF_sk,SUP_avg,SUP_sd,SUP_r1,SUP_kr,SUP_sk,INC_avg,INC_sd,INC_r1,INC_kr,INC_sk,IND_avg,IND_sd,IND_r1,IND_kr,IND_sk
112,0.254,0.1445129752,-0.0851986586,2.0329542624,0.1985839026,0.274,0.124595345,-0.0960883932,2.9143239805,0.3766110897,0.472,0.1612947612,-0.0821135039,2.4309468371,0.2305146895,0.472,0.1612947612,-0.0821135039,2.4309468371,0.2305146895
