Instance,INF_avg,INF_sd,INF_r1,INF_kr,INF_sk,SUP_avg,SUP_sd,SUP_r1,SUP_kr,SUP_sk,INC_avg,INC_sd,INC_r1,INC_kr,INC_sk,IND_avg,IND_sd,IND_r1,IND_kr,IND_sk
81,0.272,0.1166876172,0.3149955004,2.4542868623,-0.0467668242,0.214,0.1216716894,-0.0926967962,2.2354822641,0.2639799525,0.514,0.1385784976,4.1981e-06,2.8101873434,0.1543208005,0.514,0.1385784976,4.1981e-06,2.8101873434,0.1543208005
