Instance,INF_avg,INF_sd,INF_r1,INF_kr,INF_sk,SUP_avg,SUP_sd,SUP_r1,SUP_kr,SUP_sk,INC_avg,INC_sd,INC_r1,INC_kr,INC_sk,IND_avg,IND_sd,IND_r1,IND_kr,IND_sk
155,0.235,0.0161245155,-0.0,2.3150887574,0.0,0.348,0.0150332964,0.159733777,2.0385699742,-0.0988955201,0.417,0.0112249722,-0.3418530351,2.3760393046,0.1315095,0.417,0.0112249722,-0.3418530351,2.3760393046,0.1315095
