Instance,INF_avg,INF_sd,INF_r1,INF_kr,INF_sk,SUP_avg,SUP_sd,SUP_r1,SUP_kr,SUP_sk,INC_avg,INC_sd,INC_r1,INC_kr,INC_sk,IND_avg,IND_sd,IND_r1,IND_kr,IND_sk
35,0.216,0.0404227659,0.2708684797,1.7316135547,-0.1703688691,0.3425,0.0410030487,0.138381201,2.3401694283,-0.6435281755,0.4415,0.0456097577,0.1933468785,3.7691651015,-0.775740239,0.4415,0.0456097577,0.1933468785,3.7691651015,-0.775740239
