Instance,INF_avg,INF_sd,INF_r1,INF_kr,INF_sk,SUP_avg,SUP_sd,SUP_r1,SUP_kr,SUP_sk,INC_avg,INC_sd,INC_r1,INC_kr,INC_sk,IND_avg,IND_sd,IND_r1,IND_kr,IND_sk
295,0.264,0.1558974022,-0.0342353282,2.5301272753,0.4200362123,0.254,0.1268227109,0.1081813689,3.3328616531,0.3220525012,0.482,0.1570859637,-0.069064427,2.0735666841,-0.4131990096,0.482,0.1570859637,-0.069064427,2.0735666841,-0.4131990096
