Instance,INF_avg,INF_sd,INF_r1,INF_kr,INF_sk,SUP_avg,SUP_sd,SUP_r1,SUP_kr,SUP_sk,INC_avg,INC_sd,INC_r1,INC_kr,INC_sk,IND_avg,IND_sd,IND_r1,IND_kr,IND_sk
300,0.284,0.0605309838,-0.3962181179,2.5424190996,-0.7540257655,0.238,0.0568858506,0.0332550377,3.0568603214,-0.3421072698,0.478,0.067793805,-0.6153913577,3.4624250398,-0.9307904705,0.478,0.067793805,-0.6153913577,3.4624250398,-0.9307904705
