Instance,INF_avg,INF_sd,INF_r1,INF_kr,INF_sk,SUP_avg,SUP_sd,SUP_r1,SUP_kr,SUP_sk,INC_avg,INC_sd,INC_r1,INC_kr,INC_sk,IND_avg,IND_sd,IND_r1,IND_kr,IND_sk
248,0.22,0.0657267069,-0.6052631579,1.183127572,0.3719103786,0.304,0.0731026675,-0.1759371221,2.5662626842,1.068466953,0.476,0.0897997773,0.0226337449,1.2422524565,0.1315095,0.476,0.0897997773,0.0226337449,1.2422524565,0.1315095
