Instance,INF_avg,INF_sd,INF_r1,INF_kr,INF_sk,SUP_avg,SUP_sd,SUP_r1,SUP_kr,SUP_sk,INC_avg,INC_sd,INC_r1,INC_kr,INC_sk,IND_avg,IND_sd,IND_r1,IND_kr,IND_sk
95,0.212,0.0930376268,-0.162048683,2.143184901,-0.0538211677,0.258,0.0783326241,0.0679855506,2.3221078416,0.0462374848,0.53,0.0905538514,0.0844700944,2.6838191553,0.2828124448,0.53,0.0905538514,0.0844700944,2.6838191553,0.2828124448
