Instance,INF_avg,INF_sd,INF_r1,INF_kr,INF_sk,SUP_avg,SUP_sd,SUP_r1,SUP_kr,SUP_sk,INC_avg,INC_sd,INC_r1,INC_kr,INC_sk,IND_avg,IND_sd,IND_r1,IND_kr,IND_sk
78,0.23,0.0402492236,0.3082191781,2.7091906722,-0.1196250358,0.246,0.0369323706,0.3178476919,2.8208133745,0.2348748985,0.524,0.0363868108,0.1261171797,2.2870090634,0.1006307324,0.524,0.0363868108,0.1261171797,2.2870090634,0.1006307324
