Instance,INF_avg,INF_sd,INF_r1,INF_kr,INF_sk,SUP_avg,SUP_sd,SUP_r1,SUP_kr,SUP_sk,INC_avg,INC_sd,INC_r1,INC_kr,INC_sk,IND_avg,IND_sd,IND_r1,IND_kr,IND_sk
215,0.2616,0.0350633712,-0.2326241458,2.2565587857,0.0894164467,0.2644,0.0369951348,-0.0445569572,2.1415749668,-0.0701366797,0.474,0.0497995984,-0.1215837193,2.7438813736,-0.2440750348,0.474,0.0497995984,-0.1215837193,2.7438813736,-0.2440750348
