Instance,INF_avg,INF_sd,INF_r1,INF_kr,INF_sk,SUP_avg,SUP_sd,SUP_r1,SUP_kr,SUP_sk,INC_avg,INC_sd,INC_r1,INC_kr,INC_sk,IND_avg,IND_sd,IND_r1,IND_kr,IND_sk
186,0.2528,0.0418349136,0.0205668606,2.8738816248,-0.0686075861,0.2412,0.0455692879,-0.0618237814,2.776232397,0.288105426,0.506,0.0546076918,0.1492015292,2.754245122,0.2176858893,0.506,0.0546076918,0.1492015292,2.754245122,0.2176858893
