Instance,INF_avg,INF_sd,INF_r1,INF_kr,INF_sk,SUP_avg,SUP_sd,SUP_r1,SUP_kr,SUP_sk,INC_avg,INC_sd,INC_r1,INC_kr,INC_sk,IND_avg,IND_sd,IND_r1,IND_kr,IND_sk
245,0.3244257703,0.0659557462,0.5013207973,2.5652993867,0.0384584666,0.1104481793,0.0743473619,0.8343340211,2.6308491343,0.724786879,0.5651260504,0.0549336072,0.2301629968,3.0639953583,-0.0346439584,0.5651260504,0.0549336072,0.2301629968,3.0639953583,-0.0346439584
