Instance,INF_avg,INF_sd,INF_r1,INF_kr,INF_sk,SUP_avg,SUP_sd,SUP_r1,SUP_kr,SUP_sk,INC_avg,INC_sd,INC_r1,INC_kr,INC_sk,IND_avg,IND_sd,IND_r1,IND_kr,IND_sk
255,0.242,0.0312409987,-0.4698331194,1.8390889546,0.2077975592,0.312,0.0376297754,-0.1249112846,2.8998850905,-1.1692868076,0.446,0.0205912603,-0.1596958175,2.2821288715,-0.6927284075,0.446,0.0205912603,-0.1596958175,2.2821288715,-0.6927284075
