Instance,INF_avg,INF_sd,INF_r1,INF_kr,INF_sk,SUP_avg,SUP_sd,SUP_r1,SUP_kr,SUP_sk,INC_avg,INC_sd,INC_r1,INC_kr,INC_sk,IND_avg,IND_sd,IND_r1,IND_kr,IND_sk
159,0.234,0.0588217647,0.1280634817,2.6728230145,0.1679218007,0.2484,0.0721210094,0.3112744008,2.906269211,0.520377984,0.5176,0.0722927382,0.0901584232,2.8471686783,-0.0172496474,0.5176,0.0722927382,0.0901584232,2.8471686783,-0.0172496474
