Instance,INF_avg,INF_sd,INF_r1,INF_kr,INF_sk,SUP_avg,SUP_sd,SUP_r1,SUP_kr,SUP_sk,INC_avg,INC_sd,INC_r1,INC_kr,INC_sk,IND_avg,IND_sd,IND_r1,IND_kr,IND_sk
189,0.5214705882,0.1114005937,0.8986855499,1.9417530177,-0.3997656741,0.0551960784,0.0471019002,0.8672080104,2.8186816819,0.9202933311,0.4233333333,0.0698925412,0.785040658,1.6764789465,0.143834538,0.4233333333,0.0698925412,0.785040658,1.6764789465,0.143834538
