Instance,INF_avg,INF_sd,INF_r1,INF_kr,INF_sk,SUP_avg,SUP_sd,SUP_r1,SUP_kr,SUP_sk,INC_avg,INC_sd,INC_r1,INC_kr,INC_sk,IND_avg,IND_sd,IND_r1,IND_kr,IND_sk
114,0.233,0.106117859,-0.0204778832,3.5404282676,0.2608583859,0.255,0.100623059,0.1067328742,2.3727663466,0.2017062143,0.512,0.1198165264,0.0358111097,2.0827110887,-0.0049671933,0.512,0.1198165264,0.0358111097,2.0827110887,-0.0049671933
