Instance,INF_avg,INF_sd,INF_r1,INF_kr,INF_sk,SUP_avg,SUP_sd,SUP_r1,SUP_kr,SUP_sk,INC_avg,INC_sd,INC_r1,INC_kr,INC_sk,IND_avg,IND_sd,IND_r1,IND_kr,IND_sk
98,0.236,0.087772433,-0.0042227221,3.6407627385,-0.2790421889,0.25,0.0824621125,-0.2686567164,2.8979238754,0.4815045497,0.514,0.0985088828,-0.077942893,2.3804059349,-0.0160179059,0.514,0.0985088828,-0.077942893,2.3804059349,-0.0160179059
