Instance,INF_avg,INF_sd,INF_r1,INF_kr,INF_sk,SUP_avg,SUP_sd,SUP_r1,SUP_kr,SUP_sk,INC_avg,INC_sd,INC_r1,INC_kr,INC_sk,IND_avg,IND_sd,IND_r1,IND_kr,IND_sk
15,0.2176,0.0628191054,-0.2962651349,2.6145776663,0.1727586879,0.2632,0.065404587,0.0156149003,2.8947947187,-0.3825051943,0.5192,0.0882686807,-0.1437219342,4.0582284248,1.0317662602,0.5192,0.0882686807,-0.1437219342,4.0582284248,1.0317662602
