Instance,INF_avg,INF_sd,INF_r1,INF_kr,INF_sk,SUP_avg,SUP_sd,SUP_r1,SUP_kr,SUP_sk,INC_avg,INC_sd,INC_r1,INC_kr,INC_sk,IND_avg,IND_sd,IND_r1,IND_kr,IND_sk
102,0.2644,0.0414805979,-0.1549832858,3.5190309057,-0.3132497848,0.2696,0.049677359,-0.2195343667,2.4936474593,0.1471622671,0.466,0.0629285309,-0.2206379296,2.7113131313,-0.1621849495,0.466,0.0629285309,-0.2206379296,2.7113131313,-0.1621849495
