Instance,INF_avg,INF_sd,INF_r1,INF_kr,INF_sk,SUP_avg,SUP_sd,SUP_r1,SUP_kr,SUP_sk,INC_avg,INC_sd,INC_r1,INC_kr,INC_sk,IND_avg,IND_sd,IND_r1,IND_kr,IND_sk
242,0.2128,0.0518088795,-0.42903002,2.0981015184,-0.0291154845,0.2912,0.0763319068,-0.144219099,2.9658325316,0.6848363989,0.496,0.0894427191,-0.1845924206,2.283872,-0.2248589958,0.496,0.0894427191,-0.1845924206,2.283872,-0.2248589958
