Instance,INF_avg,INF_sd,INF_r1,INF_kr,INF_sk,SUP_avg,SUP_sd,SUP_r1,SUP_kr,SUP_sk,INC_avg,INC_sd,INC_r1,INC_kr,INC_sk,IND_avg,IND_sd,IND_r1,IND_kr,IND_sk
235,0.2798,0.0577750811,0.3889520243,2.7152259621,0.6791919422,0.2462,0.0438584085,0.2827403884,4.0567421003,-0.4565503771,0.474,0.0524595082,0.1451040819,3.8511103975,-0.3278275952,0.474,0.0524595082,0.1451040819,3.8511103975,-0.3278275952
