Instance,INF_avg,INF_sd,INF_r1,INF_kr,INF_sk,SUP_avg,SUP_sd,SUP_r1,SUP_kr,SUP_sk,INC_avg,INC_sd,INC_r1,INC_kr,INC_sk,IND_avg,IND_sd,IND_r1,IND_kr,IND_sk
293,0.3886407767,0.0928517823,0.7721967919,2.2783123923,0.2786458943,0.0977669903,0.0664777069,0.7251767716,2.8399892451,0.7292014933,0.513592233,0.0589529081,0.3751356293,2.4316701214,-0.150853193,0.513592233,0.0589529081,0.3751356293,2.4316701214,-0.150853193
