Instance,INF_avg,INF_sd,INF_r1,INF_kr,INF_sk,SUP_avg,SUP_sd,SUP_r1,SUP_kr,SUP_sk,INC_avg,INC_sd,INC_r1,INC_kr,INC_sk,IND_avg,IND_sd,IND_r1,IND_kr,IND_sk
55,0.305,0.115,-0.1921674026,3.09810571,-1.009944933,0.265,0.1245993579,0.1061082602,1.6978925996,0.703317029,0.43,0.1307669683,-0.2221570926,3.1506104442,0.1046457733,0.43,0.1307669683,-0.2221570926,3.1506104442,0.1046457733
