Instance,INF_avg,INF_sd,INF_r1,INF_kr,INF_sk,SUP_avg,SUP_sd,SUP_r1,SUP_kr,SUP_sk,INC_avg,INC_sd,INC_r1,INC_kr,INC_sk,IND_avg,IND_sd,IND_r1,IND_kr,IND_sk
51,0.232,0.1085172797,-0.2188725084,2.681230801,-0.4720746871,0.272,0.1217209924,-0.3372908087,2.5905354785,0.0146920995,0.496,0.1038460399,0.0014244169,2.5170204897,-0.3487244183,0.496,0.1038460399,0.0014244169,2.5170204897,-0.3487244183
