Instance,INF_avg,INF_sd,INF_r1,INF_kr,INF_sk,SUP_avg,SUP_sd,SUP_r1,SUP_kr,SUP_sk,INC_avg,INC_sd,INC_r1,INC_kr,INC_sk,IND_avg,IND_sd,IND_r1,IND_kr,IND_sk
36,0.29,0.0701141926,-0.0322580645,2.7070405266,-0.1239405539,0.2656,0.072115463,0.0846116119,2.4871415436,0.1974518357,0.4444,0.0757141995,-0.0370684635,3.8902030895,0.5041075352,0.4444,0.0757141995,-0.0370684635,3.8902030895,0.5041075352
