Instance,INF_avg,INF_sd,INF_r1,INF_kr,INF_sk,SUP_avg,SUP_sd,SUP_r1,SUP_kr,SUP_sk,INC_avg,INC_sd,INC_r1,INC_kr,INC_sk,IND_avg,IND_sd,IND_r1,IND_kr,IND_sk
266,0.2769230769,0.0774978526,-0.0393603936,1.5870198258,-0.0718767242,0.1692307692,0.0821313712,0.2184368737,3.3882156048,0.1004365048,0.5538461538,0.1064488654,0.5010235415,3.0306532869,0.7126295415,0.5538461538,0.1064488654,0.5010235415,3.0306532869,0.7126295415
