Instance,INF_avg,INF_sd,INF_r1,INF_kr,INF_sk,SUP_avg,SUP_sd,SUP_r1,SUP_kr,SUP_sk,INC_avg,INC_sd,INC_r1,INC_kr,INC_sk,IND_avg,IND_sd,IND_r1,IND_kr,IND_sk
271,0.223,0.0321091887,-0.4958001292,1.6547333345,-0.3604033738,0.2525,0.039258757,-0.1521298174,2.8150338521,0.4108990732,0.5245,0.0328975683,0.4030470555,2.1870037317,0.531859417,0.5245,0.0328975683,0.4030470555,2.1870037317,0.531859417
