Instance,INF_avg,INF_sd,INF_r1,INF_kr,INF_sk,SUP_avg,SUP_sd,SUP_r1,SUP_kr,SUP_sk,INC_avg,INC_sd,INC_r1,INC_kr,INC_sk,IND_avg,IND_sd,IND_r1,IND_kr,IND_sk
287,0.296,0.1023914059,-0.1444518507,2.6582287197,-0.0038454677,0.275,0.1016120072,-0.1510611735,2.0919686461,-0.0643381668,0.429,0.1127342007,-0.1267321351,2.2684463167,0.2355125465,0.429,0.1127342007,-0.1267321351,2.2684463167,0.2355125465
