Instance,INF_avg,INF_sd,INF_r1,INF_kr,INF_sk,SUP_avg,SUP_sd,SUP_r1,SUP_kr,SUP_sk,INC_avg,INC_sd,INC_r1,INC_kr,INC_sk,IND_avg,IND_sd,IND_r1,IND_kr,IND_sk
28,0.3,0.0657267069,-0.5,1.183127572,0.3719103786,0.224,0.0773563184,-0.5783841627,2.5660013155,0.5947891022,0.476,0.0932952303,-0.3713437897,2.1217155061,0.8478776558,0.476,0.0932952303,-0.3713437897,2.1217155061,0.8478776558
