Instance,INF_avg,INF_sd,INF_r1,INF_kr,INF_sk,SUP_avg,SUP_sd,SUP_r1,SUP_kr,SUP_sk,INC_avg,INC_sd,INC_r1,INC_kr,INC_sk,IND_avg,IND_sd,IND_r1,IND_kr,IND_sk
98,0.3901351351,0.1019670488,0.5604774782,2.7122110726,-0.3699897267,0.1278378378,0.0706967309,0.619608447,4.6069512689,0.9470820283,0.482027027,0.0670110868,0.0499519084,2.2758748162,0.1996929422,0.482027027,0.0670110868,0.0499519084,2.2758748162,0.1996929422
