Instance,INF_avg,INF_sd,INF_r1,INF_kr,INF_sk,SUP_avg,SUP_sd,SUP_r1,SUP_kr,SUP_sk,INC_avg,INC_sd,INC_r1,INC_kr,INC_sk,IND_avg,IND_sd,IND_r1,IND_kr,IND_sk
31,0.2376,0.0561269989,0.4457728762,2.0397520388,-0.1424350833,0.2696,0.0648986903,0.4591195639,2.565888139,-0.3570084612,0.4928,0.0523465376,0.1776345306,2.11157734,0.2504268877,0.4928,0.0523465376,0.1776345306,2.11157734,0.2504268877
