Instance,INF_avg,INF_sd,INF_r1,INF_kr,INF_sk,SUP_avg,SUP_sd,SUP_r1,SUP_kr,SUP_sk,INC_avg,INC_sd,INC_r1,INC_kr,INC_sk,IND_avg,IND_sd,IND_r1,IND_kr,IND_sk
100,0.2407,0.0348282931,0.1102719504,2.6464736351,0.0753859656,0.2614,0.0344534469,0.039704068,2.0398691568,-0.1977697501,0.4979,0.038497922,-0.1766173806,2.2531861727,0.1515829715,0.4979,0.038497922,-0.1766173806,2.2531861727,0.1515829715
