Instance,INF_avg,INF_sd,INF_r1,INF_kr,INF_sk,SUP_avg,SUP_sd,SUP_r1,SUP_kr,SUP_sk,INC_avg,INC_sd,INC_r1,INC_kr,INC_sk,IND_avg,IND_sd,IND_r1,IND_kr,IND_sk
299,0.25,0.0352136337,-0.4838709677,2.5,0.4122303636,0.272,0.0511468474,0.0404602821,1.5790898634,0.0455604861,0.478,0.059126982,0.069583553,1.1856924422,0.3733964166,0.478,0.059126982,0.069583553,1.1856924422,0.3733964166
