Instance,INF_avg,INF_sd,INF_r1,INF_kr,INF_sk,SUP_avg,SUP_sd,SUP_r1,SUP_kr,SUP_sk,INC_avg,INC_sd,INC_r1,INC_kr,INC_sk,IND_avg,IND_sd,IND_r1,IND_kr,IND_sk
111,0.3666666667,0.1885618083,-0.8,1.5,-0.7071067812,0.2,0.1414213562,-0.5,1.5,-0.7071067812,0.4333333333,0.1699673171,-0.3378378378,1.5,-0.5280049792,0.4333333333,0.1699673171,-0.3378378378,1.5,-0.5280049792
