Instance,INF_avg,INF_sd,INF_r1,INF_kr,INF_sk,SUP_avg,SUP_sd,SUP_r1,SUP_kr,SUP_sk,INC_avg,INC_sd,INC_r1,INC_kr,INC_sk,IND_avg,IND_sd,IND_r1,IND_kr,IND_sk
253,0.298,0.0172046505,0.1734417344,1.9945215486,-0.3958703373,0.262,0.0278567766,0.4938132733,1.4252843023,-0.0399688047,0.44,0.0141421356,0.6666666667,1.7,0.0,0.44,0.0141421356,0.6666666667,1.7,0.0
