Instance,INF_avg,INF_sd,INF_r1,INF_kr,INF_sk,SUP_avg,SUP_sd,SUP_r1,SUP_kr,SUP_sk,INC_avg,INC_sd,INC_r1,INC_kr,INC_sk,IND_avg,IND_sd,IND_r1,IND_kr,IND_sk
33,0.214,0.1311640195,-0.1055295238,2.1416050327,0.3787594311,0.222,0.1204823639,0.1008057178,2.6639736801,0.3266560785,0.564,0.136762568,0.011066433,2.8458788155,-0.1772129581,0.564,0.136762568,0.011066433,2.8458788155,-0.1772129581
