Instance,INF_avg,INF_sd,INF_r1,INF_kr,INF_sk,SUP_avg,SUP_sd,SUP_r1,SUP_kr,SUP_sk,INC_avg,INC_sd,INC_r1,INC_kr,INC_sk,IND_avg,IND_sd,IND_r1,IND_kr,IND_sk
246,0.4144202899,0.0973025173,0.8441772117,2.1443559479,-0.2820159379,0.080942029,0.0718178824,0.8656258552,4.0733496108,1.2875871869,0.5046376812,0.0484642318,0.4206580771,3.2303181511,0.0523320485,0.5046376812,0.0484642318,0.4206580771,3.2303181511,0.0523320485
