Instance,INF_avg,INF_sd,INF_r1,INF_kr,INF_sk,SUP_avg,SUP_sd,SUP_r1,SUP_kr,SUP_sk,INC_avg,INC_sd,INC_r1,INC_kr,INC_sk,IND_avg,IND_sd,IND_r1,IND_kr,IND_sk
177,0.2749,0.0317015772,-0.015439199,2.7742700054,-0.1756447812,0.2523,0.0280126757,0.1364736997,2.8825734772,0.28117927,0.4728,0.0345710862,0.0757508179,3.1518470448,0.336504936,0.4728,0.0345710862,0.0757508179,3.1518470448,0.336504936
