Instance,INF_avg,INF_sd,INF_r1,INF_kr,INF_sk,SUP_avg,SUP_sd,SUP_r1,SUP_kr,SUP_sk,INC_avg,INC_sd,INC_r1,INC_kr,INC_sk,IND_avg,IND_sd,IND_r1,IND_kr,IND_sk
293,0.25,0.0894427191,0.0666666667,1.953125,0.6288941187,0.31,0.1067707825,-1.1122994652,1.7206832872,-0.1380231722,0.44,0.1019803903,-0.1275626424,1.3731508876,-0.1527442976,0.44,0.1019803903,-0.1275626424,1.3731508876,-0.1527442976
