Instance,INF_avg,INF_sd,INF_r1,INF_kr,INF_sk,SUP_avg,SUP_sd,SUP_r1,SUP_kr,SUP_sk,INC_avg,INC_sd,INC_r1,INC_kr,INC_sk,IND_avg,IND_sd,IND_r1,IND_kr,IND_sk
69,0.2564,0.045332549,-0.1284241153,1.8924994915,-0.0382020642,0.2104,0.0384166631,0.0492296456,3.8807008415,0.7144828933,0.5332,0.0460191265,-0.3493018148,2.7318213302,-0.3435679752,0.5332,0.0460191265,-0.3493018148,2.7318213302,-0.3435679752
