Instance,INF_avg,INF_sd,INF_r1,INF_kr,INF_sk,SUP_avg,SUP_sd,SUP_r1,SUP_kr,SUP_sk,INC_avg,INC_sd,INC_r1,INC_kr,INC_sk,IND_avg,IND_sd,IND_r1,IND_kr,IND_sk
89,0.2405,0.1001735993,-0.0157056343,2.831221346,0.5228699241,0.207,0.1070093454,0.0757630553,2.4678193129,0.2706836468,0.5525,0.1075581238,0.136720431,2.4257972606,-0.052664601,0.5525,0.1075581238,0.136720431,2.4257972606,-0.052664601
