Instance,INF_avg,INF_sd,INF_r1,INF_kr,INF_sk,SUP_avg,SUP_sd,SUP_r1,SUP_kr,SUP_sk,INC_avg,INC_sd,INC_r1,INC_kr,INC_sk,IND_avg,IND_sd,IND_r1,IND_kr,IND_sk
264,0.264,0.1261110622,-0.1677903831,2.4413503152,-0.0178055184,0.296,0.1482700239,0.10984736,1.9082937651,-0.2994654317,0.44,0.1469693846,-0.3220599539,3.0432098765,0.6501732033,0.44,0.1469693846,-0.3220599539,3.0432098765,0.6501732033
