Instance,INF_avg,INF_sd,INF_r1,INF_kr,INF_sk,SUP_avg,SUP_sd,SUP_r1,SUP_kr,SUP_sk,INC_avg,INC_sd,INC_r1,INC_kr,INC_sk,IND_avg,IND_sd,IND_r1,IND_kr,IND_sk
172,0.2773,0.0484531733,0.046797732,3.1260344742,0.042601878,0.2511,0.0494144716,-0.0065961044,2.5759483523,0.1195987933,0.4716,0.0595771768,-0.0562389484,2.867127781,0.3752789415,0.4716,0.0595771768,-0.0562389484,2.867127781,0.3752789415
