Instance,INF_avg,INF_sd,INF_r1,INF_kr,INF_sk,SUP_avg,SUP_sd,SUP_r1,SUP_kr,SUP_sk,INC_avg,INC_sd,INC_r1,INC_kr,INC_sk,IND_avg,IND_sd,IND_r1,IND_kr,IND_sk
149,0.264,0.0293938769,-0.5598290598,1.5781893004,-0.3477670622,0.296,0.0685857128,-0.0955518946,1.9580036096,-0.6629571364,0.44,0.0748331477,-0.5303030303,1.2591836735,0.3436215967,0.44,0.0748331477,-0.5303030303,1.2591836735,0.3436215967
