Instance,INF_avg,INF_sd,INF_r1,INF_kr,INF_sk,SUP_avg,SUP_sd,SUP_r1,SUP_kr,SUP_sk,INC_avg,INC_sd,INC_r1,INC_kr,INC_sk,IND_avg,IND_sd,IND_r1,IND_kr,IND_sk
97,0.25,0.1360147051,-0.7230769231,1.8882395909,0.4768959711,0.29,0.1374772708,-0.0005293806,1.8962794995,0.1801163538,0.46,0.1907878403,-0.4539007092,1.8122207463,0.4077943211,0.46,0.1907878403,-0.4539007092,1.8122207463,0.4077943211
