Instance,INF_avg,INF_sd,INF_r1,INF_kr,INF_sk,SUP_avg,SUP_sd,SUP_r1,SUP_kr,SUP_sk,INC_avg,INC_sd,INC_r1,INC_kr,INC_sk,IND_avg,IND_sd,IND_r1,IND_kr,IND_sk
8,0.2441176471,0.0983426676,-0.0306846947,2.3248597515,0.4425122637,0.1676470588,0.0969250415,0.5150200486,2.1326221218,0.1260736577,0.5882352941,0.1064527122,0.0672688056,2.6243936834,-0.3863412772,0.5882352941,0.1064527122,0.0672688056,2.6243936834,-0.3863412772
