Instance,INF_avg,INF_sd,INF_r1,INF_kr,INF_sk,SUP_avg,SUP_sd,SUP_r1,SUP_kr,SUP_sk,INC_avg,INC_sd,INC_r1,INC_kr,INC_sk,IND_avg,IND_sd,IND_r1,IND_kr,IND_sk
22,0.244,0.0387814389,-0.5097402597,2.4945676777,0.2106732758,0.242,0.0761314652,0.156261365,3.2278975863,0.1405436363,0.514,0.0881135631,-0.3427919939,3.5912741166,0.1519747367,0.514,0.0881135631,-0.3427919939,3.5912741166,0.1519747367
