Instance,INF_avg,INF_sd,INF_r1,INF_kr,INF_sk,SUP_avg,SUP_sd,SUP_r1,SUP_kr,SUP_sk,INC_avg,INC_sd,INC_r1,INC_kr,INC_sk,IND_avg,IND_sd,IND_r1,IND_kr,IND_sk
82,0.234,0.0392937654,-0.0874503123,2.7004886037,-1.1108039135,0.246,0.0402988834,-0.271331058,2.8200271785,-1.0642155795,0.52,0.0517687164,-0.3027522936,1.6980396525,-0.2854256475,0.52,0.0517687164,-0.3027522936,1.6980396525,-0.2854256475
