Instance,INF_avg,INF_sd,INF_r1,INF_kr,INF_sk,SUP_avg,SUP_sd,SUP_r1,SUP_kr,SUP_sk,INC_avg,INC_sd,INC_r1,INC_kr,INC_sk,IND_avg,IND_sd,IND_r1,IND_kr,IND_sk
6,0.264,0.041761226,-0.7433129986,1.6971004124,-0.2003526542,0.304,0.0377359245,-0.2420566147,2.1453414973,-0.5573921436,0.432,0.0365513338,-0.2245590231,3.104109147,-1.3889087439,0.432,0.0365513338,-0.2245590231,3.104109147,-1.3889087439
