Instance,INF_avg,INF_sd,INF_r1,INF_kr,INF_sk,SUP_avg,SUP_sd,SUP_r1,SUP_kr,SUP_sk,INC_avg,INC_sd,INC_r1,INC_kr,INC_sk,IND_avg,IND_sd,IND_r1,IND_kr,IND_sk
260,0.2707,0.0443058687,0.6710837863,2.4059196026,-0.0756576678,0.1959,0.0479863522,0.6680319925,2.5511178732,0.0644086567,0.5334,0.0364409111,0.242872566,4.2287700505,0.9489963436,0.5334,0.0364409111,0.242872566,4.2287700505,0.9489963436
