Instance,INF_avg,INF_sd,INF_r1,INF_kr,INF_sk,SUP_avg,SUP_sd,SUP_r1,SUP_kr,SUP_sk,INC_avg,INC_sd,INC_r1,INC_kr,INC_sk,IND_avg,IND_sd,IND_r1,IND_kr,IND_sk
26,0.3076,0.0499023046,0.1846235775,3.26061724,0.4282940565,0.2524,0.0413066581,0.3398405159,2.1119672852,-0.0961810618,0.44,0.0388844442,-0.3930481283,2.4659863946,0.0367388928,0.44,0.0388844442,-0.3930481283,2.4659863946,0.0367388928
