Instance,INF_avg,INF_sd,INF_r1,INF_kr,INF_sk,SUP_avg,SUP_sd,SUP_r1,SUP_kr,SUP_sk,INC_avg,INC_sd,INC_r1,INC_kr,INC_sk,IND_avg,IND_sd,IND_r1,IND_kr,IND_sk
157,0.2569,0.0366454636,-0.2036652073,2.5230546658,-0.1891622769,0.2551,0.0323030958,-0.1129722143,2.9641527628,0.5261206354,0.488,0.0390768474,-0.0282297726,4.3797461026,0.6337318715,0.488,0.0390768474,-0.0282297726,4.3797461026,0.6337318715
