Instance,INF_avg,INF_sd,INF_r1,INF_kr,INF_sk,SUP_avg,SUP_sd,SUP_r1,SUP_kr,SUP_sk,INC_avg,INC_sd,INC_r1,INC_kr,INC_sk,IND_avg,IND_sd,IND_r1,IND_kr,IND_sk
239,0.218,0.0442266888,0.395369746,3.1864077183,-0.9277356271,0.228,0.042142615,0.1614906832,3.1723886048,0.492536041,0.554,0.067557383,0.0956933602,4.1260737348,1.1467123722,0.554,0.067557383,0.0956933602,4.1260737348,1.1467123722
