Instance,INF_avg,INF_sd,INF_r1,INF_kr,INF_sk,SUP_avg,SUP_sd,SUP_r1,SUP_kr,SUP_sk,INC_avg,INC_sd,INC_r1,INC_kr,INC_sk,IND_avg,IND_sd,IND_r1,IND_kr,IND_sk
195,0.2696078431,0.099053576,-0.0731015478,2.4112085011,0.2507927185,0.212745098,0.091738726,0.0219192073,2.5112981849,-0.0734405326,0.5176470588,0.1153951138,-0.1539471217,2.2855233846,-0.1273952312,0.5176470588,0.1153951138,-0.1539471217,2.2855233846,-0.1273952312
