Instance,INF_avg,INF_sd,INF_r1,INF_kr,INF_sk,SUP_avg,SUP_sd,SUP_r1,SUP_kr,SUP_sk,INC_avg,INC_sd,INC_r1,INC_kr,INC_sk,IND_avg,IND_sd,IND_r1,IND_kr,IND_sk
134,0.3808791209,0.1008932452,0.4951191157,2.6377783691,0.3568235163,0.1375824176,0.0819989367,0.6123910049,2.8051414177,0.6186454399,0.4815384615,0.0767029818,0.0325348128,2.778138803,0.03001692,0.4815384615,0.0767029818,0.0325348128,2.778138803,0.03001692
