Instance,INF_avg,INF_sd,INF_r1,INF_kr,INF_sk,SUP_avg,SUP_sd,SUP_r1,SUP_kr,SUP_sk,INC_avg,INC_sd,INC_r1,INC_kr,INC_sk,IND_avg,IND_sd,IND_r1,IND_kr,IND_sk
247,0.23,0.0505964426,-0.9075630252,1.3684082031,-0.305728016,0.28,0.0532916504,-0.6153846154,1.698571712,0.2616481545,0.49,0.0944457516,-0.9169230769,1.5033984194,0.3603748592,0.49,0.0944457516,-0.9169230769,1.5033984194,0.3603748592
