Instance,INF_avg,INF_sd,INF_r1,INF_kr,INF_sk,SUP_avg,SUP_sd,SUP_r1,SUP_kr,SUP_sk,INC_avg,INC_sd,INC_r1,INC_kr,INC_sk,IND_avg,IND_sd,IND_r1,IND_kr,IND_sk
216,0.25,0.133041347,-0.0042432815,2.5351910371,0.3312338428,0.286,0.1469829922,0.1032328428,2.0414282419,0.0913617564,0.464,0.1584424186,-0.0945739993,2.8662274689,0.2709937331,0.464,0.1584424186,-0.0945739993,2.8662274689,0.2709937331
