Instance,INF_avg,INF_sd,INF_r1,INF_kr,INF_sk,SUP_avg,SUP_sd,SUP_r1,SUP_kr,SUP_sk,INC_avg,INC_sd,INC_r1,INC_kr,INC_sk,IND_avg,IND_sd,IND_r1,IND_kr,IND_sk
250,0.176,0.018547237,0.1783216783,1.509194159,-0.1579875514,0.322,0.0081240384,-0.7971530249,1.4421487603,-0.3804646085,0.502,0.0136381817,0.6645865835,1.3747832119,0.1088026982,0.502,0.0136381817,0.6645865835,1.3747832119,0.1088026982
