Instance,INF_avg,INF_sd,INF_r1,INF_kr,INF_sk,SUP_avg,SUP_sd,SUP_r1,SUP_kr,SUP_sk,INC_avg,INC_sd,INC_r1,INC_kr,INC_sk,IND_avg,IND_sd,IND_r1,IND_kr,IND_sk
116,0.218,0.0414246304,0.0213794859,1.3188745986,-0.1954851987,0.279,0.0607371386,0.3426675892,1.9280825141,0.4104627583,0.503,0.0640390506,0.5089823716,1.6744892632,0.0684019358,0.503,0.0640390506,0.5089823716,1.6744892632,0.0684019358
