Instance,INF_avg,INF_sd,INF_r1,INF_kr,INF_sk,SUP_avg,SUP_sd,SUP_r1,SUP_kr,SUP_sk,INC_avg,INC_sd,INC_r1,INC_kr,INC_sk,IND_avg,IND_sd,IND_r1,IND_kr,IND_sk
97,0.2294,0.0413840549,0.5473717093,5.2245452972,1.3008350343,0.276,0.0394461658,0.1572843808,2.863550003,-0.380656113,0.4946,0.0377602966,0.1342661974,2.3673508279,-0.5027648022,0.4946,0.0377602966,0.1342661974,2.3673508279,-0.5027648022
