Instance,INF_avg,INF_sd,INF_r1,INF_kr,INF_sk,SUP_avg,SUP_sd,SUP_r1,SUP_kr,SUP_sk,INC_avg,INC_sd,INC_r1,INC_kr,INC_sk,IND_avg,IND_sd,IND_r1,IND_kr,IND_sk
208,0.241,0.01356466,0.1346153846,1.9651465028,-0.1514485311,0.268,0.0153622915,-0.0123784262,2.5246337259,-0.9035993059,0.491,0.0058309519,-0.7455621302,1.6280276817,0.3631734744,0.491,0.0058309519,-0.7455621302,1.6280276817,0.3631734744
