Instance,INF_avg,INF_sd,INF_r1,INF_kr,INF_sk,SUP_avg,SUP_sd,SUP_r1,SUP_kr,SUP_sk,INC_avg,INC_sd,INC_r1,INC_kr,INC_sk,IND_avg,IND_sd,IND_r1,IND_kr,IND_sk
202,0.4577319588,0.1110064562,0.9167560461,2.0305892759,-0.0657453397,0.0948969072,0.0671280488,0.9107999013,2.6056610821,0.7614848761,0.447371134,0.0567758878,0.6599180412,2.744340856,-0.3267261228,0.447371134,0.0567758878,0.6599180412,2.744340856,-0.3267261228
