Instance,INF_avg,INF_sd,INF_r1,INF_kr,INF_sk,SUP_avg,SUP_sd,SUP_r1,SUP_kr,SUP_sk,INC_avg,INC_sd,INC_r1,INC_kr,INC_sk,IND_avg,IND_sd,IND_r1,IND_kr,IND_sk
259,0.233,0.0429068759,-0.4156226546,2.2143507723,0.1355081505,0.32,0.0421900462,0.0059171598,2.9914152254,-0.4554032258,0.447,0.0560446251,0.1796946175,2.3670726416,-0.1306776917,0.447,0.0560446251,0.1796946175,2.3670726416,-0.1306776917
