Instance,INF_avg,INF_sd,INF_r1,INF_kr,INF_sk,SUP_avg,SUP_sd,SUP_r1,SUP_kr,SUP_sk,INC_avg,INC_sd,INC_r1,INC_kr,INC_sk,IND_avg,IND_sd,IND_r1,IND_kr,IND_sk
229,0.225,0.1299038106,-0.3052631579,3.6502057613,0.5559669259,0.2125,0.1268611446,0.5514018692,1.8200584409,-0.2353310703,0.5625,0.1316956719,-0.3626882966,2.4385196007,-0.6002783,0.5625,0.1316956719,-0.3626882966,2.4385196007,-0.6002783
