Instance,INF_avg,INF_sd,INF_r1,INF_kr,INF_sk,SUP_avg,SUP_sd,SUP_r1,SUP_kr,SUP_sk,INC_avg,INC_sd,INC_r1,INC_kr,INC_sk,IND_avg,IND_sd,IND_r1,IND_kr,IND_sk
280,0.2702,0.0665429185,-0.0047256386,3.0713040021,-0.20362094,0.2524,0.0668598534,0.0199212465,2.6775297392,0.051259599,0.4774,0.0699516976,-0.0670815854,3.2275935457,-0.3219930724,0.4774,0.0699516976,-0.0670815854,3.2275935457,-0.3219930724
