Instance,INF_avg,INF_sd,INF_r1,INF_kr,INF_sk,SUP_avg,SUP_sd,SUP_r1,SUP_kr,SUP_sk,INC_avg,INC_sd,INC_r1,INC_kr,INC_sk,IND_avg,IND_sd,IND_r1,IND_kr,IND_sk
105,0.2384,0.0637294281,-0.0075455731,3.1618307996,-0.2201455662,0.2676,0.0629780914,-0.1677875775,3.5310142936,0.624577083,0.494,0.0625139984,0.0698296987,2.9992603682,0.2475597012,0.494,0.0625139984,0.0698296987,2.9992603682,0.2475597012
