Instance,INF_avg,INF_sd,INF_r1,INF_kr,INF_sk,SUP_avg,SUP_sd,SUP_r1,SUP_kr,SUP_sk,INC_avg,INC_sd,INC_r1,INC_kr,INC_sk,IND_avg,IND_sd,IND_r1,IND_kr,IND_sk
214,0.243,0.1266925412,0.0386122055,2.4931674337,-0.1967434182,0.284,0.1369087287,-0.0778253966,3.0929441937,0.5937954096,0.473,0.1384593803,0.0166186222,3.210015872,-0.0517878814,0.473,0.1384593803,0.0166186222,3.210015872,-0.0517878814
