Instance,INF_avg,INF_sd,INF_r1,INF_kr,INF_sk,SUP_avg,SUP_sd,SUP_r1,SUP_kr,SUP_sk,INC_avg,INC_sd,INC_r1,INC_kr,INC_sk,IND_avg,IND_sd,IND_r1,IND_kr,IND_sk
166,0.28,0.1077032961,-0.002514142,3.3354637337,0.9436844988,0.2175,0.1296871235,0.1208838728,2.2658289099,0.3004830687,0.5025,0.1089437928,-0.0005594182,3.7620190888,-0.1510264706,0.5025,0.1089437928,-0.0005594182,3.7620190888,-0.1510264706
