Instance,INF_avg,INF_sd,INF_r1,INF_kr,INF_sk,SUP_avg,SUP_sd,SUP_r1,SUP_kr,SUP_sk,INC_avg,INC_sd,INC_r1,INC_kr,INC_sk,IND_avg,IND_sd,IND_r1,IND_kr,IND_sk
260,0.2975,0.0270416346,0.0835978836,1.5210607057,0.2560154752,0.217,0.0213541565,-0.1514945652,2.6058114035,0.8401544435,0.4855,0.0328975683,0.0080324883,2.0886485398,-0.3043530124,0.4855,0.0328975683,0.0080324883,2.0886485398,-0.3043530124
