Instance,INF_avg,INF_sd,INF_r1,INF_kr,INF_sk,SUP_avg,SUP_sd,SUP_r1,SUP_kr,SUP_sk,INC_avg,INC_sd,INC_r1,INC_kr,INC_sk,IND_avg,IND_sd,IND_r1,IND_kr,IND_sk
138,0.226,0.0949947367,-0.1670608739,1.9631243398,0.2841142851,0.21,0.0948683298,-0.1894175189,2.8540740741,0.0632455532,0.564,0.122898332,-0.2622773077,2.7417933402,0.4998705982,0.564,0.122898332,-0.2622773077,2.7417933402,0.4998705982
