Instance,INF_avg,INF_sd,INF_r1,INF_kr,INF_sk,SUP_avg,SUP_sd,SUP_r1,SUP_kr,SUP_sk,INC_avg,INC_sd,INC_r1,INC_kr,INC_sk,IND_avg,IND_sd,IND_r1,IND_kr,IND_sk
31,0.236,0.0233238076,-0.5134706815,2.0659602076,-0.0794441975,0.28,0.0316227766,-0.3658536585,2.788,-1.1384199577,0.484,0.053141321,-0.4691398555,2.4373078991,0.8559143504,0.484,0.053141321,-0.4691398555,2.4373078991,0.8559143504
