Instance,INF_avg,INF_sd,INF_r1,INF_kr,INF_sk,SUP_avg,SUP_sd,SUP_r1,SUP_kr,SUP_sk,INC_avg,INC_sd,INC_r1,INC_kr,INC_sk,IND_avg,IND_sd,IND_r1,IND_kr,IND_sk
62,0.2772,0.0788933457,-0.0990148488,4.8425217544,0.9155679682,0.2408,0.0654779352,0.2218270553,3.3481579186,-0.3193494841,0.482,0.0758155657,0.0593745151,2.9071743934,0.0548523756,0.482,0.0758155657,0.0593745151,2.9071743934,0.0548523756
