Instance,INF_avg,INF_sd,INF_r1,INF_kr,INF_sk,SUP_avg,SUP_sd,SUP_r1,SUP_kr,SUP_sk,INC_avg,INC_sd,INC_r1,INC_kr,INC_sk,IND_avg,IND_sd,IND_r1,IND_kr,IND_sk
234,0.4956666667,0.1021170353,0.8450267436,1.9895938126,-0.148083929,0.0883333333,0.0716046243,0.8325721009,2.9090147477,0.8963352097,0.416,0.0553835114,0.3011735839,2.5107807328,0.0828350932,0.416,0.0553835114,0.3011735839,2.5107807328,0.0828350932
