Instance,INF_avg,INF_sd,INF_r1,INF_kr,INF_sk,SUP_avg,SUP_sd,SUP_r1,SUP_kr,SUP_sk,INC_avg,INC_sd,INC_r1,INC_kr,INC_sk,IND_avg,IND_sd,IND_r1,IND_kr,IND_sk
36,0.252,0.0348711915,0.7505307856,2.4108595914,0.5541069164,0.306,0.0438634244,0.1719342604,2.3874680694,-0.2778421966,0.442,0.0470744092,-0.0320723684,3.1826362914,1.0017169727,0.442,0.0470744092,-0.0320723684,3.1826362914,1.0017169727
