Instance,INF_avg,INF_sd,INF_r1,INF_kr,INF_sk,SUP_avg,SUP_sd,SUP_r1,SUP_kr,SUP_sk,INC_avg,INC_sd,INC_r1,INC_kr,INC_sk,IND_avg,IND_sd,IND_r1,IND_kr,IND_sk
106,0.2396,0.0373609422,-0.0237891147,2.2926968057,0.3350931225,0.226,0.0326190129,-0.2768091344,2.3921928882,0.3028816136,0.5344,0.0393019084,-0.0156324488,2.6543493115,0.2234585966,0.5344,0.0393019084,-0.0156324488,2.6543493115,0.2234585966
