Instance,INF_avg,INF_sd,INF_r1,INF_kr,INF_sk,SUP_avg,SUP_sd,SUP_r1,SUP_kr,SUP_sk,INC_avg,INC_sd,INC_r1,INC_kr,INC_sk,IND_avg,IND_sd,IND_r1,IND_kr,IND_sk
94,0.2448,0.0464,0.1628751239,2.1798553634,-0.1096447169,0.2532,0.0406664481,-0.220015898,2.3583448679,-0.3638355089,0.502,0.0669328021,-0.1541234141,2.2123309949,0.5553010776,0.502,0.0669328021,-0.1541234141,2.2123309949,0.5553010776
