Instance,INF_avg,INF_sd,INF_r1,INF_kr,INF_sk,SUP_avg,SUP_sd,SUP_r1,SUP_kr,SUP_sk,INC_avg,INC_sd,INC_r1,INC_kr,INC_sk,IND_avg,IND_sd,IND_r1,IND_kr,IND_sk
224,0.2408,0.0679364409,-0.0540574985,3.4544837988,-0.1215666988,0.303,0.064210591,-0.1042143889,2.8303853097,-0.1901259699,0.4562,0.0787245832,0.0258793791,6.0800424481,0.4290775063,0.4562,0.0787245832,0.0258793791,6.0800424481,0.4290775063
