Instance,INF_avg,INF_sd,INF_r1,INF_kr,INF_sk,SUP_avg,SUP_sd,SUP_r1,SUP_kr,SUP_sk,INC_avg,INC_sd,INC_r1,INC_kr,INC_sk,IND_avg,IND_sd,IND_r1,IND_kr,IND_sk
108,0.283,0.1219057013,0.1294703197,2.6420028568,0.1823341755,0.205,0.0838152731,-0.1725964636,2.294411165,0.0713312439,0.512,0.1032279032,0.2767560731,2.5873018289,0.1133239932,0.512,0.1032279032,0.2767560731,2.5873018289,0.1133239932
