Instance,INF_avg,INF_sd,INF_r1,INF_kr,INF_sk,SUP_avg,SUP_sd,SUP_r1,SUP_kr,SUP_sk,INC_avg,INC_sd,INC_r1,INC_kr,INC_sk,IND_avg,IND_sd,IND_r1,IND_kr,IND_sk
33,0.31,0.0860232527,0.3373493976,1.9945215486,0.3958703373,0.19,0.0583095189,-0.1797752809,1.6280276817,-0.3631734744,0.5,0.1224744871,0.2142857143,1.9666666667,0.4082482905,0.5,0.1224744871,0.2142857143,1.9666666667,0.4082482905
