Instance,INF_avg,INF_sd,INF_r1,INF_kr,INF_sk,SUP_avg,SUP_sd,SUP_r1,SUP_kr,SUP_sk,INC_avg,INC_sd,INC_r1,INC_kr,INC_sk,IND_avg,IND_sd,IND_r1,IND_kr,IND_sk
236,0.24,0.0583095189,0.0671641791,1.6280276817,-0.3631734744,0.27,0.1749285568,-0.5891218873,2.7557990516,1.0940040464,0.49,0.1529705854,-0.7764298094,1.9775367083,-0.1877351037,0.49,0.1529705854,-0.7764298094,1.9775367083,-0.1877351037
