Instance,INF_avg,INF_sd,INF_r1,INF_kr,INF_sk,SUP_avg,SUP_sd,SUP_r1,SUP_kr,SUP_sk,INC_avg,INC_sd,INC_r1,INC_kr,INC_sk,IND_avg,IND_sd,IND_r1,IND_kr,IND_sk
234,0.252,0.089977775,0.1015437822,2.3892567842,-0.2657441483,0.26,0.0848528137,-0.057176891,2.5115740741,0.5205091584,0.488,0.1022545842,-0.2104076579,2.7787608832,-0.2075022531,0.488,0.1022545842,-0.2104076579,2.7787608832,-0.2075022531
