Instance,INF_avg,INF_sd,INF_r1,INF_kr,INF_sk,SUP_avg,SUP_sd,SUP_r1,SUP_kr,SUP_sk,INC_avg,INC_sd,INC_r1,INC_kr,INC_sk,IND_avg,IND_sd,IND_r1,IND_kr,IND_sk
131,0.2426,0.060375823,0.0700954797,2.5941358064,0.235316816,0.2364,0.0511765571,0.0794462413,3.0659746939,-0.2971475549,0.521,0.0643350604,0.0298694749,2.1275952392,-0.1154336602,0.521,0.0643350604,0.0298694749,2.1275952392,-0.1154336602
