Instance,INF_avg,INF_sd,INF_r1,INF_kr,INF_sk,SUP_avg,SUP_sd,SUP_r1,SUP_kr,SUP_sk,INC_avg,INC_sd,INC_r1,INC_kr,INC_sk,IND_avg,IND_sd,IND_r1,IND_kr,IND_sk
239,0.29,0.1403566885,-0.0226225816,2.4351310263,0.1345375766,0.208,0.1197330364,0.0930857672,2.7282739756,0.6148723689,0.502,0.1348925498,-0.0982681832,3.4268072706,0.3547827598,0.502,0.1348925498,-0.0982681832,3.4268072706,0.3547827598
