Instance,INF_avg,INF_sd,INF_r1,INF_kr,INF_sk,SUP_avg,SUP_sd,SUP_r1,SUP_kr,SUP_sk,INC_avg,INC_sd,INC_r1,INC_kr,INC_sk,IND_avg,IND_sd,IND_r1,IND_kr,IND_sk
110,0.258,0.1064706532,-0.1955509646,2.463916332,0.0392923882,0.23,0.0959166305,-0.3571745891,3.1186200378,0.9519136294,0.512,0.0992773892,-0.2354875634,2.5568860421,-0.211087026,0.512,0.0992773892,-0.2354875634,2.5568860421,-0.211087026
