Instance,INF_avg,INF_sd,INF_r1,INF_kr,INF_sk,SUP_avg,SUP_sd,SUP_r1,SUP_kr,SUP_sk,INC_avg,INC_sd,INC_r1,INC_kr,INC_sk,IND_avg,IND_sd,IND_r1,IND_kr,IND_sk
127,0.4243722944,0.0916676659,0.8578602094,2.3018681842,-0.2226844661,0.0858874459,0.0657258202,0.8867523052,3.0700251946,0.9415724831,0.4897402597,0.0443219438,0.4690762209,3.1001111739,-0.1142391768,0.4897402597,0.0443219438,0.4690762209,3.1001111739,-0.1142391768
