Instance,INF_avg,INF_sd,INF_r1,INF_kr,INF_sk,SUP_avg,SUP_sd,SUP_r1,SUP_kr,SUP_sk,INC_avg,INC_sd,INC_r1,INC_kr,INC_sk,IND_avg,IND_sd,IND_r1,IND_kr,IND_sk
33,0.3804347826,0.1291604415,-0.0766351689,3.1525133819,0.2082098367,0.1717391304,0.0930475416,0.4950828806,2.2631671784,0.2038436874,0.447826087,0.1068097261,-0.1965892569,1.9109142403,0.1904122858,0.447826087,0.1068097261,-0.1965892569,1.9109142403,0.1904122858
