Instance,INF_avg,INF_sd,INF_r1,INF_kr,INF_sk,SUP_avg,SUP_sd,SUP_r1,SUP_kr,SUP_sk,INC_avg,INC_sd,INC_r1,INC_kr,INC_sk,IND_avg,IND_sd,IND_r1,IND_kr,IND_sk
175,0.2248,0.055506396,-0.0509998836,3.6079361211,0.4135568046,0.3008,0.0660860046,-0.1509446128,2.6117021642,0.3240155885,0.4744,0.0694020173,-0.2033428849,3.0796634913,0.0808148908,0.4744,0.0694020173,-0.2033428849,3.0796634913,0.0808148908
