Instance,INF_avg,INF_sd,INF_r1,INF_kr,INF_sk,SUP_avg,SUP_sd,SUP_r1,SUP_kr,SUP_sk,INC_avg,INC_sd,INC_r1,INC_kr,INC_sk,IND_avg,IND_sd,IND_r1,IND_kr,IND_sk
278,0.305,0.1395528574,0.0243777199,2.8541858576,0.3965535408,0.25,0.1445683229,0.0371257485,3.1552620132,0.3375831355,0.445,0.1564448785,0.1945100686,2.4627880068,0.1396582972,0.445,0.1564448785,0.1945100686,2.4627880068,0.1396582972
