Instance,INF_avg,INF_sd,INF_r1,INF_kr,INF_sk,SUP_avg,SUP_sd,SUP_r1,SUP_kr,SUP_sk,INC_avg,INC_sd,INC_r1,INC_kr,INC_sk,IND_avg,IND_sd,IND_r1,IND_kr,IND_sk
297,0.24,0.0583095189,-0.0074626866,1.6280276817,-0.3631734744,0.22,0.0678232998,0.0271493213,2.3638941399,-0.7500308204,0.54,0.0583095189,-0.5168539326,1.6280276817,-0.3631734744,0.54,0.0583095189,-0.5168539326,1.6280276817,-0.3631734744
