Instance,INF_avg,INF_sd,INF_r1,INF_kr,INF_sk,SUP_avg,SUP_sd,SUP_r1,SUP_kr,SUP_sk,INC_avg,INC_sd,INC_r1,INC_kr,INC_sk,IND_avg,IND_sd,IND_r1,IND_kr,IND_sk
178,0.415245098,0.1007152788,0.778719253,2.1431130668,-0.0729493255,0.1201470588,0.0721754259,0.7840651904,2.7298585585,0.6953039216,0.4646078431,0.0582451137,0.2014507333,2.8182040773,-0.045418178,0.4646078431,0.0582451137,0.2014507333,2.8182040773,-0.045418178
