Instance,INF_avg,INF_sd,INF_r1,INF_kr,INF_sk,SUP_avg,SUP_sd,SUP_r1,SUP_kr,SUP_sk,INC_avg,INC_sd,INC_r1,INC_kr,INC_sk,IND_avg,IND_sd,IND_r1,IND_kr,IND_sk
92,0.26,0.1019803903,0.4444444444,1.9556213018,-0.2715454179,0.32,0.0979795897,0.1025641026,2.7291666667,0.8675276172,0.42,0.1720465053,0.5614035088,2.6519357195,-1.017952296,0.42,0.1720465053,0.5614035088,2.6519357195,-1.017952296
