Instance,INF_avg,INF_sd,INF_r1,INF_kr,INF_sk,SUP_avg,SUP_sd,SUP_r1,SUP_kr,SUP_sk,INC_avg,INC_sd,INC_r1,INC_kr,INC_sk,IND_avg,IND_sd,IND_r1,IND_kr,IND_sk
86,0.29,0.0560357029,-0.079245283,1.3609071362,0.1636809043,0.252,0.0337045991,-0.2767475036,2.4850228129,0.3911364902,0.458,0.0568858506,-0.2594840668,2.2354461016,0.0750967178,0.458,0.0568858506,-0.2594840668,2.2354461016,0.0750967178
