Instance,INF_avg,INF_sd,INF_r1,INF_kr,INF_sk,SUP_avg,SUP_sd,SUP_r1,SUP_kr,SUP_sk,INC_avg,INC_sd,INC_r1,INC_kr,INC_sk,IND_avg,IND_sd,IND_r1,IND_kr,IND_sk
216,0.231,0.0853756406,-0.1357977821,3.2865708878,0.6746423693,0.275,0.1132475165,0.0127826942,2.7276198944,0.1652438028,0.494,0.0972830921,-0.1100432068,2.686897146,-0.2057506648,0.494,0.0972830921,-0.1100432068,2.686897146,-0.2057506648
