Instance,INF_avg,INF_sd,INF_r1,INF_kr,INF_sk,SUP_avg,SUP_sd,SUP_r1,SUP_kr,SUP_sk,INC_avg,INC_sd,INC_r1,INC_kr,INC_sk,IND_avg,IND_sd,IND_r1,IND_kr,IND_sk
145,0.2204,0.0520753301,-0.0058602188,2.0142357883,0.0732596708,0.2652,0.0811724091,0.2251545269,3.0361724435,0.4881287086,0.5144,0.0889979775,0.3798601704,3.199589782,-0.1328342323,0.5144,0.0889979775,0.3798601704,3.199589782,-0.1328342323
