Instance,INF_avg,INF_sd,INF_r1,INF_kr,INF_sk,SUP_avg,SUP_sd,SUP_r1,SUP_kr,SUP_sk,INC_avg,INC_sd,INC_r1,INC_kr,INC_sk,IND_avg,IND_sd,IND_r1,IND_kr,IND_sk
32,0.252,0.0964157663,0.0968002892,2.3541248841,-0.056660804,0.308,0.0856504524,-0.0338559418,3.4325523345,-0.2014477324,0.44,0.1039230485,-0.1579378069,2.5030864198,-0.1069167165,0.44,0.1039230485,-0.1579378069,2.5030864198,-0.1069167165
