Instance,INF_avg,INF_sd,INF_r1,INF_kr,INF_sk,SUP_avg,SUP_sd,SUP_r1,SUP_kr,SUP_sk,INC_avg,INC_sd,INC_r1,INC_kr,INC_sk,IND_avg,IND_sd,IND_r1,IND_kr,IND_sk
43,0.324,0.1162067124,-0.7992193218,1.8905291885,0.1668867876,0.248,0.037094474,-0.1713286713,1.509194159,0.1579875514,0.428,0.0976524449,-0.9849041208,1.6059299131,-0.2944286533,0.428,0.0976524449,-0.9849041208,1.6059299131,-0.2944286533
