Instance,INF_avg,INF_sd,INF_r1,INF_kr,INF_sk,SUP_avg,SUP_sd,SUP_r1,SUP_kr,SUP_sk,INC_avg,INC_sd,INC_r1,INC_kr,INC_sk,IND_avg,IND_sd,IND_r1,IND_kr,IND_sk
33,0.5062711864,0.1327147866,0.8116766108,2.0214471353,-0.3113974042,0.0959322034,0.0822587617,0.8980149849,2.4094680727,0.8345355209,0.3977966102,0.065872702,0.4623779987,2.0599211305,-0.1604617478,0.3977966102,0.065872702,0.4623779987,2.0599211305,-0.1604617478
