Instance,INF_avg,INF_sd,INF_r1,INF_kr,INF_sk,SUP_avg,SUP_sd,SUP_r1,SUP_kr,SUP_sk,INC_avg,INC_sd,INC_r1,INC_kr,INC_sk,IND_avg,IND_sd,IND_r1,IND_kr,IND_sk
192,0.4035897436,0.091300776,0.5826178439,2.2872343823,-0.2907807996,0.1061538462,0.0703331043,0.547551798,3.6240447792,0.8122450296,0.4902564103,0.0758367741,0.1285540962,3.1735495147,-0.0277211825,0.4902564103,0.0758367741,0.1285540962,3.1735495147,-0.0277211825
