Instance,INF_avg,INF_sd,INF_r1,INF_kr,INF_sk,SUP_avg,SUP_sd,SUP_r1,SUP_kr,SUP_sk,INC_avg,INC_sd,INC_r1,INC_kr,INC_sk,IND_avg,IND_sd,IND_r1,IND_kr,IND_sk
268,0.248,0.1220491704,0.0439187691,2.3114411008,0.3434371489,0.236,0.1382172203,0.0747594375,2.989432085,0.4279913801,0.516,0.1747684182,0.1354529146,2.5161772651,-0.0656050387,0.516,0.1747684182,0.1354529146,2.5161772651,-0.0656050387
