Instance,INF_avg,INF_sd,INF_r1,INF_kr,INF_sk,SUP_avg,SUP_sd,SUP_r1,SUP_kr,SUP_sk,INC_avg,INC_sd,INC_r1,INC_kr,INC_sk,IND_avg,IND_sd,IND_r1,IND_kr,IND_sk
134,0.28,0.0979795897,0.0384615385,1.1666666667,0.4082482905,0.28,0.1833030278,0.3440594059,1.2091836735,0.296152851,0.44,0.12,0.525862069,1.3981481481,-0.1111111111,0.44,0.12,0.525862069,1.3981481481,-0.1111111111
