Instance,INF_avg,INF_sd,INF_r1,INF_kr,INF_sk,SUP_avg,SUP_sd,SUP_r1,SUP_kr,SUP_sk,INC_avg,INC_sd,INC_r1,INC_kr,INC_sk,IND_avg,IND_sd,IND_r1,IND_kr,IND_sk
185,0.243,0.0626338567,0.0576893174,2.9409105786,-0.035382798,0.2422,0.062347093,0.1536747917,2.9162157435,-0.1062330181,0.5148,0.0655817048,0.0474111476,3.0265068472,0.1050667708,0.5148,0.0655817048,0.0474111476,3.0265068472,0.1050667708
