Instance,INF_avg,INF_sd,INF_r1,INF_kr,INF_sk,SUP_avg,SUP_sd,SUP_r1,SUP_kr,SUP_sk,INC_avg,INC_sd,INC_r1,INC_kr,INC_sk,IND_avg,IND_sd,IND_r1,IND_kr,IND_sk
130,0.308,0.1597998748,0.0267770728,2.9594474909,0.339804721,0.272,0.1342236939,-0.0722460945,2.3524556029,-0.5726237899,0.42,0.144222051,-0.3471901463,2.2781065089,0.3680222456,0.42,0.144222051,-0.3471901463,2.2781065089,0.3680222456
