Instance,INF_avg,INF_sd,INF_r1,INF_kr,INF_sk,SUP_avg,SUP_sd,SUP_r1,SUP_kr,SUP_sk,INC_avg,INC_sd,INC_r1,INC_kr,INC_sk,IND_avg,IND_sd,IND_r1,IND_kr,IND_sk
35,0.2016,0.0545292582,-0.2080417917,2.068086564,0.2829871707,0.2944,0.0826597847,0.39029247,2.1681271137,-0.2491499311,0.504,0.0938083152,0.1462872388,3.4220760331,0.7344958497,0.504,0.0938083152,0.1462872388,3.4220760331,0.7344958497
