Instance,INF_avg,INF_sd,INF_r1,INF_kr,INF_sk,SUP_avg,SUP_sd,SUP_r1,SUP_kr,SUP_sk,INC_avg,INC_sd,INC_r1,INC_kr,INC_sk,IND_avg,IND_sd,IND_r1,IND_kr,IND_sk
145,0.291,0.0255734237,0.1556071666,1.9830962601,0.7809856551,0.191,0.0274590604,-0.5646518745,2.0963385375,-0.5065655599,0.518,0.0233666429,-0.0266001663,1.6255484442,-0.0639589307,0.518,0.0233666429,-0.0266001663,1.6255484442,-0.0639589307
