Instance,INF_avg,INF_sd,INF_r1,INF_kr,INF_sk,SUP_avg,SUP_sd,SUP_r1,SUP_kr,SUP_sk,INC_avg,INC_sd,INC_r1,INC_kr,INC_sk,IND_avg,IND_sd,IND_r1,IND_kr,IND_sk
200,0.238,0.1116064514,-0.2412071555,5.3442078351,1.1006884375,0.28,0.0860232527,-0.0492379836,3.0704894083,0.4429977585,0.482,0.1121427662,-0.2901434698,2.5942313482,0.3899405119,0.482,0.1121427662,-0.2901434698,2.5942313482,0.3899405119
