Instance,INF_avg,INF_sd,INF_r1,INF_kr,INF_sk,SUP_avg,SUP_sd,SUP_r1,SUP_kr,SUP_sk,INC_avg,INC_sd,INC_r1,INC_kr,INC_sk,IND_avg,IND_sd,IND_r1,IND_kr,IND_sk
241,0.2108,0.0348045974,0.1349816685,2.7177618514,0.7028366576,0.24,0.0303973683,0.3404507711,3.2808371282,-0.1922586122,0.5492,0.0378597412,0.005573869,2.1142444222,-0.1951369069,0.5492,0.0378597412,0.005573869,2.1142444222,-0.1951369069
