Instance,INF_avg,INF_sd,INF_r1,INF_kr,INF_sk,SUP_avg,SUP_sd,SUP_r1,SUP_kr,SUP_sk,INC_avg,INC_sd,INC_r1,INC_kr,INC_sk,IND_avg,IND_sd,IND_r1,IND_kr,IND_sk
209,0.3,0.1166190379,0.0227272727,2.3734861592,0.4350515579,0.222,0.0949526198,0.3878441429,1.9155932193,0.1276683994,0.478,0.1233531516,-0.0218114366,1.8471308634,-0.303736682,0.478,0.1233531516,-0.0218114366,1.8471308634,-0.303736682
