Instance,INF_avg,INF_sd,INF_r1,INF_kr,INF_sk,SUP_avg,SUP_sd,SUP_r1,SUP_kr,SUP_sk,INC_avg,INC_sd,INC_r1,INC_kr,INC_sk,IND_avg,IND_sd,IND_r1,IND_kr,IND_sk
211,0.273,0.0515848815,-0.4066635856,1.706802971,0.4088662887,0.301,0.0498898787,-0.5169991384,2.5614248697,0.8248943093,0.426,0.0361109402,0.0571219334,1.6948511423,-0.0061161214,0.426,0.0361109402,0.0571219334,1.6948511423,-0.0061161214
