Instance,INF_avg,INF_sd,INF_r1,INF_kr,INF_sk,SUP_avg,SUP_sd,SUP_r1,SUP_kr,SUP_sk,INC_avg,INC_sd,INC_r1,INC_kr,INC_sk,IND_avg,IND_sd,IND_r1,IND_kr,IND_sk
271,0.31,0.1374772708,-0.2546320805,3.1056521374,0.2817204509,0.12,0.0979795897,0.1666666667,1.9479166667,0.2296396634,0.57,0.1486606875,-0.5580597746,3.5948690649,0.52231064,0.57,0.1486606875,-0.5580597746,3.5948690649,0.52231064
