Instance,INF_avg,INF_sd,INF_r1,INF_kr,INF_sk,SUP_avg,SUP_sd,SUP_r1,SUP_kr,SUP_sk,INC_avg,INC_sd,INC_r1,INC_kr,INC_sk,IND_avg,IND_sd,IND_r1,IND_kr,IND_sk
79,0.31,0.0806225775,-0.503900156,2.1785088757,0.1740302738,0.222,0.0442266888,-0.0274690711,2.4236139862,0.7057893049,0.468,0.0765245059,-0.226750547,2.1475857744,0.1208227552,0.468,0.0765245059,-0.226750547,2.1475857744,0.1208227552
