Instance,INF_avg,INF_sd,INF_r1,INF_kr,INF_sk,SUP_avg,SUP_sd,SUP_r1,SUP_kr,SUP_sk,INC_avg,INC_sd,INC_r1,INC_kr,INC_sk,IND_avg,IND_sd,IND_r1,IND_kr,IND_sk
76,0.22,0.081240384,-0.25,3.370523416,0.4587955573,0.23,0.0979795897,-0.1383928571,3.2337239583,0.6474562732,0.55,0.1341640786,-0.6470588235,2.0138888889,-0.7142994928,0.55,0.1341640786,-0.6470588235,2.0138888889,-0.7142994928
