Instance,INF_avg,INF_sd,INF_r1,INF_kr,INF_sk,SUP_avg,SUP_sd,SUP_r1,SUP_kr,SUP_sk,INC_avg,INC_sd,INC_r1,INC_kr,INC_sk,IND_avg,IND_sd,IND_r1,IND_kr,IND_sk
183,0.2604,0.0466459001,0.1636413785,3.2294722395,-0.2913577899,0.2654,0.0500083993,0.0976444226,2.2708055836,0.0197414735,0.4742,0.0445461558,-0.0672564699,2.5565008804,-0.4309832138,0.4742,0.0445461558,-0.0672564699,2.5565008804,-0.4309832138
