Instance,INF_avg,INF_sd,INF_r1,INF_kr,INF_sk,SUP_avg,SUP_sd,SUP_r1,SUP_kr,SUP_sk,INC_avg,INC_sd,INC_r1,INC_kr,INC_sk,IND_avg,IND_sd,IND_r1,IND_kr,IND_sk
266,0.2208,0.0681715483,0.1628576627,2.4118101535,-0.2296404836,0.2216,0.0626533319,0.1813045913,2.9275474448,-0.095494946,0.5576,0.07344549,0.2203654345,2.9517784213,0.0992783429,0.5576,0.07344549,0.2203654345,2.9517784213,0.0992783429
