Instance,INF_avg,INF_sd,INF_r1,INF_kr,INF_sk,SUP_avg,SUP_sd,SUP_r1,SUP_kr,SUP_sk,INC_avg,INC_sd,INC_r1,INC_kr,INC_sk,IND_avg,IND_sd,IND_r1,IND_kr,IND_sk
267,0.25,0.0270185122,0.4565217391,2.6688872209,0.9582471009,0.245,0.014832397,-0.0930232558,2.2830578512,0.4596817244,0.505,0.0281069386,-0.6486486486,3.0383752604,-1.3443232151,0.505,0.0281069386,-0.6486486486,3.0383752604,-1.3443232151
