Instance,INF_avg,INF_sd,INF_r1,INF_kr,INF_sk,SUP_avg,SUP_sd,SUP_r1,SUP_kr,SUP_sk,INC_avg,INC_sd,INC_r1,INC_kr,INC_sk,IND_avg,IND_sd,IND_r1,IND_kr,IND_sk
104,0.248,0.0299332591,0.3518518519,1.8469387755,-0.3436215967,0.254,0.0598665182,0.1141141141,2.9410873724,1.2832119003,0.498,0.0391918359,-0.093418259,2.4361979167,-0.5677202789,0.498,0.0391918359,-0.093418259,2.4361979167,-0.5677202789
