Instance,INF_avg,INF_sd,INF_r1,INF_kr,INF_sk,SUP_avg,SUP_sd,SUP_r1,SUP_kr,SUP_sk,INC_avg,INC_sd,INC_r1,INC_kr,INC_sk,IND_avg,IND_sd,IND_r1,IND_kr,IND_sk
90,0.246,0.1486068639,0.1470704592,2.6297371243,0.3885242236,0.3,0.1587450787,0.144,2.059712774,0.299971804,0.454,0.175738442,0.1882507138,2.9570477936,0.0551501919,0.454,0.175738442,0.1882507138,2.9570477936,0.0551501919
