Instance,INF_avg,INF_sd,INF_r1,INF_kr,INF_sk,SUP_avg,SUP_sd,SUP_r1,SUP_kr,SUP_sk,INC_avg,INC_sd,INC_r1,INC_kr,INC_sk,IND_avg,IND_sd,IND_r1,IND_kr,IND_sk
77,0.2048,0.0679482156,-0.3481767081,1.9728539346,0.4242242997,0.2568,0.0567605497,-0.1254006215,1.9983414332,-0.0056780359,0.5384,0.0678633922,-0.5219607819,2.0142021183,-0.1463162403,0.5384,0.0678633922,-0.5219607819,2.0142021183,-0.1463162403
