Instance,INF_avg,INF_sd,INF_r1,INF_kr,INF_sk,SUP_avg,SUP_sd,SUP_r1,SUP_kr,SUP_sk,INC_avg,INC_sd,INC_r1,INC_kr,INC_sk,IND_avg,IND_sd,IND_r1,IND_kr,IND_sk
16,0.225,0.0917877988,0.1232,2.5519728095,0.2909562253,0.261,0.0971030381,-0.1889223759,2.267949115,0.2949066814,0.514,0.1048999523,-0.023021201,2.791489721,0.4332320332,0.514,0.1048999523,-0.023021201,2.791489721,0.4332320332
