Instance,INF_avg,INF_sd,INF_r1,INF_kr,INF_sk,SUP_avg,SUP_sd,SUP_r1,SUP_kr,SUP_sk,INC_avg,INC_sd,INC_r1,INC_kr,INC_sk,IND_avg,IND_sd,IND_r1,IND_kr,IND_sk
134,0.262,0.0528015151,-0.0394316776,3.1689511722,-0.4930078953,0.2488,0.058536826,0.2520184267,2.0974494752,0.0465517324,0.4892,0.0650181513,0.0685463257,2.4415697998,0.1274350445,0.4892,0.0650181513,0.0685463257,2.4415697998,0.1274350445
