Instance,INF_avg,INF_sd,INF_r1,INF_kr,INF_sk,SUP_avg,SUP_sd,SUP_r1,SUP_kr,SUP_sk,INC_avg,INC_sd,INC_r1,INC_kr,INC_sk,IND_avg,IND_sd,IND_r1,IND_kr,IND_sk
178,0.3555555556,0.0895806416,0.0611372381,2.8904733728,0.9922778767,0.1611111111,0.1074393311,0.0162376238,2.0878349395,0.3157829636,0.4833333333,0.1414213562,0.2226277372,1.5439814815,-0.2193340479,0.4833333333,0.1414213562,0.2226277372,1.5439814815,-0.2193340479
