Instance,INF_avg,INF_sd,INF_r1,INF_kr,INF_sk,SUP_avg,SUP_sd,SUP_r1,SUP_kr,SUP_sk,INC_avg,INC_sd,INC_r1,INC_kr,INC_sk,IND_avg,IND_sd,IND_r1,IND_kr,IND_sk
231,0.27505,0.0315871414,-0.0269163585,2.5449415153,-0.3269264844,0.26875,0.0348667105,0.2901292521,2.8022043641,-0.0313296057,0.4562,0.0403801932,-0.0388742756,3.2880501952,-0.052728148,0.4562,0.0403801932,-0.0388742756,3.2880501952,-0.052728148
