Instance,INF_avg,INF_sd,INF_r1,INF_kr,INF_sk,SUP_avg,SUP_sd,SUP_r1,SUP_kr,SUP_sk,INC_avg,INC_sd,INC_r1,INC_kr,INC_sk,IND_avg,IND_sd,IND_r1,IND_kr,IND_sk
33,0.254,0.1244347218,-0.0423143419,3.8116413333,0.5159618153,0.304,0.1370547336,-0.0057914396,2.4706024047,0.2542413059,0.442,0.1422532952,0.0367065297,2.8542251443,-0.2028126025,0.442,0.1422532952,0.0367065297,2.8542251443,-0.2028126025
