Instance,INF_avg,INF_sd,INF_r1,INF_kr,INF_sk,SUP_avg,SUP_sd,SUP_r1,SUP_kr,SUP_sk,INC_avg,INC_sd,INC_r1,INC_kr,INC_sk,IND_avg,IND_sd,IND_r1,IND_kr,IND_sk
115,0.238,0.0378945906,-0.3750348286,2.0981137639,0.3422483028,0.265,0.0460977223,0.1914387634,2.5612456747,0.5114454558,0.497,0.0593380148,0.0736565737,1.8164213889,-0.478554572,0.497,0.0593380148,0.0736565737,1.8164213889,-0.478554572
