Instance,INF_avg,INF_sd,INF_r1,INF_kr,INF_sk,SUP_avg,SUP_sd,SUP_r1,SUP_kr,SUP_sk,INC_avg,INC_sd,INC_r1,INC_kr,INC_sk,IND_avg,IND_sd,IND_r1,IND_kr,IND_sk
247,0.26,0.12,0.5498392283,2.9027777778,-0.9305555556,0.22,0.1077032961,-0.0899653979,2.7669441141,-0.403407114,0.52,0.1777638883,0.5291777188,1.8469796507,0.4443385128,0.52,0.1777638883,0.5291777188,1.8469796507,0.4443385128
