Instance,INF_avg,INF_sd,INF_r1,INF_kr,INF_sk,SUP_avg,SUP_sd,SUP_r1,SUP_kr,SUP_sk,INC_avg,INC_sd,INC_r1,INC_kr,INC_sk,IND_avg,IND_sd,IND_r1,IND_kr,IND_sk
38,0.21,0.1090871211,0.6079613993,1.7489584069,0.1479042953,0.3,0.0836660027,-0.0,3.7244897959,1.2806020814,0.49,0.0943398113,-0.3535228677,1.8541850776,0.2894151515,0.49,0.0943398113,-0.3535228677,1.8541850776,0.2894151515
