Instance,INF_avg,INF_sd,INF_r1,INF_kr,INF_sk,SUP_avg,SUP_sd,SUP_r1,SUP_kr,SUP_sk,INC_avg,INC_sd,INC_r1,INC_kr,INC_sk,IND_avg,IND_sd,IND_r1,IND_kr,IND_sk
8,0.2226,0.0445335828,0.0622116593,3.3524987791,-0.4359885269,0.259,0.0412431813,0.2013328781,3.3300081807,0.2475103172,0.5184,0.0466630475,0.0283349578,2.3465181082,-0.0675569645,0.5184,0.0466630475,0.0283349578,2.3465181082,-0.0675569645
