Instance,INF_avg,INF_sd,INF_r1,INF_kr,INF_sk,SUP_avg,SUP_sd,SUP_r1,SUP_kr,SUP_sk,INC_avg,INC_sd,INC_r1,INC_kr,INC_sk,IND_avg,IND_sd,IND_r1,IND_kr,IND_sk
120,0.303968254,0.1047679171,-0.3065693571,5.2300827046,1.1682724937,0.203968254,0.085589268,0.2631551315,2.4489169129,-0.0664068471,0.4920634921,0.1035889117,-0.0694234267,2.8052300996,-0.5372388711,0.4920634921,0.1035889117,-0.0694234267,2.8052300996,-0.5372388711
