Instance,INF_avg,INF_sd,INF_r1,INF_kr,INF_sk,SUP_avg,SUP_sd,SUP_r1,SUP_kr,SUP_sk,INC_avg,INC_sd,INC_r1,INC_kr,INC_sk,IND_avg,IND_sd,IND_r1,IND_kr,IND_sk
190,0.19,0.13,-0.5199398044,1.7932495361,-0.087391898,0.23,0.0781024968,0.0016638935,1.8642837947,-0.5793144076,0.58,0.16,-0.2331406551,1.5654296875,0.328125,0.58,0.16,-0.2331406551,1.5654296875,0.328125
