Instance,INF_avg,INF_sd,INF_r1,INF_kr,INF_sk,SUP_avg,SUP_sd,SUP_r1,SUP_kr,SUP_sk,INC_avg,INC_sd,INC_r1,INC_kr,INC_sk,IND_avg,IND_sd,IND_r1,IND_kr,IND_sk
297,0.2928,0.0686743038,0.2440305324,3.3504839154,0.0340939173,0.2122,0.0546183119,-0.0018404819,2.3731541945,-0.0473777657,0.495,0.0750133321,0.0803751739,2.995368051,0.4138592554,0.495,0.0750133321,0.0803751739,2.995368051,0.4138592554
