Instance,INF_avg,INF_sd,INF_r1,INF_kr,INF_sk,SUP_avg,SUP_sd,SUP_r1,SUP_kr,SUP_sk,INC_avg,INC_sd,INC_r1,INC_kr,INC_sk,IND_avg,IND_sd,IND_r1,IND_kr,IND_sk
252,0.2574,0.0671508749,0.0007217591,2.4788814049,-0.2216990837,0.2482,0.0632515612,-0.0054478959,2.8141774027,-0.1239657338,0.4944,0.0763193291,0.0284512009,4.0396690736,0.575052444,0.4944,0.0763193291,0.0284512009,4.0396690736,0.575052444
