Instance,INF_avg,INF_sd,INF_r1,INF_kr,INF_sk,SUP_avg,SUP_sd,SUP_r1,SUP_kr,SUP_sk,INC_avg,INC_sd,INC_r1,INC_kr,INC_sk,IND_avg,IND_sd,IND_r1,IND_kr,IND_sk
220,0.25,0.1431782106,0.0136986301,2.2278405711,0.1022093116,0.2,0.1341640786,0.0,3.1481481481,0.7453559925,0.55,0.1857417562,0.3868613139,2.2904851922,0.3745265406,0.55,0.1857417562,0.3868613139,2.2904851922,0.3745265406
