Instance,INF_avg,INF_sd,INF_r1,INF_kr,INF_sk,SUP_avg,SUP_sd,SUP_r1,SUP_kr,SUP_sk,INC_avg,INC_sd,INC_r1,INC_kr,INC_sk,IND_avg,IND_sd,IND_r1,IND_kr,IND_sk
65,0.2616,0.0441977375,0.0116771554,2.6897763655,0.2837626244,0.2752,0.0475074731,0.0920670719,2.6647116687,0.4708977293,0.4632,0.0478514368,-0.1646328515,3.4223983391,0.4580296795,0.4632,0.0478514368,-0.1646328515,3.4223983391,0.4580296795
