Instance,INF_avg,INF_sd,INF_r1,INF_kr,INF_sk,SUP_avg,SUP_sd,SUP_r1,SUP_kr,SUP_sk,INC_avg,INC_sd,INC_r1,INC_kr,INC_sk,IND_avg,IND_sd,IND_r1,IND_kr,IND_sk
278,0.228,0.1312097557,0.0299386641,3.2037043435,0.4302540713,0.278,0.1345956909,0.1852339964,2.5305859674,0.4537127823,0.494,0.1541557654,0.0489088876,2.6991006866,-0.3253932942,0.494,0.1541557654,0.0489088876,2.6991006866,-0.3253932942
