Instance,INF_avg,INF_sd,INF_r1,INF_kr,INF_sk,SUP_avg,SUP_sd,SUP_r1,SUP_kr,SUP_sk,INC_avg,INC_sd,INC_r1,INC_kr,INC_sk,IND_avg,IND_sd,IND_r1,IND_kr,IND_sk
136,0.2477,0.0432343613,0.3636033808,2.3804300697,-0.0783623645,0.2729,0.0387954894,0.3661444844,2.2910894365,-0.0140634032,0.4794,0.0454162966,0.1874217318,3.0308350882,0.120177968,0.4794,0.0454162966,0.1874217318,3.0308350882,0.120177968
