Instance,INF_avg,INF_sd,INF_r1,INF_kr,INF_sk,SUP_avg,SUP_sd,SUP_r1,SUP_kr,SUP_sk,INC_avg,INC_sd,INC_r1,INC_kr,INC_sk,IND_avg,IND_sd,IND_r1,IND_kr,IND_sk
116,0.237,0.0632060124,-0.0249390276,2.704495325,0.3924707034,0.297,0.0726291952,0.2004493419,3.0655704229,0.4240510075,0.466,0.0791201618,-0.0443323181,2.7037422042,0.1151320342,0.466,0.0791201618,-0.0443323181,2.7037422042,0.1151320342
