Instance,INF_avg,INF_sd,INF_r1,INF_kr,INF_sk,SUP_avg,SUP_sd,SUP_r1,SUP_kr,SUP_sk,INC_avg,INC_sd,INC_r1,INC_kr,INC_sk,IND_avg,IND_sd,IND_r1,IND_kr,IND_sk
52,0.244,0.1366162509,-0.0415777916,2.0411532368,0.1847858442,0.281,0.1746109962,0.5039389187,2.6742695493,0.6005641177,0.475,0.1400892573,0.2096876992,3.3705627003,0.3164497482,0.475,0.1400892573,0.2096876992,3.3705627003,0.3164497482
