Instance,INF_avg,INF_sd,INF_r1,INF_kr,INF_sk,SUP_avg,SUP_sd,SUP_r1,SUP_kr,SUP_sk,INC_avg,INC_sd,INC_r1,INC_kr,INC_sk,IND_avg,IND_sd,IND_r1,IND_kr,IND_sk
113,0.2456,0.0490778973,0.3749064231,2.6414583863,-0.5989355991,0.296,0.0489897949,-0.0875070343,2.8441333333,0.5094938665,0.4584,0.0527393591,-0.3189463137,3.6266201138,-0.1374654348,0.4584,0.0527393591,-0.3189463137,3.6266201138,-0.1374654348
