Instance,INF_avg,INF_sd,INF_r1,INF_kr,INF_sk,SUP_avg,SUP_sd,SUP_r1,SUP_kr,SUP_sk,INC_avg,INC_sd,INC_r1,INC_kr,INC_sk,IND_avg,IND_sd,IND_r1,IND_kr,IND_sk
42,0.22,0.1886796226,0.3237971391,4.5053654842,1.4970981294,0.2,0.1732050808,-0.4,1.8,0.3464101615,0.58,0.213541565,-0.1579980373,1.3397968606,0.1996406598,0.58,0.213541565,-0.1579980373,1.3397968606,0.1996406598
