Instance,INF_avg,INF_sd,INF_r1,INF_kr,INF_sk,SUP_avg,SUP_sd,SUP_r1,SUP_kr,SUP_sk,INC_avg,INC_sd,INC_r1,INC_kr,INC_sk,IND_avg,IND_sd,IND_r1,IND_kr,IND_sk
253,0.2795,0.1088795206,-0.0923717164,2.4490080292,0.305198881,0.2685,0.0931812749,0.1054707844,2.8541717886,0.2787469928,0.452,0.1108873302,-0.0757191793,2.9718919864,0.1035709892,0.452,0.1108873302,-0.0757191793,2.9718919864,0.1035709892
