Instance,INF_avg,INF_sd,INF_r1,INF_kr,INF_sk,SUP_avg,SUP_sd,SUP_r1,SUP_kr,SUP_sk,INC_avg,INC_sd,INC_r1,INC_kr,INC_sk,IND_avg,IND_sd,IND_r1,IND_kr,IND_sk
30,0.2331,0.033939505,0.2059973803,2.7811628614,0.0702177195,0.2664,0.0446322753,0.4252604594,2.295170177,0.1788979554,0.5005,0.0412583325,0.1802246184,3.6846728932,0.2566351649,0.5005,0.0412583325,0.1802246184,3.6846728932,0.2566351649
