Instance,INF_avg,INF_sd,INF_r1,INF_kr,INF_sk,SUP_avg,SUP_sd,SUP_r1,SUP_kr,SUP_sk,INC_avg,INC_sd,INC_r1,INC_kr,INC_sk,IND_avg,IND_sd,IND_r1,IND_kr,IND_sk
180,0.32,0.1326649916,0.0888382688,2.2169421488,-0.3700366502,0.19,0.0943398113,0.1347342398,2.971468249,0.9146947998,0.49,0.1374772708,-0.1305822499,1.6275300244,0.4110347562,0.49,0.1374772708,-0.1305822499,1.6275300244,0.4110347562
