Instance,INF_avg,INF_sd,INF_r1,INF_kr,INF_sk,SUP_avg,SUP_sd,SUP_r1,SUP_kr,SUP_sk,INC_avg,INC_sd,INC_r1,INC_kr,INC_sk,IND_avg,IND_sd,IND_r1,IND_kr,IND_sk
282,0.234,0.0406448029,0.0315315315,2.980172247,0.2780838543,0.2804,0.0493947366,0.0275493886,3.2747008744,0.5017798658,0.4856,0.057416374,-0.0541036803,2.2093509417,-0.3190976975,0.4856,0.057416374,-0.0541036803,2.2093509417,-0.3190976975
