Instance,INF_avg,INF_sd,INF_r1,INF_kr,INF_sk,SUP_avg,SUP_sd,SUP_r1,SUP_kr,SUP_sk,INC_avg,INC_sd,INC_r1,INC_kr,INC_sk,IND_avg,IND_sd,IND_r1,IND_kr,IND_sk
112,0.308,0.0986711711,0.1809995199,2.6105254309,-0.3478599326,0.262,0.1218851919,0.33846187,2.017744934,0.2338597358,0.43,0.0848528137,0.0256839754,2.4722222222,0.1964185503,0.43,0.0848528137,0.0256839754,2.4722222222,0.1964185503
