Instance,INF_avg,INF_sd,INF_r1,INF_kr,INF_sk,SUP_avg,SUP_sd,SUP_r1,SUP_kr,SUP_sk,INC_avg,INC_sd,INC_r1,INC_kr,INC_sk,IND_avg,IND_sd,IND_r1,IND_kr,IND_sk
47,0.316,0.0512249939,-0.6223404255,1.6140690065,-0.2056922718,0.168,0.0271293199,-0.5697674419,2.3638941399,-0.7500308204,0.516,0.0293938769,-0.437007874,1.5781893004,0.3477670622,0.516,0.0293938769,-0.437007874,1.5781893004,0.3477670622
