Instance,INF_avg,INF_sd,INF_r1,INF_kr,INF_sk,SUP_avg,SUP_sd,SUP_r1,SUP_kr,SUP_sk,INC_avg,INC_sd,INC_r1,INC_kr,INC_sk,IND_avg,IND_sd,IND_r1,IND_kr,IND_sk
88,0.343880597,0.0908493131,0.653464932,2.2939641198,-0.312700619,0.138358209,0.0783333294,0.8056614693,3.1147218962,0.6991667846,0.517761194,0.0537218068,-0.05011009,2.604696152,0.0878395864,0.517761194,0.0537218068,-0.05011009,2.604696152,0.0878395864
