Instance,INF_avg,INF_sd,INF_r1,INF_kr,INF_sk,SUP_avg,SUP_sd,SUP_r1,SUP_kr,SUP_sk,INC_avg,INC_sd,INC_r1,INC_kr,INC_sk,IND_avg,IND_sd,IND_r1,IND_kr,IND_sk
216,0.3614204545,0.073469029,0.7246248816,2.1522645278,-0.0093276911,0.0979545455,0.0672581372,0.8618356909,2.0540804853,0.4130659637,0.540625,0.0360225032,0.0524071295,2.5987350651,-0.0369530602,0.540625,0.0360225032,0.0524071295,2.5987350651,-0.0369530602
