Instance,INF_avg,INF_sd,INF_r1,INF_kr,INF_sk,SUP_avg,SUP_sd,SUP_r1,SUP_kr,SUP_sk,INC_avg,INC_sd,INC_r1,INC_kr,INC_sk,IND_avg,IND_sd,IND_r1,IND_kr,IND_sk
9,0.242,0.0337045991,-0.0867697595,1.2910632811,0.0150437112,0.266,0.0605309838,0.1700404858,2.3489874335,-0.674381253,0.492,0.0577581163,-0.5701260392,2.6365698808,1.0741895586,0.492,0.0577581163,-0.5701260392,2.6365698808,1.0741895586
