Instance,INF_avg,INF_sd,INF_r1,INF_kr,INF_sk,SUP_avg,SUP_sd,SUP_r1,SUP_kr,SUP_sk,INC_avg,INC_sd,INC_r1,INC_kr,INC_sk,IND_avg,IND_sd,IND_r1,IND_kr,IND_sk
97,0.223,0.0831925477,-0.0324266952,2.8639057787,0.3435088116,0.243,0.0854458893,0.0335847607,3.5681478415,0.1701781314,0.534,0.0924337601,0.1652901448,4.0101431322,-0.2289219041,0.534,0.0924337601,0.1652901448,4.0101431322,-0.2289219041
