Instance,INF_avg,INF_sd,INF_r1,INF_kr,INF_sk,SUP_avg,SUP_sd,SUP_r1,SUP_kr,SUP_sk,INC_avg,INC_sd,INC_r1,INC_kr,INC_sk,IND_avg,IND_sd,IND_r1,IND_kr,IND_sk
200,0.232,0.144138822,-0.0850553989,2.6291996823,0.3715773507,0.252,0.1292130024,0.0826418323,2.8254443908,0.3035293057,0.516,0.152787434,-0.0870097354,3.2805911266,-0.4891419919,0.516,0.152787434,-0.0870097354,3.2805911266,-0.4891419919
