Instance,INF_avg,INF_sd,INF_r1,INF_kr,INF_sk,SUP_avg,SUP_sd,SUP_r1,SUP_kr,SUP_sk,INC_avg,INC_sd,INC_r1,INC_kr,INC_sk,IND_avg,IND_sd,IND_r1,IND_kr,IND_sk
85,0.245,0.0788986692,0.3283231564,2.0466927953,-0.2931929063,0.385,0.0776208735,-0.5645449137,1.8363492364,-0.2950825376,0.37,0.1187434209,-0.2088535755,2.7869322469,0.191723948,0.37,0.1187434209,-0.2088535755,2.7869322469,0.191723948
