Instance,INF_avg,INF_sd,INF_r1,INF_kr,INF_sk,SUP_avg,SUP_sd,SUP_r1,SUP_kr,SUP_sk,INC_avg,INC_sd,INC_r1,INC_kr,INC_sk,IND_avg,IND_sd,IND_r1,IND_kr,IND_sk
179,0.4747120419,0.1044371391,0.9031333361,2.0908035829,-0.3317222964,0.0732460733,0.0605207521,0.8987667376,3.7720076729,1.1649621171,0.4520418848,0.0568963264,0.6676934857,2.6174513316,-0.0262908319,0.4520418848,0.0568963264,0.6676934857,2.6174513316,-0.0262908319
