Instance,INF_avg,INF_sd,INF_r1,INF_kr,INF_sk,SUP_avg,SUP_sd,SUP_r1,SUP_kr,SUP_sk,INC_avg,INC_sd,INC_r1,INC_kr,INC_sk,IND_avg,IND_sd,IND_r1,IND_kr,IND_sk
73,0.286,0.1100181803,0.0383534654,2.0685696425,0.2223630565,0.259,0.1003444069,-0.1274035548,2.750297128,-0.0099884415,0.455,0.0955248659,0.1237876048,2.4643497842,0.0464628359,0.455,0.0955248659,0.1237876048,2.4643497842,0.0464628359
