Instance,INF_avg,INF_sd,INF_r1,INF_kr,INF_sk,SUP_avg,SUP_sd,SUP_r1,SUP_kr,SUP_sk,INC_avg,INC_sd,INC_r1,INC_kr,INC_sk,IND_avg,IND_sd,IND_r1,IND_kr,IND_sk
196,0.25805,0.0305196248,0.034000014,2.8938709387,-0.1353399687,0.2352,0.0298489531,0.0752902444,2.7264705588,-0.1028262407,0.50675,0.0336182614,-0.1203391043,3.9766133623,-0.3665644474,0.50675,0.0336182614,-0.1203391043,3.9766133623,-0.3665644474
