Instance,INF_avg,INF_sd,INF_r1,INF_kr,INF_sk,SUP_avg,SUP_sd,SUP_r1,SUP_kr,SUP_sk,INC_avg,INC_sd,INC_r1,INC_kr,INC_sk,IND_avg,IND_sd,IND_r1,IND_kr,IND_sk
78,0.264,0.0243721152,-0.2389229721,1.8944835561,-0.386266901,0.223,0.0265706605,-0.4917753829,1.8980210097,-0.4081265737,0.513,0.0265706605,-0.2103289094,2.3867497532,-0.9038916122,0.513,0.0265706605,-0.2103289094,2.3867497532,-0.9038916122
