Instance,INF_avg,INF_sd,INF_r1,INF_kr,INF_sk,SUP_avg,SUP_sd,SUP_r1,SUP_kr,SUP_sk,INC_avg,INC_sd,INC_r1,INC_kr,INC_sk,IND_avg,IND_sd,IND_r1,IND_kr,IND_sk
66,0.3920512821,0.1002350951,0.7159940122,2.567480621,-0.0611990094,0.0879487179,0.0675269932,0.7598258372,3.0222288702,0.8904119939,0.52,0.0550524226,0.1994219653,2.7590120848,-0.0626998139,0.52,0.0550524226,0.1994219653,2.7590120848,-0.0626998139
