Instance,INF_avg,INF_sd,INF_r1,INF_kr,INF_sk,SUP_avg,SUP_sd,SUP_r1,SUP_kr,SUP_sk,INC_avg,INC_sd,INC_r1,INC_kr,INC_sk,IND_avg,IND_sd,IND_r1,IND_kr,IND_sk
187,0.2075,0.0855496932,-0.0966810967,2.6259111272,0.1495827096,0.2605,0.1080034722,0.0813654334,2.6511520627,0.1271221552,0.532,0.1112474719,0.0748400618,2.9363938753,-0.0714439948,0.532,0.1112474719,0.0748400618,2.9363938753,-0.0714439948
