Instance,INF_avg,INF_sd,INF_r1,INF_kr,INF_sk,SUP_avg,SUP_sd,SUP_r1,SUP_kr,SUP_sk,INC_avg,INC_sd,INC_r1,INC_kr,INC_sk,IND_avg,IND_sd,IND_r1,IND_kr,IND_sk
265,0.3368,0.0649134809,0.221134502,2.1322340214,0.2486195535,0.212,0.0463033476,-0.1939629408,2.0190465583,-0.0696252164,0.4512,0.0560228525,0.1085473465,3.6272430669,-0.3529554765,0.4512,0.0560228525,0.1085473465,3.6272430669,-0.3529554765
