Instance,INF_avg,INF_sd,INF_r1,INF_kr,INF_sk,SUP_avg,SUP_sd,SUP_r1,SUP_kr,SUP_sk,INC_avg,INC_sd,INC_r1,INC_kr,INC_sk,IND_avg,IND_sd,IND_r1,IND_kr,IND_sk
109,0.242,0.0413763217,0.1870587097,3.2160887414,0.6810071295,0.2228,0.0402512112,-0.3003149247,2.3300003016,0.4393069983,0.5352,0.0425318704,-0.1490686543,2.6823793155,-0.2901070055,0.5352,0.0425318704,-0.1490686543,2.6823793155,-0.2901070055
