Instance,INF_avg,INF_sd,INF_r1,INF_kr,INF_sk,SUP_avg,SUP_sd,SUP_r1,SUP_kr,SUP_sk,INC_avg,INC_sd,INC_r1,INC_kr,INC_sk,IND_avg,IND_sd,IND_r1,IND_kr,IND_sk
231,0.2,0.0536656315,-0.2108262108,2.4537037037,0.2111841979,0.2964,0.0569476953,0.0991134909,3.2487592111,-0.7587488613,0.5036,0.0666561325,-0.2414468451,3.0123176244,0.1246928277,0.5036,0.0666561325,-0.2414468451,3.0123176244,0.1246928277
