Instance,INF_avg,INF_sd,INF_r1,INF_kr,INF_sk,SUP_avg,SUP_sd,SUP_r1,SUP_kr,SUP_sk,INC_avg,INC_sd,INC_r1,INC_kr,INC_sk,IND_avg,IND_sd,IND_r1,IND_kr,IND_sk
276,0.29,0.1067707825,0.0360169492,2.2746999077,0.3844931226,0.25,0.05,0.5,2.2,-0.6,0.46,0.1240967365,-0.239626556,2.2095631641,0.3987253887,0.46,0.1240967365,-0.239626556,2.2095631641,0.3987253887
