Instance,INF_avg,INF_sd,INF_r1,INF_kr,INF_sk,SUP_avg,SUP_sd,SUP_r1,SUP_kr,SUP_sk,INC_avg,INC_sd,INC_r1,INC_kr,INC_sk,IND_avg,IND_sd,IND_r1,IND_kr,IND_sk
236,0.4110858586,0.1120998279,0.9001108936,1.9783079309,-0.0925513265,0.0935353535,0.0740435735,0.9458526896,2.730105389,0.8456126401,0.4953787879,0.0534277853,0.5090985479,2.6772044033,-0.3808185468,0.4953787879,0.0534277853,0.5090985479,2.6772044033,-0.3808185468
