Instance,INF_avg,INF_sd,INF_r1,INF_kr,INF_sk,SUP_avg,SUP_sd,SUP_r1,SUP_kr,SUP_sk,INC_avg,INC_sd,INC_r1,INC_kr,INC_sk,IND_avg,IND_sd,IND_r1,IND_kr,IND_sk
189,0.282,0.0988736568,-0.1172529895,3.0654905564,-0.1461469345,0.244,0.1125344392,-0.3010703481,3.2528956789,0.6337415606,0.474,0.1096540013,-0.2794621922,2.2983686652,0.5160853019,0.474,0.1096540013,-0.2794621922,2.2983686652,0.5160853019
