Instance,INF_avg,INF_sd,INF_r1,INF_kr,INF_sk,SUP_avg,SUP_sd,SUP_r1,SUP_kr,SUP_sk,INC_avg,INC_sd,INC_r1,INC_kr,INC_sk,IND_avg,IND_sd,IND_r1,IND_kr,IND_sk
241,0.2465,0.0396642156,0.4040587262,2.7088297064,0.1647310172,0.2692,0.0470516737,0.4509297186,2.9721598766,0.2720064647,0.4843,0.0447996652,0.2990312615,2.9798932973,-0.129234787,0.4843,0.0447996652,0.2990312615,2.9798932973,-0.129234787
