Instance,INF_avg,INF_sd,INF_r1,INF_kr,INF_sk,SUP_avg,SUP_sd,SUP_r1,SUP_kr,SUP_sk,INC_avg,INC_sd,INC_r1,INC_kr,INC_sk,IND_avg,IND_sd,IND_r1,IND_kr,IND_sk
52,0.244,0.1387948126,-0.0592228464,3.344783722,0.7973719931,0.252,0.1526302722,0.0795571576,2.5414408737,0.3670796868,0.504,0.1660843159,-0.0458799737,3.0755150435,-0.6921818969,0.504,0.1660843159,-0.0458799737,3.0755150435,-0.6921818969
