Instance,INF_avg,INF_sd,INF_r1,INF_kr,INF_sk,SUP_avg,SUP_sd,SUP_r1,SUP_kr,SUP_sk,INC_avg,INC_sd,INC_r1,INC_kr,INC_sk,IND_avg,IND_sd,IND_r1,IND_kr,IND_sk
159,0.282,0.0746726188,0.2592646124,2.6278547742,0.1967843746,0.316,0.091345498,0.2757170833,2.3307605192,-0.3209291853,0.402,0.0974474217,-0.1918535407,2.1178822955,0.0735021476,0.402,0.0974474217,-0.1918535407,2.1178822955,0.0735021476
