Instance,INF_avg,INF_sd,INF_r1,INF_kr,INF_sk,SUP_avg,SUP_sd,SUP_r1,SUP_kr,SUP_sk,INC_avg,INC_sd,INC_r1,INC_kr,INC_sk,IND_avg,IND_sd,IND_r1,IND_kr,IND_sk
211,0.5335964912,0.1140108274,0.8490761604,2.3347203198,-0.508774188,0.0992982456,0.0742296023,0.7813698879,4.5673764438,1.2691919689,0.3671052632,0.0654769771,0.4613565446,2.9090321607,0.3152389298,0.3671052632,0.0654769771,0.4613565446,2.9090321607,0.3152389298
