Instance,INF_avg,INF_sd,INF_r1,INF_kr,INF_sk,SUP_avg,SUP_sd,SUP_r1,SUP_kr,SUP_sk,INC_avg,INC_sd,INC_r1,INC_kr,INC_sk,IND_avg,IND_sd,IND_r1,IND_kr,IND_sk
292,0.254,0.0252784493,-0.2031790998,4.0749483862,0.9204522532,0.2415,0.0270231382,0.3272511763,1.989369147,0.0556410083,0.5045,0.0343838625,0.3245561273,1.4608922214,-0.0692245449,0.5045,0.0343838625,0.3245561273,1.4608922214,-0.0692245449
