Instance,INF_avg,INF_sd,INF_r1,INF_kr,INF_sk,SUP_avg,SUP_sd,SUP_r1,SUP_kr,SUP_sk,INC_avg,INC_sd,INC_r1,INC_kr,INC_sk,IND_avg,IND_sd,IND_r1,IND_kr,IND_sk
291,0.275,0.03082207,-0.582010582,2.5975069252,-0.6915755322,0.255,0.0254950976,0.2248062016,1.7852071006,0.2715454179,0.47,0.0327108545,-0.6095238095,1.8798585029,-0.1157122549,0.47,0.0327108545,-0.6095238095,1.8798585029,-0.1157122549
