Instance,INF_avg,INF_sd,INF_r1,INF_kr,INF_sk,SUP_avg,SUP_sd,SUP_r1,SUP_kr,SUP_sk,INC_avg,INC_sd,INC_r1,INC_kr,INC_sk,IND_avg,IND_sd,IND_r1,IND_kr,IND_sk
251,0.295,0.0360555128,0.1677282378,2.4409763314,0.8560517451,0.2135,0.0336191909,0.0121624963,2.2149028929,-0.1473231922,0.4915,0.0226991189,-0.2838139452,2.6584931072,0.6190725637,0.4915,0.0226991189,-0.2838139452,2.6584931072,0.6190725637
