Instance,INF_avg,INF_sd,INF_r1,INF_kr,INF_sk,SUP_avg,SUP_sd,SUP_r1,SUP_kr,SUP_sk,INC_avg,INC_sd,INC_r1,INC_kr,INC_sk,IND_avg,IND_sd,IND_r1,IND_kr,IND_sk
276,0.222,0.0837615664,0.2778439547,2.0466989283,0.1043032316,0.236,0.0768374908,-0.3384558186,2.0709729658,-0.318061198,0.542,0.1045753317,-0.0269890271,3.1304676701,0.6584053961,0.542,0.1045753317,-0.0269890271,3.1304676701,0.6584053961
