Instance,INF_avg,INF_sd,INF_r1,INF_kr,INF_sk,SUP_avg,SUP_sd,SUP_r1,SUP_kr,SUP_sk,INC_avg,INC_sd,INC_r1,INC_kr,INC_sk,IND_avg,IND_sd,IND_r1,IND_kr,IND_sk
149,0.238,0.1002796091,0.1618110612,2.1922835937,0.3904595522,0.298,0.098468269,0.099883856,3.2404523249,0.2128141965,0.464,0.1204325537,-0.1844367752,1.8647591444,0.1162659584,0.464,0.1204325537,-0.1844367752,1.8647591444,0.1162659584
