Instance,INF_avg,INF_sd,INF_r1,INF_kr,INF_sk,SUP_avg,SUP_sd,SUP_r1,SUP_kr,SUP_sk,INC_avg,INC_sd,INC_r1,INC_kr,INC_sk,IND_avg,IND_sd,IND_r1,IND_kr,IND_sk
270,0.265,0.0975961065,-0.6039549574,2.8011449356,-0.989132011,0.29,0.1135781669,0.0522243714,1.7142599603,-0.1617572595,0.445,0.0820060973,0.2185487334,1.9156313484,-0.383505802,0.445,0.0820060973,0.2185487334,1.9156313484,-0.383505802
