Instance,INF_avg,INF_sd,INF_r1,INF_kr,INF_sk,SUP_avg,SUP_sd,SUP_r1,SUP_kr,SUP_sk,INC_avg,INC_sd,INC_r1,INC_kr,INC_sk,IND_avg,IND_sd,IND_r1,IND_kr,IND_sk
53,0.216,0.064591021,0.1949181101,2.6645184672,0.6948654816,0.351,0.0769285383,0.6410954844,1.7502249682,0.0208231245,0.433,0.0621449918,0.5621659906,2.8218412229,0.7507376186,0.433,0.0621449918,0.5621659906,2.8218412229,0.7507376186
