Instance,INF_avg,INF_sd,INF_r1,INF_kr,INF_sk,SUP_avg,SUP_sd,SUP_r1,SUP_kr,SUP_sk,INC_avg,INC_sd,INC_r1,INC_kr,INC_sk,IND_avg,IND_sd,IND_r1,IND_kr,IND_sk
223,0.2538,0.0629726925,0.0217936376,3.0504064701,0.2037375399,0.2614,0.0580520456,0.0078953706,3.0472574074,-0.0057090832,0.4848,0.0698638676,-0.0935893783,3.314604813,-0.1050912836,0.4848,0.0698638676,-0.0935893783,3.314604813,-0.1050912836
