Instance,INF_avg,INF_sd,INF_r1,INF_kr,INF_sk,SUP_avg,SUP_sd,SUP_r1,SUP_kr,SUP_sk,INC_avg,INC_sd,INC_r1,INC_kr,INC_sk,IND_avg,IND_sd,IND_r1,IND_kr,IND_sk
9,0.32,0.1469693846,0.1363973314,1.804526749,0.1814436847,0.32,0.1326649916,0.3228655545,2.1549586777,0.2466911001,0.36,0.1496662955,0.1317365269,2.612244898,0.3436215967,0.36,0.1496662955,0.1317365269,2.612244898,0.3436215967
