Instance,INF_avg,INF_sd,INF_r1,INF_kr,INF_sk,SUP_avg,SUP_sd,SUP_r1,SUP_kr,SUP_sk,INC_avg,INC_sd,INC_r1,INC_kr,INC_sk,IND_avg,IND_sd,IND_r1,IND_kr,IND_sk
236,0.2604,0.0635597357,-0.0227970593,2.5836164565,0.0864276493,0.2834,0.0587234195,0.2592148529,3.0991573608,0.1054131676,0.4562,0.069896781,0.0651609926,2.6571441144,-0.0731210742,0.4562,0.069896781,0.0651609926,2.6571441144,-0.0731210742
