Instance,INF_avg,INF_sd,INF_r1,INF_kr,INF_sk,SUP_avg,SUP_sd,SUP_r1,SUP_kr,SUP_sk,INC_avg,INC_sd,INC_r1,INC_kr,INC_sk,IND_avg,IND_sd,IND_r1,IND_kr,IND_sk
101,0.2458,0.0445910305,0.1217072573,2.6570615785,0.2759597363,0.2456,0.0467829029,-0.279604869,2.5634490655,0.266969265,0.5086,0.0441366061,0.0473957108,2.6706905915,0.0307573374,0.5086,0.0441366061,0.0473957108,2.6706905915,0.0307573374
