Instance,INF_avg,INF_sd,INF_r1,INF_kr,INF_sk,SUP_avg,SUP_sd,SUP_r1,SUP_kr,SUP_sk,INC_avg,INC_sd,INC_r1,INC_kr,INC_sk,IND_avg,IND_sd,IND_r1,IND_kr,IND_sk
72,0.4194915254,0.1186137976,0.2815240159,2.8203203184,-0.2549348743,0.1542372881,0.0845166394,0.5322111651,2.4987059015,0.5197603703,0.4262711864,0.103069802,-0.0785609534,2.7438825044,-0.047885591,0.4262711864,0.103069802,-0.0785609534,2.7438825044,-0.047885591
