Instance,INF_avg,INF_sd,INF_r1,INF_kr,INF_sk,SUP_avg,SUP_sd,SUP_r1,SUP_kr,SUP_sk,INC_avg,INC_sd,INC_r1,INC_kr,INC_sk,IND_avg,IND_sd,IND_r1,IND_kr,IND_sk
300,0.24,0.1624807681,-0.2634408602,1.4421487603,-0.3804646085,0.3,0.1264911064,-0.5714285714,1.5625,0.5929270613,0.46,0.08,0.8387096774,2.078125,0.84375,0.46,0.08,0.8387096774,2.078125,0.84375
