Instance,INF_avg,INF_sd,INF_r1,INF_kr,INF_sk,SUP_avg,SUP_sd,SUP_r1,SUP_kr,SUP_sk,INC_avg,INC_sd,INC_r1,INC_kr,INC_sk,IND_avg,IND_sd,IND_r1,IND_kr,IND_sk
295,0.268,0.037094474,-0.5201900238,2.4826933478,-0.9704949588,0.296,0.0344093011,-0.2146892655,1.9945215486,-0.3958703373,0.436,0.042708313,-0.783831283,1.7206832872,0.1380231722,0.436,0.042708313,-0.783831283,1.7206832872,0.1380231722
