Instance,INF_avg,INF_sd,INF_r1,INF_kr,INF_sk,SUP_avg,SUP_sd,SUP_r1,SUP_kr,SUP_sk,INC_avg,INC_sd,INC_r1,INC_kr,INC_sk,IND_avg,IND_sd,IND_r1,IND_kr,IND_sk
167,0.16,0.1019803903,-0.4393939394,1.9556213018,-0.2715454179,0.28,0.16,-0.5316901408,1.4189453125,0.03515625,0.56,0.1356465997,-0.1504424779,1.2296786389,-0.2115471545,0.56,0.1356465997,-0.1504424779,1.2296786389,-0.2115471545
