Instance,INF_avg,INF_sd,INF_r1,INF_kr,INF_sk,SUP_avg,SUP_sd,SUP_r1,SUP_kr,SUP_sk,INC_avg,INC_sd,INC_r1,INC_kr,INC_sk,IND_avg,IND_sd,IND_r1,IND_kr,IND_sk
13,0.25,0.0579309934,0.0008941878,3.7233226456,0.206155433,0.2434,0.0637529607,0.069607498,2.7655486767,0.3582254478,0.5066,0.0744609965,-0.057780995,2.4654150344,-0.1823141716,0.5066,0.0744609965,-0.057780995,2.4654150344,-0.1823141716
