Instance,INF_avg,INF_sd,INF_r1,INF_kr,INF_sk,SUP_avg,SUP_sd,SUP_r1,SUP_kr,SUP_sk,INC_avg,INC_sd,INC_r1,INC_kr,INC_sk,IND_avg,IND_sd,IND_r1,IND_kr,IND_sk
100,0.298,0.034,0.4293968942,2.3746961842,0.1563199674,0.174,0.0429418211,-0.4118441792,2.2648914695,0.0278841682,0.528,0.0457820926,0.3825042882,3.5759571121,-1.0964652436,0.528,0.0457820926,0.3825042882,3.5759571121,-1.0964652436
