Instance,INF_avg,INF_sd,INF_r1,INF_kr,INF_sk,SUP_avg,SUP_sd,SUP_r1,SUP_kr,SUP_sk,INC_avg,INC_sd,INC_r1,INC_kr,INC_sk,IND_avg,IND_sd,IND_r1,IND_kr,IND_sk
225,0.26,0.161245155,0.1650973007,2.881183432,0.7213096873,0.238,0.1426744546,0.1029925534,2.3657782028,0.0979739841,0.502,0.1655173707,0.0807682235,2.522257966,-0.322941783,0.502,0.1655173707,0.0807682235,2.522257966,-0.322941783
