Instance,INF_avg,INF_sd,INF_r1,INF_kr,INF_sk,SUP_avg,SUP_sd,SUP_r1,SUP_kr,SUP_sk,INC_avg,INC_sd,INC_r1,INC_kr,INC_sk,IND_avg,IND_sd,IND_r1,IND_kr,IND_sk
295,0.241,0.0361109402,-0.1310040224,2.5962188076,-0.6177282663,0.243,0.0315594677,-0.1128113128,2.2086357478,-0.7727809121,0.516,0.0428835633,0.340475193,1.787116553,0.2166038261,0.516,0.0428835633,0.340475193,1.787116553,0.2166038261
