Instance,INF_avg,INF_sd,INF_r1,INF_kr,INF_sk,SUP_avg,SUP_sd,SUP_r1,SUP_kr,SUP_sk,INC_avg,INC_sd,INC_r1,INC_kr,INC_sk,IND_avg,IND_sd,IND_r1,IND_kr,IND_sk
299,0.268,0.0448998886,-1.1732026144,2.3760393046,0.1315095,0.236,0.0366606056,0.3067846608,2.2295918367,0.685827655,0.496,0.0557135531,-0.3329583802,2.6687745775,1.0391889224,0.496,0.0557135531,-0.3329583802,2.6687745775,1.0391889224
