Instance,INF_avg,INF_sd,INF_r1,INF_kr,INF_sk,SUP_avg,SUP_sd,SUP_r1,SUP_kr,SUP_sk,INC_avg,INC_sd,INC_r1,INC_kr,INC_sk,IND_avg,IND_sd,IND_r1,IND_kr,IND_sk
21,0.302,0.0834505842,0.3187282928,2.5055381232,0.246628293,0.194,0.0697710542,0.2476915171,3.36055497,0.4437568102,0.504,0.0633719181,0.0402106271,3.1723147252,-0.2021833865,0.504,0.0633719181,0.0402106271,3.1723147252,-0.2021833865
