Instance,INF_avg,INF_sd,INF_r1,INF_kr,INF_sk,SUP_avg,SUP_sd,SUP_r1,SUP_kr,SUP_sk,INC_avg,INC_sd,INC_r1,INC_kr,INC_sk,IND_avg,IND_sd,IND_r1,IND_kr,IND_sk
282,0.236,0.0407921561,0.1203823301,2.8241262944,-0.6300702274,0.268,0.0416653333,-0.0268331562,1.6144003907,-0.2402288856,0.496,0.0494368284,0.2138261013,1.5324265177,-0.286434087,0.496,0.0494368284,0.2138261013,1.5324265177,-0.286434087
