Instance,INF_avg,INF_sd,INF_r1,INF_kr,INF_sk,SUP_avg,SUP_sd,SUP_r1,SUP_kr,SUP_sk,INC_avg,INC_sd,INC_r1,INC_kr,INC_sk,IND_avg,IND_sd,IND_r1,IND_kr,IND_sk
150,0.263,0.0289136646,-0.3109213803,1.2640106683,0.2740380747,0.212,0.0271293199,-0.832540026,1.9956063918,0.261729505,0.525,0.0296647939,0.25,2.0351239669,0.5516180693,0.525,0.0296647939,0.25,2.0351239669,0.5516180693
