Instance,INF_avg,INF_sd,INF_r1,INF_kr,INF_sk,SUP_avg,SUP_sd,SUP_r1,SUP_kr,SUP_sk,INC_avg,INC_sd,INC_r1,INC_kr,INC_sk,IND_avg,IND_sd,IND_r1,IND_kr,IND_sk
150,0.268,0.0545527268,-0.8729372937,1.3747832119,0.1088026982,0.236,0.0512249939,-0.6170500677,1.6140690065,-0.2056922718,0.496,0.0195959179,0.1025641026,2.7291666667,-0.8675276172,0.496,0.0195959179,0.1025641026,2.7291666667,-0.8675276172
