Instance,INF_avg,INF_sd,INF_r1,INF_kr,INF_sk,SUP_avg,SUP_sd,SUP_r1,SUP_kr,SUP_sk,INC_avg,INC_sd,INC_r1,INC_kr,INC_sk,IND_avg,IND_sd,IND_r1,IND_kr,IND_sk
101,0.29,0.0458257569,0.4354066986,2.3714285714,0.822993186,0.214,0.0237486842,-0.4180749449,2.4172325336,0.2365192629,0.496,0.0535163526,0.4298745724,2.7317187354,-0.6939872202,0.496,0.0535163526,0.4298745724,2.7317187354,-0.6939872202
