Instance,INF_avg,INF_sd,INF_r1,INF_kr,INF_sk,SUP_avg,SUP_sd,SUP_r1,SUP_kr,SUP_sk,INC_avg,INC_sd,INC_r1,INC_kr,INC_sk,IND_avg,IND_sd,IND_r1,IND_kr,IND_sk
246,0.25,0.1,-0.75,2.05,0.0,0.3,0.1303840481,-0.2222222222,2.223183391,0.0,0.45,0.1140175425,-0.6,2.1449704142,-0.8095920178,0.45,0.1140175425,-0.6,2.1449704142,-0.8095920178
