Instance,INF_avg,INF_sd,INF_r1,INF_kr,INF_sk,SUP_avg,SUP_sd,SUP_r1,SUP_kr,SUP_sk,INC_avg,INC_sd,INC_r1,INC_kr,INC_sk,IND_avg,IND_sd,IND_r1,IND_kr,IND_sk
299,0.2504,0.0298636903,0.3142186422,5.772290487,-1.269833194,0.272,0.0309192497,0.2251492948,2.7337056424,0.1666508638,0.4776,0.0264620483,0.0321275594,2.7158390793,-0.4994363481,0.4776,0.0264620483,0.0321275594,2.7158390793,-0.4994363481
