Instance,INF_avg,INF_sd,INF_r1,INF_kr,INF_sk,SUP_avg,SUP_sd,SUP_r1,SUP_kr,SUP_sk,INC_avg,INC_sd,INC_r1,INC_kr,INC_sk,IND_avg,IND_sd,IND_r1,IND_kr,IND_sk
185,0.268,0.1333266665,0.211512814,2.4888477147,0.0418832823,0.252,0.1299846145,0.0917464297,2.9353746987,0.4478676905,0.48,0.1811077028,0.0928011753,2.3706127305,0.0363616,0.48,0.1811077028,0.0928011753,2.3706127305,0.0363616
