Instance,INF_avg,INF_sd,INF_r1,INF_kr,INF_sk,SUP_avg,SUP_sd,SUP_r1,SUP_kr,SUP_sk,INC_avg,INC_sd,INC_r1,INC_kr,INC_sk,IND_avg,IND_sd,IND_r1,IND_kr,IND_sk
14,0.37,0.1846618531,-0.7269675494,2.0816556445,-0.0323965377,0.37,0.1676305461,-0.905868681,2.2190321804,0.7336927945,0.26,0.1356465997,-0.2860310421,1.7967863894,0.269241833,0.26,0.1356465997,-0.2860310421,1.7967863894,0.269241833
