Instance,INF_avg,INF_sd,INF_r1,INF_kr,INF_sk,SUP_avg,SUP_sd,SUP_r1,SUP_kr,SUP_sk,INC_avg,INC_sd,INC_r1,INC_kr,INC_sk,IND_avg,IND_sd,IND_r1,IND_kr,IND_sk
180,0.306,0.0677347769,-0.0210830183,2.7636942283,0.2309124324,0.2142,0.0530882285,0.014232149,2.3703268109,-0.0393353534,0.4798,0.0658783728,-0.0009226271,3.2138213505,-0.0499319395,0.4798,0.0658783728,-0.0009226271,3.2138213505,-0.0499319395
