Instance,INF_avg,INF_sd,INF_r1,INF_kr,INF_sk,SUP_avg,SUP_sd,SUP_r1,SUP_kr,SUP_sk,INC_avg,INC_sd,INC_r1,INC_kr,INC_sk,IND_avg,IND_sd,IND_r1,IND_kr,IND_sk
245,0.28,0.1469693846,-0.8700787402,1.5781893004,0.3477670622,0.36,0.12,-0.3358778626,1.3981481481,0.1111111111,0.36,0.1356465997,-0.2443438914,2.3638941399,0.7500308204,0.36,0.1356465997,-0.2443438914,2.3638941399,0.7500308204
