Instance,INF_avg,INF_sd,INF_r1,INF_kr,INF_sk,SUP_avg,SUP_sd,SUP_r1,SUP_kr,SUP_sk,INC_avg,INC_sd,INC_r1,INC_kr,INC_sk,IND_avg,IND_sd,IND_r1,IND_kr,IND_sk
175,0.38,0.0748331477,0.0740740741,1.8469387755,0.3436215967,0.22,0.16,-0.4890282132,2.5908203125,0.55078125,0.4,0.1549193338,-0.5454545455,2.9166666667,-1.2909944487,0.4,0.1549193338,-0.5454545455,2.9166666667,-1.2909944487
