Instance,INF_avg,INF_sd,INF_r1,INF_kr,INF_sk,SUP_avg,SUP_sd,SUP_r1,SUP_kr,SUP_sk,INC_avg,INC_sd,INC_r1,INC_kr,INC_sk,IND_avg,IND_sd,IND_r1,IND_kr,IND_sk
233,0.2295,0.0155643824,0.2611827777,2.3737056172,0.3118973201,0.2715,0.0231354706,-0.5010186664,1.5038909169,-0.2947123626,0.499,0.028618176,0.0804841792,2.632483105,-0.4753760542,0.499,0.028618176,0.0804841792,2.632483105,-0.4753760542
