Instance,INF_avg,INF_sd,INF_r1,INF_kr,INF_sk,SUP_avg,SUP_sd,SUP_r1,SUP_kr,SUP_sk,INC_avg,INC_sd,INC_r1,INC_kr,INC_sk,IND_avg,IND_sd,IND_r1,IND_kr,IND_sk
210,0.3,0.1026671347,0.2774193548,2.1163708087,0.1685806501,0.1878378378,0.0783317662,0.146525205,2.7914753401,0.0688833299,0.5121621622,0.0925651016,-0.067377451,1.9996947517,-0.1280860004,0.5121621622,0.0925651016,-0.067377451,1.9996947517,-0.1280860004
