Instance,INF_avg,INF_sd,INF_r1,INF_kr,INF_sk,SUP_avg,SUP_sd,SUP_r1,SUP_kr,SUP_sk,INC_avg,INC_sd,INC_r1,INC_kr,INC_sk,IND_avg,IND_sd,IND_r1,IND_kr,IND_sk
292,0.2318181818,0.1292860241,-0.2938464762,2.3548445257,0.6560532703,0.3,0.1243163121,-0.12,2.7024221453,-0.7097644117,0.4681818182,0.1327552897,0.0091360795,2.7399454927,-0.3357302527,0.4681818182,0.1327552897,0.0091360795,2.7399454927,-0.3357302527
