Instance,INF_avg,INF_sd,INF_r1,INF_kr,INF_sk,SUP_avg,SUP_sd,SUP_r1,SUP_kr,SUP_sk,INC_avg,INC_sd,INC_r1,INC_kr,INC_sk,IND_avg,IND_sd,IND_r1,IND_kr,IND_sk
285,0.238,0.0391918359,-0.3561571125,3.1991373698,-1.464750214,0.216,0.0458693798,0.3693479296,1.4649698564,0.0591860826,0.546,0.0355527777,-0.3671572424,1.6276638359,-0.497744584,0.546,0.0355527777,-0.3671572424,1.6276638359,-0.497744584
