Instance,INF_avg,INF_sd,INF_r1,INF_kr,INF_sk,SUP_avg,SUP_sd,SUP_r1,SUP_kr,SUP_sk,INC_avg,INC_sd,INC_r1,INC_kr,INC_sk,IND_avg,IND_sd,IND_r1,IND_kr,IND_sk
24,0.2738,0.0380993438,-0.1928387765,2.752730866,-0.3172070705,0.3132,0.0432407215,0.2440986195,2.246211415,0.2654000821,0.413,0.0488773976,0.0169261564,2.6237754982,-0.4253558869,0.413,0.0488773976,0.0169261564,2.6237754982,-0.4253558869
