Instance,INF_avg,INF_sd,INF_r1,INF_kr,INF_sk,SUP_avg,SUP_sd,SUP_r1,SUP_kr,SUP_sk,INC_avg,INC_sd,INC_r1,INC_kr,INC_sk,IND_avg,IND_sd,IND_r1,IND_kr,IND_sk
187,0.21,0.1044030651,-0.0192837466,6.1995623264,1.9086226528,0.25,0.1118033989,-0.5918367347,3.176,0.6439875775,0.54,0.12,0.143258427,2.4398148148,-0.4583333333,0.54,0.12,0.143258427,2.4398148148,-0.4583333333
