Instance,INF_avg,INF_sd,INF_r1,INF_kr,INF_sk,SUP_avg,SUP_sd,SUP_r1,SUP_kr,SUP_sk,INC_avg,INC_sd,INC_r1,INC_kr,INC_sk,IND_avg,IND_sd,IND_r1,IND_kr,IND_sk
22,0.3,0.0748331477,-0.8181818182,1.993877551,0.3436215967,0.248,0.0574108004,-1.0750708215,1.7447921576,-0.2009026265,0.452,0.0324961536,-0.3345864662,1.4421487603,0.3804646085,0.452,0.0324961536,-0.3345864662,1.4421487603,0.3804646085
