Instance,INF_avg,INF_sd,INF_r1,INF_kr,INF_sk,SUP_avg,SUP_sd,SUP_r1,SUP_kr,SUP_sk,INC_avg,INC_sd,INC_r1,INC_kr,INC_sk,IND_avg,IND_sd,IND_r1,IND_kr,IND_sk
59,0.264,0.0440908154,-0.1317813344,2.2081745669,-0.1982440258,0.232,0.0430813185,0.0657439446,2.5237905024,0.4559340819,0.504,0.0477912126,-0.0068409051,2.9871304529,0.8953129405,0.504,0.0477912126,-0.0068409051,2.9871304529,0.8953129405
