Instance,INF_avg,INF_sd,INF_r1,INF_kr,INF_sk,SUP_avg,SUP_sd,SUP_r1,SUP_kr,SUP_sk,INC_avg,INC_sd,INC_r1,INC_kr,INC_sk,IND_avg,IND_sd,IND_r1,IND_kr,IND_sk
169,0.251,0.0488773976,-0.5710691287,1.8970962033,-0.2198203049,0.295,0.0374833296,0.1087344029,1.8285609351,-0.267734678,0.454,0.0549909083,-0.2379921526,2.2159444025,0.2095584501,0.454,0.0549909083,-0.2379921526,2.2159444025,0.2095584501
