Instance,INF_avg,INF_sd,INF_r1,INF_kr,INF_sk,SUP_avg,SUP_sd,SUP_r1,SUP_kr,SUP_sk,INC_avg,INC_sd,INC_r1,INC_kr,INC_sk,IND_avg,IND_sd,IND_r1,IND_kr,IND_sk
167,0.276,0.1175755077,-0.1836350692,2.3952064043,0.4732183598,0.224,0.1241933976,0.1687781168,2.7328343176,-0.0857984552,0.5,0.1414213562,0.2244897959,2.66,-0.5091168825,0.5,0.1414213562,0.2244897959,2.66,-0.5091168825
