Instance,INF_avg,INF_sd,INF_r1,INF_kr,INF_sk,SUP_avg,SUP_sd,SUP_r1,SUP_kr,SUP_sk,INC_avg,INC_sd,INC_r1,INC_kr,INC_sk,IND_avg,IND_sd,IND_r1,IND_kr,IND_sk
150,0.212,0.1070327053,-0.0910843655,2.2032942168,0.1515748261,0.252,0.1268700122,0.0002531005,2.4308838816,0.2489672742,0.536,0.1763632615,0.0139905976,2.5032420109,0.0135102744,0.536,0.1763632615,0.0139905976,2.5032420109,0.0135102744
