Instance,INF_avg,INF_sd,INF_r1,INF_kr,INF_sk,SUP_avg,SUP_sd,SUP_r1,SUP_kr,SUP_sk,INC_avg,INC_sd,INC_r1,INC_kr,INC_sk,IND_avg,IND_sd,IND_r1,IND_kr,IND_sk
249,0.2614,0.042473992,0.0163429184,2.8803359314,0.2599718765,0.2256,0.0437794472,0.283240743,2.2961243826,0.2515191624,0.513,0.049729267,-0.1024371183,2.8597449298,0.4496323415,0.513,0.049729267,-0.1024371183,2.8597449298,0.4496323415
