Instance,INF_avg,INF_sd,INF_r1,INF_kr,INF_sk,SUP_avg,SUP_sd,SUP_r1,SUP_kr,SUP_sk,INC_avg,INC_sd,INC_r1,INC_kr,INC_sk,IND_avg,IND_sd,IND_r1,IND_kr,IND_sk
128,0.2957894737,0.0749958448,0.0704550917,3.035194593,-0.1887541845,0.1463157895,0.0688917681,0.3295927127,3.2014322336,0.3474736026,0.5578947368,0.0696542046,-0.143537462,4.002820025,0.4545132682,0.5578947368,0.0696542046,-0.143537462,4.002820025,0.4545132682
