Instance,INF_avg,INF_sd,INF_r1,INF_kr,INF_sk,SUP_avg,SUP_sd,SUP_r1,SUP_kr,SUP_sk,INC_avg,INC_sd,INC_r1,INC_kr,INC_sk,IND_avg,IND_sd,IND_r1,IND_kr,IND_sk
271,0.2387,0.0397405335,-0.0648899197,2.6302790337,-0.0673728068,0.2482,0.050840535,-0.099726585,2.6150121829,0.1943795983,0.5131,0.0430974477,-0.0739268771,3.115556278,0.1962114135,0.5131,0.0430974477,-0.0739268771,3.115556278,0.1962114135
