Instance,INF_avg,INF_sd,INF_r1,INF_kr,INF_sk,SUP_avg,SUP_sd,SUP_r1,SUP_kr,SUP_sk,INC_avg,INC_sd,INC_r1,INC_kr,INC_sk,IND_avg,IND_sd,IND_r1,IND_kr,IND_sk
134,0.212,0.0844748483,-0.0714285714,2.2532224658,-0.0707085516,0.232,0.0448998886,0.3926247289,1.2422524565,-0.1315095,0.556,0.0571314274,-0.4516129032,1.664071511,0.2018050709,0.556,0.0571314274,-0.4516129032,1.664071511,0.2018050709
