Instance,INF_avg,INF_sd,INF_r1,INF_kr,INF_sk,SUP_avg,SUP_sd,SUP_r1,SUP_kr,SUP_sk,INC_avg,INC_sd,INC_r1,INC_kr,INC_sk,IND_avg,IND_sd,IND_r1,IND_kr,IND_sk
256,0.23,0.0268328157,0.1158536585,1.8385416667,-0.097827974,0.2296,0.03349388,-0.2794117226,2.1362810226,-0.3245189945,0.5404,0.0295269369,-0.6824506228,2.2326245392,0.02267542,0.5404,0.0295269369,-0.6824506228,2.2326245392,0.02267542
