Instance,INF_avg,INF_sd,INF_r1,INF_kr,INF_sk,SUP_avg,SUP_sd,SUP_r1,SUP_kr,SUP_sk,INC_avg,INC_sd,INC_r1,INC_kr,INC_sk,IND_avg,IND_sd,IND_r1,IND_kr,IND_sk
260,0.27,0.11,-0.11834962,1.7606037839,-0.2885048835,0.17,0.1345362405,-0.6270566728,1.8014407375,0.0640629209,0.56,0.1624807681,-0.2576219512,2.4063360882,0.6602179971,0.56,0.1624807681,-0.2576219512,2.4063360882,0.6602179971
