Instance,INF_avg,INF_sd,INF_r1,INF_kr,INF_sk,SUP_avg,SUP_sd,SUP_r1,SUP_kr,SUP_sk,INC_avg,INC_sd,INC_r1,INC_kr,INC_sk,IND_avg,IND_sd,IND_r1,IND_kr,IND_sk
121,0.16,0.12,-1.025862069,1.3981481481,0.1111111111,0.22,0.0979795897,0.1025641026,2.7291666667,0.8675276172,0.62,0.0748331477,-0.3768115942,1.8469387755,-0.3436215967,0.62,0.0748331477,-0.3768115942,1.8469387755,-0.3436215967
