Instance,INF_avg,INF_sd,INF_r1,INF_kr,INF_sk,SUP_avg,SUP_sd,SUP_r1,SUP_kr,SUP_sk,INC_avg,INC_sd,INC_r1,INC_kr,INC_sk,IND_avg,IND_sd,IND_r1,IND_kr,IND_sk
51,0.218,0.046,0.2060218602,1.9145764917,0.1222980192,0.356,0.0578273292,0.2027455121,1.7022732996,-0.0734739765,0.426,0.0438634244,-0.1678218862,2.8406559446,0.5824163958,0.426,0.0438634244,-0.1678218862,2.8406559446,0.5824163958
