Instance,INF_avg,INF_sd,INF_r1,INF_kr,INF_sk,SUP_avg,SUP_sd,SUP_r1,SUP_kr,SUP_sk,INC_avg,INC_sd,INC_r1,INC_kr,INC_sk,IND_avg,IND_sd,IND_r1,IND_kr,IND_sk
172,0.2775,0.1098578627,0.029007507,3.2088055523,0.3486686035,0.2645,0.0938869,0.0803221018,2.6106550656,-0.1603938204,0.458,0.1156978824,0.0551164487,2.4677150536,-0.1754829277,0.458,0.1156978824,0.0551164487,2.4677150536,-0.1754829277
