Instance,INF_avg,INF_sd,INF_r1,INF_kr,INF_sk,SUP_avg,SUP_sd,SUP_r1,SUP_kr,SUP_sk,INC_avg,INC_sd,INC_r1,INC_kr,INC_sk,IND_avg,IND_sd,IND_r1,IND_kr,IND_sk
32,0.2792,0.0488606181,0.184152432,3.4469007541,0.0576965111,0.2106,0.05445769,0.1829735287,3.3526987008,0.4435962074,0.5102,0.0559817828,-0.0580440174,3.0546768911,-0.1473990878,0.5102,0.0559817828,-0.0580440174,3.0546768911,-0.1473990878
