Instance,INF_avg,INF_sd,INF_r1,INF_kr,INF_sk,SUP_avg,SUP_sd,SUP_r1,SUP_kr,SUP_sk,INC_avg,INC_sd,INC_r1,INC_kr,INC_sk,IND_avg,IND_sd,IND_r1,IND_kr,IND_sk
120,0.24,0.12,0.4444444444,1.3981481481,-0.1111111111,0.34,0.1496662955,-0.5367965368,2.1339285714,0.7301958931,0.42,0.2039607805,-0.1904761905,1.9556213018,-0.2715454179,0.42,0.2039607805,-0.1904761905,1.9556213018,-0.2715454179
