Instance,INF_avg,INF_sd,INF_r1,INF_kr,INF_sk,SUP_avg,SUP_sd,SUP_r1,SUP_kr,SUP_sk,INC_avg,INC_sd,INC_r1,INC_kr,INC_sk,IND_avg,IND_sd,IND_r1,IND_kr,IND_sk
82,0.208,0.1453822548,0.1487462035,2.3802460802,0.2903619476,0.298,0.1435130656,0.1157471965,4.5464311696,0.806410431,0.494,0.1666253282,0.0575366618,2.5559671125,0.3804360974,0.494,0.1666253282,0.0575366618,2.5559671125,0.3804360974
