Instance,INF_avg,INF_sd,INF_r1,INF_kr,INF_sk,SUP_avg,SUP_sd,SUP_r1,SUP_kr,SUP_sk,INC_avg,INC_sd,INC_r1,INC_kr,INC_sk,IND_avg,IND_sd,IND_r1,IND_kr,IND_sk
198,0.24,0.092736185,0.0909090909,2.2733910222,-0.0451393004,0.242,0.1146123903,-0.3646479296,2.8553096177,0.5551306242,0.518,0.0926066952,-0.2910202258,2.0704456379,0.1083663307,0.518,0.0926066952,-0.2910202258,2.0704456379,0.1083663307
