Instance,INF_avg,INF_sd,INF_r1,INF_kr,INF_sk,SUP_avg,SUP_sd,SUP_r1,SUP_kr,SUP_sk,INC_avg,INC_sd,INC_r1,INC_kr,INC_sk,IND_avg,IND_sd,IND_r1,IND_kr,IND_sk
177,0.238,0.0263818119,-0.6543026706,1.8008323424,0.3476794476,0.278,0.0309192497,-0.1674653887,1.448998617,-0.0560239201,0.484,0.0290516781,-0.0977640343,2.550891714,0.5916895198,0.484,0.0290516781,-0.0977640343,2.550891714,0.5916895198
