Instance,INF_avg,INF_sd,INF_r1,INF_kr,INF_sk,SUP_avg,SUP_sd,SUP_r1,SUP_kr,SUP_sk,INC_avg,INC_sd,INC_r1,INC_kr,INC_sk,IND_avg,IND_sd,IND_r1,IND_kr,IND_sk
220,0.284,0.0618384993,-0.2277413308,4.3116717144,1.4566219229,0.278,0.0554616985,-0.1140312454,1.9149335178,-0.2340911887,0.438,0.0635295207,-0.3832626786,2.4055620329,0.7652888541,0.438,0.0635295207,-0.3832626786,2.4055620329,0.7652888541
