Instance,INF_avg,INF_sd,INF_r1,INF_kr,INF_sk,SUP_avg,SUP_sd,SUP_r1,SUP_kr,SUP_sk,INC_avg,INC_sd,INC_r1,INC_kr,INC_sk,IND_avg,IND_sd,IND_r1,IND_kr,IND_sk
106,0.256,0.055479726,0.251514636,2.7317781856,-0.0003513568,0.2661,0.053607742,0.173184823,2.801770141,0.4186275051,0.4779,0.0530715555,0.0425215258,2.917422215,0.0182215895,0.4779,0.0530715555,0.0425215258,2.917422215,0.0182215895
