Instance,INF_avg,INF_sd,INF_r1,INF_kr,INF_sk,SUP_avg,SUP_sd,SUP_r1,SUP_kr,SUP_sk,INC_avg,INC_sd,INC_r1,INC_kr,INC_sk,IND_avg,IND_sd,IND_r1,IND_kr,IND_sk
165,0.22,0.0748331477,-0.5740740741,1.8469387755,-0.3436215967,0.36,0.1854723699,0.7126436782,1.509194159,-0.1579875514,0.42,0.16,0.6234309623,1.4189453125,-0.03515625,0.42,0.16,0.6234309623,1.4189453125,-0.03515625
