Instance,INF_avg,INF_sd,INF_r1,INF_kr,INF_sk,SUP_avg,SUP_sd,SUP_r1,SUP_kr,SUP_sk,INC_avg,INC_sd,INC_r1,INC_kr,INC_sk,IND_avg,IND_sd,IND_r1,IND_kr,IND_sk
179,0.288,0.1505191018,0.1742250855,2.2704263622,0.2748679793,0.208,0.1197330364,0.0511698518,5.4047901387,1.5237022757,0.504,0.1660843159,0.2035778092,2.346251366,-0.3254713376,0.504,0.1660843159,0.2035778092,2.346251366,-0.3254713376
