Instance,INF_avg,INF_sd,INF_r1,INF_kr,INF_sk,SUP_avg,SUP_sd,SUP_r1,SUP_kr,SUP_sk,INC_avg,INC_sd,INC_r1,INC_kr,INC_sk,IND_avg,IND_sd,IND_r1,IND_kr,IND_sk
297,0.217,0.020880613,0.7204399633,1.8612280111,0.3598439117,0.254,0.0247790234,0.5855379189,2.3341414763,-0.7678292375,0.529,0.008,-0.1055276382,1.4189453125,0.03515625,0.529,0.008,-0.1055276382,1.4189453125,0.03515625
