Instance,INF_avg,INF_sd,INF_r1,INF_kr,INF_sk,SUP_avg,SUP_sd,SUP_r1,SUP_kr,SUP_sk,INC_avg,INC_sd,INC_r1,INC_kr,INC_sk,IND_avg,IND_sd,IND_r1,IND_kr,IND_sk
209,0.2512,0.0726812218,-0.0363101132,2.8011868334,0.5508658912,0.376,0.0711055553,0.0855608134,2.8992148694,0.1591500923,0.3728,0.0592972175,-0.4337292456,2.7352750971,0.2049046067,0.3728,0.0592972175,-0.4337292456,2.7352750971,0.2049046067
