Instance,INF_avg,INF_sd,INF_r1,INF_kr,INF_sk,SUP_avg,SUP_sd,SUP_r1,SUP_kr,SUP_sk,INC_avg,INC_sd,INC_r1,INC_kr,INC_sk,IND_avg,IND_sd,IND_r1,IND_kr,IND_sk
233,0.2417,0.026638506,-0.0368137522,2.6444222824,-0.3624526289,0.2165,0.0265188612,-0.2067527078,3.1556126405,0.6219774765,0.5418,0.0351533782,-0.2520677281,2.6082394228,0.3590160037,0.5418,0.0351533782,-0.2520677281,2.6082394228,0.3590160037
