Instance,INF_avg,INF_sd,INF_r1,INF_kr,INF_sk,SUP_avg,SUP_sd,SUP_r1,SUP_kr,SUP_sk,INC_avg,INC_sd,INC_r1,INC_kr,INC_sk,IND_avg,IND_sd,IND_r1,IND_kr,IND_sk
22,0.2934782609,0.074168357,-0.0923684571,2.3341348709,0.1046264663,0.2097826087,0.0777534881,-0.185678307,2.7549838756,-0.3967812615,0.4967391304,0.085593944,0.0510931464,2.4642219091,-0.3666548821,0.4967391304,0.085593944,0.0510931464,2.4642219091,-0.3666548821
