Instance,INF_avg,INF_sd,INF_r1,INF_kr,INF_sk,SUP_avg,SUP_sd,SUP_r1,SUP_kr,SUP_sk,INC_avg,INC_sd,INC_r1,INC_kr,INC_sk,IND_avg,IND_sd,IND_r1,IND_kr,IND_sk
22,0.2586,0.0255742058,0.2508055272,2.2559665746,0.1497446557,0.2422,0.0322979876,0.0657149907,2.8667055613,0.2822481549,0.4992,0.0313745119,0.0650547815,2.6321809341,-0.0086460822,0.4992,0.0313745119,0.0650547815,2.6321809341,-0.0086460822
