Instance,INF_avg,INF_sd,INF_r1,INF_kr,INF_sk,SUP_avg,SUP_sd,SUP_r1,SUP_kr,SUP_sk,INC_avg,INC_sd,INC_r1,INC_kr,INC_sk,IND_avg,IND_sd,IND_r1,IND_kr,IND_sk
170,0.3792941176,0.1048672913,0.5795114661,2.6413803108,0.3235435256,0.1235294118,0.073639917,0.6608499868,3.0623428836,0.5709373608,0.4971764706,0.0770120199,0.0475655389,2.9649656752,0.3350582173,0.4971764706,0.0770120199,0.0475655389,2.9649656752,0.3350582173
