Instance,INF_avg,INF_sd,INF_r1,INF_kr,INF_sk,SUP_avg,SUP_sd,SUP_r1,SUP_kr,SUP_sk,INC_avg,INC_sd,INC_r1,INC_kr,INC_sk,IND_avg,IND_sd,IND_r1,IND_kr,IND_sk
151,0.249,0.0391024296,-0.0543874622,2.1860241993,0.2456696096,0.247,0.040012498,-0.10080822,2.02781483,0.4360911007,0.504,0.0504380809,0.3758967001,1.7522101578,0.3679086012,0.504,0.0504380809,0.3758967001,1.7522101578,0.3679086012
