Instance,INF_avg,INF_sd,INF_r1,INF_kr,INF_sk,SUP_avg,SUP_sd,SUP_r1,SUP_kr,SUP_sk,INC_avg,INC_sd,INC_r1,INC_kr,INC_sk,IND_avg,IND_sd,IND_r1,IND_kr,IND_sk
164,0.2522,0.0566317932,-0.0960260462,2.5946406615,0.5254834326,0.248,0.0621610811,-0.0636924102,2.7316590152,0.1027185026,0.4998,0.0760260482,-0.0437465593,2.7322381969,-0.1233696431,0.4998,0.0760260482,-0.0437465593,2.7322381969,-0.1233696431
