Instance,INF_avg,INF_sd,INF_r1,INF_kr,INF_sk,SUP_avg,SUP_sd,SUP_r1,SUP_kr,SUP_sk,INC_avg,INC_sd,INC_r1,INC_kr,INC_sk,IND_avg,IND_sd,IND_r1,IND_kr,IND_sk
252,0.192,0.1163443166,-0.1503357609,2.1085206982,0.3082071998,0.272,0.1183891887,-0.2243778365,4.0858353662,0.2647409455,0.536,0.1670449041,-0.2673250793,2.0533677721,-0.2703772249,0.536,0.1670449041,-0.2673250793,2.0533677721,-0.2703772249
