Instance,INF_avg,INF_sd,INF_r1,INF_kr,INF_sk,SUP_avg,SUP_sd,SUP_r1,SUP_kr,SUP_sk,INC_avg,INC_sd,INC_r1,INC_kr,INC_sk,IND_avg,IND_sd,IND_r1,IND_kr,IND_sk
149,0.2439,0.0264062493,0.1620185709,2.4416775724,0.121919879,0.2422,0.0272058817,-0.0128324176,3.886240252,-0.3595773912,0.5139,0.0279873186,-0.0400231224,2.6373603589,-0.2274550462,0.5139,0.0279873186,-0.0400231224,2.6373603589,-0.2274550462
