Instance,INF_avg,INF_sd,INF_r1,INF_kr,INF_sk,SUP_avg,SUP_sd,SUP_r1,SUP_kr,SUP_sk,INC_avg,INC_sd,INC_r1,INC_kr,INC_sk,IND_avg,IND_sd,IND_r1,IND_kr,IND_sk
203,0.26,0.1574801575,-0.0717797443,2.9646201873,0.4608875577,0.254,0.1374190671,0.0724444966,3.0321006418,0.1245954917,0.486,0.1510099334,-0.1578906741,2.8715161233,0.3428102964,0.486,0.1510099334,-0.1578906741,2.8715161233,0.3428102964
