Instance,INF_avg,INF_sd,INF_r1,INF_kr,INF_sk,SUP_avg,SUP_sd,SUP_r1,SUP_kr,SUP_sk,INC_avg,INC_sd,INC_r1,INC_kr,INC_sk,IND_avg,IND_sd,IND_r1,IND_kr,IND_sk
274,0.227,0.0222710575,0.4088176353,2.0793444329,0.6170311183,0.263,0.0211187121,0.092039801,2.2532224658,-0.0707085516,0.51,0.0202484567,-0.6025641026,1.6314693635,-0.108409346,0.51,0.0202484567,-0.6025641026,1.6314693635,-0.108409346
