Instance,INF_avg,INF_sd,INF_r1,INF_kr,INF_sk,SUP_avg,SUP_sd,SUP_r1,SUP_kr,SUP_sk,INC_avg,INC_sd,INC_r1,INC_kr,INC_sk,IND_avg,IND_sd,IND_r1,IND_kr,IND_sk
147,0.2615,0.0295508037,0.0433517902,2.6097776511,0.053070618,0.235,0.0297489496,-0.0028653295,2.2957962271,-0.1561086312,0.5035,0.0336637788,-0.0463328893,2.3752099283,0.0049935153,0.5035,0.0336637788,-0.0463328893,2.3752099283,0.0049935153
