Instance,INF_avg,INF_sd,INF_r1,INF_kr,INF_sk,SUP_avg,SUP_sd,SUP_r1,SUP_kr,SUP_sk,INC_avg,INC_sd,INC_r1,INC_kr,INC_sk,IND_avg,IND_sd,IND_r1,IND_kr,IND_sk
113,0.3352941176,0.1197604298,0.1010688168,4.0044256673,0.5543067984,0.2147058824,0.1369464321,0.2779839503,2.9297514331,0.5154441355,0.45,0.1224744871,-0.2244897959,2.2843137255,0.3362044745,0.45,0.1224744871,-0.2244897959,2.2843137255,0.3362044745
