Instance,INF_avg,INF_sd,INF_r1,INF_kr,INF_sk,SUP_avg,SUP_sd,SUP_r1,SUP_kr,SUP_sk,INC_avg,INC_sd,INC_r1,INC_kr,INC_sk,IND_avg,IND_sd,IND_r1,IND_kr,IND_sk
92,0.2455,0.0964611321,-0.1468866354,3.4418729354,0.5453256525,0.3035,0.0959830714,0.1068412474,2.7038966636,-0.3115873662,0.451,0.1007422454,-0.115196468,2.8332005935,-0.0640120154,0.451,0.1007422454,-0.115196468,2.8332005935,-0.0640120154
