Instance,INF_avg,INF_sd,INF_r1,INF_kr,INF_sk,SUP_avg,SUP_sd,SUP_r1,SUP_kr,SUP_sk,INC_avg,INC_sd,INC_r1,INC_kr,INC_sk,IND_avg,IND_sd,IND_r1,IND_kr,IND_sk
120,0.256,0.1061319933,0.0030894216,4.0013881715,0.1439031417,0.344,0.1298614646,0.1641952009,3.7635626816,0.6798077871,0.4,0.1166190379,0.12,3.0709342561,-0.151322281,0.4,0.1166190379,0.12,3.0709342561,-0.151322281
