Instance,INF_avg,INF_sd,INF_r1,INF_kr,INF_sk,SUP_avg,SUP_sd,SUP_r1,SUP_kr,SUP_sk,INC_avg,INC_sd,INC_r1,INC_kr,INC_sk,IND_avg,IND_sd,IND_r1,IND_kr,IND_sk
129,0.29,0.12,-0.3675213675,1.9696180556,-0.2413194444,0.205,0.0788986692,-0.1374014114,2.2789471138,-0.6230349258,0.505,0.1233896268,-0.2480084971,2.7358020497,-0.3545179891,0.505,0.1233896268,-0.2480084971,2.7358020497,-0.3545179891
