Instance,INF_avg,INF_sd,INF_r1,INF_kr,INF_sk,SUP_avg,SUP_sd,SUP_r1,SUP_kr,SUP_sk,INC_avg,INC_sd,INC_r1,INC_kr,INC_sk,IND_avg,IND_sd,IND_r1,IND_kr,IND_sk
188,0.2758,0.0525391283,0.0593822242,2.4388000567,0.0934628213,0.3306,0.0516298363,-0.0143137318,2.1858148713,0.1757046935,0.3936,0.0442610438,-0.0847155537,2.6692840027,0.1291179918,0.3936,0.0442610438,-0.0847155537,2.6692840027,0.1291179918
