Instance,INF_avg,INF_sd,INF_r1,INF_kr,INF_sk,SUP_avg,SUP_sd,SUP_r1,SUP_kr,SUP_sk,INC_avg,INC_sd,INC_r1,INC_kr,INC_sk,IND_avg,IND_sd,IND_r1,IND_kr,IND_sk
5,0.234,0.1055651458,-0.1656406338,2.8779888057,0.3731734858,0.264,0.1024890238,-0.0497351744,2.2344691233,-0.2683697188,0.502,0.1099818167,0.0826598235,2.7058413643,-0.8400739316,0.502,0.1099818167,0.0826598235,2.7058413643,-0.8400739316
