Instance,INF_avg,INF_sd,INF_r1,INF_kr,INF_sk,SUP_avg,SUP_sd,SUP_r1,SUP_kr,SUP_sk,INC_avg,INC_sd,INC_r1,INC_kr,INC_sk,IND_avg,IND_sd,IND_r1,IND_kr,IND_sk
91,0.2235,0.0925891462,0.0517363069,2.3011436533,0.137189452,0.279,0.0949157521,-0.0073751276,2.6364067353,0.1132364071,0.4975,0.1129988938,-0.0236486984,3.0155238007,-0.0211169923,0.4975,0.1129988938,-0.0236486984,3.0155238007,-0.0211169923
