Instance,INF_avg,INF_sd,INF_r1,INF_kr,INF_sk,SUP_avg,SUP_sd,SUP_r1,SUP_kr,SUP_sk,INC_avg,INC_sd,INC_r1,INC_kr,INC_sk,IND_avg,IND_sd,IND_r1,IND_kr,IND_sk
145,0.2292,0.0593241941,0.4798748392,2.1829744227,0.2688289919,0.2772,0.0381072172,-0.3310664516,1.7948208663,0.0336134937,0.4936,0.055489098,0.525566304,2.6165349094,0.2215921186,0.4936,0.055489098,0.525566304,2.6165349094,0.2215921186
