Instance,INF_avg,INF_sd,INF_r1,INF_kr,INF_sk,SUP_avg,SUP_sd,SUP_r1,SUP_kr,SUP_sk,INC_avg,INC_sd,INC_r1,INC_kr,INC_sk,IND_avg,IND_sd,IND_r1,IND_kr,IND_sk
240,0.24,0.0657267069,-0.1338582677,2.183127572,-0.0676200688,0.256,0.0486621002,0.0191674154,2.6659970782,0.1332964762,0.504,0.06596969,0.0755993528,1.9571799308,-0.0561755308,0.504,0.06596969,0.0755993528,1.9571799308,-0.0561755308
