Instance,INF_avg,INF_sd,INF_r1,INF_kr,INF_sk,SUP_avg,SUP_sd,SUP_r1,SUP_kr,SUP_sk,INC_avg,INC_sd,INC_r1,INC_kr,INC_sk,IND_avg,IND_sd,IND_r1,IND_kr,IND_sk
276,0.288,0.1511820095,0.0459936733,3.3927658231,0.4469921989,0.224,0.1429125607,-0.035936496,3.9337909411,0.8070476783,0.488,0.1451068572,0.0291055792,3.3786336739,-0.517206102,0.488,0.1451068572,0.0291055792,3.3786336739,-0.517206102
