Instance,INF_avg,INF_sd,INF_r1,INF_kr,INF_sk,SUP_avg,SUP_sd,SUP_r1,SUP_kr,SUP_sk,INC_avg,INC_sd,INC_r1,INC_kr,INC_sk,IND_avg,IND_sd,IND_r1,IND_kr,IND_sk
23,0.2536,0.0387819546,0.0729597147,3.2817920672,0.7151549843,0.2704,0.0378132252,0.2261075914,2.8035314917,0.6071025178,0.476,0.0361662826,0.0949675949,2.8626273041,-0.0757840034,0.476,0.0361662826,0.0949675949,2.8626273041,-0.0757840034
