Instance,INF_avg,INF_sd,INF_r1,INF_kr,INF_sk,SUP_avg,SUP_sd,SUP_r1,SUP_kr,SUP_sk,INC_avg,INC_sd,INC_r1,INC_kr,INC_sk,IND_avg,IND_sd,IND_r1,IND_kr,IND_sk
22,0.2228,0.0396252445,0.0735224813,2.3442715328,-0.0024317089,0.2922,0.0496503776,0.1100531228,2.9495833048,-0.1493568853,0.485,0.0475499737,-0.0390357182,2.3343001858,-0.0887355266,0.485,0.0475499737,-0.0390357182,2.3343001858,-0.0887355266
