Instance,INF_avg,INF_sd,INF_r1,INF_kr,INF_sk,SUP_avg,SUP_sd,SUP_r1,SUP_kr,SUP_sk,INC_avg,INC_sd,INC_r1,INC_kr,INC_sk,IND_avg,IND_sd,IND_r1,IND_kr,IND_sk
268,0.2384,0.0323950614,-0.0283224672,2.4023795957,0.4983254658,0.2442,0.0245226426,-0.2177845462,2.9838369732,0.5237546169,0.5174,0.0289523747,-0.1858672053,2.9354301222,-0.249253879,0.5174,0.0289523747,-0.1858672053,2.9354301222,-0.249253879
