Instance,INF_avg,INF_sd,INF_r1,INF_kr,INF_sk,SUP_avg,SUP_sd,SUP_r1,SUP_kr,SUP_sk,INC_avg,INC_sd,INC_r1,INC_kr,INC_sk,IND_avg,IND_sd,IND_r1,IND_kr,IND_sk
80,0.303,0.1512977197,-0.0481889973,2.6742786714,0.347626396,0.256,0.1423516772,-0.0422511835,2.3881149404,0.2634778512,0.441,0.1523778199,0.1043086881,2.7491072971,-0.3207570837,0.441,0.1523778199,0.1043086881,2.7491072971,-0.3207570837
