Instance,INF_avg,INF_sd,INF_r1,INF_kr,INF_sk,SUP_avg,SUP_sd,SUP_r1,SUP_kr,SUP_sk,INC_avg,INC_sd,INC_r1,INC_kr,INC_sk,IND_avg,IND_sd,IND_r1,IND_kr,IND_sk
262,0.2727272727,0.1420045396,0.2300231921,2.873589089,0.3927688714,0.2409090909,0.1302413526,0.0293057104,2.4838029141,0.3229016174,0.4863636364,0.1631938461,-0.0631768316,2.576926202,-0.6586210192,0.4863636364,0.1631938461,-0.0631768316,2.576926202,-0.6586210192
