Instance,INF_avg,INF_sd,INF_r1,INF_kr,INF_sk,SUP_avg,SUP_sd,SUP_r1,SUP_kr,SUP_sk,INC_avg,INC_sd,INC_r1,INC_kr,INC_sk,IND_avg,IND_sd,IND_r1,IND_kr,IND_sk
127,0.232,0.0507543102,0.0068707058,3.2516878207,0.4155936242,0.228,0.0545527268,-0.3344988345,2.3633368019,0.9366493153,0.54,0.0529150262,-0.4098360656,2.0040816327,-0.388763458,0.54,0.0529150262,-0.4098360656,2.0040816327,-0.388763458
