Instance,INF_avg,INF_sd,INF_r1,INF_kr,INF_sk,SUP_avg,SUP_sd,SUP_r1,SUP_kr,SUP_sk,INC_avg,INC_sd,INC_r1,INC_kr,INC_sk,IND_avg,IND_sd,IND_r1,IND_kr,IND_sk
90,0.232,0.1310572394,-0.0833945421,2.584326675,0.3279978502,0.256,0.1003194896,0.2340942752,3.1841890754,-0.2242121234,0.512,0.1227028932,-0.0264288144,2.9314513807,0.5013795603,0.512,0.1227028932,-0.0264288144,2.9314513807,0.5013795603
