Instance,INF_avg,INF_sd,INF_r1,INF_kr,INF_sk,SUP_avg,SUP_sd,SUP_r1,SUP_kr,SUP_sk,INC_avg,INC_sd,INC_r1,INC_kr,INC_sk,IND_avg,IND_sd,IND_r1,IND_kr,IND_sk
125,0.228,0.0574108004,-0.2163561077,2.6779621076,-1.114096383,0.228,0.0466476152,-0.5458579882,1.5469290657,-0.1097086537,0.544,0.0496386946,-0.0422343324,2.0324675325,-0.621634858,0.544,0.0496386946,-0.0422343324,2.0324675325,-0.621634858
