Instance,INF_avg,INF_sd,INF_r1,INF_kr,INF_sk,SUP_avg,SUP_sd,SUP_r1,SUP_kr,SUP_sk,INC_avg,INC_sd,INC_r1,INC_kr,INC_sk,IND_avg,IND_sd,IND_r1,IND_kr,IND_sk
29,0.32,0.1135781669,-0.2019152735,4.5291148368,0.3194193986,0.225,0.0855862138,-0.055258467,2.0177870447,-0.107669409,0.455,0.1167261753,-0.2127792705,3.2833364195,-0.1867461611,0.455,0.1167261753,-0.2127792705,3.2833364195,-0.1867461611
