Instance,INF_avg,INF_sd,INF_r1,INF_kr,INF_sk,SUP_avg,SUP_sd,SUP_r1,SUP_kr,SUP_sk,INC_avg,INC_sd,INC_r1,INC_kr,INC_sk,IND_avg,IND_sd,IND_r1,IND_kr,IND_sk
228,0.2686,0.0612049018,0.0381923404,2.9062324968,0.147578074,0.2586,0.0566572149,-0.0003776085,2.4481017186,-0.1902167571,0.4728,0.0736760477,-0.1920184136,2.9515120399,0.1356790727,0.4728,0.0736760477,-0.1920184136,2.9515120399,0.1356790727
