Instance,INF_avg,INF_sd,INF_r1,INF_kr,INF_sk,SUP_avg,SUP_sd,SUP_r1,SUP_kr,SUP_sk,INC_avg,INC_sd,INC_r1,INC_kr,INC_sk,IND_avg,IND_sd,IND_r1,IND_kr,IND_sk
126,0.246,0.1417180299,0.062146735,2.598176565,0.0811842914,0.226,0.1269803134,-0.0984962574,2.2317191235,0.1781510957,0.528,0.1530228741,0.0833965591,3.1367580258,-0.4601762496,0.528,0.1530228741,0.0833965591,3.1367580258,-0.4601762496
