Instance,INF_avg,INF_sd,INF_r1,INF_kr,INF_sk,SUP_avg,SUP_sd,SUP_r1,SUP_kr,SUP_sk,INC_avg,INC_sd,INC_r1,INC_kr,INC_sk,IND_avg,IND_sd,IND_r1,IND_kr,IND_sk
259,0.236,0.0557135531,-0.3522012579,2.190509087,-0.6261779404,0.244,0.0293938769,0.4017094017,1.5781893004,-0.3477670622,0.52,0.0438178046,-0.65,1.5625,0.1141088661,0.52,0.0438178046,-0.65,1.5625,0.1141088661
