Instance,INF_avg,INF_sd,INF_r1,INF_kr,INF_sk,SUP_avg,SUP_sd,SUP_r1,SUP_kr,SUP_sk,INC_avg,INC_sd,INC_r1,INC_kr,INC_sk,IND_avg,IND_sd,IND_r1,IND_kr,IND_sk
31,0.25,0.162788206,0.4035087719,2.9138483446,0.5563427473,0.33,0.1345362405,-0.5144418423,2.2409877598,-0.5568546201,0.42,0.16,0.0976821192,3.6528320313,0.990234375,0.42,0.16,0.0976821192,3.6528320313,0.990234375
