Instance,INF_avg,INF_sd,INF_r1,INF_kr,INF_sk,SUP_avg,SUP_sd,SUP_r1,SUP_kr,SUP_sk,INC_avg,INC_sd,INC_r1,INC_kr,INC_sk,IND_avg,IND_sd,IND_r1,IND_kr,IND_sk
48,0.2936,0.0824077666,0.4258608735,3.985905052,0.8292736817,0.4348,0.0742762412,0.2282929276,2.8879054135,0.2099794602,0.2716,0.0695229459,0.3080327423,3.2548592736,0.0971190299,0.2716,0.0695229459,0.3080327423,3.2548592736,0.0971190299
