Instance,INF_avg,INF_sd,INF_r1,INF_kr,INF_sk,SUP_avg,SUP_sd,SUP_r1,SUP_kr,SUP_sk,INC_avg,INC_sd,INC_r1,INC_kr,INC_sk,IND_avg,IND_sd,IND_r1,IND_kr,IND_sk
228,0.265,0.1003742995,-0.079088644,3.1658651922,0.0823221416,0.243,0.099,-0.0163246607,3.0233698035,0.5036220794,0.492,0.1090229334,-0.0693422798,2.7501399591,-0.2116176428,0.492,0.1090229334,-0.0693422798,2.7501399591,-0.2116176428
