Instance,INF_avg,INF_sd,INF_r1,INF_kr,INF_sk,SUP_avg,SUP_sd,SUP_r1,SUP_kr,SUP_sk,INC_avg,INC_sd,INC_r1,INC_kr,INC_sk,IND_avg,IND_sd,IND_r1,IND_kr,IND_sk
106,0.215,0.0294108823,-0.3886792453,1.8211433726,-0.2830142709,0.28,0.0376828874,-0.0709219858,2.1295377901,0.1345550432,0.505,0.0338378486,-0.1454005935,1.8982284853,-0.1703474769,0.505,0.0338378486,-0.1454005935,1.8982284853,-0.1703474769
