Instance,INF_avg,INF_sd,INF_r1,INF_kr,INF_sk,SUP_avg,SUP_sd,SUP_r1,SUP_kr,SUP_sk,INC_avg,INC_sd,INC_r1,INC_kr,INC_sk,IND_avg,IND_sd,IND_r1,IND_kr,IND_sk
26,0.2784,0.07198222,0.1610212487,3.7800333437,1.0919733784,0.248,0.0656048779,0.1533368053,2.8921518498,0.3066686466,0.4736,0.063679196,-0.0012455533,2.8593376353,-0.3617089221,0.4736,0.063679196,-0.0012455533,2.8593376353,-0.3617089221
