Instance,INF_avg,INF_sd,INF_r1,INF_kr,INF_sk,SUP_avg,SUP_sd,SUP_r1,SUP_kr,SUP_sk,INC_avg,INC_sd,INC_r1,INC_kr,INC_sk,IND_avg,IND_sd,IND_r1,IND_kr,IND_sk
144,0.273,0.0426145515,0.2727673406,2.8702077956,0.3515272526,0.257,0.0423202079,0.7809724522,1.8797869863,0.4079530195,0.47,0.0441021541,0.275862069,2.0074873943,-0.5814381184,0.47,0.0441021541,0.275862069,2.0074873943,-0.5814381184
