Instance,INF_avg,INF_sd,INF_r1,INF_kr,INF_sk,SUP_avg,SUP_sd,SUP_r1,SUP_kr,SUP_sk,INC_avg,INC_sd,INC_r1,INC_kr,INC_sk,IND_avg,IND_sd,IND_r1,IND_kr,IND_sk
195,0.224,0.048,-0.1751326763,2.2879050926,0.5885416667,0.242,0.066,-0.1923112638,2.161305011,-0.2551131146,0.534,0.0759210116,-0.1050221455,2.181506597,0.6927832846,0.534,0.0759210116,-0.1050221455,2.181506597,0.6927832846
