Instance,INF_avg,INF_sd,INF_r1,INF_kr,INF_sk,SUP_avg,SUP_sd,SUP_r1,SUP_kr,SUP_sk,INC_avg,INC_sd,INC_r1,INC_kr,INC_sk,IND_avg,IND_sd,IND_r1,IND_kr,IND_sk
236,0.23,0.1315294644,-0.0363882194,2.6043302483,0.4113454464,0.273,0.1391797399,0.1220690663,2.409161013,0.1108042944,0.497,0.1532677396,-3.8956e-06,2.6408068889,0.2670377374,0.497,0.1532677396,-3.8956e-06,2.6408068889,0.2670377374
