Instance,INF_avg,INF_sd,INF_r1,INF_kr,INF_sk,SUP_avg,SUP_sd,SUP_r1,SUP_kr,SUP_sk,INC_avg,INC_sd,INC_r1,INC_kr,INC_sk,IND_avg,IND_sd,IND_r1,IND_kr,IND_sk
30,0.2288,0.0324123433,0.1931685065,2.1128323861,0.199222396,0.2904,0.0438616005,-0.1174497539,3.1800986351,0.5903025986,0.4808,0.057195804,-0.0200403197,2.9061636501,-0.2634401455,0.4808,0.057195804,-0.0200403197,2.9061636501,-0.2634401455
