Instance,INF_avg,INF_sd,INF_r1,INF_kr,INF_sk,SUP_avg,SUP_sd,SUP_r1,SUP_kr,SUP_sk,INC_avg,INC_sd,INC_r1,INC_kr,INC_sk,IND_avg,IND_sd,IND_r1,IND_kr,IND_sk
200,0.263,0.0291204396,-0.1030942468,5.0443885724,1.0924052397,0.2226,0.0274634302,-0.1281879037,2.1182294176,0.2570410095,0.5144,0.0308,-0.3273861351,2.6097298239,-0.4995953195,0.5144,0.0308,-0.3273861351,2.6097298239,-0.4995953195
