Instance,INF_avg,INF_sd,INF_r1,INF_kr,INF_sk,SUP_avg,SUP_sd,SUP_r1,SUP_kr,SUP_sk,INC_avg,INC_sd,INC_r1,INC_kr,INC_sk,IND_avg,IND_sd,IND_r1,IND_kr,IND_sk
300,0.28,0.0419523539,-0.9444444444,1.3429752066,0.3900528774,0.244,0.0293938769,-0.1904761905,1.1666666667,0.4082482905,0.476,0.0344093011,-0.4769647696,2.6519357195,1.017952296,0.476,0.0344093011,-0.4769647696,2.6519357195,1.017952296
