Instance,INF_avg,INF_sd,INF_r1,INF_kr,INF_sk,SUP_avg,SUP_sd,SUP_r1,SUP_kr,SUP_sk,INC_avg,INC_sd,INC_r1,INC_kr,INC_sk,IND_avg,IND_sd,IND_r1,IND_kr,IND_sk
243,0.2789,0.0444273564,0.1992326309,3.0291780495,0.17635751,0.2544,0.0542645372,0.3467553808,3.3396051178,0.4618923996,0.4667,0.0574639887,0.2654127207,3.4360684717,0.3291490496,0.4667,0.0574639887,0.2654127207,3.4360684717,0.3291490496
