Instance,INF_avg,INF_sd,INF_r1,INF_kr,INF_sk,SUP_avg,SUP_sd,SUP_r1,SUP_kr,SUP_sk,INC_avg,INC_sd,INC_r1,INC_kr,INC_sk,IND_avg,IND_sd,IND_r1,IND_kr,IND_sk
289,0.268,0.117371206,-0.0224259061,3.0247180371,0.2691956562,0.19,0.1389244399,0.0465333195,2.3968697146,0.5818199851,0.542,0.1415485782,0.0258350699,2.8653656798,-0.0911910654,0.542,0.1415485782,0.0258350699,2.8653656798,-0.0911910654
