Instance,INF_avg,INF_sd,INF_r1,INF_kr,INF_sk,SUP_avg,SUP_sd,SUP_r1,SUP_kr,SUP_sk,INC_avg,INC_sd,INC_r1,INC_kr,INC_sk,IND_avg,IND_sd,IND_r1,IND_kr,IND_sk
202,0.2535,0.0460081515,-0.0930084573,3.1177020997,0.0453984181,0.2661,0.0414220956,-0.056082977,2.3687493983,0.3048201633,0.4804,0.049938362,-0.0616278033,2.9095761123,0.1227520359,0.4804,0.049938362,-0.0616278033,2.9095761123,0.1227520359
