Instance,INF_avg,INF_sd,INF_r1,INF_kr,INF_sk,SUP_avg,SUP_sd,SUP_r1,SUP_kr,SUP_sk,INC_avg,INC_sd,INC_r1,INC_kr,INC_sk,IND_avg,IND_sd,IND_r1,IND_kr,IND_sk
280,0.239,0.1333379166,0.0542558767,2.6116107989,0.3756569785,0.207,0.1185369141,-0.0472217734,2.5158116041,0.2609245126,0.554,0.1583792916,0.0267663202,2.6469805386,0.1155179219,0.554,0.1583792916,0.0267663202,2.6469805386,0.1155179219
