Instance,INF_avg,INF_sd,INF_r1,INF_kr,INF_sk,SUP_avg,SUP_sd,SUP_r1,SUP_kr,SUP_sk,INC_avg,INC_sd,INC_r1,INC_kr,INC_sk,IND_avg,IND_sd,IND_r1,IND_kr,IND_sk
97,0.2326,0.0328137166,0.1997512608,3.1499859667,0.2359444541,0.26025,0.0314434015,0.376019437,2.4065944916,-0.0757624848,0.50715,0.0389117913,0.3758227296,3.2585934321,0.2723759983,0.50715,0.0389117913,0.3758227296,3.2585934321,0.2723759983
