Instance,INF_avg,INF_sd,INF_r1,INF_kr,INF_sk,SUP_avg,SUP_sd,SUP_r1,SUP_kr,SUP_sk,INC_avg,INC_sd,INC_r1,INC_kr,INC_sk,IND_avg,IND_sd,IND_r1,IND_kr,IND_sk
52,0.2706,0.1068346386,0.6543340235,2.5207063202,0.227359008,0.1914,0.1068833008,0.4001166391,3.2036145217,0.7195152759,0.538,0.0902219485,0.5346237125,2.518308713,-0.0110456514,0.538,0.0902219485,0.5346237125,2.518308713,-0.0110456514
