Instance,INF_avg,INF_sd,INF_r1,INF_kr,INF_sk,SUP_avg,SUP_sd,SUP_r1,SUP_kr,SUP_sk,INC_avg,INC_sd,INC_r1,INC_kr,INC_sk,IND_avg,IND_sd,IND_r1,IND_kr,IND_sk
175,0.282,0.0915204895,0.0315583369,2.7205674283,-0.0089541068,0.286,0.0854634425,-0.1982924752,1.9377286103,0.0072281631,0.432,0.1147867588,0.0060174921,2.8120936338,0.1668414037,0.432,0.1147867588,0.0060174921,2.8120936338,0.1668414037
