Instance,INF_avg,INF_sd,INF_r1,INF_kr,INF_sk,SUP_avg,SUP_sd,SUP_r1,SUP_kr,SUP_sk,INC_avg,INC_sd,INC_r1,INC_kr,INC_sk,IND_avg,IND_sd,IND_r1,IND_kr,IND_sk
134,0.236,0.0640624695,0.0497847803,2.6676983231,-0.6081417814,0.274,0.1059433811,0.004448903,2.6284351982,0.1160936945,0.49,0.1174734012,-0.0930704552,2.4892879647,-0.1295390373,0.49,0.1174734012,-0.0930704552,2.4892879647,-0.1295390373
