Instance,INF_avg,INF_sd,INF_r1,INF_kr,INF_sk,SUP_avg,SUP_sd,SUP_r1,SUP_kr,SUP_sk,INC_avg,INC_sd,INC_r1,INC_kr,INC_sk,IND_avg,IND_sd,IND_r1,IND_kr,IND_sk
238,0.4867676768,0.1107442981,0.8937004529,1.9773706789,-0.2812036161,0.0781818182,0.0594437793,0.8779892255,2.8210349865,0.8710822931,0.4350505051,0.0616174863,0.685844595,2.5816348323,0.1288909909,0.4350505051,0.0616174863,0.685844595,2.5816348323,0.1288909909
