Instance,INF_avg,INF_sd,INF_r1,INF_kr,INF_sk,SUP_avg,SUP_sd,SUP_r1,SUP_kr,SUP_sk,INC_avg,INC_sd,INC_r1,INC_kr,INC_sk,IND_avg,IND_sd,IND_r1,IND_kr,IND_sk
50,0.254,0.1268227109,-0.1889373138,2.5980969346,0.2632236795,0.282,0.1465469208,-0.1474872284,2.3674334227,0.122499649,0.464,0.1729277306,-0.0921444061,2.5318807235,0.0998385132,0.464,0.1729277306,-0.0921444061,2.5318807235,0.0998385132
