Instance,INF_avg,INF_sd,INF_r1,INF_kr,INF_sk,SUP_avg,SUP_sd,SUP_r1,SUP_kr,SUP_sk,INC_avg,INC_sd,INC_r1,INC_kr,INC_sk,IND_avg,IND_sd,IND_r1,IND_kr,IND_sk
57,0.2893,0.0470160611,0.2345211224,2.9473955967,-0.2233012955,0.2148,0.0529051982,0.4752051479,2.4297312349,0.3097280419,0.4959,0.0504201349,0.152780423,3.1713119725,0.0919650659,0.4959,0.0504201349,0.152780423,3.1713119725,0.0919650659
