Instance,INF_avg,INF_sd,INF_r1,INF_kr,INF_sk,SUP_avg,SUP_sd,SUP_r1,SUP_kr,SUP_sk,INC_avg,INC_sd,INC_r1,INC_kr,INC_sk,IND_avg,IND_sd,IND_r1,IND_kr,IND_sk
100,0.27,0.1345362405,0.0172126596,2.2409877598,0.5568546201,0.21,0.1044030651,-0.5956392468,2.1594983587,-0.7275964809,0.52,0.1326649916,-0.2747524752,2.604338843,0.9148128296,0.52,0.1326649916,-0.2747524752,2.604338843,0.9148128296
