Instance,INF_avg,INF_sd,INF_r1,INF_kr,INF_sk,SUP_avg,SUP_sd,SUP_r1,SUP_kr,SUP_sk,INC_avg,INC_sd,INC_r1,INC_kr,INC_sk,IND_avg,IND_sd,IND_r1,IND_kr,IND_sk
252,0.2616,0.0458414659,0.037131953,2.734348021,0.3852154221,0.2624,0.0464998925,0.1090967987,2.928239854,0.4895178578,0.476,0.0471593045,-0.285785412,2.45287511,-0.316240225,0.476,0.0471593045,-0.285785412,2.45287511,-0.316240225
