Instance,INF_avg,INF_sd,INF_r1,INF_kr,INF_sk,SUP_avg,SUP_sd,SUP_r1,SUP_kr,SUP_sk,INC_avg,INC_sd,INC_r1,INC_kr,INC_sk,IND_avg,IND_sd,IND_r1,IND_kr,IND_sk
240,0.2512,0.0423622473,0.0043217078,4.067166123,-0.0076576136,0.2488,0.0395292297,-0.0351535794,3.0912999872,-0.2644310182,0.5,0.0328633535,-0.0766283525,2.3971193416,0.0405720413,0.5,0.0328633535,-0.0766283525,2.3971193416,0.0405720413
