Instance,INF_avg,INF_sd,INF_r1,INF_kr,INF_sk,SUP_avg,SUP_sd,SUP_r1,SUP_kr,SUP_sk,INC_avg,INC_sd,INC_r1,INC_kr,INC_sk,IND_avg,IND_sd,IND_r1,IND_kr,IND_sk
265,0.3243,0.049824793,0.5420141921,2.9502846723,0.0752977025,0.27115,0.0484966751,0.501194289,3.285740017,0.7156549545,0.40455,0.0459298106,0.3223857512,2.9229877397,-0.0314091719,0.40455,0.0459298106,0.3223857512,2.9229877397,-0.0314091719
