Instance,INF_avg,INF_sd,INF_r1,INF_kr,INF_sk,SUP_avg,SUP_sd,SUP_r1,SUP_kr,SUP_sk,INC_avg,INC_sd,INC_r1,INC_kr,INC_sk,IND_avg,IND_sd,IND_r1,IND_kr,IND_sk
164,0.28,0.2039607805,0.0586419753,1.3731508876,-0.1527442976,0.26,0.08,-0.3157894737,3.25,-1.5,0.46,0.1743559577,-0.3347457627,1.7957063712,-0.0543353054,0.46,0.1743559577,-0.3347457627,1.7957063712,-0.0543353054
