Instance,INF_avg,INF_sd,INF_r1,INF_kr,INF_sk,SUP_avg,SUP_sd,SUP_r1,SUP_kr,SUP_sk,INC_avg,INC_sd,INC_r1,INC_kr,INC_sk,IND_avg,IND_sd,IND_r1,IND_kr,IND_sk
100,0.238,0.0222710575,0.2685370741,2.0793444329,-0.6170311183,0.35,0.0513809303,-0.106870229,1.9111570248,-0.2477042095,0.412,0.071944423,0.0062761506,2.0133597223,0.4584940468,0.412,0.071944423,0.0062761506,2.0133597223,0.4584940468
