Instance,INF_avg,INF_sd,INF_r1,INF_kr,INF_sk,SUP_avg,SUP_sd,SUP_r1,SUP_kr,SUP_sk,INC_avg,INC_sd,INC_r1,INC_kr,INC_sk,IND_avg,IND_sd,IND_r1,IND_kr,IND_sk
245,0.242,0.0868101377,-0.1967972135,2.2085446333,0.0632465978,0.236,0.0781280999,0.1196531486,2.5884760267,0.5957551289,0.522,0.1241611856,-0.0522183165,3.5839675127,-0.8845575288,0.522,0.1241611856,-0.0522183165,3.5839675127,-0.8845575288
