Instance,INF_avg,INF_sd,INF_r1,INF_kr,INF_sk,SUP_avg,SUP_sd,SUP_r1,SUP_kr,SUP_sk,INC_avg,INC_sd,INC_r1,INC_kr,INC_sk,IND_avg,IND_sd,IND_r1,IND_kr,IND_sk
122,0.208,0.123028452,0.3183107194,2.6387973843,0.3631398432,0.256,0.149879952,-0.1507513904,2.0260854214,-0.5077567954,0.536,0.1786169085,0.0134421025,2.5799922335,0.2926532482,0.536,0.1786169085,0.0134421025,2.5799922335,0.2926532482
