Instance,INF_avg,INF_sd,INF_r1,INF_kr,INF_sk,SUP_avg,SUP_sd,SUP_r1,SUP_kr,SUP_sk,INC_avg,INC_sd,INC_r1,INC_kr,INC_sk,IND_avg,IND_sd,IND_r1,IND_kr,IND_sk
179,0.296,0.1272163512,-0.0445568348,1.7570676958,-0.1436361122,0.228,0.0664529909,-0.1286067256,2.4704729836,-0.0780218097,0.476,0.1233855745,-0.4525863448,2.802040725,0.0159452989,0.476,0.1233855745,-0.4525863448,2.802040725,0.0159452989
