Instance,INF_avg,INF_sd,INF_r1,INF_kr,INF_sk,SUP_avg,SUP_sd,SUP_r1,SUP_kr,SUP_sk,INC_avg,INC_sd,INC_r1,INC_kr,INC_sk,IND_avg,IND_sd,IND_r1,IND_kr,IND_sk
176,0.32,0.1523154621,0.0331075997,1.9577883472,0.1358342409,0.324,0.1477294825,0.0190896655,2.271443744,0.5505029316,0.356,0.1298614646,-0.3000876892,2.5483492901,0.4160907606,0.356,0.1298614646,-0.3000876892,2.5483492901,0.4160907606
