Instance,INF_avg,INF_sd,INF_r1,INF_kr,INF_sk,SUP_avg,SUP_sd,SUP_r1,SUP_kr,SUP_sk,INC_avg,INC_sd,INC_r1,INC_kr,INC_sk,IND_avg,IND_sd,IND_r1,IND_kr,IND_sk
191,0.248,0.0519230199,0.5211581292,1.2153888825,-0.3744415583,0.318,0.0495580468,-0.6144200627,1.7038960626,0.0603378908,0.434,0.0605309838,0.0179362267,2.3489874335,0.674381253,0.434,0.0605309838,0.0179362267,2.3489874335,0.674381253
