Instance,INF_avg,INF_sd,INF_r1,INF_kr,INF_sk,SUP_avg,SUP_sd,SUP_r1,SUP_kr,SUP_sk,INC_avg,INC_sd,INC_r1,INC_kr,INC_sk,IND_avg,IND_sd,IND_r1,IND_kr,IND_sk
179,0.25895,0.0321192699,-0.0049705392,3.2303505528,0.0142473625,0.2521,0.0372302297,0.176864217,3.030785926,-0.0965833004,0.48895,0.034621489,-0.1034478521,3.1335854764,-0.1673379898,0.48895,0.034621489,-0.1034478521,3.1335854764,-0.1673379898
