Instance,INF_avg,INF_sd,INF_r1,INF_kr,INF_sk,SUP_avg,SUP_sd,SUP_r1,SUP_kr,SUP_sk,INC_avg,INC_sd,INC_r1,INC_kr,INC_sk,IND_avg,IND_sd,IND_r1,IND_kr,IND_sk
190,0.226,0.0906862724,-0.1372262918,2.5096405699,0.3700061081,0.285,0.1021028893,-0.2177299168,2.3702534375,0.1972900574,0.489,0.1132651756,-0.0408967245,3.0336185748,0.1288216319,0.489,0.1132651756,-0.0408967245,3.0336185748,0.1288216319
