Instance,INF_avg,INF_sd,INF_r1,INF_kr,INF_sk,SUP_avg,SUP_sd,SUP_r1,SUP_kr,SUP_sk,INC_avg,INC_sd,INC_r1,INC_kr,INC_sk,IND_avg,IND_sd,IND_r1,IND_kr,IND_sk
109,0.2,0.1264911064,-0.25,2.03125,0.2964635306,0.31,0.13,-0.2173358827,1.7932495361,0.087391898,0.49,0.1868154169,-0.5494211932,2.0746709797,-0.3147307785,0.49,0.1868154169,-0.5494211932,2.0746709797,-0.3147307785
