Instance,INF_avg,INF_sd,INF_r1,INF_kr,INF_sk,SUP_avg,SUP_sd,SUP_r1,SUP_kr,SUP_sk,INC_avg,INC_sd,INC_r1,INC_kr,INC_sk,IND_avg,IND_sd,IND_r1,IND_kr,IND_sk
133,0.2226,0.0419432951,0.0470348097,2.6889681824,0.0962259578,0.2133,0.0508538101,0.2707969072,2.9155518011,0.3112346598,0.5641,0.0533684364,0.1732743584,2.7439818828,0.0184755153,0.5641,0.0533684364,0.1732743584,2.7439818828,0.0184755153
