Instance,INF_avg,INF_sd,INF_r1,INF_kr,INF_sk,SUP_avg,SUP_sd,SUP_r1,SUP_kr,SUP_sk,INC_avg,INC_sd,INC_r1,INC_kr,INC_sk,IND_avg,IND_sd,IND_r1,IND_kr,IND_sk
261,0.244,0.039736633,-0.3711787606,2.2785310365,0.0643566041,0.2545,0.0175285481,-0.0372183307,1.7512613866,-0.5016110957,0.5015,0.0470664424,-0.1759892117,2.5342553015,0.2399247605,0.5015,0.0470664424,-0.1759892117,2.5342553015,0.2399247605
