Instance,INF_avg,INF_sd,INF_r1,INF_kr,INF_sk,SUP_avg,SUP_sd,SUP_r1,SUP_kr,SUP_sk,INC_avg,INC_sd,INC_r1,INC_kr,INC_sk,IND_avg,IND_sd,IND_r1,IND_kr,IND_sk
152,0.231,0.0431856458,-0.1493244049,2.3428826485,0.3921469818,0.2748,0.0441470271,0.1231911118,2.7754664155,0.4256630378,0.4942,0.0491157816,0.0288870983,2.3654910526,0.396591949,0.4942,0.0491157816,0.0288870983,2.3654910526,0.396591949
