Instance,INF_avg,INF_sd,INF_r1,INF_kr,INF_sk,SUP_avg,SUP_sd,SUP_r1,SUP_kr,SUP_sk,INC_avg,INC_sd,INC_r1,INC_kr,INC_sk,IND_avg,IND_sd,IND_r1,IND_kr,IND_sk
83,0.2545,0.039556921,-0.0510465821,2.5903108407,-0.0989592462,0.248,0.0449221549,0.0637406264,2.8209445025,0.0480514091,0.4975,0.0518917142,0.0869392986,3.0898353852,-0.0091514855,0.4975,0.0518917142,0.0869392986,3.0898353852,-0.0091514855
