Instance,INF_avg,INF_sd,INF_r1,INF_kr,INF_sk,SUP_avg,SUP_sd,SUP_r1,SUP_kr,SUP_sk,INC_avg,INC_sd,INC_r1,INC_kr,INC_sk,IND_avg,IND_sd,IND_r1,IND_kr,IND_sk
75,0.2571428571,0.1840585532,-0.6597938144,1.6268689215,-0.3198114214,0.2428571429,0.1178030179,-1.0213903743,3.0614186851,-0.8774082906,0.5,0.1603567451,-0.4444444444,2.462962963,0.4157397096,0.5,0.1603567451,-0.4444444444,2.462962963,0.4157397096
