Instance,INF_avg,INF_sd,INF_r1,INF_kr,INF_sk,SUP_avg,SUP_sd,SUP_r1,SUP_kr,SUP_sk,INC_avg,INC_sd,INC_r1,INC_kr,INC_sk,IND_avg,IND_sd,IND_r1,IND_kr,IND_sk
260,0.268,0.0742967025,0.3320948594,3.1425582861,0.1001858496,0.2416,0.071143798,0.5435776234,2.9179310294,0.4674969078,0.4904,0.0763926698,0.1851342471,2.0052611012,-0.1065980946,0.4904,0.0763926698,0.1851342471,2.0052611012,-0.1065980946
