Instance,INF_avg,INF_sd,INF_r1,INF_kr,INF_sk,SUP_avg,SUP_sd,SUP_r1,SUP_kr,SUP_sk,INC_avg,INC_sd,INC_r1,INC_kr,INC_sk,IND_avg,IND_sd,IND_r1,IND_kr,IND_sk
58,0.324,0.1477294825,-0.1270364383,2.1585706177,0.1038594886,0.304,0.1611955334,-0.2013474039,2.1481093329,0.1069899708,0.372,0.1183891887,-0.2093268043,2.1311221618,0.2647409455,0.372,0.1183891887,-0.2093268043,2.1311221618,0.2647409455
