Instance,INF_avg,INF_sd,INF_r1,INF_kr,INF_sk,SUP_avg,SUP_sd,SUP_r1,SUP_kr,SUP_sk,INC_avg,INC_sd,INC_r1,INC_kr,INC_sk,IND_avg,IND_sd,IND_r1,IND_kr,IND_sk
283,0.2421,0.0245578908,0.0892185355,2.4924797014,0.1808683429,0.2656,0.0285243755,0.0707686466,2.0638475987,-0.0340291496,0.4923,0.0288480502,0.0501527894,2.4151297098,-0.2504168273,0.4923,0.0288480502,0.0501527894,2.4151297098,-0.2504168273
