Instance,INF_avg,INF_sd,INF_r1,INF_kr,INF_sk,SUP_avg,SUP_sd,SUP_r1,SUP_kr,SUP_sk,INC_avg,INC_sd,INC_r1,INC_kr,INC_sk,IND_avg,IND_sd,IND_r1,IND_kr,IND_sk
28,0.3411764706,0.1140630555,-0.534743069,1.5738845349,-0.1390772797,0.2529411765,0.1387661896,-0.0514024831,3.4344236092,0.566557279,0.4058823529,0.1454024364,-0.3835258119,2.7976734499,-0.3319218858,0.4058823529,0.1454024364,-0.3835258119,2.7976734499,-0.3319218858
