Instance,INF_avg,INF_sd,INF_r1,INF_kr,INF_sk,SUP_avg,SUP_sd,SUP_r1,SUP_kr,SUP_sk,INC_avg,INC_sd,INC_r1,INC_kr,INC_sk,IND_avg,IND_sd,IND_r1,IND_kr,IND_sk
212,0.2295,0.101758292,0.0433024089,2.7455885586,0.378845205,0.2895,0.1123154041,0.0388489243,2.8640459393,0.3580330623,0.481,0.1250559875,0.057588053,2.6628485891,0.0170175073,0.481,0.1250559875,0.057588053,2.6628485891,0.0170175073
