Instance,INF_avg,INF_sd,INF_r1,INF_kr,INF_sk,SUP_avg,SUP_sd,SUP_r1,SUP_kr,SUP_sk,INC_avg,INC_sd,INC_r1,INC_kr,INC_sk,IND_avg,IND_sd,IND_r1,IND_kr,IND_sk
287,0.294,0.0890168523,0.3778092016,1.7087665992,0.0698187225,0.276,0.0643739078,0.1165413534,1.6369314709,0.1266730643,0.43,0.0658786764,0.1344743276,3.5487056425,-0.6967143246,0.43,0.0658786764,0.1344743276,3.5487056425,-0.6967143246
