Instance,INF_avg,INF_sd,INF_r1,INF_kr,INF_sk,SUP_avg,SUP_sd,SUP_r1,SUP_kr,SUP_sk,INC_avg,INC_sd,INC_r1,INC_kr,INC_sk,IND_avg,IND_sd,IND_r1,IND_kr,IND_sk
221,0.2,0.0806225775,0.3636363636,1.9822485207,-0.1431170014,0.235,0.100124922,0.2881484286,2.4284488281,-0.2570355146,0.565,0.0634428877,-0.0068130204,2.5283360981,-0.8693689947,0.565,0.0634428877,-0.0068130204,2.5283360981,-0.8693689947
