Instance,INF_avg,INF_sd,INF_r1,INF_kr,INF_sk,SUP_avg,SUP_sd,SUP_r1,SUP_kr,SUP_sk,INC_avg,INC_sd,INC_r1,INC_kr,INC_sk,IND_avg,IND_sd,IND_r1,IND_kr,IND_sk
47,0.246,0.0958331884,-0.078036797,2.4267040695,0.1820999573,0.3,0.0979795897,0.0229885057,2.5065104167,-0.0318943977,0.454,0.1130663522,-0.0774492707,2.2266815841,0.2535753386,0.454,0.1130663522,-0.0774492707,2.2266815841,0.2535753386
