Instance,INF_avg,INF_sd,INF_r1,INF_kr,INF_sk,SUP_avg,SUP_sd,SUP_r1,SUP_kr,SUP_sk,INC_avg,INC_sd,INC_r1,INC_kr,INC_sk,IND_avg,IND_sd,IND_r1,IND_kr,IND_sk
30,0.33,0.0678232998,0.1988950276,1.2296786389,-0.2115471545,0.22,0.1029563014,0.3005181347,1.3209327163,-0.1319482681,0.45,0.1048808848,-0.2857142857,2.8305785124,-1.1701586323,0.45,0.1048808848,-0.2857142857,2.8305785124,-1.1701586323
