Instance,INF_avg,INF_sd,INF_r1,INF_kr,INF_sk,SUP_avg,SUP_sd,SUP_r1,SUP_kr,SUP_sk,INC_avg,INC_sd,INC_r1,INC_kr,INC_sk,IND_avg,IND_sd,IND_r1,IND_kr,IND_sk
248,0.253,0.1345027881,0.020323225,3.0093017422,0.3553435972,0.252,0.1381882774,-0.1179072949,2.2666447166,0.1062647393,0.495,0.1645448267,-0.0863543298,3.0257773754,0.0799654112,0.495,0.1645448267,-0.0863543298,3.0257773754,0.0799654112
