Instance,INF_avg,INF_sd,INF_r1,INF_kr,INF_sk,SUP_avg,SUP_sd,SUP_r1,SUP_kr,SUP_sk,INC_avg,INC_sd,INC_r1,INC_kr,INC_sk,IND_avg,IND_sd,IND_r1,IND_kr,IND_sk
157,0.256,0.1098362417,-0.2061756192,2.2878898747,0.2095233981,0.292,0.1055272477,-0.117301879,2.3414833532,-0.2486692289,0.452,0.1417603612,0.0210116213,2.7558115948,0.2121639143,0.452,0.1417603612,0.0210116213,2.7558115948,0.2121639143
