Instance,INF_avg,INF_sd,INF_r1,INF_kr,INF_sk,SUP_avg,SUP_sd,SUP_r1,SUP_kr,SUP_sk,INC_avg,INC_sd,INC_r1,INC_kr,INC_sk,IND_avg,IND_sd,IND_r1,IND_kr,IND_sk
46,0.332,0.1502531198,0.2424242424,2.4946303746,0.0294612703,0.213,0.1383148582,-0.0297525961,1.9824429236,0.1744808318,0.455,0.1614775526,0.2248561843,3.8333454367,0.3090468112,0.455,0.1614775526,0.2248561843,3.8333454367,0.3090468112
