Instance,INF_avg,INF_sd,INF_r1,INF_kr,INF_sk,SUP_avg,SUP_sd,SUP_r1,SUP_kr,SUP_sk,INC_avg,INC_sd,INC_r1,INC_kr,INC_sk,IND_avg,IND_sd,IND_r1,IND_kr,IND_sk
59,0.243,0.0239582971,-0.1073849704,2.9396799767,0.1862993273,0.2414,0.0209532814,0.0980258679,1.7853836877,-0.2132451263,0.5156,0.0234230656,-0.103193143,2.4821791742,-0.2694586898,0.5156,0.0234230656,-0.103193143,2.4821791742,-0.2694586898
