Instance,INF_avg,INF_sd,INF_r1,INF_kr,INF_sk,SUP_avg,SUP_sd,SUP_r1,SUP_kr,SUP_sk,INC_avg,INC_sd,INC_r1,INC_kr,INC_sk,IND_avg,IND_sd,IND_r1,IND_kr,IND_sk
109,0.3,0.1089162297,0.1176470588,2.5202171983,0.3300739781,0.1931372549,0.1057279193,0.4049152026,2.1208529399,0.3298001566,0.5068627451,0.1133360472,0.0668868274,2.4841690063,0.2844751252,0.5068627451,0.1133360472,0.0668868274,2.4841690063,0.2844751252
