Instance,INF_avg,INF_sd,INF_r1,INF_kr,INF_sk,SUP_avg,SUP_sd,SUP_r1,SUP_kr,SUP_sk,INC_avg,INC_sd,INC_r1,INC_kr,INC_sk,IND_avg,IND_sd,IND_r1,IND_kr,IND_sk
227,0.25,0.0483735465,-0.2287581699,2.6550515012,0.0,0.256,0.0788923317,-0.440062273,2.2114379366,-0.6037319348,0.494,0.0710211236,-0.4911900009,2.3241860211,0.6493248597,0.494,0.0710211236,-0.4911900009,2.3241860211,0.6493248597
