Instance,INF_avg,INF_sd,INF_r1,INF_kr,INF_sk,SUP_avg,SUP_sd,SUP_r1,SUP_kr,SUP_sk,INC_avg,INC_sd,INC_r1,INC_kr,INC_sk,IND_avg,IND_sd,IND_r1,IND_kr,IND_sk
71,0.3074766355,0.0776054418,0.1332281383,2.637357854,0.5515058953,0.1381308411,0.0738542495,0.4765060275,3.5980465947,0.8714273081,0.5543925234,0.0743718564,-0.0018535242,2.4661652993,-0.0351014535,0.5543925234,0.0743718564,-0.0018535242,2.4661652993,-0.0351014535
