Instance,INF_avg,INF_sd,INF_r1,INF_kr,INF_sk,SUP_avg,SUP_sd,SUP_r1,SUP_kr,SUP_sk,INC_avg,INC_sd,INC_r1,INC_kr,INC_sk,IND_avg,IND_sd,IND_r1,IND_kr,IND_sk
261,0.3002,0.0639684297,0.2553818111,2.4338505441,0.0606091188,0.234,0.0570964097,-0.0225779917,2.2758748918,0.2313168557,0.4658,0.0673673511,0.0564892474,2.3872887454,0.0799294841,0.4658,0.0673673511,0.0564892474,2.3872887454,0.0799294841
