Instance,INF_avg,INF_sd,INF_r1,INF_kr,INF_sk,SUP_avg,SUP_sd,SUP_r1,SUP_kr,SUP_sk,INC_avg,INC_sd,INC_r1,INC_kr,INC_sk,IND_avg,IND_sd,IND_r1,IND_kr,IND_sk
244,0.4816666667,0.1088083232,0.8836925296,2.8410690524,-0.675311055,0.0875724638,0.0612172288,0.8826539807,3.2964765503,1.0300599808,0.4307608696,0.0568015302,0.6284307785,2.9818637655,0.2531471367,0.4307608696,0.0568015302,0.6284307785,2.9818637655,0.2531471367
