Instance,INF_avg,INF_sd,INF_r1,INF_kr,INF_sk,SUP_avg,SUP_sd,SUP_r1,SUP_kr,SUP_sk,INC_avg,INC_sd,INC_r1,INC_kr,INC_sk,IND_avg,IND_sd,IND_r1,IND_kr,IND_sk
25,0.18,0.0244948974,-0.1904761905,1.1666666667,-0.4082482905,0.35,0.0836660027,-0.3,1.2755102041,0.2561204163,0.47,0.06,-0.3358778626,1.3981481481,-0.1111111111,0.47,0.06,-0.3358778626,1.3981481481,-0.1111111111
