Instance,INF_avg,INF_sd,INF_r1,INF_kr,INF_sk,SUP_avg,SUP_sd,SUP_r1,SUP_kr,SUP_sk,INC_avg,INC_sd,INC_r1,INC_kr,INC_sk,IND_avg,IND_sd,IND_r1,IND_kr,IND_sk
70,0.2484,0.0596778016,0.1114175646,3.5171556143,0.6973735222,0.281,0.0702210795,0.0506561469,2.9344803759,-0.0970195407,0.4706,0.0730728404,0.0821267709,2.9742482366,0.0843923507,0.4706,0.0730728404,0.0821267709,2.9742482366,0.0843923507
