Instance,INF_avg,INF_sd,INF_r1,INF_kr,INF_sk,SUP_avg,SUP_sd,SUP_r1,SUP_kr,SUP_sk,INC_avg,INC_sd,INC_r1,INC_kr,INC_sk,IND_avg,IND_sd,IND_r1,IND_kr,IND_sk
101,0.4162886598,0.0852324848,0.8332864813,2.3207920098,-0.2638649856,0.0892525773,0.0694609815,0.9210125166,3.4877385961,1.0765015424,0.4944587629,0.0385576399,0.1803810574,3.1536115499,-0.1274679952,0.4944587629,0.0385576399,0.1803810574,3.1536115499,-0.1274679952
