Instance,INF_avg,INF_sd,INF_r1,INF_kr,INF_sk,SUP_avg,SUP_sd,SUP_r1,SUP_kr,SUP_sk,INC_avg,INC_sd,INC_r1,INC_kr,INC_sk,IND_avg,IND_sd,IND_r1,IND_kr,IND_sk
26,0.256,0.0518459256,0.3391491396,2.4545068027,0.1791021026,0.2632,0.0603138458,-0.328718966,2.434823654,-0.2584930632,0.4808,0.0725490179,-0.3377983356,2.7558178871,0.3197247945,0.4808,0.0725490179,-0.3377983356,2.7558178871,0.3197247945
