Instance,INF_avg,INF_sd,INF_r1,INF_kr,INF_sk,SUP_avg,SUP_sd,SUP_r1,SUP_kr,SUP_sk,INC_avg,INC_sd,INC_r1,INC_kr,INC_sk,IND_avg,IND_sd,IND_r1,IND_kr,IND_sk
193,0.3590816327,0.0895918948,0.7236788125,2.3342098196,0.0064461148,0.1283163265,0.0703106949,0.7511360582,2.5491235931,0.4643389876,0.5126020408,0.0539450287,0.0920682178,3.7410794835,0.0596431021,0.5126020408,0.0539450287,0.0920682178,3.7410794835,0.0596431021
