Instance,INF_avg,INF_sd,INF_r1,INF_kr,INF_sk,SUP_avg,SUP_sd,SUP_r1,SUP_kr,SUP_sk,INC_avg,INC_sd,INC_r1,INC_kr,INC_sk,IND_avg,IND_sd,IND_r1,IND_kr,IND_sk
64,0.2648,0.0467435557,0.1431244043,2.7420828945,0.6308060127,0.3064,0.0535820866,-0.10763164,3.8368569855,0.7049953637,0.4288,0.0493412606,0.0655829183,3.6492559716,-0.3515847356,0.4288,0.0493412606,0.0655829183,3.6492559716,-0.3515847356
