Instance,INF_avg,INF_sd,INF_r1,INF_kr,INF_sk,SUP_avg,SUP_sd,SUP_r1,SUP_kr,SUP_sk,INC_avg,INC_sd,INC_r1,INC_kr,INC_sk,IND_avg,IND_sd,IND_r1,IND_kr,IND_sk
182,0.282,0.0578619046,0.4498780458,3.4437507226,-0.5555186857,0.2656,0.0572768714,0.2479763728,3.4419831331,-0.0575310916,0.4524,0.0657133168,0.2633240846,3.3891177817,-0.3016048093,0.4524,0.0657133168,0.2633240846,3.3891177817,-0.3016048093
