Instance,INF_avg,INF_sd,INF_r1,INF_kr,INF_sk,SUP_avg,SUP_sd,SUP_r1,SUP_kr,SUP_sk,INC_avg,INC_sd,INC_r1,INC_kr,INC_sk,IND_avg,IND_sd,IND_r1,IND_kr,IND_sk
300,0.2652,0.0366736963,-0.209799797,2.6815595842,0.5165371399,0.2276,0.0407214931,0.3980420424,1.8879554945,0.191232271,0.5072,0.0489505873,0.1270932749,2.1505017537,-0.3114437108,0.5072,0.0489505873,0.1270932749,2.1505017537,-0.3114437108
