Instance,INF_avg,INF_sd,INF_r1,INF_kr,INF_sk,SUP_avg,SUP_sd,SUP_r1,SUP_kr,SUP_sk,INC_avg,INC_sd,INC_r1,INC_kr,INC_sk,IND_avg,IND_sd,IND_r1,IND_kr,IND_sk
80,0.302,0.0723602101,0.2754663937,4.2934219872,-0.0377535717,0.2624,0.0617919089,0.1245090192,2.8233456454,0.2455528829,0.4356,0.0568914756,-0.1160614193,3.0801487216,-0.3297061079,0.4356,0.0568914756,-0.1160614193,3.0801487216,-0.3297061079
