Instance,INF_avg,INF_sd,INF_r1,INF_kr,INF_sk,SUP_avg,SUP_sd,SUP_r1,SUP_kr,SUP_sk,INC_avg,INC_sd,INC_r1,INC_kr,INC_sk,IND_avg,IND_sd,IND_r1,IND_kr,IND_sk
37,0.242,0.0318747549,-0.268715524,1.9437348875,-0.4046348854,0.236,0.0300665928,-0.6135084428,2.5084579842,0.7841001948,0.522,0.055641711,-0.3394035366,1.8657432446,-0.5804022392,0.522,0.055641711,-0.3394035366,1.8657432446,-0.5804022392
