Instance,INF_avg,INF_sd,INF_r1,INF_kr,INF_sk,SUP_avg,SUP_sd,SUP_r1,SUP_kr,SUP_sk,INC_avg,INC_sd,INC_r1,INC_kr,INC_sk,IND_avg,IND_sd,IND_r1,IND_kr,IND_sk
30,0.194,0.0424735212,-0.064331843,1.7622676388,0.3013224666,0.273,0.0387427413,-0.0065583119,2.0956479824,0.3501805738,0.533,0.0419642705,0.2927814531,1.6515115018,0.0409206716,0.533,0.0419642705,0.2927814531,1.6515115018,0.0409206716
