Instance,INF_avg,INF_sd,INF_r1,INF_kr,INF_sk,SUP_avg,SUP_sd,SUP_r1,SUP_kr,SUP_sk,INC_avg,INC_sd,INC_r1,INC_kr,INC_sk,IND_avg,IND_sd,IND_r1,IND_kr,IND_sk
246,0.2572,0.0328657877,-0.2705881097,3.0016920967,0.4654972411,0.2506,0.0293025596,-0.0110566583,2.1982641493,-0.1288045686,0.4922,0.0435678781,-0.02096295,2.0892745089,-0.0744086219,0.4922,0.0435678781,-0.02096295,2.0892745089,-0.0744086219
