Instance,INF_avg,INF_sd,INF_r1,INF_kr,INF_sk,SUP_avg,SUP_sd,SUP_r1,SUP_kr,SUP_sk,INC_avg,INC_sd,INC_r1,INC_kr,INC_sk,IND_avg,IND_sd,IND_r1,IND_kr,IND_sk
36,0.273,0.0220454077,0.019388516,1.9338261444,-0.0677613761,0.3,0.0380788655,-0.3157894737,1.7380499405,-0.4075027227,0.427,0.0265706605,-0.2315416421,2.5600919677,0.8079370886,0.427,0.0265706605,-0.2315416421,2.5600919677,0.8079370886
