Instance,INF_avg,INF_sd,INF_r1,INF_kr,INF_sk,SUP_avg,SUP_sd,SUP_r1,SUP_kr,SUP_sk,INC_avg,INC_sd,INC_r1,INC_kr,INC_sk,IND_avg,IND_sd,IND_r1,IND_kr,IND_sk
5,0.302,0.0426145515,-0.2141912737,2.0794212967,-0.5414791205,0.274,0.030724583,0.047822374,2.5246337259,0.9035993059,0.424,0.0287054002,-0.2183235867,1.8296257894,0.4078932113,0.424,0.0287054002,-0.2183235867,1.8296257894,0.4078932113
