Instance,INF_avg,INF_sd,INF_r1,INF_kr,INF_sk,SUP_avg,SUP_sd,SUP_r1,SUP_kr,SUP_sk,INC_avg,INC_sd,INC_r1,INC_kr,INC_sk,IND_avg,IND_sd,IND_r1,IND_kr,IND_sk
68,0.231,0.0416953235,0.4082205204,2.8436001105,0.2630942906,0.2721,0.0406089892,0.4116278259,2.7670938686,-0.3036683949,0.4969,0.0376946946,0.1387637384,2.6203104055,-0.3760441843,0.4969,0.0376946946,0.1387637384,2.6203104055,-0.3760441843
