Instance,INF_avg,INF_sd,INF_r1,INF_kr,INF_sk,SUP_avg,SUP_sd,SUP_r1,SUP_kr,SUP_sk,INC_avg,INC_sd,INC_r1,INC_kr,INC_sk,IND_avg,IND_sd,IND_r1,IND_kr,IND_sk
26,0.236,0.1034601373,0.1080075633,2.5488246295,0.4580954568,0.284,0.11892855,-0.39231959,3.1517778992,0.7924545883,0.48,0.1240967365,-0.100814378,1.5750548153,-0.0251165599,0.48,0.1240967365,-0.100814378,1.5750548153,-0.0251165599
