Instance,INF_avg,INF_sd,INF_r1,INF_kr,INF_sk,SUP_avg,SUP_sd,SUP_r1,SUP_kr,SUP_sk,INC_avg,INC_sd,INC_r1,INC_kr,INC_sk,IND_avg,IND_sd,IND_r1,IND_kr,IND_sk
268,0.36,0.1113552873,-0.3706563707,2.0793444329,0.6170311183,0.14,0.08,-0.0080645161,2.5908203125,-0.55078125,0.5,0.0547722558,-0.4,2.5,0.9128709292,0.5,0.0547722558,-0.4,2.5,0.9128709292
