Instance,INF_avg,INF_sd,INF_r1,INF_kr,INF_sk,SUP_avg,SUP_sd,SUP_r1,SUP_kr,SUP_sk,INC_avg,INC_sd,INC_r1,INC_kr,INC_sk,IND_avg,IND_sd,IND_r1,IND_kr,IND_sk
173,0.209,0.0326190129,0.510397473,1.4089017186,0.3116983729,0.251,0.0226715681,-0.3397790055,1.2807234023,0.1915356023,0.54,0.0415932687,-0.1056603774,2.0502689699,-0.5253184391,0.54,0.0415932687,-0.1056603774,2.0502689699,-0.5253184391
