Instance,INF_avg,INF_sd,INF_r1,INF_kr,INF_sk,SUP_avg,SUP_sd,SUP_r1,SUP_kr,SUP_sk,INC_avg,INC_sd,INC_r1,INC_kr,INC_sk,IND_avg,IND_sd,IND_r1,IND_kr,IND_sk
248,0.14,0.08,-0.0563380282,2.078125,-0.84375,0.4,0.1673320053,0.4615384615,1.2755102041,0.2561204163,0.46,0.1496662955,0.2934782609,2.1339285714,-0.7301958931,0.46,0.1496662955,0.2934782609,2.1339285714,-0.7301958931
