Instance,INF_avg,INF_sd,INF_r1,INF_kr,INF_sk,SUP_avg,SUP_sd,SUP_r1,SUP_kr,SUP_sk,INC_avg,INC_sd,INC_r1,INC_kr,INC_sk,IND_avg,IND_sd,IND_r1,IND_kr,IND_sk
166,0.4333823529,0.1031548786,0.8714924793,2.1960568893,-0.0779055097,0.0892647059,0.0654811143,0.905828053,2.6261113169,0.7532695545,0.4773529412,0.0532553315,0.4797785147,2.7373949855,-0.4098467493,0.4773529412,0.0532553315,0.4797785147,2.7373949855,-0.4098467493
