Instance,INF_avg,INF_sd,INF_r1,INF_kr,INF_sk,SUP_avg,SUP_sd,SUP_r1,SUP_kr,SUP_sk,INC_avg,INC_sd,INC_r1,INC_kr,INC_sk,IND_avg,IND_sd,IND_r1,IND_kr,IND_sk
222,0.271,0.0967419247,-0.0687956278,2.564848697,0.0675077115,0.3005,0.1001236735,0.0636335732,2.4758796028,-0.133292097,0.4285,0.1098305513,0.2151144529,3.0820029877,-0.2100331874,0.4285,0.1098305513,0.2151144529,3.0820029877,-0.2100331874
