Instance,INF_avg,INF_sd,INF_r1,INF_kr,INF_sk,SUP_avg,SUP_sd,SUP_r1,SUP_kr,SUP_sk,INC_avg,INC_sd,INC_r1,INC_kr,INC_sk,IND_avg,IND_sd,IND_r1,IND_kr,IND_sk
72,0.274,0.0608604962,-0.0734043989,2.5478520682,-0.4778126275,0.214,0.038,0.0971637181,1.919007681,0.138649949,0.512,0.04621688,-0.0793768546,1.7431931995,-0.3831471349,0.512,0.04621688,-0.0793768546,1.7431931995,-0.3831471349
