Instance,INF_avg,INF_sd,INF_r1,INF_kr,INF_sk,SUP_avg,SUP_sd,SUP_r1,SUP_kr,SUP_sk,INC_avg,INC_sd,INC_r1,INC_kr,INC_sk,IND_avg,IND_sd,IND_r1,IND_kr,IND_sk
84,0.4125,0.1035313962,0.6712328767,2.0467733682,-0.1229187279,0.17625,0.1306175237,0.8963848182,2.0435846688,0.4381902376,0.41125,0.073813532,0.065166177,4.4409085029,-1.0948363341,0.41125,0.073813532,0.065166177,4.4409085029,-1.0948363341
