Instance,INF_avg,INF_sd,INF_r1,INF_kr,INF_sk,SUP_avg,SUP_sd,SUP_r1,SUP_kr,SUP_sk,INC_avg,INC_sd,INC_r1,INC_kr,INC_sk,IND_avg,IND_sd,IND_r1,IND_kr,IND_sk
162,0.5145512821,0.101192207,0.8557366417,2.0398156212,-0.4170454844,0.0766025641,0.0556919963,0.8747951429,2.2117919729,0.6274613053,0.4088461538,0.0574675108,0.5627434422,2.2319761439,0.3096110218,0.4088461538,0.0574675108,0.5627434422,2.2319761439,0.3096110218
