Instance,INF_avg,INF_sd,INF_r1,INF_kr,INF_sk,SUP_avg,SUP_sd,SUP_r1,SUP_kr,SUP_sk,INC_avg,INC_sd,INC_r1,INC_kr,INC_sk,IND_avg,IND_sd,IND_r1,IND_kr,IND_sk
112,0.2318181818,0.1327552897,0.3148838731,2.5164408357,0.5688628816,0.2545454545,0.1157083824,-0.0802158273,2.7816643804,-0.1105763691,0.5136363636,0.1324436571,0.2670201939,2.5175117682,-0.133884035,0.5136363636,0.1324436571,0.2670201939,2.5175117682,-0.133884035
