Instance,INF_avg,INF_sd,INF_r1,INF_kr,INF_sk,SUP_avg,SUP_sd,SUP_r1,SUP_kr,SUP_sk,INC_avg,INC_sd,INC_r1,INC_kr,INC_sk,IND_avg,IND_sd,IND_r1,IND_kr,IND_sk
270,0.242,0.0635295207,0.1087159291,2.5470046097,-0.0164739284,0.254,0.0573061951,-0.4034438067,2.3060570499,-0.029076449,0.504,0.0471593045,-0.1728395062,2.5406034884,0.3551409763,0.504,0.0471593045,-0.1728395062,2.5406034884,0.3551409763
