Instance,INF_avg,INF_sd,INF_r1,INF_kr,INF_sk,SUP_avg,SUP_sd,SUP_r1,SUP_kr,SUP_sk,INC_avg,INC_sd,INC_r1,INC_kr,INC_sk,IND_avg,IND_sd,IND_r1,IND_kr,IND_sk
140,0.242,0.1401285124,-0.0827612502,5.4143968609,1.1236433516,0.249,0.1367442869,0.0635920678,2.4143741376,0.103089525,0.509,0.1649818172,0.0091304188,3.3288902659,0.0833640624,0.509,0.1649818172,0.0091304188,3.3288902659,0.0833640624
