Instance,INF_avg,INF_sd,INF_r1,INF_kr,INF_sk,SUP_avg,SUP_sd,SUP_r1,SUP_kr,SUP_sk,INC_avg,INC_sd,INC_r1,INC_kr,INC_sk,IND_avg,IND_sd,IND_r1,IND_kr,IND_sk
165,0.229,0.1082081328,-0.0226598515,2.7727831418,0.3941787229,0.25,0.1168332145,-0.0146788991,3.4838787586,0.4796919806,0.521,0.1263289357,-0.1070436893,3.3712435998,-0.1759242624,0.521,0.1263289357,-0.1070436893,3.3712435998,-0.1759242624
