Instance,INF_avg,INF_sd,INF_r1,INF_kr,INF_sk,SUP_avg,SUP_sd,SUP_r1,SUP_kr,SUP_sk,INC_avg,INC_sd,INC_r1,INC_kr,INC_sk,IND_avg,IND_sd,IND_r1,IND_kr,IND_sk
25,0.212,0.0342928564,-0.2219196732,1.4582118562,0.127354423,0.338,0.0601331855,-0.2143175736,2.2540576788,0.4907248686,0.45,0.0389871774,-0.0933333333,2.3718836565,-0.850482055,0.45,0.0389871774,-0.0933333333,2.3718836565,-0.850482055
