Instance,INF_avg,INF_sd,INF_r1,INF_kr,INF_sk,SUP_avg,SUP_sd,SUP_r1,SUP_kr,SUP_sk,INC_avg,INC_sd,INC_r1,INC_kr,INC_sk,IND_avg,IND_sd,IND_r1,IND_kr,IND_sk
94,0.267,0.0426145515,-0.8156018047,2.5731056784,0.9064193009,0.22,0.0187082869,-0.4444444444,1.993877551,-0.3436215967,0.513,0.0290860791,-0.7792311799,2.0737303623,-0.4050096194,0.513,0.0290860791,-0.7792311799,2.0737303623,-0.4050096194
