Instance,INF_avg,INF_sd,INF_r1,INF_kr,INF_sk,SUP_avg,SUP_sd,SUP_r1,SUP_kr,SUP_sk,INC_avg,INC_sd,INC_r1,INC_kr,INC_sk,IND_avg,IND_sd,IND_r1,IND_kr,IND_sk
173,0.278125,0.1185442296,0.1708756969,2.343591918,-0.6547683215,0.178125,0.1045358043,0.4279085636,2.616351252,0.3428600666,0.54375,0.1297533718,-0.1497219132,3.1339893734,0.7168248465,0.54375,0.1297533718,-0.1497219132,3.1339893734,0.7168248465
