Instance,INF_avg,INF_sd,INF_r1,INF_kr,INF_sk,SUP_avg,SUP_sd,SUP_r1,SUP_kr,SUP_sk,INC_avg,INC_sd,INC_r1,INC_kr,INC_sk,IND_avg,IND_sd,IND_r1,IND_kr,IND_sk
207,0.3288,0.0636125774,0.5100129451,3.6613277494,0.7717171626,0.2806,0.0590054235,0.1823951107,3.1187555836,0.5153576597,0.3906,0.0624631091,0.2255850633,2.4677363583,0.0477489661,0.3906,0.0624631091,0.2255850633,2.4677363583,0.0477489661
