Instance,INF_avg,INF_sd,INF_r1,INF_kr,INF_sk,SUP_avg,SUP_sd,SUP_r1,SUP_kr,SUP_sk,INC_avg,INC_sd,INC_r1,INC_kr,INC_sk,IND_avg,IND_sd,IND_r1,IND_kr,IND_sk
176,0.3028,0.0666945275,0.5965485524,2.1761359868,0.2529714086,0.3801,0.0615831958,0.6601424951,1.8326810102,-0.1555327753,0.3171,0.0393965735,0.2798814167,2.3656461149,0.1464514685,0.3171,0.0393965735,0.2798814167,2.3656461149,0.1464514685
