Instance,INF_avg,INF_sd,INF_r1,INF_kr,INF_sk,SUP_avg,SUP_sd,SUP_r1,SUP_kr,SUP_sk,INC_avg,INC_sd,INC_r1,INC_kr,INC_sk,IND_avg,IND_sd,IND_r1,IND_kr,IND_sk
131,0.265,0.0867467579,-0.1820330969,1.8619772409,0.2228964938,0.225,0.075,-0.3258426966,1.9481481481,-0.0,0.51,0.1178982612,-0.4362850972,2.0747890896,-0.102514921,0.51,0.1178982612,-0.4362850972,2.0747890896,-0.102514921
