Instance,INF_avg,INF_sd,INF_r1,INF_kr,INF_sk,SUP_avg,SUP_sd,SUP_r1,SUP_kr,SUP_sk,INC_avg,INC_sd,INC_r1,INC_kr,INC_sk,IND_avg,IND_sd,IND_r1,IND_kr,IND_sk
265,0.242,0.0934665716,0.0057054229,3.0316286278,-0.3549485513,0.258,0.0976524449,0.2898023798,4.2693445678,0.7416385616,0.5,0.0692820323,-0.0212765957,2.2135416667,0.0902109796,0.5,0.0692820323,-0.0212765957,2.2135416667,0.0902109796
