Instance,INF_avg,INF_sd,INF_r1,INF_kr,INF_sk,SUP_avg,SUP_sd,SUP_r1,SUP_kr,SUP_sk,INC_avg,INC_sd,INC_r1,INC_kr,INC_sk,IND_avg,IND_sd,IND_r1,IND_kr,IND_sk
297,0.2715,0.105417029,0.1335594103,2.8347892977,0.4498944577,0.2325,0.1015812483,0.0977934698,2.9731139581,0.3585640105,0.496,0.1161206269,-0.0913707102,3.3895673931,-0.2862028569,0.496,0.1161206269,-0.0913707102,3.3895673931,-0.2862028569
