Instance,INF_avg,INF_sd,INF_r1,INF_kr,INF_sk,SUP_avg,SUP_sd,SUP_r1,SUP_kr,SUP_sk,INC_avg,INC_sd,INC_r1,INC_kr,INC_sk,IND_avg,IND_sd,IND_r1,IND_kr,IND_sk
43,0.375,0.0981070844,-0.1241830065,2.3924776522,-0.0794255363,0.29,0.0768114575,-0.4243614931,1.4958345303,0.1721141535,0.335,0.0895823643,0.1868705707,2.365825254,-0.6927264672,0.335,0.0895823643,0.1868705707,2.365825254,-0.6927264672
