Instance,INF_avg,INF_sd,INF_r1,INF_kr,INF_sk,SUP_avg,SUP_sd,SUP_r1,SUP_kr,SUP_sk,INC_avg,INC_sd,INC_r1,INC_kr,INC_sk,IND_avg,IND_sd,IND_r1,IND_kr,IND_sk
189,0.4075,0.0869346817,0.715206434,2.3963428425,0.2822557209,0.095,0.0669369521,0.769824331,2.2505768191,0.6979761599,0.4975,0.0520349776,0.1042055726,2.7435588439,-0.2762903714,0.4975,0.0520349776,0.1042055726,2.7435588439,-0.2762903714
