Instance,INF_avg,INF_sd,INF_r1,INF_kr,INF_sk,SUP_avg,SUP_sd,SUP_r1,SUP_kr,SUP_sk,INC_avg,INC_sd,INC_r1,INC_kr,INC_sk,IND_avg,IND_sd,IND_r1,IND_kr,IND_sk
155,0.2584,0.0678633922,0.2131594393,2.5070817862,0.2038460639,0.3344,0.051074847,0.1972818113,1.887961653,-0.4647338827,0.4072,0.0678539608,-0.233694457,2.7289453054,0.4210386631,0.4072,0.0678539608,-0.233694457,2.7289453054,0.4210386631
