Instance,INF_avg,INF_sd,INF_r1,INF_kr,INF_sk,SUP_avg,SUP_sd,SUP_r1,SUP_kr,SUP_sk,INC_avg,INC_sd,INC_r1,INC_kr,INC_sk,IND_avg,IND_sd,IND_r1,IND_kr,IND_sk
182,0.292,0.1397712417,0.1126212594,2.0558711492,0.230492452,0.286,0.1311640195,0.0813996214,3.0497818186,0.4189199279,0.422,0.1552932709,0.2947784553,3.1226849021,0.0474481997,0.422,0.1552932709,0.2947784553,3.1226849021,0.0474481997
