Instance,INF_avg,INF_sd,INF_r1,INF_kr,INF_sk,SUP_avg,SUP_sd,SUP_r1,SUP_kr,SUP_sk,INC_avg,INC_sd,INC_r1,INC_kr,INC_sk,IND_avg,IND_sd,IND_r1,IND_kr,IND_sk
279,0.2215,0.0328671569,0.3394949516,2.3886368735,-0.1165196331,0.25855,0.0340242193,0.0720798506,3.2133572849,0.0428445974,0.51995,0.0390352085,0.0665620405,2.9903654867,-0.2938844341,0.51995,0.0390352085,0.0665620405,2.9903654867,-0.2938844341
