Instance,INF_avg,INF_sd,INF_r1,INF_kr,INF_sk,SUP_avg,SUP_sd,SUP_r1,SUP_kr,SUP_sk,INC_avg,INC_sd,INC_r1,INC_kr,INC_sk,IND_avg,IND_sd,IND_r1,IND_kr,IND_sk
188,0.268,0.1541946821,-0.2363155908,6.1460404783,1.460739244,0.212,0.1336263447,-0.2692266322,2.787037037,0.3836729749,0.52,0.1326649916,-0.2556869882,3.1466942149,-0.3700366502,0.52,0.1326649916,-0.2556869882,3.1466942149,-0.3700366502
