Instance,INF_avg,INF_sd,INF_r1,INF_kr,INF_sk,SUP_avg,SUP_sd,SUP_r1,SUP_kr,SUP_sk,INC_avg,INC_sd,INC_r1,INC_kr,INC_sk,IND_avg,IND_sd,IND_r1,IND_kr,IND_sk
209,0.236,0.1466424222,0.1175323896,2.5845091943,0.3522903775,0.328,0.1587954659,-0.0319299087,1.8867128115,0.3146466854,0.436,0.1670449041,-0.0113661856,2.2432389424,0.2959979796,0.436,0.1670449041,-0.0113661856,2.2432389424,0.2959979796
