Instance,INF_avg,INF_sd,INF_r1,INF_kr,INF_sk,SUP_avg,SUP_sd,SUP_r1,SUP_kr,SUP_sk,INC_avg,INC_sd,INC_r1,INC_kr,INC_sk,IND_avg,IND_sd,IND_r1,IND_kr,IND_sk
127,0.244,0.120266371,0.1948341837,2.3948405318,0.1411689399,0.266,0.1595117551,-0.0157346046,2.0477208166,0.3288292462,0.49,0.1824828759,-0.1346490434,3.1292643995,-0.0493690653,0.49,0.1824828759,-0.1346490434,3.1292643995,-0.0493690653
