Instance,INF_avg,INF_sd,INF_r1,INF_kr,INF_sk,SUP_avg,SUP_sd,SUP_r1,SUP_kr,SUP_sk,INC_avg,INC_sd,INC_r1,INC_kr,INC_sk,IND_avg,IND_sd,IND_r1,IND_kr,IND_sk
39,0.3706896552,0.1616281606,0.5064850279,2.1733913648,-0.183992915,0.2379310345,0.1236340348,0.5980211264,2.0705878375,-0.1327344346,0.3913793103,0.082073312,0.2092751092,2.0920997999,-0.096952448,0.3913793103,0.082073312,0.2092751092,2.0920997999,-0.096952448
