Instance,INF_avg,INF_sd,INF_r1,INF_kr,INF_sk,SUP_avg,SUP_sd,SUP_r1,SUP_kr,SUP_sk,INC_avg,INC_sd,INC_r1,INC_kr,INC_sk,IND_avg,IND_sd,IND_r1,IND_kr,IND_sk
291,0.2457,0.0430640221,0.0590890266,2.9936238097,-0.1315672937,0.2724,0.0492771752,0.0597271544,4.4827213037,0.3567105684,0.4819,0.0446697884,-0.0234332578,3.2211270929,0.4674936838,0.4819,0.0446697884,-0.0234332578,3.2211270929,0.4674936838
