Instance,INF_avg,INF_sd,INF_r1,INF_kr,INF_sk,SUP_avg,SUP_sd,SUP_r1,SUP_kr,SUP_sk,INC_avg,INC_sd,INC_r1,INC_kr,INC_sk,IND_avg,IND_sd,IND_r1,IND_kr,IND_sk
142,0.236,0.0969742234,-0.1287964918,2.8655366432,0.0687672601,0.266,0.0907964757,-0.0518419979,2.3958346134,0.1605715454,0.498,0.1295993827,-0.076420474,2.2402359831,0.0508941942,0.498,0.1295993827,-0.076420474,2.2402359831,0.0508941942
