Instance,INF_avg,INF_sd,INF_r1,INF_kr,INF_sk,SUP_avg,SUP_sd,SUP_r1,SUP_kr,SUP_sk,INC_avg,INC_sd,INC_r1,INC_kr,INC_sk,IND_avg,IND_sd,IND_r1,IND_kr,IND_sk
188,0.2545454545,0.1195722403,0.2734361341,2.5675807745,0.5506030194,0.2068181818,0.0980438846,0.1355787128,3.5320667648,0.4059676727,0.5386363636,0.1075890944,-0.0649732702,2.4040012497,0.0625523446,0.5386363636,0.1075890944,-0.0649732702,2.4040012497,0.0625523446
