Instance,INF_avg,INF_sd,INF_r1,INF_kr,INF_sk,SUP_avg,SUP_sd,SUP_r1,SUP_kr,SUP_sk,INC_avg,INC_sd,INC_r1,INC_kr,INC_sk,IND_avg,IND_sd,IND_r1,IND_kr,IND_sk
240,0.3487591241,0.0821556761,0.4561208796,2.4131506456,0.1092234265,0.1487591241,0.0696125383,0.4790146426,2.6463351501,0.4680444149,0.5024817518,0.0649062324,0.0796054929,3.3097937504,0.5103123991,0.5024817518,0.0649062324,0.0796054929,3.3097937504,0.5103123991
