Instance,INF_avg,INF_sd,INF_r1,INF_kr,INF_sk,SUP_avg,SUP_sd,SUP_r1,SUP_kr,SUP_sk,INC_avg,INC_sd,INC_r1,INC_kr,INC_sk,IND_avg,IND_sd,IND_r1,IND_kr,IND_sk
242,0.26,0.0486826458,0.1813031161,1.307883352,-0.2002117035,0.235,0.0192353841,-0.0428571429,1.8425858291,0.2529122813,0.505,0.0328633535,0.1925925926,1.3567386831,0.181728935,0.505,0.0328633535,0.1925925926,1.3567386831,0.181728935
