Instance,INF_avg,INF_sd,INF_r1,INF_kr,INF_sk,SUP_avg,SUP_sd,SUP_r1,SUP_kr,SUP_sk,INC_avg,INC_sd,INC_r1,INC_kr,INC_sk,IND_avg,IND_sd,IND_r1,IND_kr,IND_sk
110,0.255,0.0419523539,-0.7322404372,1.495512655,0.5546064351,0.272,0.0365513338,-0.5947666195,2.5662626842,1.068466953,0.473,0.0365513338,-0.3584331962,1.6120894439,0.4581776987,0.473,0.0365513338,-0.3584331962,1.6120894439,0.4581776987
