Instance,INF_avg,INF_sd,INF_r1,INF_kr,INF_sk,SUP_avg,SUP_sd,SUP_r1,SUP_kr,SUP_sk,INC_avg,INC_sd,INC_r1,INC_kr,INC_sk,IND_avg,IND_sd,IND_r1,IND_kr,IND_sk
193,0.252,0.0348711915,0.0889830508,1.7957063712,-0.0543353054,0.246,0.0162480768,0.0498442368,2.2685950413,-0.1790421687,0.502,0.0231516738,0.1048034934,2.5997995099,-0.8238983939,0.502,0.0231516738,0.1048034934,2.5997995099,-0.8238983939
