Instance,INF_avg,INF_sd,INF_r1,INF_kr,INF_sk,SUP_avg,SUP_sd,SUP_r1,SUP_kr,SUP_sk,INC_avg,INC_sd,INC_r1,INC_kr,INC_sk,IND_avg,IND_sd,IND_r1,IND_kr,IND_sk
14,0.5068965517,0.1633296529,0.4311189349,2.8631197354,-0.4077035082,0.1844827586,0.119700379,0.313704405,6.3097734199,1.574793363,0.3086206897,0.1167586411,0.0197405187,4.1676595315,0.4902951168,0.3086206897,0.1167586411,0.0197405187,4.1676595315,0.4902951168
