Instance,INF_avg,INF_sd,INF_r1,INF_kr,INF_sk,SUP_avg,SUP_sd,SUP_r1,SUP_kr,SUP_sk,INC_avg,INC_sd,INC_r1,INC_kr,INC_sk,IND_avg,IND_sd,IND_r1,IND_kr,IND_sk
252,0.2861,0.031524435,0.1153177295,2.5910198539,-0.0325049885,0.2342,0.031501746,0.1222987451,3.1003106744,0.3524247592,0.4797,0.0337403319,0.0466251662,2.3142891474,-0.3695074612,0.4797,0.0337403319,0.0466251662,2.3142891474,-0.3695074612
