Instance,INF_avg,INF_sd,INF_r1,INF_kr,INF_sk,SUP_avg,SUP_sd,SUP_r1,SUP_kr,SUP_sk,INC_avg,INC_sd,INC_r1,INC_kr,INC_sk,IND_avg,IND_sd,IND_r1,IND_kr,IND_sk
96,0.28,0.0678232998,-0.326754386,2.6474480151,-0.2115471545,0.185,0.0743303437,0.0422367638,2.3172539465,0.1570584442,0.535,0.0895823643,-0.4711809754,2.1329082598,0.3505362846,0.535,0.0895823643,-0.4711809754,2.1329082598,0.3505362846
