Instance,INF_avg,INF_sd,INF_r1,INF_kr,INF_sk,SUP_avg,SUP_sd,SUP_r1,SUP_kr,SUP_sk,INC_avg,INC_sd,INC_r1,INC_kr,INC_sk,IND_avg,IND_sd,IND_r1,IND_kr,IND_sk
109,0.2592,0.043212961,0.1070782961,2.4182538558,-0.0212880846,0.2942,0.0348189604,0.0792343106,3.5521881361,-0.4020035975,0.4466,0.0424080181,0.1510791302,3.8180164778,0.4049310353,0.4466,0.0424080181,0.1510791302,3.8180164778,0.4049310353
