Instance,INF_avg,INF_sd,INF_r1,INF_kr,INF_sk,SUP_avg,SUP_sd,SUP_r1,SUP_kr,SUP_sk,INC_avg,INC_sd,INC_r1,INC_kr,INC_sk,IND_avg,IND_sd,IND_r1,IND_kr,IND_sk
149,0.252,0.0581033562,0.3791859866,2.1941780283,0.3014729067,0.26,0.0626099034,-0.1463414634,1.5389421075,0.2542467963,0.488,0.084,0.3315753268,2.1915097105,-0.1273080661,0.488,0.084,0.3315753268,2.1915097105,-0.1273080661
