Instance,INF_avg,INF_sd,INF_r1,INF_kr,INF_sk,SUP_avg,SUP_sd,SUP_r1,SUP_kr,SUP_sk,INC_avg,INC_sd,INC_r1,INC_kr,INC_sk,IND_avg,IND_sd,IND_r1,IND_kr,IND_sk
86,0.24,0.0328633535,0.1842105263,1.6769547325,0.2366702409,0.276,0.0344093011,0.1981528128,1.2652027027,-0.3075064228,0.484,0.0149666295,-0.6420664207,2.1339285714,0.7301958931,0.484,0.0149666295,-0.6420664207,2.1339285714,0.7301958931
