Instance,INF_avg,INF_sd,INF_r1,INF_kr,INF_sk,SUP_avg,SUP_sd,SUP_r1,SUP_kr,SUP_sk,INC_avg,INC_sd,INC_r1,INC_kr,INC_sk,IND_avg,IND_sd,IND_r1,IND_kr,IND_sk
235,0.255,0.1059481005,-0.029983978,3.2107826846,1.1301074663,0.29,0.0888819442,0.110612855,1.7748758212,-0.3375263703,0.455,0.065,0.1140854047,1.7932495361,0.087391898,0.455,0.065,0.1140854047,1.7932495361,0.087391898
