Instance,INF_avg,INF_sd,INF_r1,INF_kr,INF_sk,SUP_avg,SUP_sd,SUP_r1,SUP_kr,SUP_sk,INC_avg,INC_sd,INC_r1,INC_kr,INC_sk,IND_avg,IND_sd,IND_r1,IND_kr,IND_sk
165,0.228,0.0416653333,-0.3465250965,2.1527426788,-0.505675168,0.264,0.0436348485,-0.19251578,2.6009903962,-0.3070747381,0.508,0.0468614981,-0.3865546218,2.6252301751,0.4526768378,0.508,0.0468614981,-0.3865546218,2.6252301751,0.4526768378
