Instance,INF_avg,INF_sd,INF_r1,INF_kr,INF_sk,SUP_avg,SUP_sd,SUP_r1,SUP_kr,SUP_sk,INC_avg,INC_sd,INC_r1,INC_kr,INC_sk,IND_avg,IND_sd,IND_r1,IND_kr,IND_sk
247,0.2564,0.0332045178,0.0944683446,2.9052344641,0.0528304973,0.2579,0.0307016286,0.1785038163,2.706312297,-0.0697127974,0.4857,0.0369866192,0.1225176501,3.5423245888,-0.4250787857,0.4857,0.0369866192,0.1225176501,3.5423245888,-0.4250787857
