Instance,INF_avg,INF_sd,INF_r1,INF_kr,INF_sk,SUP_avg,SUP_sd,SUP_r1,SUP_kr,SUP_sk,INC_avg,INC_sd,INC_r1,INC_kr,INC_sk,IND_avg,IND_sd,IND_r1,IND_kr,IND_sk
211,0.2425,0.1015812483,-0.1827186357,3.0421432085,0.0465981166,0.2875,0.1000937061,-0.1359421656,3.6347650557,0.0462760377,0.47,0.1063014581,-0.0286827195,2.5988722688,0.0324673574,0.47,0.1063014581,-0.0286827195,2.5988722688,0.0324673574
