Instance,INF_avg,INF_sd,INF_r1,INF_kr,INF_sk,SUP_avg,SUP_sd,SUP_r1,SUP_kr,SUP_sk,INC_avg,INC_sd,INC_r1,INC_kr,INC_sk,IND_avg,IND_sd,IND_r1,IND_kr,IND_sk
24,0.212,0.0466476152,0.2529585799,1.5469290657,0.1097086537,0.288,0.0324961536,-0.1963190184,2.2685950413,0.1790421687,0.5,0.045607017,-0.0384615385,2.5,-0.6071940134,0.5,0.045607017,-0.0384615385,2.5,-0.6071940134
