Instance,INF_avg,INF_sd,INF_r1,INF_kr,INF_sk,SUP_avg,SUP_sd,SUP_r1,SUP_kr,SUP_sk,INC_avg,INC_sd,INC_r1,INC_kr,INC_sk,IND_avg,IND_sd,IND_r1,IND_kr,IND_sk
37,0.25,0.05,0.3333333333,1.0,0.0,0.1,0.0707106781,-1.0,2.0,0.0,0.65,0.0866025404,-0.3333333333,2.3333333333,1.1547005384,0.65,0.0866025404,-0.3333333333,2.3333333333,1.1547005384
