Instance,INF_avg,INF_sd,INF_r1,INF_kr,INF_sk,SUP_avg,SUP_sd,SUP_r1,SUP_kr,SUP_sk,INC_avg,INC_sd,INC_r1,INC_kr,INC_sk,IND_avg,IND_sd,IND_r1,IND_kr,IND_sk
180,0.234,0.0333016516,0.0335180307,2.6766874194,0.8692572059,0.2495,0.0383699101,-0.0057858029,2.3688343888,0.0388740681,0.5165,0.0426057508,0.3970671883,2.1280884546,-0.3117335431,0.5165,0.0426057508,0.3970671883,2.1280884546,-0.3117335431
