Instance,INF_avg,INF_sd,INF_r1,INF_kr,INF_sk,SUP_avg,SUP_sd,SUP_r1,SUP_kr,SUP_sk,INC_avg,INC_sd,INC_r1,INC_kr,INC_sk,IND_avg,IND_sd,IND_r1,IND_kr,IND_sk
210,0.3164912281,0.0824300071,0.2976681097,2.3356205857,0.0741514847,0.1459649123,0.0755763736,0.5738957078,3.3393473722,0.7807133763,0.5375438596,0.0743694123,-0.0136640001,3.0924210222,0.4795728756,0.5375438596,0.0743694123,-0.0136640001,3.0924210222,0.4795728756
