Instance,INF_avg,INF_sd,INF_r1,INF_kr,INF_sk,SUP_avg,SUP_sd,SUP_r1,SUP_kr,SUP_sk,INC_avg,INC_sd,INC_r1,INC_kr,INC_sk,IND_avg,IND_sd,IND_r1,IND_kr,IND_sk
146,0.2708,0.0338431677,0.1607824473,2.9113563141,1.0665077353,0.26,0.0313049517,-0.1244813278,2.4523115369,-0.3960382788,0.4692,0.0301887396,-0.0659677249,3.0365116065,0.5094999795,0.4692,0.0301887396,-0.0659677249,3.0365116065,0.5094999795
