Instance,INF_avg,INF_sd,INF_r1,INF_kr,INF_sk,SUP_avg,SUP_sd,SUP_r1,SUP_kr,SUP_sk,INC_avg,INC_sd,INC_r1,INC_kr,INC_sk,IND_avg,IND_sd,IND_r1,IND_kr,IND_sk
158,0.25,0.0632455532,0.2857142857,1.5625,0.5929270613,0.35,0.0632455532,-0.4285714286,1.5625,0.5929270613,0.4,0.0948683298,0.5,1.7592592593,-0.3513641845,0.4,0.0948683298,0.5,1.7592592593,-0.3513641845
