Instance,INF_avg,INF_sd,INF_r1,INF_kr,INF_sk,SUP_avg,SUP_sd,SUP_r1,SUP_kr,SUP_sk,INC_avg,INC_sd,INC_r1,INC_kr,INC_sk,IND_avg,IND_sd,IND_r1,IND_kr,IND_sk
53,0.26,0.08,-0.0576923077,2.6640625,-0.328125,0.33,0.11,-0.2595005429,1.7606037839,0.2885048835,0.41,0.1220655562,-0.2106768351,1.7790640061,-0.1913373881,0.41,0.1220655562,-0.2106768351,1.7790640061,-0.1913373881
