Instance,INF_avg,INF_sd,INF_r1,INF_kr,INF_sk,SUP_avg,SUP_sd,SUP_r1,SUP_kr,SUP_sk,INC_avg,INC_sd,INC_r1,INC_kr,INC_sk,IND_avg,IND_sd,IND_r1,IND_kr,IND_sk
172,0.19,0.0969535971,-0.40969163,1.5439112721,-0.0460847791,0.3,0.0447213595,-0.3333333333,1.25,0.0,0.51,0.1113552873,-0.5677179963,1.2989073881,-0.469291273,0.51,0.1113552873,-0.5677179963,1.2989073881,-0.469291273
