Instance,INF_avg,INF_sd,INF_r1,INF_kr,INF_sk,SUP_avg,SUP_sd,SUP_r1,SUP_kr,SUP_sk,INC_avg,INC_sd,INC_r1,INC_kr,INC_sk,IND_avg,IND_sd,IND_r1,IND_kr,IND_sk
35,0.2784,0.0786729941,0.0990557346,2.9435523865,-0.1039273984,0.2488,0.0704454399,0.1965513402,2.8533735224,0.0947022807,0.4728,0.0714154045,0.3021617603,2.6756786293,0.4326296806,0.4728,0.0714154045,0.3021617603,2.6756786293,0.4326296806
