Instance,INF_avg,INF_sd,INF_r1,INF_kr,INF_sk,SUP_avg,SUP_sd,SUP_r1,SUP_kr,SUP_sk,INC_avg,INC_sd,INC_r1,INC_kr,INC_sk,IND_avg,IND_sd,IND_r1,IND_kr,IND_sk
258,0.2604,0.0520753301,-0.0091152383,2.3818360051,0.3451759011,0.2456,0.0613240573,0.3912619771,2.7653526871,-0.4564886683,0.494,0.0735662966,0.1673689035,2.2148612839,0.2536590087,0.494,0.0735662966,0.1673689035,2.2148612839,0.2536590087
