Instance,INF_avg,INF_sd,INF_r1,INF_kr,INF_sk,SUP_avg,SUP_sd,SUP_r1,SUP_kr,SUP_sk,INC_avg,INC_sd,INC_r1,INC_kr,INC_sk,IND_avg,IND_sd,IND_r1,IND_kr,IND_sk
56,0.19,0.0734846923,0.1338582677,1.5781893004,0.3477670622,0.31,0.0916515139,-0.1209439528,1.2091836735,-0.296152851,0.5,0.0447213595,-0.6666666667,1.25,0.0,0.5,0.0447213595,-0.6666666667,1.25,0.0
