Instance,INF_avg,INF_sd,INF_r1,INF_kr,INF_sk,SUP_avg,SUP_sd,SUP_r1,SUP_kr,SUP_sk,INC_avg,INC_sd,INC_r1,INC_kr,INC_sk,IND_avg,IND_sd,IND_r1,IND_kr,IND_sk
290,0.3476190476,0.1679542104,-0.3260956175,4.4126172186,0.1317338146,0.2095238095,0.1019092122,-0.0797969279,2.0498750977,-0.1911927278,0.4428571429,0.1529750324,-0.135451505,3.4844172526,0.1351924088,0.4428571429,0.1529750324,-0.135451505,3.4844172526,0.1351924088
