Instance,INF_avg,INF_sd,INF_r1,INF_kr,INF_sk,SUP_avg,SUP_sd,SUP_r1,SUP_kr,SUP_sk,INC_avg,INC_sd,INC_r1,INC_kr,INC_sk,IND_avg,IND_sd,IND_r1,IND_kr,IND_sk
93,0.224,0.080399005,-0.7087941022,1.7158366827,-0.2571333729,0.276,0.0344093011,-0.2059620596,2.6519357195,1.017952296,0.5,0.08,-0.5131578947,2.078125,0.84375,0.5,0.08,-0.5131578947,2.078125,0.84375
