Instance,INF_avg,INF_sd,INF_r1,INF_kr,INF_sk,SUP_avg,SUP_sd,SUP_r1,SUP_kr,SUP_sk,INC_avg,INC_sd,INC_r1,INC_kr,INC_sk,IND_avg,IND_sd,IND_r1,IND_kr,IND_sk
291,0.212,0.037094474,-0.3145539906,2.9694429421,-1.2864700617,0.312,0.0676461381,-0.4348462665,2.8309697296,1.0904131386,0.476,0.0752595509,0.068627451,2.4689744326,-0.8575971039,0.476,0.0752595509,0.068627451,2.4689744326,-0.8575971039
