Instance,INF_avg,INF_sd,INF_r1,INF_kr,INF_sk,SUP_avg,SUP_sd,SUP_r1,SUP_kr,SUP_sk,INC_avg,INC_sd,INC_r1,INC_kr,INC_sk,IND_avg,IND_sd,IND_r1,IND_kr,IND_sk
116,0.2615384615,0.1495555546,0.034204793,1.7618627698,-0.15430335,0.2153846154,0.1405820529,0.1596402473,4.8685682527,1.2208242462,0.5230769231,0.1671196999,0.048045063,2.5376508187,-0.0707984293,0.5230769231,0.1671196999,0.048045063,2.5376508187,-0.0707984293
