Instance,INF_avg,INF_sd,INF_r1,INF_kr,INF_sk,SUP_avg,SUP_sd,SUP_r1,SUP_kr,SUP_sk,INC_avg,INC_sd,INC_r1,INC_kr,INC_sk,IND_avg,IND_sd,IND_r1,IND_kr,IND_sk
165,0.411547619,0.1050084356,0.8840127935,2.0754375526,-0.0241893584,0.1076190476,0.0848965624,0.9233742725,2.8050134039,0.8389578157,0.4808333333,0.0457466713,0.3443958866,2.2110938535,-0.1770763977,0.4808333333,0.0457466713,0.3443958866,2.2110938535,-0.1770763977
