Instance,INF_avg,INF_sd,INF_r1,INF_kr,INF_sk,SUP_avg,SUP_sd,SUP_r1,SUP_kr,SUP_sk,INC_avg,INC_sd,INC_r1,INC_kr,INC_sk,IND_avg,IND_sd,IND_r1,IND_kr,IND_sk
144,0.38,0.1166190379,-0.6044776119,1.6280276817,-0.3631734744,0.26,0.1356465997,-0.234939759,1.2296786389,-0.2115471545,0.36,0.1496662955,0.0398550725,2.1339285714,-0.7301958931,0.36,0.1496662955,0.0398550725,2.1339285714,-0.7301958931
