Instance,INF_avg,INF_sd,INF_r1,INF_kr,INF_sk,SUP_avg,SUP_sd,SUP_r1,SUP_kr,SUP_sk,INC_avg,INC_sd,INC_r1,INC_kr,INC_sk,IND_avg,IND_sd,IND_r1,IND_kr,IND_sk
96,0.2736,0.038872098,0.0239512668,2.2138076548,0.0748095738,0.3356,0.0448178536,-0.0004943221,2.3023527179,0.162616696,0.3908,0.049712775,0.149919499,2.3989106481,-0.5848351779,0.3908,0.049712775,0.149919499,2.3989106481,-0.5848351779
