Instance,INF_avg,INF_sd,INF_r1,INF_kr,INF_sk,SUP_avg,SUP_sd,SUP_r1,SUP_kr,SUP_sk,INC_avg,INC_sd,INC_r1,INC_kr,INC_sk,IND_avg,IND_sd,IND_r1,IND_kr,IND_sk
26,0.212,0.1142628549,-0.2515063266,3.0035503172,0.5686063797,0.332,0.1489160838,0.3008054721,1.7338724287,0.0237211955,0.456,0.1444437607,-0.1292486583,1.6694455945,0.3182931537,0.456,0.1444437607,-0.1292486583,1.6694455945,0.3182931537
