Instance,INF_avg,INF_sd,INF_r1,INF_kr,INF_sk,SUP_avg,SUP_sd,SUP_r1,SUP_kr,SUP_sk,INC_avg,INC_sd,INC_r1,INC_kr,INC_sk,IND_avg,IND_sd,IND_r1,IND_kr,IND_sk
256,0.3482666667,0.0769480055,0.5959265777,2.4212271768,0.1924042106,0.1262666667,0.06604591,0.7871757452,2.2822831985,0.4522576889,0.5254666667,0.0497806745,-0.0227277097,2.4652228694,-0.0293266079,0.5254666667,0.0497806745,-0.0227277097,2.4652228694,-0.0293266079
