Instance,INF_avg,INF_sd,INF_r1,INF_kr,INF_sk,SUP_avg,SUP_sd,SUP_r1,SUP_kr,SUP_sk,INC_avg,INC_sd,INC_r1,INC_kr,INC_sk,IND_avg,IND_sd,IND_r1,IND_kr,IND_sk
182,0.3365384615,0.1205417996,0.4237529638,2.0654103983,-0.0945278832,0.1826923077,0.1200499157,0.4720955177,2.6773977654,0.6272434814,0.4807692308,0.105681782,-0.0637330062,2.1059479847,-0.2952953206,0.4807692308,0.105681782,-0.0637330062,2.1059479847,-0.2952953206
