Instance,INF_avg,INF_sd,INF_r1,INF_kr,INF_sk,SUP_avg,SUP_sd,SUP_r1,SUP_kr,SUP_sk,INC_avg,INC_sd,INC_r1,INC_kr,INC_sk,IND_avg,IND_sd,IND_r1,IND_kr,IND_sk
182,0.2625,0.1008402202,-0.0303871664,2.8152481424,-0.094625954,0.305,0.1217579566,0.1828182294,2.5843980788,0.1911292,0.4325,0.1235667836,0.1955091267,4.3906487481,0.9451470769,0.4325,0.1235667836,0.1955091267,4.3906487481,0.9451470769
