Instance,INF_avg,INF_sd,INF_r1,INF_kr,INF_sk,SUP_avg,SUP_sd,SUP_r1,SUP_kr,SUP_sk,INC_avg,INC_sd,INC_r1,INC_kr,INC_sk,IND_avg,IND_sd,IND_r1,IND_kr,IND_sk
289,0.2368,0.046880273,0.156890831,2.623664177,0.248576813,0.2544,0.0541169105,-0.0926749418,2.4435873622,0.0793542269,0.5088,0.0761220073,0.0757919635,1.96780015,-0.0117386802,0.5088,0.0761220073,0.0757919635,1.96780015,-0.0117386802
