Instance,INF_avg,INF_sd,INF_r1,INF_kr,INF_sk,SUP_avg,SUP_sd,SUP_r1,SUP_kr,SUP_sk,INC_avg,INC_sd,INC_r1,INC_kr,INC_sk,IND_avg,IND_sd,IND_r1,IND_kr,IND_sk
204,0.248,0.06,0.0838557645,3.1775407407,0.3146666667,0.2258,0.0547207456,0.0148671141,2.6973110864,0.2925966872,0.5262,0.0702393052,0.1413650492,3.1115619049,0.1378162926,0.5262,0.0702393052,0.1413650492,3.1115619049,0.1378162926
