Instance,INF_avg,INF_sd,INF_r1,INF_kr,INF_sk,SUP_avg,SUP_sd,SUP_r1,SUP_kr,SUP_sk,INC_avg,INC_sd,INC_r1,INC_kr,INC_sk,IND_avg,IND_sd,IND_r1,IND_kr,IND_sk
181,0.234,0.0293938769,-0.7318194884,1.6324427726,0.4495928801,0.25,0.0256904652,0.3676470588,1.9111570248,-0.2477042095,0.516,0.0386522962,0.0863787375,2.6376106837,0.6760925664,0.516,0.0386522962,0.0863787375,2.6376106837,0.6760925664
