Instance,INF_avg,INF_sd,INF_r1,INF_kr,INF_sk,SUP_avg,SUP_sd,SUP_r1,SUP_kr,SUP_sk,INC_avg,INC_sd,INC_r1,INC_kr,INC_sk,IND_avg,IND_sd,IND_r1,IND_kr,IND_sk
85,0.3767159763,0.0846014802,0.8545146393,2.0016119382,-0.1125142579,0.1004142012,0.0805278814,0.9187564736,2.4746507313,0.8257833269,0.5228698225,0.0375691186,0.3007158354,2.893649539,-0.0712508087,0.5228698225,0.0375691186,0.3007158354,2.893649539,-0.0712508087
