Instance,INF_avg,INF_sd,INF_r1,INF_kr,INF_sk,SUP_avg,SUP_sd,SUP_r1,SUP_kr,SUP_sk,INC_avg,INC_sd,INC_r1,INC_kr,INC_sk,IND_avg,IND_sd,IND_r1,IND_kr,IND_sk
13,0.275,0.1030776406,0.6397515528,2.815916955,0.958729059,0.255,0.0934077085,0.196457855,2.1140795232,0.1306776917,0.47,0.1268857754,0.3941286696,1.9554415339,0.1718178588,0.47,0.1268857754,0.3941286696,1.9554415339,0.1718178588
