Instance,INF_avg,INF_sd,INF_r1,INF_kr,INF_sk,SUP_avg,SUP_sd,SUP_r1,SUP_kr,SUP_sk,INC_avg,INC_sd,INC_r1,INC_kr,INC_sk,IND_avg,IND_sd,IND_r1,IND_kr,IND_sk
99,0.268,0.1028396811,0.2620289285,2.8945867788,0.3935741282,0.247,0.1021812116,0.0335050312,2.6921107573,-0.3969578301,0.485,0.1327591805,-0.0808433359,2.8248740003,-0.0089748171,0.485,0.1327591805,-0.0808433359,2.8248740003,-0.0089748171
