Instance,INF_avg,INF_sd,INF_r1,INF_kr,INF_sk,SUP_avg,SUP_sd,SUP_r1,SUP_kr,SUP_sk,INC_avg,INC_sd,INC_r1,INC_kr,INC_sk,IND_avg,IND_sd,IND_r1,IND_kr,IND_sk
145,0.292,0.0321869539,-0.3304093567,1.98576348,0.2691802616,0.168,0.0477074418,0.3665817255,2.5894625974,0.2124106279,0.54,0.0433589668,0.2819148936,1.9205522861,-0.323867339,0.54,0.0433589668,0.2819148936,1.9205522861,-0.323867339
