Instance,INF_avg,INF_sd,INF_r1,INF_kr,INF_sk,SUP_avg,SUP_sd,SUP_r1,SUP_kr,SUP_sk,INC_avg,INC_sd,INC_r1,INC_kr,INC_sk,IND_avg,IND_sd,IND_r1,IND_kr,IND_sk
70,0.2442,0.029569579,0.0892862698,3.8089485498,-0.5264478758,0.2489,0.0290910639,0.2132286693,2.8809431314,-0.0423815673,0.5069,0.0302801915,0.35174769,2.3848897209,0.2108648368,0.5069,0.0302801915,0.35174769,2.3848897209,0.2108648368
