Instance,INF_avg,INF_sd,INF_r1,INF_kr,INF_sk,SUP_avg,SUP_sd,SUP_r1,SUP_kr,SUP_sk,INC_avg,INC_sd,INC_r1,INC_kr,INC_sk,IND_avg,IND_sd,IND_r1,IND_kr,IND_sk
48,0.2223,0.0622552006,0.358969049,2.7187398294,0.1442099903,0.3264,0.0832888948,0.6015045532,2.5351634551,0.2334920952,0.4513,0.0619460249,0.3770386575,2.8180081037,0.1167925178,0.4513,0.0619460249,0.3770386575,2.8180081037,0.1167925178
