Instance,INF_avg,INF_sd,INF_r1,INF_kr,INF_sk,SUP_avg,SUP_sd,SUP_r1,SUP_kr,SUP_sk,INC_avg,INC_sd,INC_r1,INC_kr,INC_sk,IND_avg,IND_sd,IND_r1,IND_kr,IND_sk
82,0.4415546218,0.1111149528,0.8827744477,1.9787002115,-0.1265106334,0.0930252101,0.0768585367,0.9021937845,2.7146913747,0.8860480926,0.4654201681,0.050491616,0.4702958664,2.2142341828,-0.4634335445,0.4654201681,0.050491616,0.4702958664,2.2142341828,-0.4634335445
