Instance,INF_avg,INF_sd,INF_r1,INF_kr,INF_sk,SUP_avg,SUP_sd,SUP_r1,SUP_kr,SUP_sk,INC_avg,INC_sd,INC_r1,INC_kr,INC_sk,IND_avg,IND_sd,IND_r1,IND_kr,IND_sk
64,0.2858,0.0331113274,0.0856723511,3.4243779323,0.8470133647,0.2094,0.0283837982,0.0294911556,4.4407129997,0.0995039027,0.5048,0.0353264773,-0.0088546327,2.4660698937,-0.3043189828,0.5048,0.0353264773,-0.0088546327,2.4660698937,-0.3043189828
