Instance,INF_avg,INF_sd,INF_r1,INF_kr,INF_sk,SUP_avg,SUP_sd,SUP_r1,SUP_kr,SUP_sk,INC_avg,INC_sd,INC_r1,INC_kr,INC_sk,IND_avg,IND_sd,IND_r1,IND_kr,IND_sk
162,0.276,0.132,-0.1642847899,2.7455344833,0.0818933133,0.262,0.1278905782,0.0370486857,2.8542441678,0.104913604,0.462,0.1426744546,0.028791817,2.3982132388,0.1499358947,0.462,0.1426744546,0.028791817,2.3982132388,0.1499358947
