Instance,INF_avg,INF_sd,INF_r1,INF_kr,INF_sk,SUP_avg,SUP_sd,SUP_r1,SUP_kr,SUP_sk,INC_avg,INC_sd,INC_r1,INC_kr,INC_sk,IND_avg,IND_sd,IND_r1,IND_kr,IND_sk
35,0.3,0.1195228609,0.2222222222,2.38,0.0,0.1571428571,0.1049781318,0.373540856,1.7386831276,0.1814436847,0.5428571429,0.1293626448,0.832,2.6695419393,0.7514730677,0.5428571429,0.1293626448,0.832,2.6695419393,0.7514730677
