Instance,INF_avg,INF_sd,INF_r1,INF_kr,INF_sk,SUP_avg,SUP_sd,SUP_r1,SUP_kr,SUP_sk,INC_avg,INC_sd,INC_r1,INC_kr,INC_sk,IND_avg,IND_sd,IND_r1,IND_kr,IND_sk
39,0.26,0.1319090596,0.1799124626,2.9433214427,0.3450653164,0.287,0.144675499,0.0307983914,3.3333192888,0.5245705353,0.453,0.1681992866,0.1057495821,2.7688923654,0.3074174639,0.453,0.1681992866,0.1057495821,2.7688923654,0.3074174639
