Instance,INF_avg,INF_sd,INF_r1,INF_kr,INF_sk,SUP_avg,SUP_sd,SUP_r1,SUP_kr,SUP_sk,INC_avg,INC_sd,INC_r1,INC_kr,INC_sk,IND_avg,IND_sd,IND_r1,IND_kr,IND_sk
21,0.22,0.0509901951,-0.5909090909,1.9556213018,0.2715454179,0.28,0.081240384,-0.3862928349,1.4421487603,0.3804646085,0.5,0.0707106781,0.0,1.7,-0.0,0.5,0.0707106781,0.0,1.7,-0.0
