Instance,INF_avg,INF_sd,INF_r1,INF_kr,INF_sk,SUP_avg,SUP_sd,SUP_r1,SUP_kr,SUP_sk,INC_avg,INC_sd,INC_r1,INC_kr,INC_sk,IND_avg,IND_sd,IND_r1,IND_kr,IND_sk
80,0.2792,0.0478263526,0.158872157,2.4215004788,0.21399464,0.318,0.061384037,0.3769386524,2.7607948936,0.0709742811,0.4028,0.0664541948,0.3523134482,2.4936830409,-0.1942182788,0.4028,0.0664541948,0.3523134482,2.4936830409,-0.1942182788
