Instance,INF_avg,INF_sd,INF_r1,INF_kr,INF_sk,SUP_avg,SUP_sd,SUP_r1,SUP_kr,SUP_sk,INC_avg,INC_sd,INC_r1,INC_kr,INC_sk,IND_avg,IND_sd,IND_r1,IND_kr,IND_sk
270,0.2592,0.0572656965,0.1425143502,3.5212358795,1.0421531371,0.2112,0.0699897135,-0.148809619,1.7881266187,-0.3086974216,0.5296,0.0843080067,-0.2068328984,2.9341417798,0.5508396686,0.5296,0.0843080067,-0.2068328984,2.9341417798,0.5508396686
