Instance,INF_avg,INF_sd,INF_r1,INF_kr,INF_sk,SUP_avg,SUP_sd,SUP_r1,SUP_kr,SUP_sk,INC_avg,INC_sd,INC_r1,INC_kr,INC_sk,IND_avg,IND_sd,IND_r1,IND_kr,IND_sk
297,0.248,0.0391918359,-0.4897165092,2.1249186198,-0.7471262659,0.264,0.0431740663,-0.394907909,1.368057986,-0.0501016076,0.488,0.0430813185,0.1382446567,1.6508063317,0.0018009246,0.488,0.0430813185,0.1382446567,1.6508063317,0.0018009246
