Instance,INF_avg,INF_sd,INF_r1,INF_kr,INF_sk,SUP_avg,SUP_sd,SUP_r1,SUP_kr,SUP_sk,INC_avg,INC_sd,INC_r1,INC_kr,INC_sk,IND_avg,IND_sd,IND_r1,IND_kr,IND_sk
170,0.2674,0.0306470227,-0.2671775515,3.7350488316,0.4133640914,0.2477,0.0266685208,0.1888221301,2.6721326861,0.376551201,0.4849,0.035362268,0.2563907897,3.2783588819,-0.2931321654,0.4849,0.035362268,0.2563907897,3.2783588819,-0.2931321654
