Instance,INF_avg,INF_sd,INF_r1,INF_kr,INF_sk,SUP_avg,SUP_sd,SUP_r1,SUP_kr,SUP_sk,INC_avg,INC_sd,INC_r1,INC_kr,INC_sk,IND_avg,IND_sd,IND_r1,IND_kr,IND_sk
122,0.27,0.1268857754,-0.0446461883,2.1579800162,0.2819575118,0.234,0.1504792344,0.1555941655,4.3390045802,1.1712588327,0.496,0.1672841893,-0.0671899492,2.6942609695,0.1144712373,0.496,0.1672841893,-0.0671899492,2.6942609695,0.1144712373
