Instance,INF_avg,INF_sd,INF_r1,INF_kr,INF_sk,SUP_avg,SUP_sd,SUP_r1,SUP_kr,SUP_sk,INC_avg,INC_sd,INC_r1,INC_kr,INC_sk,IND_avg,IND_sd,IND_r1,IND_kr,IND_sk
57,0.2492,0.0454242226,-0.1205692101,1.9183041301,0.2261107646,0.2988,0.0504634521,0.4793474488,2.2433086597,0.2590444949,0.452,0.062992063,0.226581717,2.3251130008,0.0120982984,0.452,0.062992063,0.226581717,2.3251130008,0.0120982984
