Instance,INF_avg,INF_sd,INF_r1,INF_kr,INF_sk,SUP_avg,SUP_sd,SUP_r1,SUP_kr,SUP_sk,INC_avg,INC_sd,INC_r1,INC_kr,INC_sk,IND_avg,IND_sd,IND_r1,IND_kr,IND_sk
240,0.22,0.213541565,0.0415486308,5.5526315789,1.9569714063,0.33,0.1486606875,-0.2216566404,2.0224196884,0.2081937516,0.45,0.2418677324,0.1866028708,2.0238877931,-0.2544302248,0.45,0.2418677324,0.1866028708,2.0238877931,-0.2544302248
