Instance,INF_avg,INF_sd,INF_r1,INF_kr,INF_sk,SUP_avg,SUP_sd,SUP_r1,SUP_kr,SUP_sk,INC_avg,INC_sd,INC_r1,INC_kr,INC_sk,IND_avg,IND_sd,IND_r1,IND_kr,IND_sk
7,0.26,0.0704272674,-0.9782608696,2.1253902185,0.577122509,0.22,0.0419523539,0.5,1.3429752066,-0.3900528774,0.52,0.0704272674,-0.9230769231,1.9380853278,0.7420146544,0.52,0.0704272674,-0.9230769231,1.9380853278,0.7420146544
