Instance,INF_avg,INF_sd,INF_r1,INF_kr,INF_sk,SUP_avg,SUP_sd,SUP_r1,SUP_kr,SUP_sk,INC_avg,INC_sd,INC_r1,INC_kr,INC_sk,IND_avg,IND_sd,IND_r1,IND_kr,IND_sk
19,0.252,0.1499866661,0.0265954408,1.9555198307,-0.1452191678,0.264,0.1323026833,0.1519674355,2.4215865833,0.0591961529,0.484,0.1405133446,0.1540333454,4.4117258445,0.8909678231,0.484,0.1405133446,0.1540333454,4.4117258445,0.8909678231
