Instance,INF_avg,INF_sd,INF_r1,INF_kr,INF_sk,SUP_avg,SUP_sd,SUP_r1,SUP_kr,SUP_sk,INC_avg,INC_sd,INC_r1,INC_kr,INC_sk,IND_avg,IND_sd,IND_r1,IND_kr,IND_sk
136,0.256,0.1768162888,-0.2969466291,3.7274671592,1.1165067577,0.312,0.1680952111,0.0868629206,1.8845597411,0.0128547113,0.432,0.1666613332,-0.0820904178,2.6010957973,0.2118593142,0.432,0.1666613332,-0.0820904178,2.6010957973,0.2118593142
