Instance,INF_avg,INF_sd,INF_r1,INF_kr,INF_sk,SUP_avg,SUP_sd,SUP_r1,SUP_kr,SUP_sk,INC_avg,INC_sd,INC_r1,INC_kr,INC_sk,IND_avg,IND_sd,IND_r1,IND_kr,IND_sk
11,0.31265,0.0618928712,0.5762482844,2.3499436899,0.2559983446,0.25655,0.0633628243,0.6951301794,2.2074845123,-0.0337727293,0.4308,0.0540403553,0.5028658106,2.4572026963,0.1307405782,0.4308,0.0540403553,0.5028658106,2.4572026963,0.1307405782
