Instance,INF_avg,INF_sd,INF_r1,INF_kr,INF_sk,SUP_avg,SUP_sd,SUP_r1,SUP_kr,SUP_sk,INC_avg,INC_sd,INC_r1,INC_kr,INC_sk,IND_avg,IND_sd,IND_r1,IND_kr,IND_sk
294,0.268,0.1554863338,0.0561163659,2.1940961517,0.1579297848,0.296,0.1310877569,-0.0135198048,2.6990782643,0.0738129775,0.436,0.1658432995,0.0121580547,2.1371236372,0.2067175618,0.436,0.1658432995,0.0121580547,2.1371236372,0.2067175618
