Instance,INF_avg,INF_sd,INF_r1,INF_kr,INF_sk,SUP_avg,SUP_sd,SUP_r1,SUP_kr,SUP_sk,INC_avg,INC_sd,INC_r1,INC_kr,INC_sk,IND_avg,IND_sd,IND_r1,IND_kr,IND_sk
45,0.2176,0.064453394,-0.003828244,2.7984425587,0.4344434634,0.2464,0.0671046943,0.1442657556,2.288424091,0.1789673733,0.536,0.0798999374,-0.1042482676,3.3482013304,-0.8051423961,0.536,0.0798999374,-0.1042482676,3.3482013304,-0.8051423961
