Instance,INF_avg,INF_sd,INF_r1,INF_kr,INF_sk,SUP_avg,SUP_sd,SUP_r1,SUP_kr,SUP_sk,INC_avg,INC_sd,INC_r1,INC_kr,INC_sk,IND_avg,IND_sd,IND_r1,IND_kr,IND_sk
65,0.216,0.0327719392,0.136565788,1.6889142037,0.2117222127,0.307,0.0481767579,0.068809129,1.9843318438,0.3641265908,0.477,0.0230434372,-0.1495817934,2.5725791865,-0.0485450177,0.477,0.0230434372,-0.1495817934,2.5725791865,-0.0485450177
