Instance,INF_avg,INF_sd,INF_r1,INF_kr,INF_sk,SUP_avg,SUP_sd,SUP_r1,SUP_kr,SUP_sk,INC_avg,INC_sd,INC_r1,INC_kr,INC_sk,IND_avg,IND_sd,IND_r1,IND_kr,IND_sk
97,0.292,0.074939976,-0.2782062268,6.1886429493,1.9105889121,0.266,0.0544426304,-0.294020163,2.2664360996,-0.1386148806,0.442,0.0609590026,-0.6474409228,2.5164239011,-0.3915882449,0.442,0.0609590026,-0.6474409228,2.5164239011,-0.3915882449
