Instance,INF_avg,INF_sd,INF_r1,INF_kr,INF_sk,SUP_avg,SUP_sd,SUP_r1,SUP_kr,SUP_sk,INC_avg,INC_sd,INC_r1,INC_kr,INC_sk,IND_avg,IND_sd,IND_r1,IND_kr,IND_sk
164,0.236,0.1571750616,-0.0872549558,3.1715163494,0.6915822442,0.238,0.1508509198,-0.1977589394,2.3577628554,0.3178034229,0.526,0.1597623235,-0.1146340147,2.2899685221,0.3069204276,0.526,0.1597623235,-0.1146340147,2.2899685221,0.3069204276
