Instance,INF_avg,INF_sd,INF_r1,INF_kr,INF_sk,SUP_avg,SUP_sd,SUP_r1,SUP_kr,SUP_sk,INC_avg,INC_sd,INC_r1,INC_kr,INC_sk,IND_avg,IND_sd,IND_r1,IND_kr,IND_sk
166,0.2448,0.0332710084,-0.0819237328,2.2053826641,0.4031853068,0.2542,0.0271543735,-0.0184565197,5.9020122329,1.0223561527,0.501,0.0328633535,-0.2039113104,2.1629012346,-0.4625212708,0.501,0.0328633535,-0.2039113104,2.1629012346,-0.4625212708
