Instance,INF_avg,INF_sd,INF_r1,INF_kr,INF_sk,SUP_avg,SUP_sd,SUP_r1,SUP_kr,SUP_sk,INC_avg,INC_sd,INC_r1,INC_kr,INC_sk,IND_avg,IND_sd,IND_r1,IND_kr,IND_sk
220,0.271,0.0427668096,-0.0316208814,2.2273961727,0.0538477801,0.239,0.0137477271,-0.1275807305,3.3744016125,0.6419531586,0.49,0.0389871774,0.125,2.6679362881,-0.3341179502,0.49,0.0389871774,0.125,2.6679362881,-0.3341179502
