Instance,INF_avg,INF_sd,INF_r1,INF_kr,INF_sk,SUP_avg,SUP_sd,SUP_r1,SUP_kr,SUP_sk,INC_avg,INC_sd,INC_r1,INC_kr,INC_sk,IND_avg,IND_sd,IND_r1,IND_kr,IND_sk
293,0.25,0.0460434577,-0.8333333333,2.4074403702,-0.5900905939,0.266,0.0241660919,-0.9841269841,1.8297053856,-0.1224403232,0.484,0.030724583,-0.0675883257,1.4904481471,0.4071161708,0.484,0.030724583,-0.0675883257,1.4904481471,0.4071161708
