Instance,INF_avg,INF_sd,INF_r1,INF_kr,INF_sk,SUP_avg,SUP_sd,SUP_r1,SUP_kr,SUP_sk,INC_avg,INC_sd,INC_r1,INC_kr,INC_sk,IND_avg,IND_sd,IND_r1,IND_kr,IND_sk
264,0.2564,0.0444414221,0.0153502567,2.2489236114,-0.2212842475,0.258,0.0436806593,-0.07174305,2.4071437048,0.1033803825,0.4856,0.0501262406,0.2140382729,2.4339979428,0.0347126627,0.4856,0.0501262406,0.2140382729,2.4339979428,0.0347126627
