Instance,INF_avg,INF_sd,INF_r1,INF_kr,INF_sk,SUP_avg,SUP_sd,SUP_r1,SUP_kr,SUP_sk,INC_avg,INC_sd,INC_r1,INC_kr,INC_sk,IND_avg,IND_sd,IND_r1,IND_kr,IND_sk
49,0.255,0.1381122732,0.127738242,3.303681577,0.6134959753,0.221,0.1267241098,-0.0908343645,2.2479050287,0.1321934844,0.524,0.1581897595,0.0037668517,3.1102466951,0.0566996846,0.524,0.1581897595,0.0037668517,3.1102466951,0.0566996846
