Instance,INF_avg,INF_sd,INF_r1,INF_kr,INF_sk,SUP_avg,SUP_sd,SUP_r1,SUP_kr,SUP_sk,INC_avg,INC_sd,INC_r1,INC_kr,INC_sk,IND_avg,IND_sd,IND_r1,IND_kr,IND_sk
138,0.28,0.1469693846,0.1771682728,2.5452674897,0.4233685975,0.248,0.1299846145,0.0116655865,2.3267045455,0.5902796499,0.472,0.1587954659,0.1087880029,2.2249075601,0.1648514636,0.472,0.1587954659,0.1087880029,2.2249075601,0.1648514636
