Instance,INF_avg,INF_sd,INF_r1,INF_kr,INF_sk,SUP_avg,SUP_sd,SUP_r1,SUP_kr,SUP_sk,INC_avg,INC_sd,INC_r1,INC_kr,INC_sk,IND_avg,IND_sd,IND_r1,IND_kr,IND_sk
124,0.25,0.0354964787,-0.5,2.4829931973,0.3487938194,0.241,0.0457055795,0.0803191799,1.836957406,0.2307524192,0.509,0.037,0.0278511586,3.2735805515,0.4463309182,0.509,0.037,0.0278511586,3.2735805515,0.4463309182
