Instance,INF_avg,INF_sd,INF_r1,INF_kr,INF_sk,SUP_avg,SUP_sd,SUP_r1,SUP_kr,SUP_sk,INC_avg,INC_sd,INC_r1,INC_kr,INC_sk,IND_avg,IND_sd,IND_r1,IND_kr,IND_sk
137,0.22,0.1469693846,-0.062992126,1.5781893004,-0.3477670622,0.12,0.0979795897,-0.5384615385,1.1666666667,-0.4082482905,0.66,0.1854723699,-0.1202185792,2.4826933478,0.9704949588,0.66,0.1854723699,-0.1202185792,2.4826933478,0.9704949588
