Instance,INF_avg,INF_sd,INF_r1,INF_kr,INF_sk,SUP_avg,SUP_sd,SUP_r1,SUP_kr,SUP_sk,INC_avg,INC_sd,INC_r1,INC_kr,INC_sk,IND_avg,IND_sd,IND_r1,IND_kr,IND_sk
269,0.34,0.08,-0.7741935484,2.078125,-0.84375,0.14,0.1496662955,-0.9369369369,2.1339285714,0.7301958931,0.52,0.0979795897,-0.6666666667,1.1666666667,-0.4082482905,0.52,0.0979795897,-0.6666666667,1.1666666667,-0.4082482905
