Instance,INF_avg,INF_sd,INF_r1,INF_kr,INF_sk,SUP_avg,SUP_sd,SUP_r1,SUP_kr,SUP_sk,INC_avg,INC_sd,INC_r1,INC_kr,INC_sk,IND_avg,IND_sd,IND_r1,IND_kr,IND_sk
172,0.252,0.1513142426,-0.0443023927,3.3343573786,0.5679379909,0.244,0.1116422859,-0.1269804407,2.3473644661,0.4524353028,0.504,0.162431524,0.0077952254,2.4023222263,0.0754453293,0.504,0.162431524,0.0077952254,2.4023222263,0.0754453293
