Instance,INF_avg,INF_sd,INF_r1,INF_kr,INF_sk,SUP_avg,SUP_sd,SUP_r1,SUP_kr,SUP_sk,INC_avg,INC_sd,INC_r1,INC_kr,INC_sk,IND_avg,IND_sd,IND_r1,IND_kr,IND_sk
114,0.168,0.1287478155,0.2844871344,2.9699281466,0.6110535884,0.284,0.11892855,-0.1418693259,2.0642646547,0.0255676537,0.548,0.1699882349,-0.1109629827,3.4304385897,-0.2344504643,0.548,0.1699882349,-0.1109629827,3.4304385897,-0.2344504643
