Instance,INF_avg,INF_sd,INF_r1,INF_kr,INF_sk,SUP_avg,SUP_sd,SUP_r1,SUP_kr,SUP_sk,INC_avg,INC_sd,INC_r1,INC_kr,INC_sk,IND_avg,IND_sd,IND_r1,IND_kr,IND_sk
222,0.36,0.0394968353,-0.1818181818,2.1449704142,0.0194757571,0.248,0.0193907194,-0.5167095116,1.4081032141,-0.3752617726,0.392,0.0479165942,-0.3836948392,1.4414464179,-0.4725109403,0.392,0.0479165942,-0.3836948392,1.4414464179,-0.4725109403
