Instance,INF_avg,INF_sd,INF_r1,INF_kr,INF_sk,SUP_avg,SUP_sd,SUP_r1,SUP_kr,SUP_sk,INC_avg,INC_sd,INC_r1,INC_kr,INC_sk,IND_avg,IND_sd,IND_r1,IND_kr,IND_sk
43,0.243,0.1090917045,0.1459319722,4.0745294762,0.8724976293,0.318,0.1052425769,0.0085313288,2.8797935822,0.5370865925,0.439,0.1335252785,0.0803499717,2.5025471616,-0.2427146997,0.439,0.1335252785,0.0803499717,2.5025471616,-0.2427146997
