Instance,INF_avg,INF_sd,INF_r1,INF_kr,INF_sk,SUP_avg,SUP_sd,SUP_r1,SUP_kr,SUP_sk,INC_avg,INC_sd,INC_r1,INC_kr,INC_sk,IND_avg,IND_sd,IND_r1,IND_kr,IND_sk
169,0.2775,0.0341504026,0.0080428954,2.549032785,0.7118124472,0.2795,0.0375799148,0.2048436316,2.0678913652,0.387321169,0.443,0.0374966665,0.059527584,2.0579562493,-0.1878972148,0.443,0.0374966665,0.059527584,2.0579562493,-0.1878972148
