Instance,INF_avg,INF_sd,INF_r1,INF_kr,INF_sk,SUP_avg,SUP_sd,SUP_r1,SUP_kr,SUP_sk,INC_avg,INC_sd,INC_r1,INC_kr,INC_sk,IND_avg,IND_sd,IND_r1,IND_kr,IND_sk
136,0.218,0.0318747549,0.1649441918,2.3343356687,0.2934714553,0.323,0.0460543158,-0.2281860202,3.4160043,-0.6594513329,0.459,0.0494873721,-0.4083328685,2.4650017565,-0.4748727434,0.459,0.0494873721,-0.4083328685,2.4650017565,-0.4748727434
