Instance,INF_avg,INF_sd,INF_r1,INF_kr,INF_sk,SUP_avg,SUP_sd,SUP_r1,SUP_kr,SUP_sk,INC_avg,INC_sd,INC_r1,INC_kr,INC_sk,IND_avg,IND_sd,IND_r1,IND_kr,IND_sk
90,0.5571929825,0.1728781579,0.8557529487,2.1566375456,-0.2248269369,0.1607017544,0.1173368169,0.804891228,2.8939963775,0.8876790313,0.2821052632,0.0829021161,0.6763960998,3.5606859867,0.1765350773,0.2821052632,0.0829021161,0.6763960998,3.5606859867,0.1765350773
