Instance,INF_avg,INF_sd,INF_r1,INF_kr,INF_sk,SUP_avg,SUP_sd,SUP_r1,SUP_kr,SUP_sk,INC_avg,INC_sd,INC_r1,INC_kr,INC_sk,IND_avg,IND_sd,IND_r1,IND_kr,IND_sk
71,0.243,0.0445084262,-0.1730972663,1.6231475647,0.4745767743,0.278,0.0503587132,-0.4686061801,3.9125725204,1.0666691991,0.479,0.0626817358,-0.1991626031,1.5011281631,0.0888757005,0.479,0.0626817358,-0.1991626031,1.5011281631,0.0888757005
