Instance,INF_avg,INF_sd,INF_r1,INF_kr,INF_sk,SUP_avg,SUP_sd,SUP_r1,SUP_kr,SUP_sk,INC_avg,INC_sd,INC_r1,INC_kr,INC_sk,IND_avg,IND_sd,IND_r1,IND_kr,IND_sk
10,0.5790909091,0.2213123891,0.9536144417,1.709774324,-0.2960000849,0.0932727273,0.0892657838,0.9148549546,3.0553623514,1.0196871079,0.3276363636,0.141831701,0.9040756691,1.5901248121,0.1048568869,0.3276363636,0.141831701,0.9040756691,1.5901248121,0.1048568869
