Instance,INF_avg,INF_sd,INF_r1,INF_kr,INF_sk,SUP_avg,SUP_sd,SUP_r1,SUP_kr,SUP_sk,INC_avg,INC_sd,INC_r1,INC_kr,INC_sk,IND_avg,IND_sd,IND_r1,IND_kr,IND_sk
46,0.2551,0.0463787667,0.1834103124,2.4779219291,0.1015153896,0.2481,0.046426178,0.303505644,3.3643533767,0.1275409801,0.4968,0.0526095048,0.2549414824,2.7043835441,-0.2682275009,0.4968,0.0526095048,0.2549414824,2.7043835441,-0.2682275009
