Instance,INF_avg,INF_sd,INF_r1,INF_kr,INF_sk,SUP_avg,SUP_sd,SUP_r1,SUP_kr,SUP_sk,INC_avg,INC_sd,INC_r1,INC_kr,INC_sk,IND_avg,IND_sd,IND_r1,IND_kr,IND_sk
264,0.249,0.1452549483,-0.1626102788,5.8826505222,0.9497717759,0.254,0.1381448515,-0.1161135381,2.6360387711,0.2696630905,0.497,0.1459143584,-0.1889940562,2.7418743405,-0.0252212776,0.497,0.1459143584,-0.1889940562,2.7418743405,-0.0252212776
