Instance,INF_avg,INF_sd,INF_r1,INF_kr,INF_sk,SUP_avg,SUP_sd,SUP_r1,SUP_kr,SUP_sk,INC_avg,INC_sd,INC_r1,INC_kr,INC_sk,IND_avg,IND_sd,IND_r1,IND_kr,IND_sk
56,0.292,0.14743134,0.1586671692,2.503608125,0.3626623442,0.257,0.1408935769,0.2887000396,2.864531016,0.3397666491,0.451,0.175211301,0.2483998715,2.6308456623,0.3570309014,0.451,0.175211301,0.2483998715,2.6308456623,0.3570309014
