Instance,INF_avg,INF_sd,INF_r1,INF_kr,INF_sk,SUP_avg,SUP_sd,SUP_r1,SUP_kr,SUP_sk,INC_avg,INC_sd,INC_r1,INC_kr,INC_sk,IND_avg,IND_sd,IND_r1,IND_kr,IND_sk
14,0.265,0.116511802,0.2180470777,2.1734684533,0.2091173638,0.2795,0.1208501138,0.3233472923,4.1886594377,0.6037200474,0.4555,0.1108816937,0.2544354814,2.7379057927,-0.2928854057,0.4555,0.1108816937,0.2544354814,2.7379057927,-0.2928854057
