Instance,INF_avg,INF_sd,INF_r1,INF_kr,INF_sk,SUP_avg,SUP_sd,SUP_r1,SUP_kr,SUP_sk,INC_avg,INC_sd,INC_r1,INC_kr,INC_sk,IND_avg,IND_sd,IND_r1,IND_kr,IND_sk
41,0.22,0.1385640646,0.0058357649,2.6588541667,0.4961603876,0.236,0.136762568,0.0252033372,2.6483025639,0.3648590383,0.544,0.1402283851,-0.1876553922,2.2592256169,0.1447597818,0.544,0.1402283851,-0.1876553922,2.2592256169,0.1447597818
