Instance,INF_avg,INF_sd,INF_r1,INF_kr,INF_sk,SUP_avg,SUP_sd,SUP_r1,SUP_kr,SUP_sk,INC_avg,INC_sd,INC_r1,INC_kr,INC_sk,IND_avg,IND_sd,IND_r1,IND_kr,IND_sk
43,0.2668,0.067184522,0.422597028,2.913101135,0.2107958795,0.2444,0.0584520316,0.3891318582,3.3637774901,0.2236005647,0.4888,0.0612418158,0.2264663915,3.0007955041,0.3879285798,0.4888,0.0612418158,0.2264663915,3.0007955041,0.3879285798
