Instance,INF_avg,INF_sd,INF_r1,INF_kr,INF_sk,SUP_avg,SUP_sd,SUP_r1,SUP_kr,SUP_sk,INC_avg,INC_sd,INC_r1,INC_kr,INC_sk,IND_avg,IND_sd,IND_r1,IND_kr,IND_sk
3,0.252,0.1315142578,-0.1880774056,2.5281666939,0.1939691837,0.236,0.1276871176,0.105034983,4.9969779296,1.0916035395,0.512,0.1290581264,0.0276206453,3.5194462208,0.1668483946,0.512,0.1290581264,0.0276206453,3.5194462208,0.1668483946
