Instance,INF_avg,INF_sd,INF_r1,INF_kr,INF_sk,SUP_avg,SUP_sd,SUP_r1,SUP_kr,SUP_sk,INC_avg,INC_sd,INC_r1,INC_kr,INC_sk,IND_avg,IND_sd,IND_r1,IND_kr,IND_sk
43,0.302,0.1399857136,-0.0158321513,2.3887048696,-0.0793187406,0.268,0.141336478,0.0301496515,3.467211996,0.5349923659,0.43,0.1558845727,-0.0077806595,2.9007265153,0.0332629785,0.43,0.1558845727,-0.0077806595,2.9007265153,0.0332629785
