Instance,INF_avg,INF_sd,INF_r1,INF_kr,INF_sk,SUP_avg,SUP_sd,SUP_r1,SUP_kr,SUP_sk,INC_avg,INC_sd,INC_r1,INC_kr,INC_sk,IND_avg,IND_sd,IND_r1,IND_kr,IND_sk
236,0.24035,0.0320878092,0.1643877537,3.3906590376,-0.2029421318,0.256,0.0332415403,0.1493311839,2.7345615364,-0.0644807339,0.50365,0.0398676247,-0.0559333905,3.8973515289,0.0965947704,0.50365,0.0398676247,-0.0559333905,3.8973515289,0.0965947704
