Instance,INF_avg,INF_sd,INF_r1,INF_kr,INF_sk,SUP_avg,SUP_sd,SUP_r1,SUP_kr,SUP_sk,INC_avg,INC_sd,INC_r1,INC_kr,INC_sk,IND_avg,IND_sd,IND_r1,IND_kr,IND_sk
60,0.244,0.0823650411,-0.3444186646,2.7785800107,0.5528769879,0.23,0.0608276253,0.1536231884,2.4235208181,0.9064160381,0.526,0.090354856,0.2574477546,2.1800653963,0.0119730437,0.526,0.090354856,0.2574477546,2.1800653963,0.0119730437
