Instance,INF_avg,INF_sd,INF_r1,INF_kr,INF_sk,SUP_avg,SUP_sd,SUP_r1,SUP_kr,SUP_sk,INC_avg,INC_sd,INC_r1,INC_kr,INC_sk,IND_avg,IND_sd,IND_r1,IND_kr,IND_sk
153,0.317,0.1056456341,-0.1771600096,2.2289746411,0.2996969949,0.343,0.1005037313,0.139308635,3.3133512792,0.3398030075,0.34,0.1081665383,-0.0158840984,3.0802103879,0.507289923,0.34,0.1081665383,-0.0158840984,3.0802103879,0.507289923
