Instance,INF_avg,INF_sd,INF_r1,INF_kr,INF_sk,SUP_avg,SUP_sd,SUP_r1,SUP_kr,SUP_sk,INC_avg,INC_sd,INC_r1,INC_kr,INC_sk,IND_avg,IND_sd,IND_r1,IND_kr,IND_sk
109,0.248,0.1081480467,-0.195207853,2.203352696,0.2412713318,0.252,0.1034214678,-0.1036066359,2.7405126739,0.1092175328,0.5,0.1311487705,-0.1071428571,2.0923472147,0.1595915271,0.5,0.1311487705,-0.1071428571,2.0923472147,0.1595915271
