Instance,INF_avg,INF_sd,INF_r1,INF_kr,INF_sk,SUP_avg,SUP_sd,SUP_r1,SUP_kr,SUP_sk,INC_avg,INC_sd,INC_r1,INC_kr,INC_sk,IND_avg,IND_sd,IND_r1,IND_kr,IND_sk
275,0.27,0.1791647287,-0.6265912306,1.8068244679,0.5591888349,0.2,0.1673320053,-0.25,1.887755102,0.5122408326,0.53,0.1268857754,-0.4573213046,2.7135141391,0.892865454,0.53,0.1268857754,-0.4573213046,2.7135141391,0.892865454
