Instance,INF_avg,INF_sd,INF_r1,INF_kr,INF_sk,SUP_avg,SUP_sd,SUP_r1,SUP_kr,SUP_sk,INC_avg,INC_sd,INC_r1,INC_kr,INC_sk,IND_avg,IND_sd,IND_r1,IND_kr,IND_sk
233,0.24,0.0404969135,-0.3185595568,2.0936942296,0.0180682243,0.2992,0.0403900978,-0.2944583446,2.9278509977,0.0145054567,0.4608,0.0421350211,-0.176747515,5.4911239018,1.240275832,0.4608,0.0421350211,-0.176747515,5.4911239018,1.240275832
