Instance,INF_avg,INF_sd,INF_r1,INF_kr,INF_sk,SUP_avg,SUP_sd,SUP_r1,SUP_kr,SUP_sk,INC_avg,INC_sd,INC_r1,INC_kr,INC_sk,IND_avg,IND_sd,IND_r1,IND_kr,IND_sk
167,0.2499,0.0540554345,0.6633751451,2.4537502461,0.3158865159,0.2926,0.0569406709,0.6318298157,2.3712829411,-0.1830403233,0.4575,0.044263416,0.1829131921,2.6044635622,0.0570782193,0.4575,0.044263416,0.1829131921,2.6044635622,0.0570782193
