Instance,INF_avg,INF_sd,INF_r1,INF_kr,INF_sk,SUP_avg,SUP_sd,SUP_r1,SUP_kr,SUP_sk,INC_avg,INC_sd,INC_r1,INC_kr,INC_sk,IND_avg,IND_sd,IND_r1,IND_kr,IND_sk
68,0.241,0.0294788059,0.3914378959,3.503116554,-0.07448155,0.249,0.0391024296,-0.0054256816,2.5330110132,0.8277299592,0.51,0.0509901951,-0.0081967213,2.9568047337,0.4978332661,0.51,0.0509901951,-0.0081967213,2.9568047337,0.4978332661
