Instance,INF_avg,INF_sd,INF_r1,INF_kr,INF_sk,SUP_avg,SUP_sd,SUP_r1,SUP_kr,SUP_sk,INC_avg,INC_sd,INC_r1,INC_kr,INC_sk,IND_avg,IND_sd,IND_r1,IND_kr,IND_sk
193,0.2531,0.0353396378,0.1743146805,2.7990896504,0.4060927143,0.2254,0.0297462603,-0.0528720043,2.0093095959,0.1532303822,0.5215,0.0328519406,-0.0348821586,3.4710723141,-0.2147060191,0.5215,0.0328519406,-0.0348821586,3.4710723141,-0.2147060191
