Instance,INF_avg,INF_sd,INF_r1,INF_kr,INF_sk,SUP_avg,SUP_sd,SUP_r1,SUP_kr,SUP_sk,INC_avg,INC_sd,INC_r1,INC_kr,INC_sk,IND_avg,IND_sd,IND_r1,IND_kr,IND_sk
83,0.263,0.1128317331,0.0022711028,3.1621427675,0.3855267071,0.236,0.133056379,0.1031853096,2.6388695645,0.1873435025,0.501,0.1345325239,0.0109945362,3.0767680258,0.105015222,0.501,0.1345325239,0.0109945362,3.0767680258,0.105015222
