Instance,INF_avg,INF_sd,INF_r1,INF_kr,INF_sk,SUP_avg,SUP_sd,SUP_r1,SUP_kr,SUP_sk,INC_avg,INC_sd,INC_r1,INC_kr,INC_sk,IND_avg,IND_sd,IND_r1,IND_kr,IND_sk
25,0.2512,0.0417679303,0.2681404615,2.7226523911,0.0491357224,0.22855,0.0421028206,0.2951000409,2.548369449,-0.0320859406,0.52025,0.0394548793,0.0850411591,2.9923454247,-0.3291946863,0.52025,0.0394548793,0.0850411591,2.9923454247,-0.3291946863
