Instance,INF_avg,INF_sd,INF_r1,INF_kr,INF_sk,SUP_avg,SUP_sd,SUP_r1,SUP_kr,SUP_sk,INC_avg,INC_sd,INC_r1,INC_kr,INC_sk,IND_avg,IND_sd,IND_r1,IND_kr,IND_sk
62,0.2611111111,0.0566557724,-0.1491416309,2.5417899408,-0.4431470361,0.1944444444,0.1039349274,0.4716883117,3.1031020408,0.1481390884,0.5444444444,0.0926296222,0.173874669,3.4918223694,0.6869195317,0.5444444444,0.0926296222,0.173874669,3.4918223694,0.6869195317
