Instance,INF_avg,INF_sd,INF_r1,INF_kr,INF_sk,SUP_avg,SUP_sd,SUP_r1,SUP_kr,SUP_sk,INC_avg,INC_sd,INC_r1,INC_kr,INC_sk,IND_avg,IND_sd,IND_r1,IND_kr,IND_sk
34,0.1875,0.1053268722,0.2098765432,3.386034517,0.2507285193,0.1625,0.0992156742,-0.4805970149,1.8858654573,0.0359966165,0.65,0.1322875656,0.3191489362,1.2448979592,-0.0,0.65,0.1322875656,0.3191489362,1.2448979592,-0.0
