Instance,INF_avg,INF_sd,INF_r1,INF_kr,INF_sk,SUP_avg,SUP_sd,SUP_r1,SUP_kr,SUP_sk,INC_avg,INC_sd,INC_r1,INC_kr,INC_sk,IND_avg,IND_sd,IND_r1,IND_kr,IND_sk
299,0.256,0.0453431362,-0.1802424313,3.8540288271,-0.3239886499,0.2385,0.0412643914,0.0523959307,2.7310195938,0.3119105067,0.5055,0.0493837018,-0.008532232,3.0662116051,0.1767288404,0.5055,0.0493837018,-0.008532232,3.0662116051,0.1767288404
