Instance,INF_avg,INF_sd,INF_r1,INF_kr,INF_sk,SUP_avg,SUP_sd,SUP_r1,SUP_kr,SUP_sk,INC_avg,INC_sd,INC_r1,INC_kr,INC_sk,IND_avg,IND_sd,IND_r1,IND_kr,IND_sk
68,0.14,0.0663324958,-0.0606060606,2.2169421488,0.3700366502,0.22,0.0979795897,-0.0924369748,2.7291666667,0.8675276172,0.64,0.12,-0.0250391236,2.3096064815,0.6701388889,0.64,0.12,-0.0250391236,2.3096064815,0.6701388889
