Instance,INF_avg,INF_sd,INF_r1,INF_kr,INF_sk,SUP_avg,SUP_sd,SUP_r1,SUP_kr,SUP_sk,INC_avg,INC_sd,INC_r1,INC_kr,INC_sk,IND_avg,IND_sd,IND_r1,IND_kr,IND_sk
170,0.236,0.1763632615,0.230713741,2.882296906,0.5822718244,0.232,0.1287478155,-0.233634405,2.3619877462,0.17615473,0.532,0.2053679624,0.3565907022,2.1665856899,-0.07408147,0.532,0.2053679624,0.3565907022,2.1665856899,-0.07408147
