Instance,INF_avg,INF_sd,INF_r1,INF_kr,INF_sk,SUP_avg,SUP_sd,SUP_r1,SUP_kr,SUP_sk,INC_avg,INC_sd,INC_r1,INC_kr,INC_sk,IND_avg,IND_sd,IND_r1,IND_kr,IND_sk
156,0.257,0.0269443872,-0.103286385,2.4439018282,0.7456435718,0.208,0.0156843871,-0.4751286449,1.7813801309,-0.0171057167,0.535,0.0331662479,0.1552511416,2.2169421488,0.3700366502,0.535,0.0331662479,0.1552511416,2.2169421488,0.3700366502
