Instance,INF_avg,INF_sd,INF_r1,INF_kr,INF_sk,SUP_avg,SUP_sd,SUP_r1,SUP_kr,SUP_sk,INC_avg,INC_sd,INC_r1,INC_kr,INC_sk,IND_avg,IND_sd,IND_r1,IND_kr,IND_sk
183,0.319,0.0303973683,0.3420351625,2.210898409,0.1213365463,0.2466,0.0235677746,0.0852822472,2.4188276779,-0.0015437167,0.4344,0.0351089732,0.3376748291,1.5918400099,0.2491863251,0.4344,0.0351089732,0.3376748291,1.5918400099,0.2491863251
