Instance,INF_avg,INF_sd,INF_r1,INF_kr,INF_sk,SUP_avg,SUP_sd,SUP_r1,SUP_kr,SUP_sk,INC_avg,INC_sd,INC_r1,INC_kr,INC_sk,IND_avg,IND_sd,IND_r1,IND_kr,IND_sk
41,0.19,0.0374165739,-0.3768115942,1.8469387755,0.3436215967,0.25,0.0632455532,0.0,1.5625,-0.5929270613,0.56,0.0860232527,-0.1077844311,1.9945215486,0.3958703373,0.56,0.0860232527,-0.1077844311,1.9945215486,0.3958703373
