Instance,INF_avg,INF_sd,INF_r1,INF_kr,INF_sk,SUP_avg,SUP_sd,SUP_r1,SUP_kr,SUP_sk,INC_avg,INC_sd,INC_r1,INC_kr,INC_sk,IND_avg,IND_sd,IND_r1,IND_kr,IND_sk
126,0.2442,0.0335463858,0.2886820124,4.0580812164,1.166074778,0.2542,0.0280242752,-0.1893048503,2.6761622743,0.279673566,0.5016,0.028168067,0.0880556226,2.1352160005,0.0271767758,0.5016,0.028168067,0.0880556226,2.1352160005,0.0271767758
