Instance,INF_avg,INF_sd,INF_r1,INF_kr,INF_sk,SUP_avg,SUP_sd,SUP_r1,SUP_kr,SUP_sk,INC_avg,INC_sd,INC_r1,INC_kr,INC_sk,IND_avg,IND_sd,IND_r1,IND_kr,IND_sk
161,0.26,0.0167332005,-0.4285714286,2.5,-0.7683612489,0.236,0.01356466,-0.0655737705,2.9310018904,-1.1731251294,0.504,0.0224499443,-0.6811279826,1.2422524565,0.1315095,0.504,0.0224499443,-0.6811279826,1.2422524565,0.1315095
