Instance,INF_avg,INF_sd,INF_r1,INF_kr,INF_sk,SUP_avg,SUP_sd,SUP_r1,SUP_kr,SUP_sk,INC_avg,INC_sd,INC_r1,INC_kr,INC_sk,IND_avg,IND_sd,IND_r1,IND_kr,IND_sk
249,0.361,0.0581721583,0.4296968339,2.484023167,-0.6522733564,0.3075,0.0364177155,0.3006001091,2.231765242,0.6024970067,0.3315,0.0311488363,0.3762726732,1.7377597411,0.3877287603,0.3315,0.0311488363,0.3762726732,1.7377597411,0.3877287603
