Instance,INF_avg,INF_sd,INF_r1,INF_kr,INF_sk,SUP_avg,SUP_sd,SUP_r1,SUP_kr,SUP_sk,INC_avg,INC_sd,INC_r1,INC_kr,INC_sk,IND_avg,IND_sd,IND_r1,IND_kr,IND_sk
226,0.31,0.0969535971,-0.5759312321,1.4081032141,0.3752617726,0.21,0.0860232527,0.0921409214,1.9945215486,0.3958703373,0.48,0.1029563014,-0.4766839378,1.3209327163,0.1319482681,0.48,0.1029563014,-0.4766839378,1.3209327163,0.1319482681
