Instance,INF_avg,INF_sd,INF_r1,INF_kr,INF_sk,SUP_avg,SUP_sd,SUP_r1,SUP_kr,SUP_sk,INC_avg,INC_sd,INC_r1,INC_kr,INC_sk,IND_avg,IND_sd,IND_r1,IND_kr,IND_sk
179,0.24,0.0711055553,-0.0866666667,2.3353629226,0.1228339639,0.256,0.0611882342,-0.1345120471,2.2755862371,0.0301717131,0.504,0.06596969,-0.0443180117,2.1688473183,0.1912643072,0.504,0.06596969,-0.0443180117,2.1688473183,0.1912643072
