Instance,INF_avg,INF_sd,INF_r1,INF_kr,INF_sk,SUP_avg,SUP_sd,SUP_r1,SUP_kr,SUP_sk,INC_avg,INC_sd,INC_r1,INC_kr,INC_sk,IND_avg,IND_sd,IND_r1,IND_kr,IND_sk
130,0.302,0.1108873302,0.2847452619,1.840876891,0.1035709892,0.31,0.0836660027,-0.0092272203,2.9995918367,0.1946515164,0.388,0.1041921302,-0.0718984292,1.5404121971,0.0818169932,0.388,0.1041921302,-0.0718984292,1.5404121971,0.0818169932
