Instance,INF_avg,INF_sd,INF_r1,INF_kr,INF_sk,SUP_avg,SUP_sd,SUP_r1,SUP_kr,SUP_sk,INC_avg,INC_sd,INC_r1,INC_kr,INC_sk,IND_avg,IND_sd,IND_r1,IND_kr,IND_sk
221,0.234,0.1026839812,0.0130779513,2.3835391141,0.3788750703,0.274,0.0788923317,-0.048255919,2.488126235,0.5255283163,0.492,0.1238386046,0.1560020543,2.1713296647,-0.1797735921,0.492,0.1238386046,0.1560020543,2.1713296647,-0.1797735921
