Instance,INF_avg,INF_sd,INF_r1,INF_kr,INF_sk,SUP_avg,SUP_sd,SUP_r1,SUP_kr,SUP_sk,INC_avg,INC_sd,INC_r1,INC_kr,INC_sk,IND_avg,IND_sd,IND_r1,IND_kr,IND_sk
263,0.251,0.0989898985,-0.0512647613,2.5439260246,0.3665992384,0.269,0.096119717,0.0894847872,2.5936611625,0.043936712,0.48,0.1135781669,-0.0883219603,3.2743825491,0.5098425016,0.48,0.1135781669,-0.0883219603,3.2743825491,0.5098425016
