Instance,INF_avg,INF_sd,INF_r1,INF_kr,INF_sk,SUP_avg,SUP_sd,SUP_r1,SUP_kr,SUP_sk,INC_avg,INC_sd,INC_r1,INC_kr,INC_sk,IND_avg,IND_sd,IND_r1,IND_kr,IND_sk
59,0.2216,0.0524351027,0.0666883141,3.0280431712,0.5188323567,0.246,0.0561782876,0.0160378089,3.2091592091,-0.1077503818,0.5324,0.0627235203,0.2697831542,3.0030415423,-0.7090845315,0.5324,0.0627235203,0.2697831542,3.0030415423,-0.7090845315
