Instance,INF_avg,INF_sd,INF_r1,INF_kr,INF_sk,SUP_avg,SUP_sd,SUP_r1,SUP_kr,SUP_sk,INC_avg,INC_sd,INC_r1,INC_kr,INC_sk,IND_avg,IND_sd,IND_r1,IND_kr,IND_sk
40,0.34,0.1113552873,-0.2458471761,3.0353798127,-0.39976664,0.21,0.13,0.3722809198,1.9613108785,-0.4588074647,0.45,0.1962141687,0.2413793103,1.906729634,-0.3177021453,0.45,0.1962141687,0.2413793103,1.906729634,-0.3177021453
