Instance,INF_avg,INF_sd,INF_r1,INF_kr,INF_sk,SUP_avg,SUP_sd,SUP_r1,SUP_kr,SUP_sk,INC_avg,INC_sd,INC_r1,INC_kr,INC_sk,IND_avg,IND_sd,IND_r1,IND_kr,IND_sk
43,0.31,0.08,-0.6527196653,1.4189453125,-0.03515625,0.28,0.1435270009,-0.2621832359,1.8296257894,-0.4078932113,0.41,0.1280624847,-0.2374821173,2.6848602023,1.0627434041,0.41,0.1280624847,-0.2374821173,2.6848602023,1.0627434041
