Instance,INF_avg,INF_sd,INF_r1,INF_kr,INF_sk,SUP_avg,SUP_sd,SUP_r1,SUP_kr,SUP_sk,INC_avg,INC_sd,INC_r1,INC_kr,INC_sk,IND_avg,IND_sd,IND_r1,IND_kr,IND_sk
1,0.3996825397,0.1173783498,0.867258725,2.1631961149,0.41220213,0.1279365079,0.0778716635,0.7839503255,2.9775519765,0.6183816333,0.4723809524,0.0667312612,0.4195504452,3.463531145,-0.5094673762,0.4723809524,0.0667312612,0.4195504452,3.463531145,-0.5094673762
