Instance,INF_avg,INF_sd,INF_r1,INF_kr,INF_sk,SUP_avg,SUP_sd,SUP_r1,SUP_kr,SUP_sk,INC_avg,INC_sd,INC_r1,INC_kr,INC_sk,IND_avg,IND_sd,IND_r1,IND_kr,IND_sk
55,0.2292,0.0735075506,0.7343699704,2.1819415365,0.2359301714,0.2762,0.0770101292,0.477546403,2.5374280854,-0.2059098482,0.4946,0.0545329258,-0.159057157,3.0376094859,0.5776494012,0.4946,0.0545329258,-0.159057157,3.0376094859,0.5776494012
