Instance,INF_avg,INF_sd,INF_r1,INF_kr,INF_sk,SUP_avg,SUP_sd,SUP_r1,SUP_kr,SUP_sk,INC_avg,INC_sd,INC_r1,INC_kr,INC_sk,IND_avg,IND_sd,IND_r1,IND_kr,IND_sk
1,0.26,0.0114017543,-0.5882352941,1.4349112426,0.0,0.257,0.0132664992,0.4866385373,1.432463843,0.2081456157,0.483,0.0196468827,0.332460733,1.3957555908,-0.3133036679,0.483,0.0196468827,0.332460733,1.3957555908,-0.3133036679
