Instance,INF_avg,INF_sd,INF_r1,INF_kr,INF_sk,SUP_avg,SUP_sd,SUP_r1,SUP_kr,SUP_sk,INC_avg,INC_sd,INC_r1,INC_kr,INC_sk,IND_avg,IND_sd,IND_r1,IND_kr,IND_sk
101,0.2642857143,0.1059456927,-0.0518973618,2.0160881543,-0.1567003923,0.2087301587,0.0936642444,0.1424059285,2.5491350487,0.2242240188,0.526984127,0.1344670246,-0.0865547879,2.3909964923,-0.3081630806,0.526984127,0.1344670246,-0.0865547879,2.3909964923,-0.3081630806
