Instance,INF_avg,INF_sd,INF_r1,INF_kr,INF_sk,SUP_avg,SUP_sd,SUP_r1,SUP_kr,SUP_sk,INC_avg,INC_sd,INC_r1,INC_kr,INC_sk,IND_avg,IND_sd,IND_r1,IND_kr,IND_sk
174,0.264,0.100518655,0.0371260257,3.3455267122,0.1456105792,0.219,0.0853756406,0.0220431475,2.8687240941,0.6510782872,0.517,0.0941328848,0.175627483,2.530403922,0.3305025798,0.517,0.0941328848,0.175627483,2.530403922,0.3305025798
