Instance,INF_avg,INF_sd,INF_r1,INF_kr,INF_sk,SUP_avg,SUP_sd,SUP_r1,SUP_kr,SUP_sk,INC_avg,INC_sd,INC_r1,INC_kr,INC_sk,IND_avg,IND_sd,IND_r1,IND_kr,IND_sk
22,0.3010309278,0.063659606,0.1704759059,2.0985876078,0.0258999312,0.1498969072,0.0727160109,0.5533983343,2.4605965646,0.3793876332,0.5490721649,0.0716820367,0.1648405129,3.0578180649,-0.3624539699,0.5490721649,0.0716820367,0.1648405129,3.0578180649,-0.3624539699
