Instance,INF_avg,INF_sd,INF_r1,INF_kr,INF_sk,SUP_avg,SUP_sd,SUP_r1,SUP_kr,SUP_sk,INC_avg,INC_sd,INC_r1,INC_kr,INC_sk,IND_avg,IND_sd,IND_r1,IND_kr,IND_sk
106,0.2645,0.0233933751,-0.0992696036,4.8626656268,1.3930218571,0.276,0.0297321375,0.1194469628,2.9420492005,-0.3996087305,0.4595,0.0194229246,0.3780976305,2.7008512214,0.5975599488,0.4595,0.0194229246,0.3780976305,2.7008512214,0.5975599488
