Instance,INF_avg,INF_sd,INF_r1,INF_kr,INF_sk,SUP_avg,SUP_sd,SUP_r1,SUP_kr,SUP_sk,INC_avg,INC_sd,INC_r1,INC_kr,INC_sk,IND_avg,IND_sd,IND_r1,IND_kr,IND_sk
72,0.2667,0.0456575295,0.539555489,2.8149479761,-0.3369883372,0.2465,0.0501921309,0.746936585,4.324323046,0.96936234,0.4868,0.0399594795,0.2803135923,2.7801389857,-0.0202699137,0.4868,0.0399594795,0.2803135923,2.7801389857,-0.0202699137
