Instance,INF_avg,INF_sd,INF_r1,INF_kr,INF_sk,SUP_avg,SUP_sd,SUP_r1,SUP_kr,SUP_sk,INC_avg,INC_sd,INC_r1,INC_kr,INC_sk,IND_avg,IND_sd,IND_r1,IND_kr,IND_sk
192,0.269,0.1167861293,0.2408669259,3.3789656726,0.5639076157,0.2225,0.0993415824,-0.0509815916,2.4144144108,0.6438529203,0.5085,0.1307774828,0.1947689138,2.323590681,0.1395010883,0.5085,0.1307774828,0.1947689138,2.323590681,0.1395010883
