Instance,INF_avg,INF_sd,INF_r1,INF_kr,INF_sk,SUP_avg,SUP_sd,SUP_r1,SUP_kr,SUP_sk,INC_avg,INC_sd,INC_r1,INC_kr,INC_sk,IND_avg,IND_sd,IND_r1,IND_kr,IND_sk
44,0.2837,0.0612234432,0.60008536,2.2842198325,0.12344238,0.22505,0.0442181807,0.479276588,2.5585822092,0.1220595589,0.49125,0.0594195885,0.6128594695,2.5199514172,0.0091362815,0.49125,0.0594195885,0.6128594695,2.5199514172,0.0091362815
