Instance,INF_avg,INF_sd,INF_r1,INF_kr,INF_sk,SUP_avg,SUP_sd,SUP_r1,SUP_kr,SUP_sk,INC_avg,INC_sd,INC_r1,INC_kr,INC_sk,IND_avg,IND_sd,IND_r1,IND_kr,IND_sk
68,0.21,0.0392428337,-0.7561837456,1.9060971496,-0.1935997448,0.302,0.0220454077,-0.2170385396,2.2386577249,0.6277727484,0.488,0.0326496554,-0.2487889944,2.2298311445,0.1696330777,0.488,0.0326496554,-0.2487889944,2.2298311445,0.1696330777
