Instance,INF_avg,INF_sd,INF_r1,INF_kr,INF_sk,SUP_avg,SUP_sd,SUP_r1,SUP_kr,SUP_sk,INC_avg,INC_sd,INC_r1,INC_kr,INC_sk,IND_avg,IND_sd,IND_r1,IND_kr,IND_sk
79,0.5017553191,0.1247501918,0.9214304346,2.0294825405,-0.3130211967,0.0568085106,0.0545818294,0.8960921125,3.9639321858,1.3803559035,0.4414361702,0.07988896,0.8296408895,1.8753758375,-0.114582866,0.4414361702,0.07988896,0.8296408895,1.8753758375,-0.114582866
