Instance,INF_avg,INF_sd,INF_r1,INF_kr,INF_sk,SUP_avg,SUP_sd,SUP_r1,SUP_kr,SUP_sk,INC_avg,INC_sd,INC_r1,INC_kr,INC_sk,IND_avg,IND_sd,IND_r1,IND_kr,IND_sk
255,0.27,0.0702281995,0.0583367811,2.3902198858,-0.0249447491,0.1964,0.0639612383,0.0699434559,4.9643491535,1.3375342387,0.5336,0.0842320604,-0.110456502,3.9280344551,-0.2096165219,0.5336,0.0842320604,-0.110456502,3.9280344551,-0.2096165219
