Instance,INF_avg,INF_sd,INF_r1,INF_kr,INF_sk,SUP_avg,SUP_sd,SUP_r1,SUP_kr,SUP_sk,INC_avg,INC_sd,INC_r1,INC_kr,INC_sk,IND_avg,IND_sd,IND_r1,IND_kr,IND_sk
257,0.2285,0.0287445647,-0.1020084395,2.6983837353,-0.1638302229,0.2908,0.0293318939,-0.1230030798,2.6354783416,0.1168816522,0.4807,0.0344384959,0.0641493148,2.5903753784,0.2273637483,0.4807,0.0344384959,0.0641493148,2.5903753784,0.2273637483
