Instance,INF_avg,INF_sd,INF_r1,INF_kr,INF_sk,SUP_avg,SUP_sd,SUP_r1,SUP_kr,SUP_sk,INC_avg,INC_sd,INC_r1,INC_kr,INC_sk,IND_avg,IND_sd,IND_r1,IND_kr,IND_sk
233,0.3,0.161245155,-0.36,1.9822485207,-0.1431170014,0.22,0.1469693846,0.1067538126,1.7325102881,-0.1587632241,0.48,0.0979795897,-0.3392857143,1.9479166667,-0.2296396634,0.48,0.0979795897,-0.3392857143,1.9479166667,-0.2296396634
