Instance,INF_avg,INF_sd,INF_r1,INF_kr,INF_sk,SUP_avg,SUP_sd,SUP_r1,SUP_kr,SUP_sk,INC_avg,INC_sd,INC_r1,INC_kr,INC_sk,IND_avg,IND_sd,IND_r1,IND_kr,IND_sk
299,0.2436,0.0309198965,-0.1336997625,2.4003266907,-0.3067214554,0.2547,0.0320220237,0.2007565671,1.9551320676,-0.0045561381,0.5017,0.0379948681,0.0110096283,2.7917923726,0.3392935921,0.5017,0.0379948681,0.0110096283,2.7917923726,0.3392935921
