Instance,INF_avg,INF_sd,INF_r1,INF_kr,INF_sk,SUP_avg,SUP_sd,SUP_r1,SUP_kr,SUP_sk,INC_avg,INC_sd,INC_r1,INC_kr,INC_sk,IND_avg,IND_sd,IND_r1,IND_kr,IND_sk
190,0.3908426966,0.0964765092,0.7210475206,2.2322656881,-0.0391365712,0.113258427,0.0741206924,0.779648608,2.9266249855,0.8028116271,0.4958988764,0.0538050048,0.1281693429,2.5585369402,0.1081034214,0.4958988764,0.0538050048,0.1281693429,2.5585369402,0.1081034214
