Instance,INF_avg,INF_sd,INF_r1,INF_kr,INF_sk,SUP_avg,SUP_sd,SUP_r1,SUP_kr,SUP_sk,INC_avg,INC_sd,INC_r1,INC_kr,INC_sk,IND_avg,IND_sd,IND_r1,IND_kr,IND_sk
11,0.2361,0.0554598053,0.3948571608,4.1189129559,0.7151724746,0.2423,0.0593776894,0.3420111211,3.1780151768,0.2344914383,0.5216,0.0564751273,0.1268091077,3.6627626133,-0.6427427149,0.5216,0.0564751273,0.1268091077,3.6627626133,-0.6427427149
