Instance,INF_avg,INF_sd,INF_r1,INF_kr,INF_sk,SUP_avg,SUP_sd,SUP_r1,SUP_kr,SUP_sk,INC_avg,INC_sd,INC_r1,INC_kr,INC_sk,IND_avg,IND_sd,IND_r1,IND_kr,IND_sk
259,0.218,0.0998799279,-0.2560302402,2.2377108428,0.1610434083,0.261,0.1101317393,-0.0131638079,1.8401177163,0.1803519901,0.521,0.105399241,-0.0424925823,3.4224395452,0.1822321411,0.521,0.105399241,-0.0424925823,3.4224395452,0.1822321411
