Instance,INF_avg,INF_sd,INF_r1,INF_kr,INF_sk,SUP_avg,SUP_sd,SUP_r1,SUP_kr,SUP_sk,INC_avg,INC_sd,INC_r1,INC_kr,INC_sk,IND_avg,IND_sd,IND_r1,IND_kr,IND_sk
297,0.208,0.0574108004,-0.2818696884,1.7447921576,-0.2009026265,0.264,0.0557135531,-0.0271317829,1.3296312042,0.2931045678,0.528,0.0664529909,-0.8398876404,2.9034341525,-1.235263536,0.528,0.0664529909,-0.8398876404,2.9034341525,-1.235263536
