Instance,INF_avg,INF_sd,INF_r1,INF_kr,INF_sk,SUP_avg,SUP_sd,SUP_r1,SUP_kr,SUP_sk,INC_avg,INC_sd,INC_r1,INC_kr,INC_sk,IND_avg,IND_sd,IND_r1,IND_kr,IND_sk
188,0.278,0.1652755275,0.1096566656,2.6127618168,0.2998015594,0.29,0.133041347,-0.1764041135,3.653643589,0.4382478536,0.432,0.1642437213,0.0526615699,2.0565574566,0.1845187723,0.432,0.1642437213,0.0526615699,2.0565574566,0.1845187723
