Instance,INF_avg,INF_sd,INF_r1,INF_kr,INF_sk,SUP_avg,SUP_sd,SUP_r1,SUP_kr,SUP_sk,INC_avg,INC_sd,INC_r1,INC_kr,INC_sk,IND_avg,IND_sd,IND_r1,IND_kr,IND_sk
29,0.2863636364,0.1024493425,0.175,2.189518879,0.3699647809,0.1795454545,0.1114563621,0.5285949988,2.6236306033,0.618298028,0.5340909091,0.1080681221,0.1526371924,2.7674354735,0.3052725351,0.5340909091,0.1080681221,0.1526371924,2.7674354735,0.3052725351
