Instance,INF_avg,INF_sd,INF_r1,INF_kr,INF_sk,SUP_avg,SUP_sd,SUP_r1,SUP_kr,SUP_sk,INC_avg,INC_sd,INC_r1,INC_kr,INC_sk,IND_avg,IND_sd,IND_r1,IND_kr,IND_sk
216,0.2352941176,0.1492773828,0.1115360102,6.3040584854,1.2934066589,0.2,0.1084652289,0.0625,1.87,0.0,0.5647058824,0.132581502,-0.1828770231,2.2051894104,-0.2426256283,0.5647058824,0.132581502,-0.1828770231,2.2051894104,-0.2426256283
