Instance,INF_avg,INF_sd,INF_r1,INF_kr,INF_sk,SUP_avg,SUP_sd,SUP_r1,SUP_kr,SUP_sk,INC_avg,INC_sd,INC_r1,INC_kr,INC_sk,IND_avg,IND_sd,IND_r1,IND_kr,IND_sk
146,0.23,0.1345362405,0.2078001219,2.2409877598,0.6751246279,0.24,0.12,-0.1655405405,2.9027777778,0.9305555556,0.53,0.155241747,0.0670553936,2.0842788519,-0.0256593511,0.53,0.155241747,0.0670553936,2.0842788519,-0.0256593511
