Instance,INF_avg,INF_sd,INF_r1,INF_kr,INF_sk,SUP_avg,SUP_sd,SUP_r1,SUP_kr,SUP_sk,INC_avg,INC_sd,INC_r1,INC_kr,INC_sk,IND_avg,IND_sd,IND_r1,IND_kr,IND_sk
215,0.2678,0.0336475854,-0.0223006208,2.7161323979,-0.6059175512,0.238,0.0343802269,0.0696051876,2.4589699984,0.205229523,0.4942,0.0317704265,-0.0354124314,2.3327850605,-0.2047856252,0.4942,0.0317704265,-0.0354124314,2.3327850605,-0.2047856252
