Instance,INF_avg,INF_sd,INF_r1,INF_kr,INF_sk,SUP_avg,SUP_sd,SUP_r1,SUP_kr,SUP_sk,INC_avg,INC_sd,INC_r1,INC_kr,INC_sk,IND_avg,IND_sd,IND_r1,IND_kr,IND_sk
286,0.29,0.08,0.1841004184,1.4189453125,0.03515625,0.3,0.0707106781,-0.5,1.7,0.0,0.41,0.1113552873,-0.3706563707,2.0793444329,0.6170311183,0.41,0.1113552873,-0.3706563707,2.0793444329,0.6170311183
