Instance,INF_avg,INF_sd,INF_r1,INF_kr,INF_sk,SUP_avg,SUP_sd,SUP_r1,SUP_kr,SUP_sk,INC_avg,INC_sd,INC_r1,INC_kr,INC_sk,IND_avg,IND_sd,IND_r1,IND_kr,IND_sk
176,0.394,0.0791454357,-0.3970703227,2.0782798256,-0.4075140058,0.326,0.0873155198,-0.122689694,2.2971700347,0.2144410229,0.28,0.0848528137,-0.2082405345,3.7916666667,-0.9820927516,0.28,0.0848528137,-0.2082405345,3.7916666667,-0.9820927516
