Instance,INF_avg,INF_sd,INF_r1,INF_kr,INF_sk,SUP_avg,SUP_sd,SUP_r1,SUP_kr,SUP_sk,INC_avg,INC_sd,INC_r1,INC_kr,INC_sk,IND_avg,IND_sd,IND_r1,IND_kr,IND_sk
231,0.26,0.0264575131,-0.6782608696,1.45,-0.0809923871,0.293,0.0292574777,-0.6431990988,1.6184437505,-0.1200268281,0.447,0.004,-0.0526315789,3.25,1.5,0.447,0.004,-0.0526315789,3.25,1.5
