Instance,INF_avg,INF_sd,INF_r1,INF_kr,INF_sk,SUP_avg,SUP_sd,SUP_r1,SUP_kr,SUP_sk,INC_avg,INC_sd,INC_r1,INC_kr,INC_sk,IND_avg,IND_sd,IND_r1,IND_kr,IND_sk
291,0.2751,0.0333839782,0.0617640669,2.7096183828,-0.0143618347,0.2423,0.0318309598,0.1925589743,3.7071645353,0.1597349737,0.4826,0.032553648,0.0112858281,3.421920237,0.4663680234,0.4826,0.032553648,0.0112858281,3.421920237,0.4663680234
