Instance,INF_avg,INF_sd,INF_r1,INF_kr,INF_sk,SUP_avg,SUP_sd,SUP_r1,SUP_kr,SUP_sk,INC_avg,INC_sd,INC_r1,INC_kr,INC_sk,IND_avg,IND_sd,IND_r1,IND_kr,IND_sk
7,0.222,0.0302654919,0.3223616269,2.4968679087,0.2772408168,0.2895,0.0386943148,0.2218608437,2.1690920748,-0.0406748501,0.4885,0.0400281151,0.0756334312,3.849942962,-0.9080682453,0.4885,0.0400281151,0.0756334312,3.849942962,-0.9080682453
