Instance,INF_avg,INF_sd,INF_r1,INF_kr,INF_sk,SUP_avg,SUP_sd,SUP_r1,SUP_kr,SUP_sk,INC_avg,INC_sd,INC_r1,INC_kr,INC_sk,IND_avg,IND_sd,IND_r1,IND_kr,IND_sk
200,0.3,0.0489897949,0.2857142857,1.9666666667,0.4082482905,0.168,0.0448998886,-0.5136876006,3.0563114135,-1.3532751773,0.532,0.0754718491,-0.067146283,2.1453414973,0.5573921436,0.532,0.0754718491,-0.067146283,2.1453414973,0.5573921436
