Instance,INF_avg,INF_sd,INF_r1,INF_kr,INF_sk,SUP_avg,SUP_sd,SUP_r1,SUP_kr,SUP_sk,INC_avg,INC_sd,INC_r1,INC_kr,INC_sk,IND_avg,IND_sd,IND_r1,IND_kr,IND_sk
69,0.254,0.1329812017,-0.1967369628,2.5815377257,0.2456703005,0.218,0.1395564402,-0.0521928182,2.4562627722,0.4718408462,0.528,0.1703408348,-0.0730773686,2.5665075576,-0.1010186995,0.528,0.1703408348,-0.0730773686,2.5665075576,-0.1010186995
