Instance,INF_avg,INF_sd,INF_r1,INF_kr,INF_sk,SUP_avg,SUP_sd,SUP_r1,SUP_kr,SUP_sk,INC_avg,INC_sd,INC_r1,INC_kr,INC_sk,IND_avg,IND_sd,IND_r1,IND_kr,IND_sk
100,0.252,0.0514975728,0.1003360683,3.0728759307,0.5561919213,0.2554,0.0377470529,0.0485836457,2.4990278441,0.2115913935,0.4926,0.0477413867,0.0662577726,2.2296577565,-0.1898251435,0.4926,0.0477413867,0.0662577726,2.2296577565,-0.1898251435
