Instance,INF_avg,INF_sd,INF_r1,INF_kr,INF_sk,SUP_avg,SUP_sd,SUP_r1,SUP_kr,SUP_sk,INC_avg,INC_sd,INC_r1,INC_kr,INC_sk,IND_avg,IND_sd,IND_r1,IND_kr,IND_sk
171,0.3631818182,0.0853807709,0.4266173502,2.4778287885,0.226713409,0.1445454545,0.0862199762,0.7579696571,2.0143844103,0.3262042439,0.4922727273,0.0804776546,0.2367048374,3.2447644575,0.2830080017,0.4922727273,0.0804776546,0.2367048374,3.2447644575,0.2830080017
