Instance,INF_avg,INF_sd,INF_r1,INF_kr,INF_sk,SUP_avg,SUP_sd,SUP_r1,SUP_kr,SUP_sk,INC_avg,INC_sd,INC_r1,INC_kr,INC_sk,IND_avg,IND_sd,IND_r1,IND_kr,IND_sk
153,0.251,0.1065316854,0.1954930188,2.305850589,0.1165828985,0.264,0.1088760763,0.0738918467,3.0174256388,0.3133292039,0.485,0.111467484,0.0672508126,2.6609597221,0.0270761351,0.485,0.111467484,0.0672508126,2.6609597221,0.0270761351
