Instance,INF_avg,INF_sd,INF_r1,INF_kr,INF_sk,SUP_avg,SUP_sd,SUP_r1,SUP_kr,SUP_sk,INC_avg,INC_sd,INC_r1,INC_kr,INC_sk,IND_avg,IND_sd,IND_r1,IND_kr,IND_sk
170,0.2938,0.0609717968,0.1688155307,2.5905560928,-0.1325960423,0.2486,0.0574285643,0.1728767579,2.5540541697,-0.3305434283,0.4576,0.0669495332,-0.0072259007,3.0304253375,0.3235293857,0.4576,0.0669495332,-0.0072259007,3.0304253375,0.3235293857
