Instance,INF_avg,INF_sd,INF_r1,INF_kr,INF_sk,SUP_avg,SUP_sd,SUP_r1,SUP_kr,SUP_sk,INC_avg,INC_sd,INC_r1,INC_kr,INC_sk,IND_avg,IND_sd,IND_r1,IND_kr,IND_sk
214,0.2768,0.0361906065,-0.1568117008,3.7085892282,-0.0686385392,0.2156,0.0258580742,-0.095061083,2.7823816378,-0.6257333135,0.5076,0.0395757502,-0.0548438813,2.2465873401,0.2228075278,0.5076,0.0395757502,-0.0548438813,2.2465873401,0.2228075278
