Instance,INF_avg,INF_sd,INF_r1,INF_kr,INF_sk,SUP_avg,SUP_sd,SUP_r1,SUP_kr,SUP_sk,INC_avg,INC_sd,INC_r1,INC_kr,INC_sk,IND_avg,IND_sd,IND_r1,IND_kr,IND_sk
178,0.2437,0.0445343688,0.052257056,2.6962179485,0.0729643082,0.2733,0.0481675202,0.1277286534,2.5244662689,-0.1572653741,0.483,0.0499099189,0.1358396473,3.5730777729,0.1722412652,0.483,0.0499099189,0.1358396473,3.5730777729,0.1722412652
