Instance,INF_avg,INF_sd,INF_r1,INF_kr,INF_sk,SUP_avg,SUP_sd,SUP_r1,SUP_kr,SUP_sk,INC_avg,INC_sd,INC_r1,INC_kr,INC_sk,IND_avg,IND_sd,IND_r1,IND_kr,IND_sk
215,0.274,0.1064142848,0.0163105368,6.2912138294,0.9425847881,0.302,0.1135605565,0.1290928694,3.5500622656,0.7290084077,0.424,0.1001199281,0.0791725875,3.3335624191,-0.0304423418,0.424,0.1001199281,0.0791725875,3.3335624191,-0.0304423418
