Instance,INF_avg,INF_sd,INF_r1,INF_kr,INF_sk,SUP_avg,SUP_sd,SUP_r1,SUP_kr,SUP_sk,INC_avg,INC_sd,INC_r1,INC_kr,INC_sk,IND_avg,IND_sd,IND_r1,IND_kr,IND_sk
190,0.264,0.0669328021,0.1094958465,3.3757397959,0.0339359552,0.2684,0.0656158517,0.0830410718,3.2179092117,-0.3130909425,0.4676,0.08254841,-0.2335906687,2.4661744458,-0.2203779861,0.4676,0.08254841,-0.2335906687,2.4661744458,-0.2203779861
