Instance,INF_avg,INF_sd,INF_r1,INF_kr,INF_sk,SUP_avg,SUP_sd,SUP_r1,SUP_kr,SUP_sk,INC_avg,INC_sd,INC_r1,INC_kr,INC_sk,IND_avg,IND_sd,IND_r1,IND_kr,IND_sk
180,0.234,0.0506359556,-0.4776398572,2.6291237609,0.5235129865,0.252,0.0858836422,0.1110628124,3.2480884242,-0.1263880233,0.514,0.102,-0.0376734964,3.4481897877,0.6176809824,0.514,0.102,-0.0376734964,3.4481897877,0.6176809824
