Instance,INF_avg,INF_sd,INF_r1,INF_kr,INF_sk,SUP_avg,SUP_sd,SUP_r1,SUP_kr,SUP_sk,INC_avg,INC_sd,INC_r1,INC_kr,INC_sk,IND_avg,IND_sd,IND_r1,IND_kr,IND_sk
241,0.19,0.1067707825,-0.5240641711,1.7206832872,0.1380231722,0.18,0.1288409873,0.7687861272,1.984395413,0.7265891066,0.63,0.1029563014,0.2381974249,1.7481310075,0.6817327185,0.63,0.1029563014,0.2381974249,1.7481310075,0.6817327185
