Instance,INF_avg,INF_sd,INF_r1,INF_kr,INF_sk,SUP_avg,SUP_sd,SUP_r1,SUP_kr,SUP_sk,INC_avg,INC_sd,INC_r1,INC_kr,INC_sk,IND_avg,IND_sd,IND_r1,IND_kr,IND_sk
72,0.268,0.0705407684,0.3994575746,2.3230425657,0.3238190377,0.312,0.0738647413,-0.1598846524,2.8362931175,0.2110539149,0.42,0.0954986911,0.2317073171,1.798245614,-0.6723707475,0.42,0.0954986911,0.2317073171,1.798245614,-0.6723707475
