Instance,INF_avg,INF_sd,INF_r1,INF_kr,INF_sk,SUP_avg,SUP_sd,SUP_r1,SUP_kr,SUP_sk,INC_avg,INC_sd,INC_r1,INC_kr,INC_sk,IND_avg,IND_sd,IND_r1,IND_kr,IND_sk
226,0.287,0.0407553677,0.3148610659,2.4670358448,0.0204742868,0.2629,0.0495992943,0.5399452812,2.2322260853,-0.0480227265,0.4501,0.0423378082,0.2620634289,2.716891262,-0.0056693562,0.4501,0.0423378082,0.2620634289,2.716891262,-0.0056693562
