Instance,INF_avg,INF_sd,INF_r1,INF_kr,INF_sk,SUP_avg,SUP_sd,SUP_r1,SUP_kr,SUP_sk,INC_avg,INC_sd,INC_r1,INC_kr,INC_sk,IND_avg,IND_sd,IND_r1,IND_kr,IND_sk
105,0.24,0.0597996656,-0.1480637813,3.011125625,0.1593688067,0.2696,0.0556043164,0.1060043863,2.441798661,0.1079008249,0.4904,0.0665420168,-0.0227611153,2.6357915317,0.4162625874,0.4904,0.0665420168,-0.0227611153,2.6357915317,0.4162625874
