Instance,INF_avg,INF_sd,INF_r1,INF_kr,INF_sk,SUP_avg,SUP_sd,SUP_r1,SUP_kr,SUP_sk,INC_avg,INC_sd,INC_r1,INC_kr,INC_sk,IND_avg,IND_sd,IND_r1,IND_kr,IND_sk
93,0.247,0.0128840987,0.2143727162,1.5489185658,-0.0252482701,0.23,0.0346410162,-0.0836820084,2.653125,1.1005739506,0.523,0.0328024389,-0.2481188864,2.2211308578,-0.2305114661,0.523,0.0328024389,-0.2481188864,2.2211308578,-0.2305114661
