Instance,INF_avg,INF_sd,INF_r1,INF_kr,INF_sk,SUP_avg,SUP_sd,SUP_r1,SUP_kr,SUP_sk,INC_avg,INC_sd,INC_r1,INC_kr,INC_sk,IND_avg,IND_sd,IND_r1,IND_kr,IND_sk
236,0.3,0.1095445115,0.1666666667,2.5,-0.9128709292,0.24,0.1959591794,-0.7628205128,2.4361979167,1.0269996057,0.46,0.2416609195,-0.6379310345,1.8297053856,-0.1224403232,0.46,0.2416609195,-0.6379310345,1.8297053856,-0.1224403232
