Instance,INF_avg,INF_sd,INF_r1,INF_kr,INF_sk,SUP_avg,SUP_sd,SUP_r1,SUP_kr,SUP_sk,INC_avg,INC_sd,INC_r1,INC_kr,INC_sk,IND_avg,IND_sd,IND_r1,IND_kr,IND_sk
59,0.2368,0.0678067843,-0.2182775378,2.2210473131,-0.1149243459,0.2712,0.0825745724,0.0619835958,4.1528507366,0.98986178,0.492,0.0811911325,0.0714848365,3.6454661137,-0.7533464141,0.492,0.0811911325,0.0714848365,3.6454661137,-0.7533464141
