Instance,INF_avg,INF_sd,INF_r1,INF_kr,INF_sk,SUP_avg,SUP_sd,SUP_r1,SUP_kr,SUP_sk,INC_avg,INC_sd,INC_r1,INC_kr,INC_sk,IND_avg,IND_sd,IND_r1,IND_kr,IND_sk
218,0.2808,0.0588842933,0.6050101214,3.1378340624,-0.6237707679,0.2756,0.0397446852,0.2609125301,3.4504571399,0.3443874133,0.4436,0.0692678858,0.7375770613,2.8775868965,0.9131922156,0.4436,0.0692678858,0.7375770613,2.8775868965,0.9131922156
