Instance,INF_avg,INF_sd,INF_r1,INF_kr,INF_sk,SUP_avg,SUP_sd,SUP_r1,SUP_kr,SUP_sk,INC_avg,INC_sd,INC_r1,INC_kr,INC_sk,IND_avg,IND_sd,IND_r1,IND_kr,IND_sk
18,0.243,0.0304302481,0.5233655112,2.0125601183,-0.1609743076,0.281,0.0300665928,0.1727157507,4.0405498669,1.1952450746,0.476,0.0254754784,-0.1900886236,1.3082756214,-0.0709464986,0.476,0.0254754784,-0.1900886236,1.3082756214,-0.0709464986
