Instance,INF_avg,INF_sd,INF_r1,INF_kr,INF_sk,SUP_avg,SUP_sd,SUP_r1,SUP_kr,SUP_sk,INC_avg,INC_sd,INC_r1,INC_kr,INC_sk,IND_avg,IND_sd,IND_r1,IND_kr,IND_sk
48,0.2766,0.0785394169,0.1398859771,2.3441628276,0.0468916435,0.2176,0.0871908252,0.4172607083,2.7921231428,0.4157076108,0.5058,0.0799647422,0.1896743473,2.7909281856,-0.1486671323,0.5058,0.0799647422,0.1896743473,2.7909281856,-0.1486671323
