Instance,INF_avg,INF_sd,INF_r1,INF_kr,INF_sk,SUP_avg,SUP_sd,SUP_r1,SUP_kr,SUP_sk,INC_avg,INC_sd,INC_r1,INC_kr,INC_sk,IND_avg,IND_sd,IND_r1,IND_kr,IND_sk
209,0.47,0.1046156988,0.5778316945,4.0182359762,-0.7883822244,0.1447222222,0.0994145672,0.7684467674,2.9974979391,0.868264336,0.3852777778,0.0643767604,-0.0010437882,2.5153441934,0.0637614581,0.3852777778,0.0643767604,-0.0010437882,2.5153441934,0.0637614581
