Instance,INF_avg,INF_sd,INF_r1,INF_kr,INF_sk,SUP_avg,SUP_sd,SUP_r1,SUP_kr,SUP_sk,INC_avg,INC_sd,INC_r1,INC_kr,INC_sk,IND_avg,IND_sd,IND_r1,IND_kr,IND_sk
56,0.2522,0.037338452,0.099083979,4.2115280372,0.8810337541,0.2154,0.0580847656,0.8197385898,1.9439638812,0.440332183,0.5324,0.049641112,0.6525605522,2.412114427,-0.2003337696,0.5324,0.049641112,0.6525605522,2.412114427,-0.2003337696
