Instance,INF_avg,INF_sd,INF_r1,INF_kr,INF_sk,SUP_avg,SUP_sd,SUP_r1,SUP_kr,SUP_sk,INC_avg,INC_sd,INC_r1,INC_kr,INC_sk,IND_avg,IND_sd,IND_r1,IND_kr,IND_sk
160,0.2724,0.0447687391,0.4383677166,3.3038142457,0.1784646191,0.26965,0.0405231724,0.221802457,2.9701682914,0.2305689018,0.45795,0.0443908493,0.448811376,3.4942500887,0.1200493745,0.45795,0.0443908493,0.448811376,3.4942500887,0.1200493745
