Instance,INF_avg,INF_sd,INF_r1,INF_kr,INF_sk,SUP_avg,SUP_sd,SUP_r1,SUP_kr,SUP_sk,INC_avg,INC_sd,INC_r1,INC_kr,INC_sk,IND_avg,IND_sd,IND_r1,IND_kr,IND_sk
134,0.272,0.044,0.4829469086,2.8127860119,-0.1031179564,0.218,0.0391918359,-0.0471960616,1.6407063802,-0.1889743063,0.51,0.0471593045,0.0634615385,2.2537006366,0.3935840717,0.51,0.0471593045,0.0634615385,2.2537006366,0.3935840717
