Instance,INF_avg,INF_sd,INF_r1,INF_kr,INF_sk,SUP_avg,SUP_sd,SUP_r1,SUP_kr,SUP_sk,INC_avg,INC_sd,INC_r1,INC_kr,INC_sk,IND_avg,IND_sd,IND_r1,IND_kr,IND_sk
230,0.321,0.0345543051,-0.6351147596,2.1565406597,0.1137238394,0.19,0.0353553391,0.235042735,1.94192,0.7127636354,0.489,0.0272763634,-0.0166716285,1.6235475199,0.3083728649,0.489,0.0272763634,-0.0166716285,1.6235475199,0.3083728649
