Instance,INF_avg,INF_sd,INF_r1,INF_kr,INF_sk,SUP_avg,SUP_sd,SUP_r1,SUP_kr,SUP_sk,INC_avg,INC_sd,INC_r1,INC_kr,INC_sk,IND_avg,IND_sd,IND_r1,IND_kr,IND_sk
283,0.3026,0.0457519398,-0.0487038514,3.2701988555,0.2041891486,0.2196,0.0494958584,0.1250198718,3.0233099743,0.1525675392,0.4778,0.0526797874,-0.1918949915,2.6215925177,0.0491583975,0.4778,0.0526797874,-0.1918949915,2.6215925177,0.0491583975
