Instance,INF_avg,INF_sd,INF_r1,INF_kr,INF_sk,SUP_avg,SUP_sd,SUP_r1,SUP_kr,SUP_sk,INC_avg,INC_sd,INC_r1,INC_kr,INC_sk,IND_avg,IND_sd,IND_r1,IND_kr,IND_sk
160,0.3,0.0707106781,0.6666666667,1.7,0.0,0.16,0.0374165739,-0.0869565217,1.8469387755,-0.3436215967,0.54,0.0969535971,0.383033419,1.815527388,0.6122692079,0.54,0.0969535971,0.383033419,1.815527388,0.6122692079
