Instance,INF_avg,INF_sd,INF_r1,INF_kr,INF_sk,SUP_avg,SUP_sd,SUP_r1,SUP_kr,SUP_sk,INC_avg,INC_sd,INC_r1,INC_kr,INC_sk,IND_avg,IND_sd,IND_r1,IND_kr,IND_sk
55,0.5204054054,0.1621909884,0.9389360269,1.771106907,-0.2370853939,0.0844594595,0.1002751875,0.8310837608,4.4820922846,1.5204486504,0.3951351351,0.0903034411,0.8721665727,1.9259264378,-0.1076805979,0.3951351351,0.0903034411,0.8721665727,1.9259264378,-0.1076805979
