Instance,INF_avg,INF_sd,INF_r1,INF_kr,INF_sk,SUP_avg,SUP_sd,SUP_r1,SUP_kr,SUP_sk,INC_avg,INC_sd,INC_r1,INC_kr,INC_sk,IND_avg,IND_sd,IND_r1,IND_kr,IND_sk
163,0.236,0.053141321,-0.0856632957,1.7294938568,-0.5680507797,0.264,0.0338230691,0.3921775899,2.0974375275,0.4602312565,0.5,0.0681175455,0.3968253968,2.8853299643,1.1503947835,0.5,0.0681175455,0.3968253968,2.8853299643,1.1503947835
