Instance,INF_avg,INF_sd,INF_r1,INF_kr,INF_sk,SUP_avg,SUP_sd,SUP_r1,SUP_kr,SUP_sk,INC_avg,INC_sd,INC_r1,INC_kr,INC_sk,IND_avg,IND_sd,IND_r1,IND_kr,IND_sk
196,0.312,0.1394847662,-0.1847970917,2.3452256644,0.2718887742,0.208,0.1163443166,-0.0840741489,2.5067233372,0.1489830689,0.48,0.1637070554,0.0430473831,2.6119402985,-0.1695784825,0.48,0.1637070554,0.0430473831,2.6119402985,-0.1695784825
