Instance,INF_avg,INF_sd,INF_r1,INF_kr,INF_sk,SUP_avg,SUP_sd,SUP_r1,SUP_kr,SUP_sk,INC_avg,INC_sd,INC_r1,INC_kr,INC_sk,IND_avg,IND_sd,IND_r1,IND_kr,IND_sk
97,0.2841,0.0504795998,0.1580932988,2.6322620468,0.0551834958,0.2668,0.0521129542,0.1512654195,2.4720580026,0.2004155319,0.4491,0.0584139538,0.1056440052,2.7640169203,-0.2853526896,0.4491,0.0584139538,0.1056440052,2.7640169203,-0.2853526896
