Instance,INF_avg,INF_sd,INF_r1,INF_kr,INF_sk,SUP_avg,SUP_sd,SUP_r1,SUP_kr,SUP_sk,INC_avg,INC_sd,INC_r1,INC_kr,INC_sk,IND_avg,IND_sd,IND_r1,IND_kr,IND_sk
223,0.242,0.0426145515,-0.2466725821,1.6835277223,-0.1383159724,0.288,0.0213541565,-0.4621676892,1.7206832872,0.1380231722,0.47,0.0352136337,-0.0,2.5,-0.4122303636,0.47,0.0352136337,-0.0,2.5,-0.4122303636
