Instance,INF_avg,INF_sd,INF_r1,INF_kr,INF_sk,SUP_avg,SUP_sd,SUP_r1,SUP_kr,SUP_sk,INC_avg,INC_sd,INC_r1,INC_kr,INC_sk,IND_avg,IND_sd,IND_r1,IND_kr,IND_sk
233,0.3024390244,0.104736149,0.413703989,3.107977344,0.3812383338,0.1817073171,0.0935454093,0.1062257182,2.5702753807,0.2700991455,0.5158536585,0.1095662314,-0.1269654895,2.8855086187,-0.7129445819,0.5158536585,0.1095662314,-0.1269654895,2.8855086187,-0.7129445819
