Instance,INF_avg,INF_sd,INF_r1,INF_kr,INF_sk,SUP_avg,SUP_sd,SUP_r1,SUP_kr,SUP_sk,INC_avg,INC_sd,INC_r1,INC_kr,INC_sk,IND_avg,IND_sd,IND_r1,IND_kr,IND_sk
196,0.3394074074,0.0802197257,0.3478954537,3.5576549522,0.3722782268,0.1488888889,0.0657567534,0.4911051118,2.8383377288,0.4473421235,0.5117037037,0.0708628382,-0.0847047598,2.6838399436,-0.0681647383,0.5117037037,0.0708628382,-0.0847047598,2.6838399436,-0.0681647383
