Instance,INF_avg,INF_sd,INF_r1,INF_kr,INF_sk,SUP_avg,SUP_sd,SUP_r1,SUP_kr,SUP_sk,INC_avg,INC_sd,INC_r1,INC_kr,INC_sk,IND_avg,IND_sd,IND_r1,IND_kr,IND_sk
141,0.3919444444,0.0823886267,0.6844216284,2.4895974298,-0.1844611638,0.1061111111,0.059103383,0.7557652409,2.1680292135,0.3596686317,0.5019444444,0.0551170192,0.095016233,3.1089079201,-0.174892773,0.5019444444,0.0551170192,0.095016233,3.1089079201,-0.174892773
