Instance,INF_avg,INF_sd,INF_r1,INF_kr,INF_sk,SUP_avg,SUP_sd,SUP_r1,SUP_kr,SUP_sk,INC_avg,INC_sd,INC_r1,INC_kr,INC_sk,IND_avg,IND_sd,IND_r1,IND_kr,IND_sk
124,0.4333333333,0.1699673171,-0.9245283019,1.5,-0.5280049792,0.1666666667,0.1247219129,-0.9411764706,1.5,-0.3818017742,0.4,0.0816496581,-0.5,1.5,-0.0,0.4,0.0816496581,-0.5,1.5,-0.0
