Instance,INF_avg,INF_sd,INF_r1,INF_kr,INF_sk,SUP_avg,SUP_sd,SUP_r1,SUP_kr,SUP_sk,INC_avg,INC_sd,INC_r1,INC_kr,INC_sk,IND_avg,IND_sd,IND_r1,IND_kr,IND_sk
299,0.22,0.0979795897,-0.0460251046,2.3873697917,-0.0095683193,0.25,0.1,-0.0256410256,2.05,-0.0,0.53,0.1053565375,0.0150801131,2.0036523009,-0.107742259,0.53,0.1053565375,0.0150801131,2.0036523009,-0.107742259
