Instance,INF_avg,INF_sd,INF_r1,INF_kr,INF_sk,SUP_avg,SUP_sd,SUP_r1,SUP_kr,SUP_sk,INC_avg,INC_sd,INC_r1,INC_kr,INC_sk,IND_avg,IND_sd,IND_r1,IND_kr,IND_sk
114,0.2,0.0894427191,-0.25,3.125,-0.8385254916,0.28,0.0979795897,0.3933054393,1.9479166667,-0.2296396634,0.52,0.1077032961,-0.124567474,2.7669441141,-0.403407114,0.52,0.1077032961,-0.124567474,2.7669441141,-0.403407114
