Instance,INF_avg,INF_sd,INF_r1,INF_kr,INF_sk,SUP_avg,SUP_sd,SUP_r1,SUP_kr,SUP_sk,INC_avg,INC_sd,INC_r1,INC_kr,INC_sk,IND_avg,IND_sd,IND_r1,IND_kr,IND_sk
276,0.4516363636,0.1209697729,0.8932161158,1.8862956431,-0.1472259282,0.0886818182,0.0641683768,0.8930549827,3.5268365649,1.0863866303,0.4596818182,0.0694958379,0.749840919,2.1269078179,-0.1893049076,0.4596818182,0.0694958379,0.749840919,2.1269078179,-0.1893049076
