Instance,INF_avg,INF_sd,INF_r1,INF_kr,INF_sk,SUP_avg,SUP_sd,SUP_r1,SUP_kr,SUP_sk,INC_avg,INC_sd,INC_r1,INC_kr,INC_sk,IND_avg,IND_sd,IND_r1,IND_kr,IND_sk
34,0.274,0.1507448175,0.2579637242,3.0656859918,0.3415674738,0.242,0.1470918081,0.1522972218,2.1502564439,0.006214025,0.484,0.1540908823,-0.0377504068,2.6112913303,-0.3214751412,0.484,0.1540908823,-0.0377504068,2.6112913303,-0.3214751412
