Instance,INF_avg,INF_sd,INF_r1,INF_kr,INF_sk,SUP_avg,SUP_sd,SUP_r1,SUP_kr,SUP_sk,INC_avg,INC_sd,INC_r1,INC_kr,INC_sk,IND_avg,IND_sd,IND_r1,IND_kr,IND_sk
210,0.262,0.1088852607,0.2195938648,7.0710892382,1.8524867435,0.236,0.08428523,0.4081305946,3.5555948685,0.4945401753,0.502,0.1099818167,0.165663567,5.0088458995,-0.9302764325,0.502,0.1099818167,0.165663567,5.0088458995,-0.9302764325
