Instance,INF_avg,INF_sd,INF_r1,INF_kr,INF_sk,SUP_avg,SUP_sd,SUP_r1,SUP_kr,SUP_sk,INC_avg,INC_sd,INC_r1,INC_kr,INC_sk,IND_avg,IND_sd,IND_r1,IND_kr,IND_sk
138,0.18,0.0244948974,-0.1904761905,1.1666666667,-0.4082482905,0.29,0.1019803903,-0.8553459119,2.7045118343,-1.0013237284,0.53,0.1208304597,-0.6666666667,2.5052542691,0.8978957038,0.53,0.1208304597,-0.6666666667,2.5052542691,0.8978957038
