Instance,INF_avg,INF_sd,INF_r1,INF_kr,INF_sk,SUP_avg,SUP_sd,SUP_r1,SUP_kr,SUP_sk,INC_avg,INC_sd,INC_r1,INC_kr,INC_sk,IND_avg,IND_sd,IND_r1,IND_kr,IND_sk
92,0.3282352941,0.08224082,0.2348237671,2.4438161399,0.0530677677,0.1450980392,0.0755469611,0.3693738282,2.41600768,0.3760614834,0.5266666667,0.0850067279,0.1419654877,1.9634713214,0.093406528,0.5266666667,0.0850067279,0.1419654877,1.9634713214,0.093406528
