Instance,INF_avg,INF_sd,INF_r1,INF_kr,INF_sk,SUP_avg,SUP_sd,SUP_r1,SUP_kr,SUP_sk,INC_avg,INC_sd,INC_r1,INC_kr,INC_sk,IND_avg,IND_sd,IND_r1,IND_kr,IND_sk
241,0.18,0.1166190379,0.0671641791,1.6280276817,-0.3631734744,0.1,0.1095445115,-0.1666666667,2.5,0.9128709292,0.72,0.16,-0.0563380282,2.078125,0.84375,0.72,0.16,-0.0563380282,2.078125,0.84375
