Instance,INF_avg,INF_sd,INF_r1,INF_kr,INF_sk,SUP_avg,SUP_sd,SUP_r1,SUP_kr,SUP_sk,INC_avg,INC_sd,INC_r1,INC_kr,INC_sk,IND_avg,IND_sd,IND_r1,IND_kr,IND_sk
213,0.304,0.0697423831,0.0150057715,1.7340287396,-0.4222306023,0.238,0.0596322061,-0.5323496027,3.2588492524,-1.057551299,0.458,0.0701141926,0.2957514997,1.3953388447,0.0693510066,0.458,0.0701141926,0.2957514997,1.3953388447,0.0693510066
