Instance,INF_avg,INF_sd,INF_r1,INF_kr,INF_sk,SUP_avg,SUP_sd,SUP_r1,SUP_kr,SUP_sk,INC_avg,INC_sd,INC_r1,INC_kr,INC_sk,IND_avg,IND_sd,IND_r1,IND_kr,IND_sk
75,0.258,0.0224944438,-0.2133277452,1.9858223062,0.4870768025,0.268,0.027676705,-0.1270557885,1.2896024923,-0.3370698109,0.474,0.0288790582,-0.8705171763,1.9844297224,0.3208618162,0.474,0.0288790582,-0.8705171763,1.9844297224,0.3208618162
