Instance,INF_avg,INF_sd,INF_r1,INF_kr,INF_sk,SUP_avg,SUP_sd,SUP_r1,SUP_kr,SUP_sk,INC_avg,INC_sd,INC_r1,INC_kr,INC_sk,IND_avg,IND_sd,IND_r1,IND_kr,IND_sk
119,0.25,0.0634034699,-0.2519083969,1.9302740031,0.1035773623,0.272,0.0523067873,-0.1467889908,3.089053042,0.507129517,0.478,0.0712460525,-0.7226251231,1.7584982498,0.2014793721,0.478,0.0712460525,-0.7226251231,1.7584982498,0.2014793721
