Instance,INF_avg,INF_sd,INF_r1,INF_kr,INF_sk,SUP_avg,SUP_sd,SUP_r1,SUP_kr,SUP_sk,INC_avg,INC_sd,INC_r1,INC_kr,INC_sk,IND_avg,IND_sd,IND_r1,IND_kr,IND_sk
35,0.2189,0.0494801981,0.5149800791,2.6980295507,0.3336846842,0.2424,0.0535652873,0.6341416576,2.5557036012,0.2882892058,0.5387,0.0421047503,0.2150477796,3.286145046,-0.0434242009,0.5387,0.0421047503,0.2150477796,3.286145046,-0.0434242009
