Instance,INF_avg,INF_sd,INF_r1,INF_kr,INF_sk,SUP_avg,SUP_sd,SUP_r1,SUP_kr,SUP_sk,INC_avg,INC_sd,INC_r1,INC_kr,INC_sk,IND_avg,IND_sd,IND_r1,IND_kr,IND_sk
100,0.4148717949,0.0935105039,0.7416764336,2.3680203245,-0.2403219064,0.0942948718,0.0683234406,0.8393369871,2.9034581508,0.8452630013,0.4908333333,0.0553538539,0.1504316243,2.5750268903,-0.0111142897,0.4908333333,0.0553538539,0.1504316243,2.5750268903,-0.0111142897
