Instance,INF_avg,INF_sd,INF_r1,INF_kr,INF_sk,SUP_avg,SUP_sd,SUP_r1,SUP_kr,SUP_sk,INC_avg,INC_sd,INC_r1,INC_kr,INC_sk,IND_avg,IND_sd,IND_r1,IND_kr,IND_sk
151,0.24,0.0911043358,0.0131259115,2.4010741762,0.1785322301,0.233,0.0752396172,-0.0992572383,2.9273245002,0.1669846078,0.527,0.106400188,0.1329912737,2.352181021,-0.3604513279,0.527,0.106400188,0.1329912737,2.352181021,-0.3604513279
