Instance,INF_avg,INF_sd,INF_r1,INF_kr,INF_sk,SUP_avg,SUP_sd,SUP_r1,SUP_kr,SUP_sk,INC_avg,INC_sd,INC_r1,INC_kr,INC_sk,IND_avg,IND_sd,IND_r1,IND_kr,IND_sk
35,0.2794117647,0.1000864678,0.0642201835,2.5073111582,0.5304769985,0.1735294118,0.100172861,0.561364616,1.8985671819,-0.0446489857,0.5470588235,0.0737056711,0.0553742802,4.275122723,-1.3309496721,0.5470588235,0.0737056711,0.0553742802,4.275122723,-1.3309496721
