Instance,INF_avg,INF_sd,INF_r1,INF_kr,INF_sk,SUP_avg,SUP_sd,SUP_r1,SUP_kr,SUP_sk,INC_avg,INC_sd,INC_r1,INC_kr,INC_sk,IND_avg,IND_sd,IND_r1,IND_kr,IND_sk
26,0.272,0.0906421535,-0.1043471474,2.4703032722,0.2579453337,0.279,0.0964831592,0.0491943082,3.1537964622,0.3877119108,0.449,0.1093114816,0.0003567274,2.0855835182,0.1863075435,0.449,0.1093114816,0.0003567274,2.0855835182,0.1863075435
