Instance,INF_avg,INF_sd,INF_r1,INF_kr,INF_sk,SUP_avg,SUP_sd,SUP_r1,SUP_kr,SUP_sk,INC_avg,INC_sd,INC_r1,INC_kr,INC_sk,IND_avg,IND_sd,IND_r1,IND_kr,IND_sk
162,0.2255,0.0274271763,0.2189603114,2.8068068974,0.7965260578,0.2935,0.0476995807,0.407850394,2.641446927,-0.5825245616,0.481,0.0497895571,0.7134203169,1.9056284163,0.035340352,0.481,0.0497895571,0.7134203169,1.9056284163,0.035340352
