Instance,INF_avg,INF_sd,INF_r1,INF_kr,INF_sk,SUP_avg,SUP_sd,SUP_r1,SUP_kr,SUP_sk,INC_avg,INC_sd,INC_r1,INC_kr,INC_sk,IND_avg,IND_sd,IND_r1,IND_kr,IND_sk
214,0.246,0.0270924344,-0.2513691128,4.0981112043,0.1393956226,0.2575,0.0377657252,0.3040752351,2.2536199545,-0.6043068356,0.4965,0.0324846117,0.2468990667,1.6514474704,-0.1156525948,0.4965,0.0324846117,0.2468990667,1.6514474704,-0.1156525948
