Instance,INF_avg,INF_sd,INF_r1,INF_kr,INF_sk,SUP_avg,SUP_sd,SUP_r1,SUP_kr,SUP_sk,INC_avg,INC_sd,INC_r1,INC_kr,INC_sk,IND_avg,IND_sd,IND_r1,IND_kr,IND_sk
209,0.255,0.0722841615,-0.1548033848,2.4783544333,0.6195643428,0.35,0.0741619849,-0.2777777778,2.4380165289,0.3677453795,0.395,0.065,-0.2045889101,3.8099856448,1.0050068275,0.395,0.065,-0.2045889101,3.8099856448,1.0050068275
