Instance,INF_avg,INF_sd,INF_r1,INF_kr,INF_sk,SUP_avg,SUP_sd,SUP_r1,SUP_kr,SUP_sk,INC_avg,INC_sd,INC_r1,INC_kr,INC_sk,IND_avg,IND_sd,IND_r1,IND_kr,IND_sk
226,0.2728,0.0381858613,0.282536158,2.2727272742,-0.3942181062,0.2332,0.0348677501,0.0918166192,2.2323107564,-0.0406706963,0.494,0.0508133841,0.3279615398,2.7825045705,0.429511679,0.494,0.0508133841,0.3279615398,2.7825045705,0.429511679
