Instance,INF_avg,INF_sd,INF_r1,INF_kr,INF_sk,SUP_avg,SUP_sd,SUP_r1,SUP_kr,SUP_sk,INC_avg,INC_sd,INC_r1,INC_kr,INC_sk,IND_avg,IND_sd,IND_r1,IND_kr,IND_sk
123,0.248,0.144554488,-0.3106453887,2.6364605344,0.5563060695,0.22,0.129614814,-0.3003095975,4.2006802721,0.8376467569,0.532,0.1666613332,-0.1879981375,3.0017666015,-0.8768852036,0.532,0.1666613332,-0.1879981375,3.0017666015,-0.8768852036
