Instance,INF_avg,INF_sd,INF_r1,INF_kr,INF_sk,SUP_avg,SUP_sd,SUP_r1,SUP_kr,SUP_sk,INC_avg,INC_sd,INC_r1,INC_kr,INC_sk,IND_avg,IND_sd,IND_r1,IND_kr,IND_sk
127,0.239,0.0402119385,0.0151563436,2.9061295626,0.3203803983,0.2438,0.0467713588,0.15697356,3.3423607343,0.3353065778,0.5172,0.0498012048,0.190266271,2.2520850369,-0.1404259415,0.5172,0.0498012048,0.190266271,2.2520850369,-0.1404259415
