Instance,INF_avg,INF_sd,INF_r1,INF_kr,INF_sk,SUP_avg,SUP_sd,SUP_r1,SUP_kr,SUP_sk,INC_avg,INC_sd,INC_r1,INC_kr,INC_sk,IND_avg,IND_sd,IND_r1,IND_kr,IND_sk
163,0.2534,0.0367279185,0.0678242478,2.7469495541,0.0137052178,0.25615,0.029781328,-0.0201578698,2.9977262113,0.0984266365,0.49045,0.0378754208,0.0816354116,3.1731840296,-0.1856197502,0.49045,0.0378754208,0.0816354116,3.1731840296,-0.1856197502
