Instance,INF_avg,INF_sd,INF_r1,INF_kr,INF_sk,SUP_avg,SUP_sd,SUP_r1,SUP_kr,SUP_sk,INC_avg,INC_sd,INC_r1,INC_kr,INC_sk,IND_avg,IND_sd,IND_r1,IND_kr,IND_sk
195,0.2387,0.0413438024,-0.0771143806,2.6373966159,-0.0968098841,0.2569,0.0385148023,-0.031672797,4.1188967001,0.0538278471,0.5044,0.0458981481,0.0054844975,2.4839820684,-0.144924038,0.5044,0.0458981481,0.0054844975,2.4839820684,-0.144924038
