Instance,INF_avg,INF_sd,INF_r1,INF_kr,INF_sk,SUP_avg,SUP_sd,SUP_r1,SUP_kr,SUP_sk,INC_avg,INC_sd,INC_r1,INC_kr,INC_sk,IND_avg,IND_sd,IND_r1,IND_kr,IND_sk
112,0.233,0.0286705424,0.0343517102,2.0843856004,-0.1311145091,0.2902,0.0266263028,-0.2584063237,2.8339481544,0.1684387752,0.4768,0.0354084736,0.3174005046,1.5463322894,-0.1049953728,0.4768,0.0354084736,0.3174005046,1.5463322894,-0.1049953728
