Instance,INF_avg,INF_sd,INF_r1,INF_kr,INF_sk,SUP_avg,SUP_sd,SUP_r1,SUP_kr,SUP_sk,INC_avg,INC_sd,INC_r1,INC_kr,INC_sk,IND_avg,IND_sd,IND_r1,IND_kr,IND_sk
56,0.184,0.1460958589,-0.2344647361,1.9949257006,0.509451713,0.288,0.1727888885,0.3459207256,2.6164552338,0.557601057,0.528,0.2163700534,0.0680702042,2.1070341142,0.3006545063,0.528,0.2163700534,0.0680702042,2.1070341142,0.3006545063
