Instance,INF_avg,INF_sd,INF_r1,INF_kr,INF_sk,SUP_avg,SUP_sd,SUP_r1,SUP_kr,SUP_sk,INC_avg,INC_sd,INC_r1,INC_kr,INC_sk,IND_avg,IND_sd,IND_r1,IND_kr,IND_sk
229,0.2461,0.0328525494,0.1022798698,2.6321046009,0.267278608,0.26145,0.029960766,0.2881149431,2.6499365129,0.1798132513,0.49245,0.0403391559,0.0990021068,3.6000828851,-0.5098691693,0.49245,0.0403391559,0.0990021068,3.6000828851,-0.5098691693
