Instance,INF_avg,INF_sd,INF_r1,INF_kr,INF_sk,SUP_avg,SUP_sd,SUP_r1,SUP_kr,SUP_sk,INC_avg,INC_sd,INC_r1,INC_kr,INC_sk,IND_avg,IND_sd,IND_r1,IND_kr,IND_sk
292,0.2474,0.0616217494,-0.2030436131,2.7816243289,0.2332383785,0.2554,0.0664442624,-0.1469589221,2.7184416283,0.4390188259,0.4972,0.0683532004,0.1987328655,2.4320759774,0.1720584824,0.4972,0.0683532004,0.1987328655,2.4320759774,0.1720584824
