Instance,INF_avg,INF_sd,INF_r1,INF_kr,INF_sk,SUP_avg,SUP_sd,SUP_r1,SUP_kr,SUP_sk,INC_avg,INC_sd,INC_r1,INC_kr,INC_sk,IND_avg,IND_sd,IND_r1,IND_kr,IND_sk
156,0.3,0.0357770876,0.2,1.953125,-0.6288941187,0.176,0.0496386946,-0.0449927431,2.0324675325,0.621634858,0.524,0.0344093011,-0.0632183908,1.9945215486,0.3958703373,0.524,0.0344093011,-0.0632183908,1.9945215486,0.3958703373
