Instance,INF_avg,INF_sd,INF_r1,INF_kr,INF_sk,SUP_avg,SUP_sd,SUP_r1,SUP_kr,SUP_sk,INC_avg,INC_sd,INC_r1,INC_kr,INC_sk,IND_avg,IND_sd,IND_r1,IND_kr,IND_sk
281,0.2172,0.0570627725,-0.0177196944,2.6554276052,0.2523805359,0.325,0.0669552089,0.0623749357,3.4817395023,0.2155848766,0.4578,0.0698509842,-0.0670978327,2.8615306301,0.1834815485,0.4578,0.0698509842,-0.0670978327,2.8615306301,0.1834815485
