Instance,INF_avg,INF_sd,INF_r1,INF_kr,INF_sk,SUP_avg,SUP_sd,SUP_r1,SUP_kr,SUP_sk,INC_avg,INC_sd,INC_r1,INC_kr,INC_sk,IND_avg,IND_sd,IND_r1,IND_kr,IND_sk
233,0.235,0.1251998403,-0.1597580246,2.4749662325,0.2044578178,0.233,0.136422139,-0.0395284742,2.1970826827,0.0990857478,0.532,0.1725572369,-0.0828549313,3.2234340969,-0.0333323973,0.532,0.1725572369,-0.0828549313,3.2234340969,-0.0333323973
