Instance,INF_avg,INF_sd,INF_r1,INF_kr,INF_sk,SUP_avg,SUP_sd,SUP_r1,SUP_kr,SUP_sk,INC_avg,INC_sd,INC_r1,INC_kr,INC_sk,IND_avg,IND_sd,IND_r1,IND_kr,IND_sk
117,0.21,0.1135781669,0.1745081266,1.8945375879,-0.3501328023,0.26,0.0860232527,-0.3396481732,1.7479912345,0.042414679,0.53,0.1187434209,0.5774091627,2.2135204467,-0.3709052078,0.53,0.1187434209,0.5774091627,2.2135204467,-0.3709052078
