Instance,INF_avg,INF_sd,INF_r1,INF_kr,INF_sk,SUP_avg,SUP_sd,SUP_r1,SUP_kr,SUP_sk,INC_avg,INC_sd,INC_r1,INC_kr,INC_sk,IND_avg,IND_sd,IND_r1,IND_kr,IND_sk
40,0.3275,0.0993415824,0.1752116037,2.4706303963,0.4807141884,0.16,0.0768114575,0.117965368,3.3272048262,0.2416217924,0.5125,0.0892678554,-0.0991167812,2.7171856978,-0.0626007567,0.5125,0.0892678554,-0.0991167812,2.7171856978,-0.0626007567
