Instance,INF_avg,INF_sd,INF_r1,INF_kr,INF_sk,SUP_avg,SUP_sd,SUP_r1,SUP_kr,SUP_sk,INC_avg,INC_sd,INC_r1,INC_kr,INC_sk,IND_avg,IND_sd,IND_r1,IND_kr,IND_sk
275,0.267,0.0484664833,-0.0843035428,3.4437648259,-0.4327884538,0.2341,0.0417635008,-0.0988450879,2.8961548663,-0.1901674372,0.4989,0.0554056856,0.0015857975,3.9367317336,0.3958144762,0.4989,0.0554056856,0.0015857975,3.9367317336,0.3958144762
