Instance,INF_avg,INF_sd,INF_r1,INF_kr,INF_sk,SUP_avg,SUP_sd,SUP_r1,SUP_kr,SUP_sk,INC_avg,INC_sd,INC_r1,INC_kr,INC_sk,IND_avg,IND_sd,IND_r1,IND_kr,IND_sk
89,0.1956,0.0563261928,0.132756252,2.7104118472,0.4129989004,0.3776,0.0804626621,0.0194865113,3.2220853755,-0.004475894,0.4268,0.0841531936,-0.0958789921,3.0164651247,0.6169913339,0.4268,0.0841531936,-0.0958789921,3.0164651247,0.6169913339
