Instance,INF_avg,INF_sd,INF_r1,INF_kr,INF_sk,SUP_avg,SUP_sd,SUP_r1,SUP_kr,SUP_sk,INC_avg,INC_sd,INC_r1,INC_kr,INC_sk,IND_avg,IND_sd,IND_r1,IND_kr,IND_sk
292,0.274,0.1382895513,-0.0299141333,2.720217127,0.5631173689,0.244,0.1416474497,-0.1529426805,2.170058683,-0.0047965977,0.482,0.1608601877,-0.0369040102,2.2770193511,-0.0232710878,0.482,0.1608601877,-0.0369040102,2.2770193511,-0.0232710878
