Instance,INF_avg,INF_sd,INF_r1,INF_kr,INF_sk,SUP_avg,SUP_sd,SUP_r1,SUP_kr,SUP_sk,INC_avg,INC_sd,INC_r1,INC_kr,INC_sk,IND_avg,IND_sd,IND_r1,IND_kr,IND_sk
31,0.26,0.1326649916,-0.095505618,2.7654958678,-0.0102787958,0.254,0.1344767638,-0.1155196364,2.0707110826,0.1369016159,0.486,0.1624930768,0.1166066648,2.3290209273,0.0866367187,0.486,0.1624930768,0.1166066648,2.3290209273,0.0866367187
