Instance,INF_avg,INF_sd,INF_r1,INF_kr,INF_sk,SUP_avg,SUP_sd,SUP_r1,SUP_kr,SUP_sk,INC_avg,INC_sd,INC_r1,INC_kr,INC_sk,IND_avg,IND_sd,IND_r1,IND_kr,IND_sk
33,0.2056,0.0505236578,0.248123662,3.1856187187,-0.2141602255,0.3596,0.049028971,-0.1776959478,2.4578874546,0.2623896895,0.4348,0.0438287577,-0.1563232338,2.2742816914,0.5424135796,0.4348,0.0438287577,-0.1563232338,2.2742816914,0.5424135796
