Instance,INF_avg,INF_sd,INF_r1,INF_kr,INF_sk,SUP_avg,SUP_sd,SUP_r1,SUP_kr,SUP_sk,INC_avg,INC_sd,INC_r1,INC_kr,INC_sk,IND_avg,IND_sd,IND_r1,IND_kr,IND_sk
252,0.2576,0.057499913,-0.1424081474,2.4205038483,-0.1574955672,0.2576,0.0531623927,-0.0546960221,2.722574716,-0.0433761188,0.4848,0.0639449763,-0.0378281116,2.4806154174,-0.1374988682,0.4848,0.0639449763,-0.0378281116,2.4806154174,-0.1374988682
