Instance,INF_avg,INF_sd,INF_r1,INF_kr,INF_sk,SUP_avg,SUP_sd,SUP_r1,SUP_kr,SUP_sk,INC_avg,INC_sd,INC_r1,INC_kr,INC_sk,IND_avg,IND_sd,IND_r1,IND_kr,IND_sk
155,0.2956,0.0583150066,0.02909514,3.1117224291,0.6408889778,0.2636,0.0340446765,-0.081654412,2.9048467842,-0.2058911474,0.4408,0.052984526,0.1440720714,2.6862347103,-0.3868200073,0.4408,0.052984526,0.1440720714,2.6862347103,-0.3868200073
