Instance,INF_avg,INF_sd,INF_r1,INF_kr,INF_sk,SUP_avg,SUP_sd,SUP_r1,SUP_kr,SUP_sk,INC_avg,INC_sd,INC_r1,INC_kr,INC_sk,IND_avg,IND_sd,IND_r1,IND_kr,IND_sk
155,0.258,0.0577234788,0.0026171097,3.1373332046,0.4342431702,0.2656,0.0651201966,0.2538733926,2.6818445825,0.5386236691,0.4764,0.0706189776,0.2066902668,2.7372772596,0.3397887485,0.4764,0.0706189776,0.2066902668,2.7372772596,0.3397887485
