Instance,INF_avg,INF_sd,INF_r1,INF_kr,INF_sk,SUP_avg,SUP_sd,SUP_r1,SUP_kr,SUP_sk,INC_avg,INC_sd,INC_r1,INC_kr,INC_sk,IND_avg,IND_sd,IND_r1,IND_kr,IND_sk
231,0.2915,0.0279329554,0.2749581707,2.6366824319,0.6697962216,0.231,0.0182756669,-0.051212938,3.6244755997,0.1960985806,0.4775,0.0362111861,0.1587071877,2.7056909254,-0.0529148804,0.4775,0.0362111861,0.1587071877,2.7056909254,-0.0529148804
