Instance,INF_avg,INF_sd,INF_r1,INF_kr,INF_sk,SUP_avg,SUP_sd,SUP_r1,SUP_kr,SUP_sk,INC_avg,INC_sd,INC_r1,INC_kr,INC_sk,IND_avg,IND_sd,IND_r1,IND_kr,IND_sk
182,0.28,0.045607017,0.3,2.5,-0.6071940134,0.252,0.0574108004,0.3670150987,1.4902912621,0.5053005453,0.468,0.0785875308,0.7800237812,2.0239603748,0.5506549315,0.468,0.0785875308,0.7800237812,2.0239603748,0.5506549315
