Instance,INF_avg,INF_sd,INF_r1,INF_kr,INF_sk,SUP_avg,SUP_sd,SUP_r1,SUP_kr,SUP_sk,INC_avg,INC_sd,INC_r1,INC_kr,INC_sk,IND_avg,IND_sd,IND_r1,IND_kr,IND_sk
88,0.292,0.0489897949,-0.3114808875,1.8898,0.1241074803,0.2192,0.044083557,-0.0510353297,2.4012170359,0.0759257522,0.4888,0.0540607066,-0.4565871152,2.2752985556,0.336230403,0.4888,0.0540607066,-0.4565871152,2.2752985556,0.336230403
