Instance,INF_avg,INF_sd,INF_r1,INF_kr,INF_sk,SUP_avg,SUP_sd,SUP_r1,SUP_kr,SUP_sk,INC_avg,INC_sd,INC_r1,INC_kr,INC_sk,IND_avg,IND_sd,IND_r1,IND_kr,IND_sk
158,0.25,0.0414728827,-0.2571428571,2.9542996214,1.2280369541,0.242,0.059464275,-0.1409630147,3.1752677054,1.4409199126,0.508,0.067349833,-0.4897005734,1.6715050904,-0.5635896971,0.508,0.067349833,-0.4897005734,1.6715050904,-0.5635896971
