Instance,INF_avg,INF_sd,INF_r1,INF_kr,INF_sk,SUP_avg,SUP_sd,SUP_r1,SUP_kr,SUP_sk,INC_avg,INC_sd,INC_r1,INC_kr,INC_sk,IND_avg,IND_sd,IND_r1,IND_kr,IND_sk
179,0.2875,0.1020722783,0.1398107824,2.9902327873,-0.2596170135,0.2225,0.1073254397,-0.0045652186,2.9247240442,0.4022987061,0.49,0.1208304597,0.0157237023,2.9751829612,-0.3902785303,0.49,0.1208304597,0.0157237023,2.9751829612,-0.3902785303
