Instance,INF_avg,INF_sd,INF_r1,INF_kr,INF_sk,SUP_avg,SUP_sd,SUP_r1,SUP_kr,SUP_sk,INC_avg,INC_sd,INC_r1,INC_kr,INC_sk,IND_avg,IND_sd,IND_r1,IND_kr,IND_sk
185,0.292,0.0955824252,0.1470904887,2.206400422,-0.0117081076,0.228,0.0788416134,0.0117452269,3.5701043018,0.8690508931,0.48,0.0894427191,-0.1916965659,2.054375,-0.1425493336,0.48,0.0894427191,-0.1916965659,2.054375,-0.1425493336
