Instance,INF_avg,INF_sd,INF_r1,INF_kr,INF_sk,SUP_avg,SUP_sd,SUP_r1,SUP_kr,SUP_sk,INC_avg,INC_sd,INC_r1,INC_kr,INC_sk,IND_avg,IND_sd,IND_r1,IND_kr,IND_sk
223,0.2777777778,0.0853460639,0.2990608808,3.311763861,0.7094192353,0.162962963,0.0752681535,-0.3983450895,2.3904944627,-0.0549257313,0.5592592593,0.0943172709,0.2439308969,2.9974685072,0.3611678404,0.5592592593,0.0943172709,0.2439308969,2.9974685072,0.3611678404
