Instance,INF_avg,INF_sd,INF_r1,INF_kr,INF_sk,SUP_avg,SUP_sd,SUP_r1,SUP_kr,SUP_sk,INC_avg,INC_sd,INC_r1,INC_kr,INC_sk,IND_avg,IND_sd,IND_r1,IND_kr,IND_sk
33,0.21,0.1374772708,0.1000529381,2.5681531872,0.974475658,0.24,0.22,-0.2230835487,1.4839833345,0.4440270473,0.55,0.1910497317,-0.503649635,1.9037342841,0.4732325875,0.55,0.1910497317,-0.503649635,1.9037342841,0.4732325875
