Instance,INF_avg,INF_sd,INF_r1,INF_kr,INF_sk,SUP_avg,SUP_sd,SUP_r1,SUP_kr,SUP_sk,INC_avg,INC_sd,INC_r1,INC_kr,INC_sk,IND_avg,IND_sd,IND_r1,IND_kr,IND_sk
7,0.2445,0.0566281732,0.3159426934,3.694573866,0.6963273457,0.2321,0.0605028099,0.4460577368,2.5829485367,-0.0116535346,0.5234,0.0637843241,0.0963993224,3.0313775614,-0.1994483791,0.5234,0.0637843241,0.0963993224,3.0313775614,-0.1994483791
