Instance,INF_avg,INF_sd,INF_r1,INF_kr,INF_sk,SUP_avg,SUP_sd,SUP_r1,SUP_kr,SUP_sk,INC_avg,INC_sd,INC_r1,INC_kr,INC_sk,IND_avg,IND_sd,IND_r1,IND_kr,IND_sk
36,0.31,0.1445683229,0.2298362644,1.5992536801,-0.1747489172,0.28,0.1326649916,0.2570754717,2.604338843,-0.9148128296,0.41,0.1813835715,0.3017558187,1.9602276402,-0.0482612583,0.41,0.1813835715,0.3017558187,1.9602276402,-0.0482612583
