Instance,INF_avg,INF_sd,INF_r1,INF_kr,INF_sk,SUP_avg,SUP_sd,SUP_r1,SUP_kr,SUP_sk,INC_avg,INC_sd,INC_r1,INC_kr,INC_sk,IND_avg,IND_sd,IND_r1,IND_kr,IND_sk
164,0.3407692308,0.0802363373,0.1685510653,2.8636936956,0.212185129,0.1782692308,0.0695098541,0.5019946246,2.8075963863,0.2870374114,0.4809615385,0.0722910681,0.0951338217,2.745600634,0.2030036106,0.4809615385,0.0722910681,0.0951338217,2.745600634,0.2030036106
