Instance,INF_avg,INF_sd,INF_r1,INF_kr,INF_sk,SUP_avg,SUP_sd,SUP_r1,SUP_kr,SUP_sk,INC_avg,INC_sd,INC_r1,INC_kr,INC_sk,IND_avg,IND_sd,IND_r1,IND_kr,IND_sk
187,0.249,0.0338969025,-0.0306406685,3.6987526899,-0.776737099,0.292,0.0198997487,-0.0768452983,2.3106825834,0.2558278075,0.459,0.0262488095,-0.079237091,3.3180267989,0.9713896904,0.459,0.0262488095,-0.079237091,3.3180267989,0.9713896904
