Instance,INF_avg,INF_sd,INF_r1,INF_kr,INF_sk,SUP_avg,SUP_sd,SUP_r1,SUP_kr,SUP_sk,INC_avg,INC_sd,INC_r1,INC_kr,INC_sk,IND_avg,IND_sd,IND_r1,IND_kr,IND_sk
147,0.264,0.032,-0.8064263323,1.4509887695,0.2211914062,0.22,0.02,0.5454545455,2.05,0.0,0.516,0.0338230691,-0.7046450482,1.921389799,-0.5222570323,0.516,0.0338230691,-0.7046450482,1.921389799,-0.5222570323
