Instance,INF_avg,INF_sd,INF_r1,INF_kr,INF_sk,SUP_avg,SUP_sd,SUP_r1,SUP_kr,SUP_sk,INC_avg,INC_sd,INC_r1,INC_kr,INC_sk,IND_avg,IND_sd,IND_r1,IND_kr,IND_sk
51,0.2512,0.0428900921,0.5875261229,3.0634832284,0.7236584741,0.1664,0.0340446765,0.3938502147,2.3508788243,-0.2962738529,0.5824,0.0419075172,0.2697253683,2.0865163838,-0.2480140871,0.5824,0.0419075172,0.2697253683,2.0865163838,-0.2480140871
