Instance,INF_avg,INF_sd,INF_r1,INF_kr,INF_sk,SUP_avg,SUP_sd,SUP_r1,SUP_kr,SUP_sk,INC_avg,INC_sd,INC_r1,INC_kr,INC_sk,IND_avg,IND_sd,IND_r1,IND_kr,IND_sk
166,0.2444444444,0.1422916497,-0.1155317521,1.8306067817,0.5751765377,0.2111111111,0.1448711646,-0.2934131737,2.4205536332,0.4637882403,0.5444444444,0.1832491389,-0.2703651685,2.3821907439,0.305398719,0.5444444444,0.1832491389,-0.2703651685,2.3821907439,0.305398719
