Instance,INF_avg,INF_sd,INF_r1,INF_kr,INF_sk,SUP_avg,SUP_sd,SUP_r1,SUP_kr,SUP_sk,INC_avg,INC_sd,INC_r1,INC_kr,INC_sk,IND_avg,IND_sd,IND_r1,IND_kr,IND_sk
294,0.292,0.0376297754,-0.1130334487,2.4689744326,0.8575971039,0.23,0.0296647939,-0.5813953488,2.2830578512,-0.4596817244,0.478,0.0222710575,0.3887775551,1.2989073881,0.469291273,0.478,0.0222710575,0.3887775551,1.2989073881,0.469291273
