Instance,INF_avg,INF_sd,INF_r1,INF_kr,INF_sk,SUP_avg,SUP_sd,SUP_r1,SUP_kr,SUP_sk,INC_avg,INC_sd,INC_r1,INC_kr,INC_sk,IND_avg,IND_sd,IND_r1,IND_kr,IND_sk
30,0.234,0.1320757358,0.0703110291,3.0847905554,0.3478440319,0.244,0.148539557,0.0886710466,2.3427539688,0.3180494853,0.522,0.1565758602,0.050305719,2.6756165991,0.1019367984,0.522,0.1565758602,0.050305719,2.6756165991,0.1019367984
