Instance,INF_avg,INF_sd,INF_r1,INF_kr,INF_sk,SUP_avg,SUP_sd,SUP_r1,SUP_kr,SUP_sk,INC_avg,INC_sd,INC_r1,INC_kr,INC_sk,IND_avg,IND_sd,IND_r1,IND_kr,IND_sk
149,0.26,0.0294957624,-1.1698113208,2.6743955608,1.0229406305,0.251,0.036796739,-0.4587139204,1.6142345346,0.0845396345,0.489,0.0382622529,-0.4456100014,2.3226899131,0.5840837624,0.489,0.0382622529,-0.4456100014,2.3226899131,0.5840837624
