Instance,INF_avg,INF_sd,INF_r1,INF_kr,INF_sk,SUP_avg,SUP_sd,SUP_r1,SUP_kr,SUP_sk,INC_avg,INC_sd,INC_r1,INC_kr,INC_sk,IND_avg,IND_sd,IND_r1,IND_kr,IND_sk
226,0.376,0.0841155668,0.5182052913,2.5595142813,-0.1905908677,0.1131428571,0.0866114947,0.8229908148,3.626869619,0.8606953836,0.5108571429,0.0616149995,0.106097793,2.6442101411,-0.1864772968,0.5108571429,0.0616149995,0.106097793,2.6442101411,-0.1864772968
