Instance,INF_avg,INF_sd,INF_r1,INF_kr,INF_sk,SUP_avg,SUP_sd,SUP_r1,SUP_kr,SUP_sk,INC_avg,INC_sd,INC_r1,INC_kr,INC_sk,IND_avg,IND_sd,IND_r1,IND_kr,IND_sk
136,0.206,0.1317725313,-0.0363034479,2.737151765,0.3090916245,0.234,0.1491442255,0.1313625,3.0218004877,0.6365537796,0.56,0.1469693846,-0.0287796674,2.9917695473,0.2948459876,0.56,0.1469693846,-0.0287796674,2.9917695473,0.2948459876
