Instance,INF_avg,INF_sd,INF_r1,INF_kr,INF_sk,SUP_avg,SUP_sd,SUP_r1,SUP_kr,SUP_sk,INC_avg,INC_sd,INC_r1,INC_kr,INC_sk,IND_avg,IND_sd,IND_r1,IND_kr,IND_sk
132,0.5016363636,0.1121324482,0.8031877427,2.312172741,-0.6046274246,0.0996363636,0.0604517429,0.7499474889,4.0435695271,1.0469868157,0.3987272727,0.0631608206,0.5024159522,2.5199316262,0.4431221998,0.3987272727,0.0631608206,0.5024159522,2.5199316262,0.4431221998
