Instance,INF_avg,INF_sd,INF_r1,INF_kr,INF_sk,SUP_avg,SUP_sd,SUP_r1,SUP_kr,SUP_sk,INC_avg,INC_sd,INC_r1,INC_kr,INC_sk,IND_avg,IND_sd,IND_r1,IND_kr,IND_sk
8,0.261,0.1303034919,0.0096552716,2.9328145787,0.1789269059,0.241,0.1456674294,-0.0254129408,2.2174815623,0.2559570356,0.498,0.1542595216,-0.0464801588,2.4520831675,-0.0319323556,0.498,0.1542595216,-0.0464801588,2.4520831675,-0.0319323556
