Instance,INF_avg,INF_sd,INF_r1,INF_kr,INF_sk,SUP_avg,SUP_sd,SUP_r1,SUP_kr,SUP_sk,INC_avg,INC_sd,INC_r1,INC_kr,INC_sk,IND_avg,IND_sd,IND_r1,IND_kr,IND_sk
54,0.172,0.0849470423,0.0677849423,3.190818875,0.6657597743,0.336,0.1044222199,0.204481125,2.8428617874,0.2684934665,0.492,0.123028452,0.0277359059,2.2160970974,-0.0248228044,0.492,0.123028452,0.0277359059,2.2160970974,-0.0248228044
