Instance,INF_avg,INF_sd,INF_r1,INF_kr,INF_sk,SUP_avg,SUP_sd,SUP_r1,SUP_kr,SUP_sk,INC_avg,INC_sd,INC_r1,INC_kr,INC_sk,IND_avg,IND_sd,IND_r1,IND_kr,IND_sk
274,0.264,0.164632925,-0.0875112018,2.3072933292,0.397535679,0.286,0.1510099334,0.2227530027,3.7207102857,0.5170450164,0.45,0.1652271164,-0.0651769088,2.2571750594,0.0798102241,0.45,0.1652271164,-0.0651769088,2.2571750594,0.0798102241
