Instance,INF_avg,INF_sd,INF_r1,INF_kr,INF_sk,SUP_avg,SUP_sd,SUP_r1,SUP_kr,SUP_sk,INC_avg,INC_sd,INC_r1,INC_kr,INC_sk,IND_avg,IND_sd,IND_r1,IND_kr,IND_sk
117,0.6490196078,0.1593338449,0.9496198645,2.1024047858,-0.5107352646,0.0792647059,0.0744502632,0.911950717,3.0237419801,0.9586588388,0.2717156863,0.0913555194,0.8796784247,1.9902694625,0.2450736803,0.2717156863,0.0913555194,0.8796784247,1.9902694625,0.2450736803
