Instance,INF_avg,INF_sd,INF_r1,INF_kr,INF_sk,SUP_avg,SUP_sd,SUP_r1,SUP_kr,SUP_sk,INC_avg,INC_sd,INC_r1,INC_kr,INC_sk,IND_avg,IND_sd,IND_r1,IND_kr,IND_sk
4,0.3901136364,0.0924477041,0.8946940925,2.0106049111,-0.0652115583,0.1180113636,0.0890688567,0.9089140678,2.4853405266,0.7206905744,0.491875,0.0384745525,0.2181069213,2.9109522001,-0.0898258492,0.491875,0.0384745525,0.2181069213,2.9109522001,-0.0898258492
