Instance,INF_avg,INF_sd,INF_r1,INF_kr,INF_sk,SUP_avg,SUP_sd,SUP_r1,SUP_kr,SUP_sk,INC_avg,INC_sd,INC_r1,INC_kr,INC_sk,IND_avg,IND_sd,IND_r1,IND_kr,IND_sk
166,0.25275,0.0329573588,0.0717099997,2.992174523,-0.0208278796,0.2293,0.0285571357,-0.0335509112,3.4957136869,0.0769866677,0.51795,0.0326427251,0.0683248249,2.5702247446,0.027182798,0.51795,0.0326427251,0.0683248249,2.5702247446,0.027182798
