Instance,INF_avg,INF_sd,INF_r1,INF_kr,INF_sk,SUP_avg,SUP_sd,SUP_r1,SUP_kr,SUP_sk,INC_avg,INC_sd,INC_r1,INC_kr,INC_sk,IND_avg,IND_sd,IND_r1,IND_kr,IND_sk
142,0.3551933702,0.0801144979,0.643147233,2.8307033611,0.2860944823,0.1008839779,0.0665096081,0.8129141019,2.5562597346,0.6484059561,0.5439226519,0.0514386894,0.1643791066,3.1627000986,-0.215134039,0.5439226519,0.0514386894,0.1643791066,3.1627000986,-0.215134039
