Instance,INF_avg,INF_sd,INF_r1,INF_kr,INF_sk,SUP_avg,SUP_sd,SUP_r1,SUP_kr,SUP_sk,INC_avg,INC_sd,INC_r1,INC_kr,INC_sk,IND_avg,IND_sd,IND_r1,IND_kr,IND_sk
287,0.2492,0.0669877601,0.5633223064,2.3388038195,0.4419526737,0.2884,0.0759304945,0.4432252454,2.1493766384,0.2207497309,0.4624,0.0590782532,0.0327372076,2.0581133453,-0.1079720923,0.4624,0.0590782532,0.0327372076,2.0581133453,-0.1079720923
