Instance,INF_avg,INF_sd,INF_r1,INF_kr,INF_sk,SUP_avg,SUP_sd,SUP_r1,SUP_kr,SUP_sk,INC_avg,INC_sd,INC_r1,INC_kr,INC_sk,IND_avg,IND_sd,IND_r1,IND_kr,IND_sk
51,0.492,0.1101332526,0.8720724661,2.4906122511,-0.3465482272,0.0796666667,0.0640433881,0.8062551711,2.5192211859,0.812853205,0.4283333333,0.0571012746,0.6562821065,3.9902831344,0.1237539388,0.4283333333,0.0571012746,0.6562821065,3.9902831344,0.1237539388
