Instance,INF_avg,INF_sd,INF_r1,INF_kr,INF_sk,SUP_avg,SUP_sd,SUP_r1,SUP_kr,SUP_sk,INC_avg,INC_sd,INC_r1,INC_kr,INC_sk,IND_avg,IND_sd,IND_r1,IND_kr,IND_sk
224,0.125,0.0433012702,-0.4545454545,2.3333333333,1.1547005384,0.175,0.1089724736,-1.0740740741,2.0969529086,-0.6520236647,0.7,0.1224744871,-0.5,2.0,0.8164965809,0.7,0.1224744871,-0.5,2.0,0.8164965809
