Instance,INF_avg,INF_sd,INF_r1,INF_kr,INF_sk,SUP_avg,SUP_sd,SUP_r1,SUP_kr,SUP_sk,INC_avg,INC_sd,INC_r1,INC_kr,INC_sk,IND_avg,IND_sd,IND_r1,IND_kr,IND_sk
200,0.3097560976,0.1326187973,-0.0301529026,2.928886622,0.691267161,0.1658536585,0.0984260428,0.2849930404,3.1624497115,0.7052335351,0.5243902439,0.1210331295,-0.147265291,2.9561863898,-0.5577092839,0.5243902439,0.1210331295,-0.147265291,2.9561863898,-0.5577092839
