Instance,INF_avg,INF_sd,INF_r1,INF_kr,INF_sk,SUP_avg,SUP_sd,SUP_r1,SUP_kr,SUP_sk,INC_avg,INC_sd,INC_r1,INC_kr,INC_sk,IND_avg,IND_sd,IND_r1,IND_kr,IND_sk
1,0.28,0.16,-0.2511251125,2.0369262695,0.5844726563,0.2,0.0836660027,-0.7692307692,1.2755102041,-0.2561204163,0.52,0.1208304597,0.024024024,1.323043723,-0.3877276903,0.52,0.1208304597,0.024024024,1.323043723,-0.3877276903
