Instance,INF_avg,INF_sd,INF_r1,INF_kr,INF_sk,SUP_avg,SUP_sd,SUP_r1,SUP_kr,SUP_sk,INC_avg,INC_sd,INC_r1,INC_kr,INC_sk,IND_avg,IND_sd,IND_r1,IND_kr,IND_sk
77,0.2375,0.0323612423,0.1932722811,3.1153461467,0.1095445836,0.26945,0.0399117464,0.3564142946,3.0107469782,-0.0341351344,0.49305,0.0347483453,-0.1591292918,2.9537500917,0.0247214441,0.49305,0.0347483453,-0.1591292918,2.9537500917,0.0247214441
