Instance,INF_avg,INF_sd,INF_r1,INF_kr,INF_sk,SUP_avg,SUP_sd,SUP_r1,SUP_kr,SUP_sk,INC_avg,INC_sd,INC_r1,INC_kr,INC_sk,IND_avg,IND_sd,IND_r1,IND_kr,IND_sk
98,0.266,0.1258729518,-0.0621392052,2.3081607781,0.2383716587,0.214,0.1356613431,-0.1428211182,3.2998362574,0.5624550855,0.52,0.129614814,0.0499040307,2.5,-0.2645200285,0.52,0.129614814,0.0499040307,2.5,-0.2645200285
