Instance,INF_avg,INF_sd,INF_r1,INF_kr,INF_sk,SUP_avg,SUP_sd,SUP_r1,SUP_kr,SUP_sk,INC_avg,INC_sd,INC_r1,INC_kr,INC_sk,IND_avg,IND_sd,IND_r1,IND_kr,IND_sk
245,0.2504,0.0313980891,0.0563050546,2.2371973413,-0.1067108028,0.2602,0.0325109212,-0.125501423,2.3111035216,0.3815415981,0.4894,0.0279399356,-0.0976596933,2.1430031543,0.3305835427,0.4894,0.0279399356,-0.0976596933,2.1430031543,0.3305835427
