Instance,INF_avg,INF_sd,INF_r1,INF_kr,INF_sk,SUP_avg,SUP_sd,SUP_r1,SUP_kr,SUP_sk,INC_avg,INC_sd,INC_r1,INC_kr,INC_sk,IND_avg,IND_sd,IND_r1,IND_kr,IND_sk
85,0.25,0.1118033989,0.2653061224,3.176,-1.0733126292,0.21,0.0830662386,0.1291727141,4.4984247007,-1.235263536,0.54,0.1280624847,-0.1083743842,2.3837001785,0.6513588606,0.54,0.1280624847,-0.1083743842,2.3837001785,0.6513588606
