Instance,INF_avg,INF_sd,INF_r1,INF_kr,INF_sk,SUP_avg,SUP_sd,SUP_r1,SUP_kr,SUP_sk,INC_avg,INC_sd,INC_r1,INC_kr,INC_sk,IND_avg,IND_sd,IND_r1,IND_kr,IND_sk
281,0.2485,0.1094200621,-0.0192748566,3.1025235688,0.3130627969,0.2825,0.1040132203,-0.0647728126,2.420735352,0.3839833177,0.469,0.1207849328,-0.1072045634,2.8680644223,0.1938379867,0.469,0.1207849328,-0.1072045634,2.8680644223,0.1938379867
