Instance,INF_avg,INF_sd,INF_r1,INF_kr,INF_sk,SUP_avg,SUP_sd,SUP_r1,SUP_kr,SUP_sk,INC_avg,INC_sd,INC_r1,INC_kr,INC_sk,IND_avg,IND_sd,IND_r1,IND_kr,IND_sk
299,0.304,0.1427725464,-0.2928192408,2.5735221271,-0.0703273604,0.256,0.149879952,0.1580662683,2.4027564711,0.7040392403,0.44,0.1356465997,0.07504363,2.2221172023,-0.269241833,0.44,0.1356465997,0.07504363,2.2221172023,-0.269241833
