Instance,INF_avg,INF_sd,INF_r1,INF_kr,INF_sk,SUP_avg,SUP_sd,SUP_r1,SUP_kr,SUP_sk,INC_avg,INC_sd,INC_r1,INC_kr,INC_sk,IND_avg,IND_sd,IND_r1,IND_kr,IND_sk
223,0.2508,0.0411747495,0.3137416698,3.1587055865,-0.160292414,0.2768,0.0378121674,-0.5577128653,2.7671623297,-0.3551740739,0.4724,0.0568,-0.2212818393,5.0662338906,1.1081951938,0.4724,0.0568,-0.2212818393,5.0662338906,1.1081951938
