Instance,INF_avg,INF_sd,INF_r1,INF_kr,INF_sk,SUP_avg,SUP_sd,SUP_r1,SUP_kr,SUP_sk,INC_avg,INC_sd,INC_r1,INC_kr,INC_sk,IND_avg,IND_sd,IND_r1,IND_kr,IND_sk
151,0.2552,0.0474232011,0.0083405122,2.3435943194,-0.091365407,0.2584,0.054235044,-0.2387207361,2.2552367026,0.0243404327,0.4864,0.0631746785,-0.0436880474,3.2801354958,-0.3938010591,0.4864,0.0631746785,-0.0436880474,3.2801354958,-0.3938010591
