Instance,INF_avg,INF_sd,INF_r1,INF_kr,INF_sk,SUP_avg,SUP_sd,SUP_r1,SUP_kr,SUP_sk,INC_avg,INC_sd,INC_r1,INC_kr,INC_sk,IND_avg,IND_sd,IND_r1,IND_kr,IND_sk
161,0.215,0.0390512484,-0.0695187166,1.8642837947,-0.5793144076,0.32,0.0781024968,-0.2299465241,1.7433485622,0.1070472275,0.465,0.0672681202,-0.0391822828,2.2409877598,0.6751246279,0.465,0.0672681202,-0.0391822828,2.2409877598,0.6751246279
