Instance,INF_avg,INF_sd,INF_r1,INF_kr,INF_sk,SUP_avg,SUP_sd,SUP_r1,SUP_kr,SUP_sk,INC_avg,INC_sd,INC_r1,INC_kr,INC_sk,IND_avg,IND_sd,IND_r1,IND_kr,IND_sk
257,0.276,0.042708313,0.0262681159,2.8287165282,0.014788197,0.214,0.0447660586,-0.1797640472,2.4776674197,0.1637254105,0.51,0.0475394573,0.2350230415,2.1540449526,-0.2903968728,0.51,0.0475394573,0.2350230415,2.1540449526,-0.2903968728
