Instance,INF_avg,INF_sd,INF_r1,INF_kr,INF_sk,SUP_avg,SUP_sd,SUP_r1,SUP_kr,SUP_sk,INC_avg,INC_sd,INC_r1,INC_kr,INC_sk,IND_avg,IND_sd,IND_r1,IND_kr,IND_sk
126,0.269,0.0299165506,-0.0858631019,4.0718367092,0.2153476243,0.2233,0.029590708,0.1512420429,2.2995774421,0.1674271487,0.5077,0.0341351725,0.016065819,2.2474456655,0.1730905736,0.5077,0.0341351725,0.016065819,2.2474456655,0.1730905736
