Instance,INF_avg,INF_sd,INF_r1,INF_kr,INF_sk,SUP_avg,SUP_sd,SUP_r1,SUP_kr,SUP_sk,INC_avg,INC_sd,INC_r1,INC_kr,INC_sk,IND_avg,IND_sd,IND_r1,IND_kr,IND_sk
214,0.265,0.0420356991,-0.1123100951,3.2089678438,0.1401509046,0.2266,0.048789753,0.0370699633,2.4238569352,0.3836695175,0.5084,0.0519561353,-0.0632361928,2.9283788146,-0.089685351,0.5084,0.0519561353,-0.0632361928,2.9283788146,-0.089685351
