Instance,INF_avg,INF_sd,INF_r1,INF_kr,INF_sk,SUP_avg,SUP_sd,SUP_r1,SUP_kr,SUP_sk,INC_avg,INC_sd,INC_r1,INC_kr,INC_sk,IND_avg,IND_sd,IND_r1,IND_kr,IND_sk
67,0.4014438503,0.0971659961,0.7599556383,2.1996893263,-0.0381641107,0.0929411765,0.0664244315,0.8135890968,3.0026075899,0.8840352197,0.5056149733,0.057682715,0.2463387869,2.9417767504,0.0297827155,0.5056149733,0.057682715,0.2463387869,2.9417767504,0.0297827155
