Instance,INF_avg,INF_sd,INF_r1,INF_kr,INF_sk,SUP_avg,SUP_sd,SUP_r1,SUP_kr,SUP_sk,INC_avg,INC_sd,INC_r1,INC_kr,INC_sk,IND_avg,IND_sd,IND_r1,IND_kr,IND_sk
99,0.3545,0.0249449394,0.4800274094,2.2453051361,0.6439896529,0.2485,0.0258891869,-0.0225834899,2.5974176103,0.1113401721,0.397,0.0163095064,-0.5582191781,1.8130193906,-0.1853248229,0.397,0.0163095064,-0.5582191781,1.8130193906,-0.1853248229
