Instance,INF_avg,INF_sd,INF_r1,INF_kr,INF_sk,SUP_avg,SUP_sd,SUP_r1,SUP_kr,SUP_sk,INC_avg,INC_sd,INC_r1,INC_kr,INC_sk,IND_avg,IND_sd,IND_r1,IND_kr,IND_sk
174,0.3828911565,0.0868396857,0.8507760015,1.9989243036,0.0686731932,0.0964285714,0.0745485278,0.9292348627,2.1007330771,0.6335849592,0.5206802721,0.0423406957,0.1614766279,3.5053551531,0.0574140595,0.5206802721,0.0423406957,0.1614766279,3.5053551531,0.0574140595
