Instance,INF_avg,INF_sd,INF_r1,INF_kr,INF_sk,SUP_avg,SUP_sd,SUP_r1,SUP_kr,SUP_sk,INC_avg,INC_sd,INC_r1,INC_kr,INC_sk,IND_avg,IND_sd,IND_r1,IND_kr,IND_sk
175,0.3125,0.0365547535,0.1191054934,1.7275572057,-0.254881183,0.342,0.0342928564,0.408685537,2.5414193739,0.0845805952,0.3455,0.0462304013,-0.0719981933,2.0427211859,-0.3685861953,0.3455,0.0462304013,-0.0719981933,2.0427211859,-0.3685861953
