Instance,INF_avg,INF_sd,INF_r1,INF_kr,INF_sk,SUP_avg,SUP_sd,SUP_r1,SUP_kr,SUP_sk,INC_avg,INC_sd,INC_r1,INC_kr,INC_sk,IND_avg,IND_sd,IND_r1,IND_kr,IND_sk
120,0.257,0.1095490758,0.1744018519,2.8748715084,0.5173323174,0.225,0.100623059,0.2929542645,2.6314586191,0.1840385167,0.518,0.106658333,0.1295111224,2.5700579204,0.1193922393,0.518,0.106658333,0.1295111224,2.5700579204,0.1193922393
