Instance,INF_avg,INF_sd,INF_r1,INF_kr,INF_sk,SUP_avg,SUP_sd,SUP_r1,SUP_kr,SUP_sk,INC_avg,INC_sd,INC_r1,INC_kr,INC_sk,IND_avg,IND_sd,IND_r1,IND_kr,IND_sk
148,0.2823529412,0.1294117647,0.05061443,3.0302916467,0.4930503381,0.2294117647,0.1125360381,-0.0089342693,3.536997223,0.3950304265,0.4882352941,0.1409311594,-0.3239186953,2.1558899586,-0.295373875,0.4882352941,0.1409311594,-0.3239186953,2.1558899586,-0.295373875
