Instance,INF_avg,INF_sd,INF_r1,INF_kr,INF_sk,SUP_avg,SUP_sd,SUP_r1,SUP_kr,SUP_sk,INC_avg,INC_sd,INC_r1,INC_kr,INC_sk,IND_avg,IND_sd,IND_r1,IND_kr,IND_sk
55,0.2,0.1414213562,0.0,1.7,-0.4242640687,0.3,0.1264911064,0.1666666667,3.90625,0.8893905919,0.5,0.1414213562,-0.3125,1.7,0.4242640687,0.5,0.1414213562,-0.3125,1.7,0.4242640687
