Instance,INF_avg,INF_sd,INF_r1,INF_kr,INF_sk,SUP_avg,SUP_sd,SUP_r1,SUP_kr,SUP_sk,INC_avg,INC_sd,INC_r1,INC_kr,INC_sk,IND_avg,IND_sd,IND_r1,IND_kr,IND_sk
179,0.2614,0.046904584,0.1046146239,3.1525374264,-0.132402872,0.2282,0.0447522066,0.0343902839,4.5451181051,0.8638014571,0.5104,0.0502179251,0.1136624773,2.7515455711,-0.0254756155,0.5104,0.0502179251,0.1136624773,2.7515455711,-0.0254756155
