Instance,INF_avg,INF_sd,INF_r1,INF_kr,INF_sk,SUP_avg,SUP_sd,SUP_r1,SUP_kr,SUP_sk,INC_avg,INC_sd,INC_r1,INC_kr,INC_sk,IND_avg,IND_sd,IND_r1,IND_kr,IND_sk
71,0.22,0.1166190379,-0.1038961039,1.6280276817,0.3631734744,0.34,0.1356465997,0.2986425339,2.3638941399,-0.7500308204,0.44,0.12,0.5801526718,1.3981481481,-0.1111111111,0.44,0.12,0.5801526718,1.3981481481,-0.1111111111
