Instance,INF_avg,INF_sd,INF_r1,INF_kr,INF_sk,SUP_avg,SUP_sd,SUP_r1,SUP_kr,SUP_sk,INC_avg,INC_sd,INC_r1,INC_kr,INC_sk,IND_avg,IND_sd,IND_r1,IND_kr,IND_sk
26,0.29,0.0663324958,-0.7079207921,2.604338843,-0.9148128296,0.335,0.1073545528,-0.0151282613,4.6364218124,0.937150523,0.375,0.1078192933,0.1675675676,4.6184530003,-1.3164200912,0.375,0.1078192933,0.1675675676,4.6184530003,-1.3164200912
