Instance,INF_avg,INF_sd,INF_r1,INF_kr,INF_sk,SUP_avg,SUP_sd,SUP_r1,SUP_kr,SUP_sk,INC_avg,INC_sd,INC_r1,INC_kr,INC_sk,IND_avg,IND_sd,IND_r1,IND_kr,IND_sk
160,0.503125,0.1147398552,0.8042866274,3.052120405,-0.6049539598,0.0853125,0.0614656599,0.7869410799,3.1194326215,0.7802992015,0.4115625,0.0727628586,0.4627048926,3.8057143099,0.5467975915,0.4115625,0.0727628586,0.4627048926,3.8057143099,0.5467975915
