Instance,INF_avg,INF_sd,INF_r1,INF_kr,INF_sk,SUP_avg,SUP_sd,SUP_r1,SUP_kr,SUP_sk,INC_avg,INC_sd,INC_r1,INC_kr,INC_sk,IND_avg,IND_sd,IND_r1,IND_kr,IND_sk
292,0.2437,0.0449812183,0.0630878341,2.2548562366,0.0211030214,0.2695,0.043020344,0.0322480196,3.888871441,0.3575268167,0.4868,0.0488032786,0.144872984,2.8395403887,-0.2951050902,0.4868,0.0488032786,0.144872984,2.8395403887,-0.2951050902
