Instance,INF_avg,INF_sd,INF_r1,INF_kr,INF_sk,SUP_avg,SUP_sd,SUP_r1,SUP_kr,SUP_sk,INC_avg,INC_sd,INC_r1,INC_kr,INC_sk,IND_avg,IND_sd,IND_r1,IND_kr,IND_sk
285,0.235,0.0335410197,-0.0573566085,2.4174814815,-0.3100680929,0.248,0.0426145515,-0.6213768116,1.9950028139,0.3243912715,0.517,0.0422018957,-0.4833628218,2.5553331204,0.393232839,0.517,0.0422018957,-0.4833628218,2.5553331204,0.393232839
