Instance,INF_avg,INF_sd,INF_r1,INF_kr,INF_sk,SUP_avg,SUP_sd,SUP_r1,SUP_kr,SUP_sk,INC_avg,INC_sd,INC_r1,INC_kr,INC_sk,IND_avg,IND_sd,IND_r1,IND_kr,IND_sk
258,0.2412,0.0337573696,0.2071280313,2.3697798735,-0.1246250311,0.2463,0.0296784434,0.3011622706,3.1484233261,0.2960913265,0.5125,0.0351176594,0.0832910622,2.864823872,0.5335514144,0.5125,0.0351176594,0.0832910622,2.864823872,0.5335514144
