Instance,INF_avg,INF_sd,INF_r1,INF_kr,INF_sk,SUP_avg,SUP_sd,SUP_r1,SUP_kr,SUP_sk,INC_avg,INC_sd,INC_r1,INC_kr,INC_sk,IND_avg,IND_sd,IND_r1,IND_kr,IND_sk
161,0.2976,0.0266127789,-0.0171099861,2.0640874446,-0.4354173327,0.2614,0.0305784238,-0.1526003146,2.9508923489,-0.2894130426,0.441,0.0317804972,-0.1597227851,2.4201529262,-0.1385119992,0.441,0.0317804972,-0.1597227851,2.4201529262,-0.1385119992
