Instance,INF_avg,INF_sd,INF_r1,INF_kr,INF_sk,SUP_avg,SUP_sd,SUP_r1,SUP_kr,SUP_sk,INC_avg,INC_sd,INC_r1,INC_kr,INC_sk,IND_avg,IND_sd,IND_r1,IND_kr,IND_sk
285,0.25985,0.0347091847,0.1248135905,2.8136001049,0.2277497516,0.26285,0.0440809199,0.4873110272,2.8615665857,0.262090954,0.4773,0.0404191786,0.1389830891,2.9718752531,-0.1051707972,0.4773,0.0404191786,0.1389830891,2.9718752531,-0.1051707972
