Instance,INF_avg,INF_sd,INF_r1,INF_kr,INF_sk,SUP_avg,SUP_sd,SUP_r1,SUP_kr,SUP_sk,INC_avg,INC_sd,INC_r1,INC_kr,INC_sk,IND_avg,IND_sd,IND_r1,IND_kr,IND_sk
138,0.244,0.0538144962,0.2522692052,3.0993864656,-0.1515334475,0.2708,0.0608223643,-0.0794349477,3.8298068055,-0.280168468,0.4852,0.0720899438,0.1283777397,2.6559200184,0.2730740978,0.4852,0.0720899438,0.1283777397,2.6559200184,0.2730740978
