Instance,INF_avg,INF_sd,INF_r1,INF_kr,INF_sk,SUP_avg,SUP_sd,SUP_r1,SUP_kr,SUP_sk,INC_avg,INC_sd,INC_r1,INC_kr,INC_sk,IND_avg,IND_sd,IND_r1,IND_kr,IND_sk
217,0.16,0.0489897949,0.4230769231,1.1666666667,-0.4082482905,0.38,0.1166190379,-0.0946745562,2.6660899654,1.1500493357,0.46,0.1019803903,-0.3636363636,1.9556213018,-0.2715454179,0.46,0.1019803903,-0.3636363636,1.9556213018,-0.2715454179
