Instance,INF_avg,INF_sd,INF_r1,INF_kr,INF_sk,SUP_avg,SUP_sd,SUP_r1,SUP_kr,SUP_sk,INC_avg,INC_sd,INC_r1,INC_kr,INC_sk,IND_avg,IND_sd,IND_r1,IND_kr,IND_sk
58,0.325,0.1108677891,-0.4408602151,3.1327204826,-1.1007155393,0.2083333333,0.1204736025,0.6470588235,2.5721251803,-0.1959306041,0.4666666667,0.0745355992,0.0210526316,1.635,-0.2795084972,0.4666666667,0.0745355992,0.0210526316,1.635,-0.2795084972
