Instance,INF_avg,INF_sd,INF_r1,INF_kr,INF_sk,SUP_avg,SUP_sd,SUP_r1,SUP_kr,SUP_sk,INC_avg,INC_sd,INC_r1,INC_kr,INC_sk,IND_avg,IND_sd,IND_r1,IND_kr,IND_sk
17,0.2632,0.0480183298,-0.0043641406,2.115397488,0.1462438553,0.2686,0.0509905874,0.0683920115,3.5781461147,0.5918264598,0.4682,0.0513299133,-0.0077222457,2.8402760165,0.0169587551,0.4682,0.0513299133,-0.0077222457,2.8402760165,0.0169587551
