Instance,INF_avg,INF_sd,INF_r1,INF_kr,INF_sk,SUP_avg,SUP_sd,SUP_r1,SUP_kr,SUP_sk,INC_avg,INC_sd,INC_r1,INC_kr,INC_sk,IND_avg,IND_sd,IND_r1,IND_kr,IND_sk
270,0.25965,0.0347077441,0.173285985,3.2706248957,0.4413703555,0.25775,0.0364443068,0.2343144339,2.2361675951,0.1649194759,0.4826,0.0334326188,0.0951998162,3.181358568,0.0356994536,0.4826,0.0334326188,0.0951998162,3.181358568,0.0356994536
