Instance,INF_avg,INF_sd,INF_r1,INF_kr,INF_sk,SUP_avg,SUP_sd,SUP_r1,SUP_kr,SUP_sk,INC_avg,INC_sd,INC_r1,INC_kr,INC_sk,IND_avg,IND_sd,IND_r1,IND_kr,IND_sk
187,0.224,0.1393700111,0.1970367424,2.3569150683,0.3205055586,0.242,0.1443468046,0.1656471643,2.2452337742,-0.1195048552,0.534,0.1644506005,0.113641899,2.377301948,0.1758797593,0.534,0.1644506005,0.113641899,2.377301948,0.1758797593
