Instance,INF_avg,INF_sd,INF_r1,INF_kr,INF_sk,SUP_avg,SUP_sd,SUP_r1,SUP_kr,SUP_sk,INC_avg,INC_sd,INC_r1,INC_kr,INC_sk,IND_avg,IND_sd,IND_r1,IND_kr,IND_sk
168,0.21,0.06244998,-0.2621359223,2.0295857988,-0.0739053018,0.415,0.1323820229,-0.6571516741,2.9985632915,0.4829751888,0.375,0.1101135777,-0.4611398964,2.6341800404,-0.5336570458,0.375,0.1101135777,-0.4611398964,2.6341800404,-0.5336570458
