Instance,INF_avg,INF_sd,INF_r1,INF_kr,INF_sk,SUP_avg,SUP_sd,SUP_r1,SUP_kr,SUP_sk,INC_avg,INC_sd,INC_r1,INC_kr,INC_sk,IND_avg,IND_sd,IND_r1,IND_kr,IND_sk
151,0.253,0.0907799537,-0.0041366791,2.5706047175,0.2617289051,0.2465,0.0878222637,-0.0501386175,3.215810258,0.6381870628,0.5005,0.1013644415,-0.1438992083,3.4162048565,-0.229633759,0.5005,0.1013644415,-0.1438992083,3.4162048565,-0.229633759
