Instance,INF_avg,INF_sd,INF_r1,INF_kr,INF_sk,SUP_avg,SUP_sd,SUP_r1,SUP_kr,SUP_sk,INC_avg,INC_sd,INC_r1,INC_kr,INC_sk,IND_avg,IND_sd,IND_r1,IND_kr,IND_sk
224,0.3115942029,0.0938951495,0.385095262,2.2950503456,0.0635403056,0.1289855072,0.0889576504,0.7432437429,2.5914598795,0.6299510509,0.5594202899,0.0809344709,0.0473629349,3.3691506223,-0.327987277,0.5594202899,0.0809344709,0.0473629349,3.3691506223,-0.327987277
