Instance,INF_avg,INF_sd,INF_r1,INF_kr,INF_sk,SUP_avg,SUP_sd,SUP_r1,SUP_kr,SUP_sk,INC_avg,INC_sd,INC_r1,INC_kr,INC_sk,IND_avg,IND_sd,IND_r1,IND_kr,IND_sk
132,0.226,0.1020979921,-0.1094379053,2.9024601707,0.2812746287,0.3,0.1118033989,0.0406504065,2.7632,0.3756594202,0.474,0.1141227409,-0.0052306701,2.1858051513,-0.1759711466,0.474,0.1141227409,-0.0052306701,2.1858051513,-0.1759711466
