Instance,INF_avg,INF_sd,INF_r1,INF_kr,INF_sk,SUP_avg,SUP_sd,SUP_r1,SUP_kr,SUP_sk,INC_avg,INC_sd,INC_r1,INC_kr,INC_sk,IND_avg,IND_sd,IND_r1,IND_kr,IND_sk
236,0.252,0.1552288633,-0.2582343375,3.0564514849,0.6364077049,0.224,0.1449965517,0.1862397692,2.1408957278,0.2074683255,0.524,0.1772681584,-0.0445540519,2.2491434414,0.2807028322,0.524,0.1772681584,-0.0445540519,2.2491434414,0.2807028322
