Instance,INF_avg,INF_sd,INF_r1,INF_kr,INF_sk,SUP_avg,SUP_sd,SUP_r1,SUP_kr,SUP_sk,INC_avg,INC_sd,INC_r1,INC_kr,INC_sk,IND_avg,IND_sd,IND_r1,IND_kr,IND_sk
239,0.2005,0.0388876587,-0.4030911288,1.9079784613,-0.2322138497,0.231,0.0266270539,-0.2327168253,1.3845898293,-0.0796140336,0.5685,0.0370843633,-0.315296301,1.8377679245,-0.1366757454,0.5685,0.0370843633,-0.315296301,1.8377679245,-0.1366757454
