Instance,INF_avg,INF_sd,INF_r1,INF_kr,INF_sk,SUP_avg,SUP_sd,SUP_r1,SUP_kr,SUP_sk,INC_avg,INC_sd,INC_r1,INC_kr,INC_sk,IND_avg,IND_sd,IND_r1,IND_kr,IND_sk
154,0.3778378378,0.1005695977,0.586196325,2.6418909937,-0.0613300017,0.1091891892,0.076489829,0.6243365082,2.6444400758,0.6374841591,0.512972973,0.0670967379,0.0746751651,2.974951415,-0.1062607034,0.512972973,0.0670967379,0.0746751651,2.974951415,-0.1062607034
