Instance,INF_avg,INF_sd,INF_r1,INF_kr,INF_sk,SUP_avg,SUP_sd,SUP_r1,SUP_kr,SUP_sk,INC_avg,INC_sd,INC_r1,INC_kr,INC_sk,IND_avg,IND_sd,IND_r1,IND_kr,IND_sk
253,0.284,0.0344093011,-0.1445783133,1.9945215486,0.3958703373,0.248,0.0574108004,-0.127744511,2.4234612122,0.1034952924,0.468,0.0545527268,-0.8002544529,1.8950745751,0.7001217104,0.468,0.0545527268,-0.8002544529,1.8950745751,0.7001217104
