Instance,INF_avg,INF_sd,INF_r1,INF_kr,INF_sk,SUP_avg,SUP_sd,SUP_r1,SUP_kr,SUP_sk,INC_avg,INC_sd,INC_r1,INC_kr,INC_sk,IND_avg,IND_sd,IND_r1,IND_kr,IND_sk
9,0.31,0.0694262198,-0.5103926097,1.410185775,0.1506121399,0.198,0.0750732975,-0.6132486259,2.5678264185,-0.0127058225,0.492,0.0908625335,-0.2462432378,1.7948215251,0.330936925,0.492,0.0908625335,-0.2462432378,1.7948215251,0.330936925
