Instance,INF_avg,INF_sd,INF_r1,INF_kr,INF_sk,SUP_avg,SUP_sd,SUP_r1,SUP_kr,SUP_sk,INC_avg,INC_sd,INC_r1,INC_kr,INC_sk,IND_avg,IND_sd,IND_r1,IND_kr,IND_sk
91,0.26,0.07,0.1561181435,3.1640982924,-1.0145772595,0.285,0.105,-0.5294657189,2.2863775896,0.139941691,0.455,0.1128051417,-0.3932010218,3.24553711,-0.8035833178,0.455,0.1128051417,-0.3932010218,3.24553711,-0.8035833178
