Instance,INF_avg,INF_sd,INF_r1,INF_kr,INF_sk,SUP_avg,SUP_sd,SUP_r1,SUP_kr,SUP_sk,INC_avg,INC_sd,INC_r1,INC_kr,INC_sk,IND_avg,IND_sd,IND_r1,IND_kr,IND_sk
64,0.264,0.0488262225,-0.2006403415,1.7883541282,-0.2325738942,0.178,0.036,0.1520467836,1.3981481481,0.1111111111,0.558,0.0519230199,-0.7576028623,1.730494237,0.3970726415,0.558,0.0519230199,-0.7576028623,1.730494237,0.3970726415
