Instance,INF_avg,INF_sd,INF_r1,INF_kr,INF_sk,SUP_avg,SUP_sd,SUP_r1,SUP_kr,SUP_sk,INC_avg,INC_sd,INC_r1,INC_kr,INC_sk,IND_avg,IND_sd,IND_r1,IND_kr,IND_sk
57,0.3421052632,0.1532654714,0.0357764624,3.2510735582,0.061472092,0.1842105263,0.1136159639,0.4022807707,2.6022859143,0.7425773987,0.4736842105,0.1617083315,-0.0714073722,3.3471209782,0.9530407514,0.4736842105,0.1617083315,-0.0714073722,3.3471209782,0.9530407514
