Instance,INF_avg,INF_sd,INF_r1,INF_kr,INF_sk,SUP_avg,SUP_sd,SUP_r1,SUP_kr,SUP_sk,INC_avg,INC_sd,INC_r1,INC_kr,INC_sk,IND_avg,IND_sd,IND_r1,IND_kr,IND_sk
9,0.2968,0.0751914889,0.1067918111,2.5740162079,0.0615101481,0.3056,0.0605362701,0.0987788252,2.1704442934,-0.1124285932,0.3976,0.081057017,0.0981870094,2.3065019289,0.3177825284,0.3976,0.081057017,0.0981870094,2.3065019289,0.3177825284
