Instance,INF_avg,INF_sd,INF_r1,INF_kr,INF_sk,SUP_avg,SUP_sd,SUP_r1,SUP_kr,SUP_sk,INC_avg,INC_sd,INC_r1,INC_kr,INC_sk,IND_avg,IND_sd,IND_r1,IND_kr,IND_sk
263,0.272,0.0604648658,-0.1728772144,1.9008494175,0.4064787077,0.24,0.0260768096,-0.5,2.8460207612,1.2181208646,0.488,0.0828009662,-0.3030678649,2.4091400492,-0.783986252,0.488,0.0828009662,-0.3030678649,2.4091400492,-0.783986252
