Instance,INF_avg,INF_sd,INF_r1,INF_kr,INF_sk,SUP_avg,SUP_sd,SUP_r1,SUP_kr,SUP_sk,INC_avg,INC_sd,INC_r1,INC_kr,INC_sk,IND_avg,IND_sd,IND_r1,IND_kr,IND_sk
168,0.256,0.032,0.0725806452,2.5908203125,-0.55078125,0.232,0.024,0.1984732824,1.3981481481,0.1111111111,0.512,0.0271293199,-1.0165745856,1.2296786389,-0.2115471545,0.512,0.0271293199,-1.0165745856,1.2296786389,-0.2115471545
