Instance,INF_avg,INF_sd,INF_r1,INF_kr,INF_sk,SUP_avg,SUP_sd,SUP_r1,SUP_kr,SUP_sk,INC_avg,INC_sd,INC_r1,INC_kr,INC_sk,IND_avg,IND_sd,IND_r1,IND_kr,IND_sk
232,0.2489,0.0581703533,0.5844610901,2.7539875081,0.3801273104,0.2723,0.0644337644,0.7046076479,2.5812865426,-0.4730433334,0.4788,0.0398504705,0.1338447507,3.0740097983,-0.233527225,0.4788,0.0398504705,0.1338447507,3.0740097983,-0.233527225
