Instance,INF_avg,INF_sd,INF_r1,INF_kr,INF_sk,SUP_avg,SUP_sd,SUP_r1,SUP_kr,SUP_sk,INC_avg,INC_sd,INC_r1,INC_kr,INC_sk,IND_avg,IND_sd,IND_r1,IND_kr,IND_sk
168,0.255,0.0820060973,0.0281916113,2.7116402482,-0.160474059,0.28,0.0916515139,-0.1895311337,2.4566326531,0.2299081344,0.465,0.099121138,0.0561706035,2.6135811821,-0.1108983072,0.465,0.099121138,0.0561706035,2.6135811821,-0.1108983072
