Instance,INF_avg,INF_sd,INF_r1,INF_kr,INF_sk,SUP_avg,SUP_sd,SUP_r1,SUP_kr,SUP_sk,INC_avg,INC_sd,INC_r1,INC_kr,INC_sk,IND_avg,IND_sd,IND_r1,IND_kr,IND_sk
283,0.2157894737,0.1181576017,-0.1232832618,1.8774565382,0.0752997943,0.2263157895,0.1207088941,0.1368937999,1.8981263283,0.0238733778,0.5578947368,0.109139165,-0.1720198898,2.4550243375,0.4050839706,0.5578947368,0.109139165,-0.1720198898,2.4550243375,0.4050839706
