Instance,INF_avg,INF_sd,INF_r1,INF_kr,INF_sk,SUP_avg,SUP_sd,SUP_r1,SUP_kr,SUP_sk,INC_avg,INC_sd,INC_r1,INC_kr,INC_sk,IND_avg,IND_sd,IND_r1,IND_kr,IND_sk
184,0.2658,0.0615334056,-0.006388532,2.7085811829,0.0683393548,0.2422,0.0491442774,-0.1364828442,2.8852015767,0.0226579047,0.492,0.0680587981,-0.1553784861,2.2980303722,-0.0989695893,0.492,0.0680587981,-0.1553784861,2.2980303722,-0.0989695893
