Instance,INF_avg,INF_sd,INF_r1,INF_kr,INF_sk,SUP_avg,SUP_sd,SUP_r1,SUP_kr,SUP_sk,INC_avg,INC_sd,INC_r1,INC_kr,INC_sk,IND_avg,IND_sd,IND_r1,IND_kr,IND_sk
35,0.34,0.1280624847,0.5228215768,2.3837001785,0.6513588606,0.25,0.1360147051,0.3469387755,2.5894813733,0.0,0.41,0.1220655562,-0.5446608462,4.8059546867,-1.1810135337,0.41,0.1220655562,-0.5446608462,4.8059546867,-1.1810135337
