Instance,INF_avg,INF_sd,INF_r1,INF_kr,INF_sk,SUP_avg,SUP_sd,SUP_r1,SUP_kr,SUP_sk,INC_avg,INC_sd,INC_r1,INC_kr,INC_sk,IND_avg,IND_sd,IND_r1,IND_kr,IND_sk
205,0.2638,0.0446268977,0.1852274908,3.0901373032,0.4205956913,0.2566,0.0539114088,0.421098531,2.3440261947,0.0471311445,0.4796,0.0493947366,0.3876455597,2.8374062244,-0.2110282902,0.4796,0.0493947366,0.3876455597,2.8374062244,-0.2110282902
