Instance,INF_avg,INF_sd,INF_r1,INF_kr,INF_sk,SUP_avg,SUP_sd,SUP_r1,SUP_kr,SUP_sk,INC_avg,INC_sd,INC_r1,INC_kr,INC_sk,IND_avg,IND_sd,IND_r1,IND_kr,IND_sk
82,0.266,0.0262297541,0.2073968186,2.7885765955,0.659977461,0.2401,0.032809907,0.0180420397,2.3207808035,-0.1199179938,0.4939,0.03535944,-0.0661445332,2.8279459194,0.584031855,0.4939,0.03535944,-0.0661445332,2.8279459194,0.584031855
