Instance,INF_avg,INF_sd,INF_r1,INF_kr,INF_sk,SUP_avg,SUP_sd,SUP_r1,SUP_kr,SUP_sk,INC_avg,INC_sd,INC_r1,INC_kr,INC_sk,IND_avg,IND_sd,IND_r1,IND_kr,IND_sk
285,0.3,0.1,-0.3232323232,2.08,-0.21,0.212,0.1051475154,-0.159676362,1.9030092297,-0.3438625732,0.488,0.1022545842,-0.366251969,3.2265878686,-0.6564469806,0.488,0.1022545842,-0.366251969,3.2265878686,-0.6564469806
