Instance,INF_avg,INF_sd,INF_r1,INF_kr,INF_sk,SUP_avg,SUP_sd,SUP_r1,SUP_kr,SUP_sk,INC_avg,INC_sd,INC_r1,INC_kr,INC_sk,IND_avg,IND_sd,IND_r1,IND_kr,IND_sk
237,0.234,0.0447660586,0.1441711658,2.1334456835,-0.4783350229,0.25,0.0676756973,0.299734748,1.788390763,-0.2477781483,0.516,0.0823650411,0.2787575678,1.7372841759,0.1858958673,0.516,0.0823650411,0.2787575678,1.7372841759,0.1858958673
