Instance,INF_avg,INF_sd,INF_r1,INF_kr,INF_sk,SUP_avg,SUP_sd,SUP_r1,SUP_kr,SUP_sk,INC_avg,INC_sd,INC_r1,INC_kr,INC_sk,IND_avg,IND_sd,IND_r1,IND_kr,IND_sk
199,0.2788,0.0433884777,-0.2007846577,3.9141314012,0.9806263311,0.2012,0.0458100426,0.1372005564,2.5782162097,-0.1822075373,0.52,0.0490713766,0.0307414105,2.2757751018,-0.3838736676,0.52,0.0490713766,0.0307414105,2.2757751018,-0.3838736676
