Instance,INF_avg,INF_sd,INF_r1,INF_kr,INF_sk,SUP_avg,SUP_sd,SUP_r1,SUP_kr,SUP_sk,INC_avg,INC_sd,INC_r1,INC_kr,INC_sk,IND_avg,IND_sd,IND_r1,IND_kr,IND_sk
64,0.22,0.0334664011,-0.3214285714,3.7244897959,-1.0244816651,0.268,0.0581033562,-0.0280151947,2.4367601806,-0.4972345344,0.512,0.0574108004,-0.1040856031,1.6175417099,0.3531015859,0.512,0.0574108004,-0.1040856031,1.6175417099,0.3531015859
