Instance,INF_avg,INF_sd,INF_r1,INF_kr,INF_sk,SUP_avg,SUP_sd,SUP_r1,SUP_kr,SUP_sk,INC_avg,INC_sd,INC_r1,INC_kr,INC_sk,IND_avg,IND_sd,IND_r1,IND_kr,IND_sk
196,0.25,0.1183215957,-0.6666666667,2.1683673469,0.5433134495,0.31,0.0663324958,-0.7123287671,2.2169421488,-0.3700366502,0.44,0.0583095189,-0.525974026,1.6280276817,-0.3631734744,0.44,0.0583095189,-0.525974026,1.6280276817,-0.3631734744
