Instance,INF_avg,INF_sd,INF_r1,INF_kr,INF_sk,SUP_avg,SUP_sd,SUP_r1,SUP_kr,SUP_sk,INC_avg,INC_sd,INC_r1,INC_kr,INC_sk,IND_avg,IND_sd,IND_r1,IND_kr,IND_sk
7,0.272,0.0143527001,-0.7408906883,1.8296257894,0.4078932113,0.199,0.0313687743,0.4839221913,1.8715422368,-0.2112944778,0.529,0.0381313519,-0.3194921071,2.3490678846,0.597695084,0.529,0.0381313519,-0.3194921071,2.3490678846,0.597695084
