Instance,INF_avg,INF_sd,INF_r1,INF_kr,INF_sk,SUP_avg,SUP_sd,SUP_r1,SUP_kr,SUP_sk,INC_avg,INC_sd,INC_r1,INC_kr,INC_sk,IND_avg,IND_sd,IND_r1,IND_kr,IND_sk
263,0.3294594595,0.0798121425,0.2073163458,2.4726566512,-0.1571324015,0.1175675676,0.0628126948,0.4240894263,2.2818885802,0.4682715745,0.552972973,0.0762238831,-0.0531404283,2.5602945501,-0.3456165581,0.552972973,0.0762238831,-0.0531404283,2.5602945501,-0.3456165581
