Instance,INF_avg,INF_sd,INF_r1,INF_kr,INF_sk,SUP_avg,SUP_sd,SUP_r1,SUP_kr,SUP_sk,INC_avg,INC_sd,INC_r1,INC_kr,INC_sk,IND_avg,IND_sd,IND_r1,IND_kr,IND_sk
245,0.252,0.0329545141,-1.0857325656,1.6153709187,0.0454334591,0.247,0.0358608422,-0.680085883,1.4710169815,-0.3290323709,0.501,0.019078784,0.3154101996,1.809956527,-0.4993752491,0.501,0.019078784,0.3154101996,1.809956527,-0.4993752491
