Instance,INF_avg,INF_sd,INF_r1,INF_kr,INF_sk,SUP_avg,SUP_sd,SUP_r1,SUP_kr,SUP_sk,INC_avg,INC_sd,INC_r1,INC_kr,INC_sk,IND_avg,IND_sd,IND_r1,IND_kr,IND_sk
194,0.2696,0.0466887567,0.0770466668,2.5099342625,0.1090246025,0.2263,0.0407591707,3.81409e-05,2.4450022688,0.1169808118,0.5041,0.0475624852,0.0801145902,2.8194286415,0.0250581581,0.5041,0.0475624852,0.0801145902,2.8194286415,0.0250581581
