Instance,INF_avg,INF_sd,INF_r1,INF_kr,INF_sk,SUP_avg,SUP_sd,SUP_r1,SUP_kr,SUP_sk,INC_avg,INC_sd,INC_r1,INC_kr,INC_sk,IND_avg,IND_sd,IND_r1,IND_kr,IND_sk
299,0.286,0.1326800663,0.0330141606,2.6979520828,0.0522806892,0.234,0.1335814358,0.00485448,3.1140359089,0.6211575521,0.48,0.1496662955,-0.357116587,2.8839285714,-0.0859053992,0.48,0.1496662955,-0.357116587,2.8839285714,-0.0859053992
