Instance,INF_avg,INF_sd,INF_r1,INF_kr,INF_sk,SUP_avg,SUP_sd,SUP_r1,SUP_kr,SUP_sk,INC_avg,INC_sd,INC_r1,INC_kr,INC_sk,IND_avg,IND_sd,IND_r1,IND_kr,IND_sk
239,0.3114,0.0465622164,-0.1969624146,2.8787752192,-0.3111332503,0.232,0.0461735855,0.2001970145,3.0033229023,0.4741874404,0.4566,0.0638,0.0382414049,3.0520077367,0.4479801603,0.4566,0.0638,0.0382414049,3.0520077367,0.4479801603
