Instance,INF_avg,INF_sd,INF_r1,INF_kr,INF_sk,SUP_avg,SUP_sd,SUP_r1,SUP_kr,SUP_sk,INC_avg,INC_sd,INC_r1,INC_kr,INC_sk,IND_avg,IND_sd,IND_r1,IND_kr,IND_sk
47,0.2567,0.0428148339,0.5124869582,2.7368560348,0.1643159967,0.2455,0.0414155768,0.4635103242,2.3214017341,-0.13296392,0.4978,0.0499215384,0.4349112732,2.9663790933,0.3034173878,0.4978,0.0499215384,0.4349112732,2.9663790933,0.3034173878
