Instance,INF_avg,INF_sd,INF_r1,INF_kr,INF_sk,SUP_avg,SUP_sd,SUP_r1,SUP_kr,SUP_sk,INC_avg,INC_sd,INC_r1,INC_kr,INC_sk,IND_avg,IND_sd,IND_r1,IND_kr,IND_sk
23,0.4407738095,0.1366597575,0.9128631937,1.7907992477,-0.1384413356,0.0991666667,0.0828755282,0.9095556766,2.3703642721,0.8064452725,0.4600595238,0.0681843354,0.6585630594,2.2085834458,-0.292472543,0.4600595238,0.0681843354,0.6585630594,2.2085834458,-0.292472543
