Instance,INF_avg,INF_sd,INF_r1,INF_kr,INF_sk,SUP_avg,SUP_sd,SUP_r1,SUP_kr,SUP_sk,INC_avg,INC_sd,INC_r1,INC_kr,INC_sk,IND_avg,IND_sd,IND_r1,IND_kr,IND_sk
111,0.289,0.03,-0.1548240332,3.9239111111,0.6513333333,0.2402,0.0308051944,-0.1364747581,2.0885512171,-0.3076802112,0.4708,0.0368423669,0.0171202151,2.2454172436,0.6425291114,0.4708,0.0368423669,0.0171202151,2.2454172436,0.6425291114
