Instance,INF_avg,INF_sd,INF_r1,INF_kr,INF_sk,SUP_avg,SUP_sd,SUP_r1,SUP_kr,SUP_sk,INC_avg,INC_sd,INC_r1,INC_kr,INC_sk,IND_avg,IND_sd,IND_r1,IND_kr,IND_sk
238,0.216,0.048,0.1463838665,2.431676794,-0.7947048611,0.274,0.0287054002,-1.012195122,3.0172966349,1.3210869679,0.51,0.0596657356,-0.3591549296,2.5580734756,0.9830044806,0.51,0.0596657356,-0.3591549296,2.5580734756,0.9830044806
