Instance,INF_avg,INF_sd,INF_r1,INF_kr,INF_sk,SUP_avg,SUP_sd,SUP_r1,SUP_kr,SUP_sk,INC_avg,INC_sd,INC_r1,INC_kr,INC_sk,IND_avg,IND_sd,IND_r1,IND_kr,IND_sk
54,0.236,0.0990151504,0.2107069321,2.6133883854,0.4141274927,0.3395,0.1247587672,0.2491549778,3.4598883687,0.2859131183,0.4245,0.1182148468,0.1737887183,3.1466768195,0.3688809271,0.4245,0.1182148468,0.1737887183,3.1466768195,0.3688809271
