Instance,INF_avg,INF_sd,INF_r1,INF_kr,INF_sk,SUP_avg,SUP_sd,SUP_r1,SUP_kr,SUP_sk,INC_avg,INC_sd,INC_r1,INC_kr,INC_sk,IND_avg,IND_sd,IND_r1,IND_kr,IND_sk
163,0.241,0.0268700577,0.0749971995,2.0586666769,-0.2526780465,0.2646,0.0322775464,-0.0966299349,2.9034765419,0.4882910966,0.4944,0.0340388014,-0.3247737673,2.6929174819,-0.5955881398,0.4944,0.0340388014,-0.3247737673,2.6929174819,-0.5955881398
