Instance,INF_avg,INF_sd,INF_r1,INF_kr,INF_sk,SUP_avg,SUP_sd,SUP_r1,SUP_kr,SUP_sk,INC_avg,INC_sd,INC_r1,INC_kr,INC_sk,IND_avg,IND_sd,IND_r1,IND_kr,IND_sk
30,0.2484,0.067479182,0.2066300919,3.2033324224,0.3541618035,0.226,0.0626418391,0.047346413,3.1475683242,0.4460092223,0.5256,0.0756877797,0.2093156501,3.3233348645,-0.2205244579,0.5256,0.0756877797,0.2093156501,3.3233348645,-0.2205244579
