Instance,INF_avg,INF_sd,INF_r1,INF_kr,INF_sk,SUP_avg,SUP_sd,SUP_r1,SUP_kr,SUP_sk,INC_avg,INC_sd,INC_r1,INC_kr,INC_sk,IND_avg,IND_sd,IND_r1,IND_kr,IND_sk
94,0.286,0.087772433,0.2221776798,2.1910970714,-0.4121391373,0.234,0.0987117014,0.0611298214,2.5825689372,-0.1748636027,0.48,0.0734846923,0.2081260365,2.8580246914,0.0302406141,0.48,0.0734846923,0.2081260365,2.8580246914,0.0302406141
