Instance,INF_avg,INF_sd,INF_r1,INF_kr,INF_sk,SUP_avg,SUP_sd,SUP_r1,SUP_kr,SUP_sk,INC_avg,INC_sd,INC_r1,INC_kr,INC_sk,IND_avg,IND_sd,IND_r1,IND_kr,IND_sk
208,0.2412,0.0319931243,-0.2310236913,3.2886463237,0.5337441243,0.2968,0.0312051278,-0.1813484162,3.0561192737,-0.4047591804,0.462,0.0381444622,-0.0411316378,2.824417756,-0.0770808136,0.462,0.0381444622,-0.0411316378,2.824417756,-0.0770808136
