Instance,INF_avg,INF_sd,INF_r1,INF_kr,INF_sk,SUP_avg,SUP_sd,SUP_r1,SUP_kr,SUP_sk,INC_avg,INC_sd,INC_r1,INC_kr,INC_sk,IND_avg,IND_sd,IND_r1,IND_kr,IND_sk
162,0.2782,0.0629345692,0.279743126,2.6208858482,-0.0523373481,0.3204,0.0618048542,0.3508884982,2.7547585366,0.2455734711,0.4014,0.0607950656,0.1349202551,2.4197120711,0.315770245,0.4014,0.0607950656,0.1349202551,2.4197120711,0.315770245
