Instance,INF_avg,INF_sd,INF_r1,INF_kr,INF_sk,SUP_avg,SUP_sd,SUP_r1,SUP_kr,SUP_sk,INC_avg,INC_sd,INC_r1,INC_kr,INC_sk,IND_avg,IND_sd,IND_r1,IND_kr,IND_sk
99,0.285,0.0378549865,0.3965698285,2.7489433837,-0.0016591025,0.2688,0.0379678812,0.3025376461,2.858558262,-0.3272004631,0.4462,0.0311698572,-0.2391670042,2.8218795786,0.4669443427,0.4462,0.0311698572,-0.2391670042,2.8218795786,0.4669443427
