Instance,INF_avg,INF_sd,INF_r1,INF_kr,INF_sk,SUP_avg,SUP_sd,SUP_r1,SUP_kr,SUP_sk,INC_avg,INC_sd,INC_r1,INC_kr,INC_sk,IND_avg,IND_sd,IND_r1,IND_kr,IND_sk
138,0.246,0.0411096096,0.1235974367,1.9997402052,0.4036545958,0.236,0.0256124969,0.1050476656,2.2509945717,0.0610648932,0.518,0.0371214224,0.15155421,2.2307892425,-0.114244784,0.518,0.0371214224,0.15155421,2.2307892425,-0.114244784
