Instance,INF_avg,INF_sd,INF_r1,INF_kr,INF_sk,SUP_avg,SUP_sd,SUP_r1,SUP_kr,SUP_sk,INC_avg,INC_sd,INC_r1,INC_kr,INC_sk,IND_avg,IND_sd,IND_r1,IND_kr,IND_sk
64,0.3141025641,0.1109104039,0.0549241957,3.2539671306,-0.3858633136,0.1961538462,0.0963331661,0.2449119598,2.9469999921,0.3241987933,0.4897435897,0.1271882751,-0.1257309222,2.5431846132,0.164554496,0.4897435897,0.1271882751,-0.1257309222,2.5431846132,0.164554496
