Instance,INF_avg,INF_sd,INF_r1,INF_kr,INF_sk,SUP_avg,SUP_sd,SUP_r1,SUP_kr,SUP_sk,INC_avg,INC_sd,INC_r1,INC_kr,INC_sk,IND_avg,IND_sd,IND_r1,IND_kr,IND_sk
104,0.2064,0.0553447378,-0.1202253464,2.3715662184,-0.0332256223,0.2664,0.0562053378,-0.2140423604,2.6846455539,-0.1826798928,0.5272,0.0525752794,-0.1791131883,4.4488999832,-0.7370927921,0.5272,0.0525752794,-0.1791131883,4.4488999832,-0.7370927921
