Instance,INF_avg,INF_sd,INF_r1,INF_kr,INF_sk,SUP_avg,SUP_sd,SUP_r1,SUP_kr,SUP_sk,INC_avg,INC_sd,INC_r1,INC_kr,INC_sk,IND_avg,IND_sd,IND_r1,IND_kr,IND_sk
131,0.2654,0.0499483733,-0.0874032932,2.5203414122,0.0388893633,0.236,0.0463249393,0.0646147536,2.4820064465,0.2007376885,0.4986,0.0550639628,-0.1912164935,2.8063683504,0.0585621597,0.4986,0.0550639628,-0.1912164935,2.8063683504,0.0585621597
