Instance,INF_avg,INF_sd,INF_r1,INF_kr,INF_sk,SUP_avg,SUP_sd,SUP_r1,SUP_kr,SUP_sk,INC_avg,INC_sd,INC_r1,INC_kr,INC_sk,IND_avg,IND_sd,IND_r1,IND_kr,IND_sk
202,0.248,0.1431642413,0.0422164246,2.6457009033,0.3264785005,0.266,0.1387227451,0.0123594771,3.0162308186,0.3079854674,0.486,0.1510099334,0.0236013472,2.6924469194,0.0466112723,0.486,0.1510099334,0.0236013472,2.6924469194,0.0466112723
