Instance,INF_avg,INF_sd,INF_r1,INF_kr,INF_sk,SUP_avg,SUP_sd,SUP_r1,SUP_kr,SUP_sk,INC_avg,INC_sd,INC_r1,INC_kr,INC_sk,IND_avg,IND_sd,IND_r1,IND_kr,IND_sk
71,0.2647,0.0342550726,0.0766128957,2.7702048222,-0.1116152925,0.2464,0.0345693506,0.2540221604,3.241907014,0.5473765773,0.4889,0.0425239932,0.3396795484,2.695294285,-0.3698361244,0.4889,0.0425239932,0.3396795484,2.695294285,-0.3698361244
