Instance,INF_avg,INF_sd,INF_r1,INF_kr,INF_sk,SUP_avg,SUP_sd,SUP_r1,SUP_kr,SUP_sk,INC_avg,INC_sd,INC_r1,INC_kr,INC_sk,IND_avg,IND_sd,IND_r1,IND_kr,IND_sk
74,0.2638,0.0393517471,0.4588726487,1.8325412876,-0.0084258006,0.2586,0.0342788565,0.4477452716,1.9841596965,-0.0413884869,0.4776,0.0335296883,0.4377549787,2.5988502123,-0.4430683996,0.4776,0.0335296883,0.4377549787,2.5988502123,-0.4430683996
