Instance,INF_avg,INF_sd,INF_r1,INF_kr,INF_sk,SUP_avg,SUP_sd,SUP_r1,SUP_kr,SUP_sk,INC_avg,INC_sd,INC_r1,INC_kr,INC_sk,IND_avg,IND_sd,IND_r1,IND_kr,IND_sk
32,0.221,0.1306101068,0.1700265897,3.1126187157,0.4694728319,0.285,0.1570827807,0.0730664397,2.7984682329,0.3105636041,0.494,0.1695995283,0.012482357,3.3196085915,-0.1644060429,0.494,0.1695995283,0.012482357,3.3196085915,-0.1644060429
