Instance,INF_avg,INF_sd,INF_r1,INF_kr,INF_sk,SUP_avg,SUP_sd,SUP_r1,SUP_kr,SUP_sk,INC_avg,INC_sd,INC_r1,INC_kr,INC_sk,IND_avg,IND_sd,IND_r1,IND_kr,IND_sk
237,0.292,0.0856504524,-0.0625652647,2.6142219722,0.2491932132,0.236,0.091126286,-0.2147609438,3.6581186586,-0.3349857972,0.472,0.1020588066,-0.0604123012,1.8202163279,-0.125210183,0.472,0.1020588066,-0.0604123012,1.8202163279,-0.125210183
