Instance,INF_avg,INF_sd,INF_r1,INF_kr,INF_sk,SUP_avg,SUP_sd,SUP_r1,SUP_kr,SUP_sk,INC_avg,INC_sd,INC_r1,INC_kr,INC_sk,IND_avg,IND_sd,IND_r1,IND_kr,IND_sk
46,0.2384,0.0811753657,-0.2387522744,1.870404783,0.3917616917,0.2448,0.0778264736,0.3709066222,1.6198503079,-0.0427050585,0.5168,0.0961132665,0.1551959024,4.2232945114,-0.5545902229,0.5168,0.0961132665,0.1551959024,4.2232945114,-0.5545902229
