Instance,INF_avg,INF_sd,INF_r1,INF_kr,INF_sk,SUP_avg,SUP_sd,SUP_r1,SUP_kr,SUP_sk,INC_avg,INC_sd,INC_r1,INC_kr,INC_sk,IND_avg,IND_sd,IND_r1,IND_kr,IND_sk
258,0.236,0.122898332,-0.1632505108,2.551902291,0.3243689816,0.23,0.1153256259,-0.0862521216,3.8410876816,0.7275900195,0.534,0.155704849,-0.2551154211,2.4495323503,-0.1621740031,0.534,0.155704849,-0.2551154211,2.4495323503,-0.1621740031
