Instance,INF_avg,INF_sd,INF_r1,INF_kr,INF_sk,SUP_avg,SUP_sd,SUP_r1,SUP_kr,SUP_sk,INC_avg,INC_sd,INC_r1,INC_kr,INC_sk,IND_avg,IND_sd,IND_r1,IND_kr,IND_sk
221,0.2851,0.0479477841,0.1322282366,3.5027417968,0.3391300135,0.2257,0.0476078775,0.0530308295,3.6052335249,0.5101536877,0.4892,0.0518590397,-0.1358259316,2.7804420683,0.5774456604,0.4892,0.0518590397,-0.1358259316,2.7804420683,0.5774456604
