Instance,INF_avg,INF_sd,INF_r1,INF_kr,INF_sk,SUP_avg,SUP_sd,SUP_r1,SUP_kr,SUP_sk,INC_avg,INC_sd,INC_r1,INC_kr,INC_sk,IND_avg,IND_sd,IND_r1,IND_kr,IND_sk
75,0.4334177215,0.1108184292,0.5914243237,2.2896953661,-0.1253381071,0.1098734177,0.0726269063,0.6519372311,3.1605651764,0.8513624066,0.4567088608,0.0670862192,0.1591978182,2.3495684499,0.1892181097,0.4567088608,0.0670862192,0.1591978182,2.3495684499,0.1892181097
