Instance,INF_avg,INF_sd,INF_r1,INF_kr,INF_sk,SUP_avg,SUP_sd,SUP_r1,SUP_kr,SUP_sk,INC_avg,INC_sd,INC_r1,INC_kr,INC_sk,IND_avg,IND_sd,IND_r1,IND_kr,IND_sk
69,0.228,0.100079968,0.0396773316,2.262745741,0.4655861464,0.258,0.0901997783,-0.2210121209,2.285333693,0.0466352552,0.514,0.091126286,0.1503852504,3.308332498,0.6917922939,0.514,0.091126286,0.1503852504,3.308332498,0.6917922939
