Instance,INF_avg,INF_sd,INF_r1,INF_kr,INF_sk,SUP_avg,SUP_sd,SUP_r1,SUP_kr,SUP_sk,INC_avg,INC_sd,INC_r1,INC_kr,INC_sk,IND_avg,IND_sd,IND_r1,IND_kr,IND_sk
152,0.27,0.03082207,-0.3888888889,1.9991689751,0.384208629,0.244,0.0310483494,-0.1002340924,2.3280117422,0.927745913,0.486,0.0251793566,-0.6273078574,1.4496163759,-0.2210012294,0.486,0.0251793566,-0.6273078574,1.4496163759,-0.2210012294
