Instance,INF_avg,INF_sd,INF_r1,INF_kr,INF_sk,SUP_avg,SUP_sd,SUP_r1,SUP_kr,SUP_sk,INC_avg,INC_sd,INC_r1,INC_kr,INC_sk,IND_avg,IND_sd,IND_r1,IND_kr,IND_sk
62,0.3095,0.0384350101,0.3186374902,3.3784530775,-0.0174627132,0.2873,0.0572556547,0.6438616314,2.1455067074,0.3608263489,0.4032,0.0447298558,0.4532746781,2.9849775528,-0.1314624736,0.4032,0.0447298558,0.4532746781,2.9849775528,-0.1314624736
