Instance,INF_avg,INF_sd,INF_r1,INF_kr,INF_sk,SUP_avg,SUP_sd,SUP_r1,SUP_kr,SUP_sk,INC_avg,INC_sd,INC_r1,INC_kr,INC_sk,IND_avg,IND_sd,IND_r1,IND_kr,IND_sk
85,0.21,0.0489897949,-0.1904761905,1.1666666667,-0.4082482905,0.24,0.08,0.6234309623,1.4189453125,0.03515625,0.55,0.1,0.4545454545,2.05,-0.0,0.55,0.1,0.4545454545,2.05,-0.0
