Instance,INF_avg,INF_sd,INF_r1,INF_kr,INF_sk,SUP_avg,SUP_sd,SUP_r1,SUP_kr,SUP_sk,INC_avg,INC_sd,INC_r1,INC_kr,INC_sk,IND_avg,IND_sd,IND_r1,IND_kr,IND_sk
217,0.268,0.0805977667,0.2585453611,2.7617874736,-0.1642896553,0.28,0.0657267069,0.1634615385,1.6358024691,-0.2366702409,0.452,0.074939976,0.1747735659,2.0685465215,0.4735413779,0.452,0.074939976,0.1747735659,2.0685465215,0.4735413779
