Instance,INF_avg,INF_sd,INF_r1,INF_kr,INF_sk,SUP_avg,SUP_sd,SUP_r1,SUP_kr,SUP_sk,INC_avg,INC_sd,INC_r1,INC_kr,INC_sk,IND_avg,IND_sd,IND_r1,IND_kr,IND_sk
207,0.2875,0.0513833631,0.4753281793,2.3437313749,0.119632986,0.2172,0.0365124636,0.0171315437,2.4726701768,0.18931948,0.4953,0.0451155184,0.5544039009,2.2392708916,0.0923525579,0.4953,0.0451155184,0.5544039009,2.2392708916,0.0923525579
