Instance,INF_avg,INF_sd,INF_r1,INF_kr,INF_sk,SUP_avg,SUP_sd,SUP_r1,SUP_kr,SUP_sk,INC_avg,INC_sd,INC_r1,INC_kr,INC_sk,IND_avg,IND_sd,IND_r1,IND_kr,IND_sk
239,0.2384,0.0401676487,-0.1348503799,1.8712197942,0.4318690388,0.256,0.0453431362,0.0586672916,2.0315750428,0.15806836,0.5056,0.0458763556,-0.1524817282,2.8731269966,-0.4939614802,0.5056,0.0458763556,-0.1524817282,2.8731269966,-0.4939614802
