Instance,INF_avg,INF_sd,INF_r1,INF_kr,INF_sk,SUP_avg,SUP_sd,SUP_r1,SUP_kr,SUP_sk,INC_avg,INC_sd,INC_r1,INC_kr,INC_sk,IND_avg,IND_sd,IND_r1,IND_kr,IND_sk
29,0.2608,0.0499535785,0.0793637586,4.4068941563,1.036569462,0.2492,0.0487376651,-0.0829966365,2.4529309751,0.0879452359,0.49,0.0469893605,-0.2743362832,2.7459436043,-0.5528541056,0.49,0.0469893605,-0.2743362832,2.7459436043,-0.5528541056
