Instance,INF_avg,INF_sd,INF_r1,INF_kr,INF_sk,SUP_avg,SUP_sd,SUP_r1,SUP_kr,SUP_sk,INC_avg,INC_sd,INC_r1,INC_kr,INC_sk,IND_avg,IND_sd,IND_r1,IND_kr,IND_sk
273,0.2824,0.0334699866,-0.0353744592,2.2660512337,-0.0562630953,0.2872,0.0356112342,-0.0765992022,2.6610417749,-0.0196078263,0.4304,0.0292547432,0.0037920546,2.5935835706,-0.2227498296,0.4304,0.0292547432,0.0037920546,2.5935835706,-0.2227498296
