Instance,INF_avg,INF_sd,INF_r1,INF_kr,INF_sk,SUP_avg,SUP_sd,SUP_r1,SUP_kr,SUP_sk,INC_avg,INC_sd,INC_r1,INC_kr,INC_sk,IND_avg,IND_sd,IND_r1,IND_kr,IND_sk
25,0.2075,0.0169189243,-0.0981432361,2.4657233844,-0.464584028,0.271,0.0387169214,-0.1812153941,2.474519148,0.7797139946,0.5215,0.0415962739,-0.3906681511,4.5623356467,-1.5853675697,0.5215,0.0415962739,-0.3906681511,4.5623356467,-1.5853675697
