Instance,INF_avg,INF_sd,INF_r1,INF_kr,INF_sk,SUP_avg,SUP_sd,SUP_r1,SUP_kr,SUP_sk,INC_avg,INC_sd,INC_r1,INC_kr,INC_sk,IND_avg,IND_sd,IND_r1,IND_kr,IND_sk
38,0.276,0.0634980315,-0.0049331636,2.7333711262,-0.1769833643,0.268,0.0568506816,-0.024598294,3.7434075091,0.3761808655,0.456,0.0649923072,-0.1751780573,2.4855371901,-0.268563253,0.456,0.0649923072,-0.1751780573,2.4855371901,-0.268563253
