Instance,INF_avg,INF_sd,INF_r1,INF_kr,INF_sk,SUP_avg,SUP_sd,SUP_r1,SUP_kr,SUP_sk,INC_avg,INC_sd,INC_r1,INC_kr,INC_sk,IND_avg,IND_sd,IND_r1,IND_kr,IND_sk
234,0.4208510638,0.1149991635,0.7120221525,2.3721400452,-0.1636692369,0.1225531915,0.0826803145,0.6815537425,2.418316289,0.6300945339,0.4565957447,0.0738392906,-0.0755831186,3.0596013378,0.1730778912,0.4565957447,0.0738392906,-0.0755831186,3.0596013378,0.1730778912
