Instance,INF_avg,INF_sd,INF_r1,INF_kr,INF_sk,SUP_avg,SUP_sd,SUP_r1,SUP_kr,SUP_sk,INC_avg,INC_sd,INC_r1,INC_kr,INC_sk,IND_avg,IND_sd,IND_r1,IND_kr,IND_sk
112,0.4945323741,0.122003497,0.9335247075,1.9310757687,-0.4768634888,0.0837769784,0.0731506815,0.9274288165,2.6900726752,0.9305559837,0.4216906475,0.057911971,0.7477832057,2.1658005925,0.2058088461,0.4216906475,0.057911971,0.7477832057,2.1658005925,0.2058088461
