Instance,INF_avg,INF_sd,INF_r1,INF_kr,INF_sk,SUP_avg,SUP_sd,SUP_r1,SUP_kr,SUP_sk,INC_avg,INC_sd,INC_r1,INC_kr,INC_sk,IND_avg,IND_sd,IND_r1,IND_kr,IND_sk
16,0.192,0.0523067873,-0.0170487948,2.9043808351,0.3729682691,0.376,0.0377359245,-0.2177985948,2.6306021967,-0.3358644968,0.432,0.0754718491,-0.3559560687,1.9275659639,0.0437695754,0.432,0.0754718491,-0.3559560687,1.9275659639,0.0437695754
