Instance,INF_avg,INF_sd,INF_r1,INF_kr,INF_sk,SUP_avg,SUP_sd,SUP_r1,SUP_kr,SUP_sk,INC_avg,INC_sd,INC_r1,INC_kr,INC_sk,IND_avg,IND_sd,IND_r1,IND_kr,IND_sk
177,0.3788405797,0.0919599193,0.4548942524,2.577719628,0.2487863821,0.1243478261,0.0732966627,0.5135468173,2.7766297733,0.6380083577,0.4968115942,0.0741813828,0.049099213,2.9795952255,-0.1638064335,0.4968115942,0.0741813828,0.049099213,2.9795952255,-0.1638064335
