Instance,INF_avg,INF_sd,INF_r1,INF_kr,INF_sk,SUP_avg,SUP_sd,SUP_r1,SUP_kr,SUP_sk,INC_avg,INC_sd,INC_r1,INC_kr,INC_sk,IND_avg,IND_sd,IND_r1,IND_kr,IND_sk
179,0.26,0.1356465997,-0.3122171946,2.3638941399,0.7500308204,0.22,0.1166190379,0.2307692308,1.6280276817,0.3631734744,0.52,0.16,-0.1184210526,2.078125,0.84375,0.52,0.16,-0.1184210526,2.078125,0.84375
