Instance,INF_avg,INF_sd,INF_r1,INF_kr,INF_sk,SUP_avg,SUP_sd,SUP_r1,SUP_kr,SUP_sk,INC_avg,INC_sd,INC_r1,INC_kr,INC_sk,IND_avg,IND_sd,IND_r1,IND_kr,IND_sk
164,0.252,0.0447213595,0.0897108493,2.261312,-0.2527651242,0.2544,0.0322589522,0.0711484841,2.4999151813,-0.0340075512,0.4936,0.0469791443,0.0596286231,2.1623527083,0.0485829122,0.4936,0.0469791443,0.0596286231,2.1623527083,0.0485829122
