Instance,INF_avg,INF_sd,INF_r1,INF_kr,INF_sk,SUP_avg,SUP_sd,SUP_r1,SUP_kr,SUP_sk,INC_avg,INC_sd,INC_r1,INC_kr,INC_sk,IND_avg,IND_sd,IND_r1,IND_kr,IND_sk
28,0.305,0.0820060973,0.1592059167,1.7829631984,0.2475108367,0.29,0.1178982612,-0.6627265563,2.4474406087,-0.1720786174,0.405,0.0934077085,-0.2793113684,1.4047257412,0.2227042351,0.405,0.0934077085,-0.2793113684,1.4047257412,0.2227042351
