Instance,INF_avg,INF_sd,INF_r1,INF_kr,INF_sk,SUP_avg,SUP_sd,SUP_r1,SUP_kr,SUP_sk,INC_avg,INC_sd,INC_r1,INC_kr,INC_sk,IND_avg,IND_sd,IND_r1,IND_kr,IND_sk
147,0.2392,0.058646057,-0.0804984384,2.0954598974,-0.2367073055,0.2328,0.0666645333,-0.3575421586,3.7086954855,0.5164485543,0.528,0.0872696969,-0.3843662092,2.9027434503,-0.221856443,0.528,0.0872696969,-0.3843662092,2.9027434503,-0.221856443
