Instance,INF_avg,INF_sd,INF_r1,INF_kr,INF_sk,SUP_avg,SUP_sd,SUP_r1,SUP_kr,SUP_sk,INC_avg,INC_sd,INC_r1,INC_kr,INC_sk,IND_avg,IND_sd,IND_r1,IND_kr,IND_sk
80,0.276,0.1175755077,-0.4007660787,2.6394726161,-0.246620477,0.31,0.1140175425,-0.2966601179,2.2578698225,0.1578704435,0.414,0.1237093368,-0.1672489179,2.2828113092,-0.0372439382,0.414,0.1237093368,-0.1672489179,2.2828113092,-0.0372439382
