Instance,INF_avg,INF_sd,INF_r1,INF_kr,INF_sk,SUP_avg,SUP_sd,SUP_r1,SUP_kr,SUP_sk,INC_avg,INC_sd,INC_r1,INC_kr,INC_sk,IND_avg,IND_sd,IND_r1,IND_kr,IND_sk
131,0.19,0.0583095189,0.552238806,1.6280276817,-0.3631734744,0.24,0.0583095189,-0.2686567164,1.6280276817,-0.3631734744,0.57,0.0678232998,-0.5697674419,2.3638941399,-0.7500308204,0.57,0.0678232998,-0.5697674419,2.3638941399,-0.7500308204
