Instance,INF_avg,INF_sd,INF_r1,INF_kr,INF_sk,SUP_avg,SUP_sd,SUP_r1,SUP_kr,SUP_sk,INC_avg,INC_sd,INC_r1,INC_kr,INC_sk,IND_avg,IND_sd,IND_r1,IND_kr,IND_sk
135,0.268,0.1190630085,-0.0790085941,3.3901599499,0.6361182194,0.276,0.1030727898,0.0944216373,2.8233687763,0.4919905968,0.456,0.1168931136,-0.3515558021,2.6062804052,-0.2949911637,0.456,0.1168931136,-0.3515558021,2.6062804052,-0.2949911637
