Instance,INF_avg,INF_sd,INF_r1,INF_kr,INF_sk,SUP_avg,SUP_sd,SUP_r1,SUP_kr,SUP_sk,INC_avg,INC_sd,INC_r1,INC_kr,INC_sk,IND_avg,IND_sd,IND_r1,IND_kr,IND_sk
123,0.278,0.1446236495,0.0492681715,2.7073360787,0.2681381406,0.215,0.1366565037,-0.0470686744,3.3518115299,0.4099628988,0.507,0.1620216035,0.0357931412,2.6339362724,-0.0991279775,0.507,0.1620216035,0.0357931412,2.6339362724,-0.0991279775
