Instance,INF_avg,INF_sd,INF_r1,INF_kr,INF_sk,SUP_avg,SUP_sd,SUP_r1,SUP_kr,SUP_sk,INC_avg,INC_sd,INC_r1,INC_kr,INC_sk,IND_avg,IND_sd,IND_r1,IND_kr,IND_sk
219,0.3639944134,0.0767466628,0.8205229348,2.0895700512,-0.0181200326,0.1003631285,0.0762164441,0.9425125163,2.3446757319,0.6893835459,0.5356424581,0.0387767653,0.3153708931,2.6974047245,-0.1209351755,0.5356424581,0.0387767653,0.3153708931,2.6974047245,-0.1209351755
