Instance,INF_avg,INF_sd,INF_r1,INF_kr,INF_sk,SUP_avg,SUP_sd,SUP_r1,SUP_kr,SUP_sk,INC_avg,INC_sd,INC_r1,INC_kr,INC_sk,IND_avg,IND_sd,IND_r1,IND_kr,IND_sk
202,0.247,0.039,0.0569350389,2.3244063713,0.1553633743,0.246,0.042708313,0.0798747063,1.9738861958,-0.3318101707,0.507,0.0405092582,0.1177367234,2.2408182909,-0.4137452184,0.507,0.0405092582,0.1177367234,2.2408182909,-0.4137452184
