Instance,INF_avg,INF_sd,INF_r1,INF_kr,INF_sk,SUP_avg,SUP_sd,SUP_r1,SUP_kr,SUP_sk,INC_avg,INC_sd,INC_r1,INC_kr,INC_sk,IND_avg,IND_sd,IND_r1,IND_kr,IND_sk
209,0.297,0.0693613725,0.1494749673,2.9291512241,-0.0708246107,0.3042,0.058943702,0.2215342042,2.4177250305,0.2206583039,0.3988,0.0629806319,0.0511970931,2.7044354805,-0.0754099884,0.3988,0.0629806319,0.0511970931,2.7044354805,-0.0754099884
