Instance,INF_avg,INF_sd,INF_r1,INF_kr,INF_sk,SUP_avg,SUP_sd,SUP_r1,SUP_kr,SUP_sk,INC_avg,INC_sd,INC_r1,INC_kr,INC_sk,IND_avg,IND_sd,IND_r1,IND_kr,IND_sk
218,0.3214285714,0.1129384879,0.1393306432,2.8163392,0.0710374054,0.2114285714,0.1146956932,0.4415972038,2.4468991731,0.3439105598,0.4671428571,0.094069015,0.3287554921,2.7924101064,-0.0636526682,0.4671428571,0.094069015,0.3287554921,2.7924101064,-0.0636526682
