Instance,INF_avg,INF_sd,INF_r1,INF_kr,INF_sk,SUP_avg,SUP_sd,SUP_r1,SUP_kr,SUP_sk,INC_avg,INC_sd,INC_r1,INC_kr,INC_sk,IND_avg,IND_sd,IND_r1,IND_kr,IND_sk
103,0.222,0.0975499872,0.0844734259,2.7061923186,0.0498725781,0.26,0.1191637529,0.0955581531,2.8793890101,0.3563565909,0.518,0.1190630085,-0.1798564807,3.6854440978,-0.4569966795,0.518,0.1190630085,-0.1798564807,3.6854440978,-0.4569966795
