Instance,INF_avg,INF_sd,INF_r1,INF_kr,INF_sk,SUP_avg,SUP_sd,SUP_r1,SUP_kr,SUP_sk,INC_avg,INC_sd,INC_r1,INC_kr,INC_sk,IND_avg,IND_sd,IND_r1,IND_kr,IND_sk
213,0.2692,0.0707909599,-0.3292379981,3.380764867,0.1811589805,0.2552,0.0791515003,-0.0459403956,2.6062242148,0.4435056463,0.4756,0.074757207,0.115400698,2.1481164794,-0.273210136,0.4756,0.074757207,0.115400698,2.1481164794,-0.273210136
