Instance,INF_avg,INF_sd,INF_r1,INF_kr,INF_sk,SUP_avg,SUP_sd,SUP_r1,SUP_kr,SUP_sk,INC_avg,INC_sd,INC_r1,INC_kr,INC_sk,IND_avg,IND_sd,IND_r1,IND_kr,IND_sk
66,0.4478888889,0.1057275791,0.8955044617,1.8910498272,-0.3728009433,0.0956666667,0.0767723909,0.8693496467,2.4736887367,0.7515971024,0.4564444444,0.0430196625,0.4668716954,3.1473490834,0.4100522505,0.4564444444,0.0430196625,0.4668716954,3.1473490834,0.4100522505
