Instance,INF_avg,INF_sd,INF_r1,INF_kr,INF_sk,SUP_avg,SUP_sd,SUP_r1,SUP_kr,SUP_sk,INC_avg,INC_sd,INC_r1,INC_kr,INC_sk,IND_avg,IND_sd,IND_r1,IND_kr,IND_sk
164,0.2506,0.0324135774,-0.0509535697,2.3255530842,-0.0066471295,0.2634,0.033006666,0.1131706923,2.2789149431,-0.3978608597,0.486,0.0395727179,0.3243670053,1.9283309601,0.1017574769,0.486,0.0395727179,0.3243670053,1.9283309601,0.1017574769
