Instance,INF_avg,INF_sd,INF_r1,INF_kr,INF_sk,SUP_avg,SUP_sd,SUP_r1,SUP_kr,SUP_sk,INC_avg,INC_sd,INC_r1,INC_kr,INC_sk,IND_avg,IND_sd,IND_r1,IND_kr,IND_sk
1,0.2614,0.0211905639,0.0846067916,2.9579862183,-0.1979643374,0.2992,0.0304197304,-0.0366779788,3.3988961354,-0.1360118142,0.4394,0.0271042432,0.1016338687,3.7187277152,-0.1633414356,0.4394,0.0271042432,0.1016338687,3.7187277152,-0.1633414356
