Instance,INF_avg,INF_sd,INF_r1,INF_kr,INF_sk,SUP_avg,SUP_sd,SUP_r1,SUP_kr,SUP_sk,INC_avg,INC_sd,INC_r1,INC_kr,INC_sk,IND_avg,IND_sd,IND_r1,IND_kr,IND_sk
163,0.234,0.0449888875,-0.1429143315,2.7357168523,0.0400625941,0.24,0.0407430976,0.4331210191,2.6556829729,0.9758471621,0.526,0.0372021505,-0.1609498681,2.7469344114,0.1878504123,0.526,0.0372021505,-0.1609498681,2.7469344114,0.1878504123
