Instance,INF_avg,INF_sd,INF_r1,INF_kr,INF_sk,SUP_avg,SUP_sd,SUP_r1,SUP_kr,SUP_sk,INC_avg,INC_sd,INC_r1,INC_kr,INC_sk,IND_avg,IND_sd,IND_r1,IND_kr,IND_sk
58,0.3688,0.0865480214,0.5236740329,2.064153758,-0.3750652883,0.2356,0.0602713862,0.5504119326,2.6286270862,0.838916908,0.3956,0.0436421814,0.0197770636,2.2747352645,0.1451641978,0.3956,0.0436421814,0.0197770636,2.2747352645,0.1451641978
