Instance,INF_avg,INF_sd,INF_r1,INF_kr,INF_sk,SUP_avg,SUP_sd,SUP_r1,SUP_kr,SUP_sk,INC_avg,INC_sd,INC_r1,INC_kr,INC_sk,IND_avg,IND_sd,IND_r1,IND_kr,IND_sk
141,0.224,0.0233238076,-0.5671641791,1.6280276817,0.3631734744,0.264,0.0637495098,0.343575419,1.4415338831,0.484672555,0.512,0.0652380257,0.1666666667,2.0504550851,-0.7136388703,0.512,0.0652380257,0.1666666667,2.0504550851,-0.7136388703
