Instance,INF_avg,INF_sd,INF_r1,INF_kr,INF_sk,SUP_avg,SUP_sd,SUP_r1,SUP_kr,SUP_sk,INC_avg,INC_sd,INC_r1,INC_kr,INC_sk,IND_avg,IND_sd,IND_r1,IND_kr,IND_sk
84,0.235,0.1416862732,-0.0621960262,2.4219342472,-0.0002636805,0.31,0.1438749457,-0.0815267472,2.700763145,0.2880923788,0.455,0.1728438602,0.0182466777,2.6313075751,0.4094439595,0.455,0.1728438602,0.0182466777,2.6313075751,0.4094439595
