Instance,INF_avg,INF_sd,INF_r1,INF_kr,INF_sk,SUP_avg,SUP_sd,SUP_r1,SUP_kr,SUP_sk,INC_avg,INC_sd,INC_r1,INC_kr,INC_sk,IND_avg,IND_sd,IND_r1,IND_kr,IND_sk
209,0.521637931,0.0954476203,0.6934034102,3.6524794455,-0.9170834531,0.1104310345,0.0748146243,0.7823689483,4.1361004021,1.2030628334,0.3679310345,0.047787555,0.0310024519,3.5745944689,0.2266557925,0.3679310345,0.047787555,0.0310024519,3.5745944689,0.2266557925
