Instance,INF_avg,INF_sd,INF_r1,INF_kr,INF_sk,SUP_avg,SUP_sd,SUP_r1,SUP_kr,SUP_sk,INC_avg,INC_sd,INC_r1,INC_kr,INC_sk,IND_avg,IND_sd,IND_r1,IND_kr,IND_sk
167,0.23,0.1029563014,0.0291262136,2.2821288715,-0.6927284075,0.25,0.0894427191,0.0666666667,1.953125,0.6288941187,0.52,0.1326649916,-1.037037037,2.3622159091,0.5936004596,0.52,0.1326649916,-1.037037037,2.3622159091,0.5936004596
