Instance,INF_avg,INF_sd,INF_r1,INF_kr,INF_sk,SUP_avg,SUP_sd,SUP_r1,SUP_kr,SUP_sk,INC_avg,INC_sd,INC_r1,INC_kr,INC_sk,IND_avg,IND_sd,IND_r1,IND_kr,IND_sk
251,0.354,0.078,-0.5540784625,2.2185899705,-0.3908359885,0.204,0.0585149554,-0.3171355499,2.1609310857,0.0900800147,0.442,0.0729109045,-0.24155213,1.7889840628,-0.0554806822,0.442,0.0729109045,-0.24155213,1.7889840628,-0.0554806822
