Instance,INF_avg,INF_sd,INF_r1,INF_kr,INF_sk,SUP_avg,SUP_sd,SUP_r1,SUP_kr,SUP_sk,INC_avg,INC_sd,INC_r1,INC_kr,INC_sk,IND_avg,IND_sd,IND_r1,IND_kr,IND_sk
274,0.24,0.12,-0.2369701181,4.7184606481,1.4947916667,0.28,0.1029563014,-0.7459562322,1.8015307939,-0.2803900697,0.48,0.1053565375,-0.157323689,1.9671292915,0.0846546321,0.48,0.1053565375,-0.157323689,1.9671292915,0.0846546321
