Instance,INF_avg,INF_sd,INF_r1,INF_kr,INF_sk,SUP_avg,SUP_sd,SUP_r1,SUP_kr,SUP_sk,INC_avg,INC_sd,INC_r1,INC_kr,INC_sk,IND_avg,IND_sd,IND_r1,IND_kr,IND_sk
225,0.252,0.0466476152,-0.5847860539,2.0659602076,-0.0794441975,0.216,0.0449888875,-0.6223297058,1.5358855786,0.0126513455,0.532,0.0376297754,-0.6741911211,2.4689744326,0.8575971039,0.532,0.0376297754,-0.6741911211,2.4689744326,0.8575971039
