Instance,INF_avg,INF_sd,INF_r1,INF_kr,INF_sk,SUP_avg,SUP_sd,SUP_r1,SUP_kr,SUP_sk,INC_avg,INC_sd,INC_r1,INC_kr,INC_sk,IND_avg,IND_sd,IND_r1,IND_kr,IND_sk
146,0.2696,0.0658167152,0.1357269857,3.5169616384,0.5273740002,0.2404,0.059125629,0.1446172551,4.125583484,0.6214263131,0.49,0.0760789064,0.0416448859,3.4941701941,-0.5444825256,0.49,0.0760789064,0.0416448859,3.4941701941,-0.5444825256
