Instance,INF_avg,INF_sd,INF_r1,INF_kr,INF_sk,SUP_avg,SUP_sd,SUP_r1,SUP_kr,SUP_sk,INC_avg,INC_sd,INC_r1,INC_kr,INC_sk,IND_avg,IND_sd,IND_r1,IND_kr,IND_sk
111,0.2225,0.0470239301,-0.2373540856,1.8924454545,0.3307073403,0.273,0.0363455637,-0.5210043457,1.7196598819,0.5141162266,0.5045,0.0475105251,-0.0520301068,2.3979338134,0.471344865,0.5045,0.0475105251,-0.0520301068,2.3979338134,0.471344865
