Instance,INF_avg,INF_sd,INF_r1,INF_kr,INF_sk,SUP_avg,SUP_sd,SUP_r1,SUP_kr,SUP_sk,INC_avg,INC_sd,INC_r1,INC_kr,INC_sk,IND_avg,IND_sd,IND_r1,IND_kr,IND_sk
215,0.262,0.0851821578,-0.0186194154,2.1035587474,-0.0856585737,0.282,0.0823164625,-0.2277273389,2.1596265171,0.6395681711,0.456,0.0840476056,0.051893922,2.9619123779,-0.3913814917,0.456,0.0840476056,0.051893922,2.9619123779,-0.3913814917
