Instance,INF_avg,INF_sd,INF_r1,INF_kr,INF_sk,SUP_avg,SUP_sd,SUP_r1,SUP_kr,SUP_sk,INC_avg,INC_sd,INC_r1,INC_kr,INC_sk,IND_avg,IND_sd,IND_r1,IND_kr,IND_sk
296,0.2316,0.0260660699,-0.203612229,1.7320251436,0.3091185673,0.2618,0.0281382302,0.0518443388,2.4478700332,-0.0433748338,0.5066,0.0320224921,-0.0344409839,3.2791110303,0.7602302982,0.5066,0.0320224921,-0.0344409839,3.2791110303,0.7602302982
