Instance,INF_avg,INF_sd,INF_r1,INF_kr,INF_sk,SUP_avg,SUP_sd,SUP_r1,SUP_kr,SUP_sk,INC_avg,INC_sd,INC_r1,INC_kr,INC_sk,IND_avg,IND_sd,IND_r1,IND_kr,IND_sk
264,0.235,0.0820060973,0.2612156834,4.4522463758,0.2148720451,0.251,0.0803056661,-0.1635718281,2.5956896533,-0.1773499778,0.514,0.0985088828,-0.0852123449,3.2036188747,0.3291955838,0.514,0.0985088828,-0.0852123449,3.2036188747,0.3291955838
