Instance,INF_avg,INF_sd,INF_r1,INF_kr,INF_sk,SUP_avg,SUP_sd,SUP_r1,SUP_kr,SUP_sk,INC_avg,INC_sd,INC_r1,INC_kr,INC_sk,IND_avg,IND_sd,IND_r1,IND_kr,IND_sk
147,0.278,0.0493558507,-0.4161798548,3.6288108585,-1.3222562836,0.216,0.0535163526,-0.0566829951,1.720514341,-0.0050107381,0.506,0.0632771681,0.2840242773,2.0148652546,-0.010609335,0.506,0.0632771681,0.2840242773,2.0148652546,-0.010609335
