Instance,INF_avg,INF_sd,INF_r1,INF_kr,INF_sk,SUP_avg,SUP_sd,SUP_r1,SUP_kr,SUP_sk,INC_avg,INC_sd,INC_r1,INC_kr,INC_sk,IND_avg,IND_sd,IND_r1,IND_kr,IND_sk
113,0.3111111111,0.1448711646,-0.0634178905,2.2692041522,-0.52288966,0.2388888889,0.170420685,0.2210219365,3.7373687295,1.0657574263,0.45,0.1572330189,0.2189349112,2.6644363085,0.3430105499,0.45,0.1572330189,0.2189349112,2.6644363085,0.3430105499
