Instance,INF_avg,INF_sd,INF_r1,INF_kr,INF_sk,SUP_avg,SUP_sd,SUP_r1,SUP_kr,SUP_sk,INC_avg,INC_sd,INC_r1,INC_kr,INC_sk,IND_avg,IND_sd,IND_r1,IND_kr,IND_sk
128,0.253,0.0265706605,-0.3314489735,1.6957884262,0.0396612031,0.242,0.0438862165,0.7694556905,1.951144043,-0.4698499741,0.505,0.0580517011,0.1558441558,2.0958404142,-0.1058097027,0.505,0.0580517011,0.1558441558,2.0958404142,-0.1058097027
