Instance,INF_avg,INF_sd,INF_r1,INF_kr,INF_sk,SUP_avg,SUP_sd,SUP_r1,SUP_kr,SUP_sk,INC_avg,INC_sd,INC_r1,INC_kr,INC_sk,IND_avg,IND_sd,IND_r1,IND_kr,IND_sk
161,0.204,0.0915641851,0.0462009015,2.4538634112,0.5462317728,0.292,0.1055272477,-0.0989384867,2.790477606,-0.0444402301,0.504,0.1076289924,0.284033517,4.0586978419,0.113034096,0.504,0.1076289924,0.284033517,4.0586978419,0.113034096
