Instance,INF_avg,INF_sd,INF_r1,INF_kr,INF_sk,SUP_avg,SUP_sd,SUP_r1,SUP_kr,SUP_sk,INC_avg,INC_sd,INC_r1,INC_kr,INC_sk,IND_avg,IND_sd,IND_r1,IND_kr,IND_sk
16,0.24,0.1496662955,-0.5367965368,2.1339285714,0.7301958931,0.42,0.2227105745,-1.1042471042,2.5476066597,0.39976664,0.34,0.1356465997,-0.2209302326,2.3638941399,-0.7500308204,0.34,0.1356465997,-0.2209302326,2.3638941399,-0.7500308204
