Instance,INF_avg,INF_sd,INF_r1,INF_kr,INF_sk,SUP_avg,SUP_sd,SUP_r1,SUP_kr,SUP_sk,INC_avg,INC_sd,INC_r1,INC_kr,INC_sk,IND_avg,IND_sd,IND_r1,IND_kr,IND_sk
281,0.225,0.0512347538,0.6097560976,1.8707482993,-0.0,0.25,0.0707106781,-0.3125,2.9,-0.4242640687,0.525,0.0928708781,0.1317829457,3.9035916824,1.1235796217,0.525,0.0928708781,0.1317829457,3.9035916824,1.1235796217
