Instance,INF_avg,INF_sd,INF_r1,INF_kr,INF_sk,SUP_avg,SUP_sd,SUP_r1,SUP_kr,SUP_sk,INC_avg,INC_sd,INC_r1,INC_kr,INC_sk,IND_avg,IND_sd,IND_r1,IND_kr,IND_sk
168,0.22,0.0748331477,-0.4502164502,2.1339285714,0.7301958931,0.22,0.06,-0.1111111111,1.3981481481,-0.1111111111,0.56,0.1240967365,-0.3262599469,2.0324675325,-0.621634858,0.56,0.1240967365,-0.3262599469,2.0324675325,-0.621634858
