Instance,INF_avg,INF_sd,INF_r1,INF_kr,INF_sk,SUP_avg,SUP_sd,SUP_r1,SUP_kr,SUP_sk,INC_avg,INC_sd,INC_r1,INC_kr,INC_sk,IND_avg,IND_sd,IND_r1,IND_kr,IND_sk
46,0.31,0.1640121947,-0.3040093422,3.507649148,1.3354705587,0.16,0.0916515139,-0.0436893204,2.1020408163,0.093521953,0.53,0.1486606875,-0.4437760296,3.5948690649,-0.52231064,0.53,0.1486606875,-0.4437760296,3.5948690649,-0.52231064
