Instance,INF_avg,INF_sd,INF_r1,INF_kr,INF_sk,SUP_avg,SUP_sd,SUP_r1,SUP_kr,SUP_sk,INC_avg,INC_sd,INC_r1,INC_kr,INC_sk,IND_avg,IND_sd,IND_r1,IND_kr,IND_sk
245,0.23,0.0781024968,0.0769743419,2.0335931201,0.0188906872,0.24,0.0905538514,-0.1835629921,3.1513979774,0.1373660446,0.53,0.1058300524,0.0314859142,2.8759566327,0.1771708467,0.53,0.1058300524,0.0314859142,2.8759566327,0.1771708467
