Instance,INF_avg,INF_sd,INF_r1,INF_kr,INF_sk,SUP_avg,SUP_sd,SUP_r1,SUP_kr,SUP_sk,INC_avg,INC_sd,INC_r1,INC_kr,INC_sk,IND_avg,IND_sd,IND_r1,IND_kr,IND_sk
95,0.253,0.0419642705,-0.3982204467,2.8309559672,0.9908648338,0.27,0.0547722558,0.3377926421,1.976,-0.4929503018,0.477,0.0576281181,0.018526195,2.1068900732,-0.0176818231,0.477,0.0576281181,0.018526195,2.1068900732,-0.0176818231
