Instance,INF_avg,INF_sd,INF_r1,INF_kr,INF_sk,SUP_avg,SUP_sd,SUP_r1,SUP_kr,SUP_sk,INC_avg,INC_sd,INC_r1,INC_kr,INC_sk,IND_avg,IND_sd,IND_r1,IND_kr,IND_sk
37,0.2983333333,0.0634866565,0.0207741743,2.8091736444,0.474783713,0.1,0.05,0.488,2.1312,-0.128,0.6016666667,0.0645282023,-0.1909611533,3.0775406865,0.5800126511,0.6016666667,0.0645282023,-0.1909611533,3.0775406865,0.5800126511
