Instance,INF_avg,INF_sd,INF_r1,INF_kr,INF_sk,SUP_avg,SUP_sd,SUP_r1,SUP_kr,SUP_sk,INC_avg,INC_sd,INC_r1,INC_kr,INC_sk,IND_avg,IND_sd,IND_r1,IND_kr,IND_sk
293,0.2,0.1264911064,-0.4285714286,1.5625,-0.5929270613,0.28,0.1469693846,-0.1965811966,1.5781893004,0.3477670622,0.52,0.1326649916,-0.1616161616,2.2169421488,-0.3700366502,0.52,0.1326649916,-0.1616161616,2.2169421488,-0.3700366502
