Instance,INF_avg,INF_sd,INF_r1,INF_kr,INF_sk,SUP_avg,SUP_sd,SUP_r1,SUP_kr,SUP_sk,INC_avg,INC_sd,INC_r1,INC_kr,INC_sk,IND_avg,IND_sd,IND_r1,IND_kr,IND_sk
192,0.295,0.0288097206,-0.3111111111,2.8193496879,-1.185593814,0.254,0.0312089731,0.0489944373,2.5691827347,0.7467051667,0.451,0.0411582313,-0.2334861149,2.2734737089,0.4308823779,0.451,0.0411582313,-0.2334861149,2.2734737089,0.4308823779
