Instance,INF_avg,INF_sd,INF_r1,INF_kr,INF_sk,SUP_avg,SUP_sd,SUP_r1,SUP_kr,SUP_sk,INC_avg,INC_sd,INC_r1,INC_kr,INC_sk,IND_avg,IND_sd,IND_r1,IND_kr,IND_sk
248,0.3513461538,0.0721917544,0.6466370016,1.9560190186,0.0525151665,0.0728846154,0.0487373865,0.7622370096,2.7392814406,0.6750269617,0.5757692308,0.0430047472,0.0832298645,2.1777652098,0.2064439949,0.5757692308,0.0430047472,0.0832298645,2.1777652098,0.2064439949
