Instance,INF_avg,INF_sd,INF_r1,INF_kr,INF_sk,SUP_avg,SUP_sd,SUP_r1,SUP_kr,SUP_sk,INC_avg,INC_sd,INC_r1,INC_kr,INC_sk,IND_avg,IND_sd,IND_r1,IND_kr,IND_sk
9,0.3185,0.0263675937,-0.3199472021,2.6002997688,0.8806697986,0.2355,0.0529362825,0.4401326762,2.5358388591,0.4252642805,0.446,0.0509803884,0.0522699717,1.9464743669,-0.1271566081,0.446,0.0509803884,0.0522699717,1.9464743669,-0.1271566081
