Instance,INF_avg,INF_sd,INF_r1,INF_kr,INF_sk,SUP_avg,SUP_sd,SUP_r1,SUP_kr,SUP_sk,INC_avg,INC_sd,INC_r1,INC_kr,INC_sk,IND_avg,IND_sd,IND_r1,IND_kr,IND_sk
101,0.237,0.0893364427,-0.1296417697,2.3471265023,-0.38435659,0.237,0.0870689382,0.0517129535,2.4808412112,-0.0752102482,0.526,0.1011137973,-0.0751698255,2.8231988436,-0.1886732108,0.526,0.1011137973,-0.0751698255,2.8231988436,-0.1886732108
