Instance,INF_avg,INF_sd,INF_r1,INF_kr,INF_sk,SUP_avg,SUP_sd,SUP_r1,SUP_kr,SUP_sk,INC_avg,INC_sd,INC_r1,INC_kr,INC_sk,IND_avg,IND_sd,IND_r1,IND_kr,IND_sk
123,0.256,0.0278208555,0.2973146808,1.3789936502,0.2624766728,0.274,0.0287054002,0.1703680203,1.90451798,0.1130077274,0.47,0.0324037035,-0.0119331742,4.0782312925,-1.304965474,0.47,0.0324037035,-0.0119331742,4.0782312925,-1.304965474
