Instance,INF_avg,INF_sd,INF_r1,INF_kr,INF_sk,SUP_avg,SUP_sd,SUP_r1,SUP_kr,SUP_sk,INC_avg,INC_sd,INC_r1,INC_kr,INC_sk,IND_avg,IND_sd,IND_r1,IND_kr,IND_sk
109,0.2778,0.0338254342,0.1430171011,2.4063407046,-0.0215209102,0.2344,0.021228283,-0.0739460567,2.2585625386,0.3466714752,0.4878,0.0377910042,0.1509586283,3.0487900013,0.3505825989,0.4878,0.0377910042,0.1509586283,3.0487900013,0.3505825989
