Instance,INF_avg,INF_sd,INF_r1,INF_kr,INF_sk,SUP_avg,SUP_sd,SUP_r1,SUP_kr,SUP_sk,INC_avg,INC_sd,INC_r1,INC_kr,INC_sk,IND_avg,IND_sd,IND_r1,IND_kr,IND_sk
6,0.256,0.1235475617,-0.1213748203,2.2122476695,-0.0105884413,0.192,0.0976524449,-0.214250922,2.735946579,0.4181381715,0.552,0.1652150114,-0.4231728883,2.1388348687,-0.2214741596,0.552,0.1652150114,-0.4231728883,2.1388348687,-0.2214741596
