Instance,INF_avg,INF_sd,INF_r1,INF_kr,INF_sk,SUP_avg,SUP_sd,SUP_r1,SUP_kr,SUP_sk,INC_avg,INC_sd,INC_r1,INC_kr,INC_sk,IND_avg,IND_sd,IND_r1,IND_kr,IND_sk
291,0.2381,0.0289290511,-0.1416822157,2.9473418344,0.4301712298,0.2516,0.0342701036,0.0117923468,2.2332670626,-0.2148273015,0.5103,0.0339029497,-0.1107803129,6.8542972409,-1.3909221493,0.5103,0.0339029497,-0.1107803129,6.8542972409,-1.3909221493
