Instance,INF_avg,INF_sd,INF_r1,INF_kr,INF_sk,SUP_avg,SUP_sd,SUP_r1,SUP_kr,SUP_sk,INC_avg,INC_sd,INC_r1,INC_kr,INC_sk,IND_avg,IND_sd,IND_r1,IND_kr,IND_sk
246,0.255,0.0986154146,0.1828071106,2.839903252,-0.2956096779,0.21,0.0768114575,0.115913556,2.5300201092,-0.5031029102,0.535,0.0838152731,-0.0648315828,2.6445587062,0.478938352,0.535,0.0838152731,-0.0648315828,2.6445587062,0.478938352
