Instance,INF_avg,INF_sd,INF_r1,INF_kr,INF_sk,SUP_avg,SUP_sd,SUP_r1,SUP_kr,SUP_sk,INC_avg,INC_sd,INC_r1,INC_kr,INC_sk,IND_avg,IND_sd,IND_r1,IND_kr,IND_sk
8,0.228,0.080411442,0.0814073862,4.5967211584,0.5479551289,0.226,0.1025865488,0.0575474174,2.7277994545,0.0199625639,0.546,0.110154437,-0.0900829203,3.067774882,0.32595201,0.546,0.110154437,-0.0900829203,3.067774882,0.32595201
