Instance,INF_avg,INF_sd,INF_r1,INF_kr,INF_sk,SUP_avg,SUP_sd,SUP_r1,SUP_kr,SUP_sk,INC_avg,INC_sd,INC_r1,INC_kr,INC_sk,IND_avg,IND_sd,IND_r1,IND_kr,IND_sk
266,0.298,0.030757113,-0.1345246123,2.4634736668,-0.5023331392,0.146,0.0226715681,-0.6659646167,2.4253281655,-0.8897137657,0.556,0.0507346036,-0.4372303267,2.6654269067,0.9748154705,0.556,0.0507346036,-0.4372303267,2.6654269067,0.9748154705
