Instance,INF_avg,INF_sd,INF_r1,INF_kr,INF_sk,SUP_avg,SUP_sd,SUP_r1,SUP_kr,SUP_sk,INC_avg,INC_sd,INC_r1,INC_kr,INC_sk,IND_avg,IND_sd,IND_r1,IND_kr,IND_sk
46,0.264,0.1212600511,-0.0269400797,2.5398603535,0.3783987951,0.262,0.1426744546,-0.1867888811,2.6623271034,0.3978457736,0.474,0.1610093165,-0.3236342978,2.4681933667,0.0238734711,0.474,0.1610093165,-0.3236342978,2.4681933667,0.0238734711
