Instance,INF_avg,INF_sd,INF_r1,INF_kr,INF_sk,SUP_avg,SUP_sd,SUP_r1,SUP_kr,SUP_sk,INC_avg,INC_sd,INC_r1,INC_kr,INC_sk,IND_avg,IND_sd,IND_r1,IND_kr,IND_sk
224,0.223,0.1181989848,-0.0259237745,2.224632693,0.0931560561,0.247,0.1276362018,0.2220174172,2.6318338058,0.485324692,0.53,0.1473091986,-0.058938275,2.0438106564,0.0563096599,0.53,0.1473091986,-0.058938275,2.0438106564,0.0563096599
