Instance,INF_avg,INF_sd,INF_r1,INF_kr,INF_sk,SUP_avg,SUP_sd,SUP_r1,SUP_kr,SUP_sk,INC_avg,INC_sd,INC_r1,INC_kr,INC_sk,IND_avg,IND_sd,IND_r1,IND_kr,IND_sk
112,0.4373333333,0.0983237283,0.4528004601,3.5571420572,-0.6980665774,0.1074666667,0.0650557368,0.5991494182,3.379037548,0.9411472367,0.4552,0.0797890552,-0.0936606224,3.6106277482,0.1781737174,0.4552,0.0797890552,-0.0936606224,3.6106277482,0.1781737174
