Instance,INF_avg,INF_sd,INF_r1,INF_kr,INF_sk,SUP_avg,SUP_sd,SUP_r1,SUP_kr,SUP_sk,INC_avg,INC_sd,INC_r1,INC_kr,INC_sk,IND_avg,IND_sd,IND_r1,IND_kr,IND_sk
222,0.351875,0.1239061515,0.7832509687,2.815656539,0.5017335146,0.13375,0.0938665942,0.732448121,3.4232624106,0.9617122633,0.514375,0.0737791256,0.301832345,3.4159391732,-0.8717252104,0.514375,0.0737791256,0.301832345,3.4159391732,-0.8717252104
