Instance,INF_avg,INF_sd,INF_r1,INF_kr,INF_sk,SUP_avg,SUP_sd,SUP_r1,SUP_kr,SUP_sk,INC_avg,INC_sd,INC_r1,INC_kr,INC_sk,IND_avg,IND_sd,IND_r1,IND_kr,IND_sk
205,0.5162195122,0.1073845409,0.8975870892,2.3869659069,-0.536978837,0.0776422764,0.0676802778,0.9123433849,3.2072642961,1.0682712928,0.4061382114,0.0501372628,0.6493761754,2.5234450562,-0.037556789,0.4061382114,0.0501372628,0.6493761754,2.5234450562,-0.037556789
