Instance,INF_avg,INF_sd,INF_r1,INF_kr,INF_sk,SUP_avg,SUP_sd,SUP_r1,SUP_kr,SUP_sk,INC_avg,INC_sd,INC_r1,INC_kr,INC_sk,IND_avg,IND_sd,IND_r1,IND_kr,IND_sk
197,0.268,0.0466476152,0.552238806,1.6280276817,0.3631734744,0.192,0.0348711915,-0.4690026954,1.7957063712,-0.0543353054,0.54,0.0593295879,0.0571428571,2.0351239669,-0.5516180693,0.54,0.0593295879,0.0571428571,2.0351239669,-0.5516180693
