Instance,INF_avg,INF_sd,INF_r1,INF_kr,INF_sk,SUP_avg,SUP_sd,SUP_r1,SUP_kr,SUP_sk,INC_avg,INC_sd,INC_r1,INC_kr,INC_sk,IND_avg,IND_sd,IND_r1,IND_kr,IND_sk
117,0.277,0.0540462765,-0.1381174622,2.1806436316,-0.5877271535,0.259,0.0559374651,0.0097605458,4.1589286136,-1.2564366134,0.464,0.0585149554,-0.5851077076,1.7160914709,0.2008832242,0.464,0.0585149554,-0.5851077076,1.7160914709,0.2008832242
