Instance,INF_avg,INF_sd,INF_r1,INF_kr,INF_sk,SUP_avg,SUP_sd,SUP_r1,SUP_kr,SUP_sk,INC_avg,INC_sd,INC_r1,INC_kr,INC_sk,IND_avg,IND_sd,IND_r1,IND_kr,IND_sk
100,0.23,0.1565247584,-0.059553958,3.7063390254,0.9043362969,0.242,0.1429545382,-0.1963441984,2.452193273,0.510360215,0.528,0.1833466662,0.0373901201,2.2744539725,0.2651635295,0.528,0.1833466662,0.0373901201,2.2744539725,0.2651635295
