Instance,INF_avg,INF_sd,INF_r1,INF_kr,INF_sk,SUP_avg,SUP_sd,SUP_r1,SUP_kr,SUP_sk,INC_avg,INC_sd,INC_r1,INC_kr,INC_sk,IND_avg,IND_sd,IND_r1,IND_kr,IND_sk
191,0.264,0.0582408791,0.0651021953,1.8494126023,-0.013606471,0.2576,0.0588747824,0.3439371893,2.6870139954,0.5033992019,0.4784,0.0559771382,0.0627384694,1.903775491,-0.1586957394,0.4784,0.0559771382,0.0627384694,1.903775491,-0.1586957394
