Instance,INF_avg,INF_sd,INF_r1,INF_kr,INF_sk,SUP_avg,SUP_sd,SUP_r1,SUP_kr,SUP_sk,INC_avg,INC_sd,INC_r1,INC_kr,INC_sk,IND_avg,IND_sd,IND_r1,IND_kr,IND_sk
59,0.2396,0.0334864152,-0.0004701774,3.1885718436,0.2910325404,0.2523,0.0357380749,0.1329835868,2.331880597,-0.0713093241,0.5081,0.0383456647,0.2054941725,3.2323929799,-0.1987195028,0.5081,0.0383456647,0.2054941725,3.2323929799,-0.1987195028
