Instance,INF_avg,INF_sd,INF_r1,INF_kr,INF_sk,SUP_avg,SUP_sd,SUP_r1,SUP_kr,SUP_sk,INC_avg,INC_sd,INC_r1,INC_kr,INC_sk,IND_avg,IND_sd,IND_r1,IND_kr,IND_sk
222,0.21,0.1315294644,-0.1915042595,3.2650940559,0.5537342548,0.3,0.1311487705,0.1058823529,3.4207679827,0.5851689327,0.49,0.1459451952,-0.0700748372,2.7128876546,-0.4053228988,0.49,0.1459451952,-0.0700748372,2.7128876546,-0.4053228988
