Instance,INF_avg,INF_sd,INF_r1,INF_kr,INF_sk,SUP_avg,SUP_sd,SUP_r1,SUP_kr,SUP_sk,INC_avg,INC_sd,INC_r1,INC_kr,INC_sk,IND_avg,IND_sd,IND_r1,IND_kr,IND_sk
277,0.259,0.0287923601,-0.2637154748,1.9433895824,0.6027936009,0.289,0.0448218697,-0.1459098875,1.7438344275,0.0591690111,0.452,0.0357211422,-0.2143559489,2.3149045312,0.4286073705,0.452,0.0357211422,-0.2143559489,2.3149045312,0.4286073705
