Instance,INF_avg,INF_sd,INF_r1,INF_kr,INF_sk,SUP_avg,SUP_sd,SUP_r1,SUP_kr,SUP_sk,INC_avg,INC_sd,INC_r1,INC_kr,INC_sk,IND_avg,IND_sd,IND_r1,IND_kr,IND_sk
272,0.3456666667,0.0722118796,0.5783076454,2.9832503738,-0.2580321426,0.1176666667,0.0815754593,0.8001874396,3.0510946737,0.735677291,0.5366666667,0.0560852526,0.0963386593,3.6869530346,-0.2751441982,0.5366666667,0.0560852526,0.0963386593,3.6869530346,-0.2751441982
