Instance,INF_avg,INF_sd,INF_r1,INF_kr,INF_sk,SUP_avg,SUP_sd,SUP_r1,SUP_kr,SUP_sk,INC_avg,INC_sd,INC_r1,INC_kr,INC_sk,IND_avg,IND_sd,IND_r1,IND_kr,IND_sk
134,0.2742,0.0668308312,0.2018992362,2.8104319508,0.261280552,0.2258,0.0690098544,0.117116644,2.9152875462,0.3049441476,0.5,0.0775628777,0.0592149035,2.7640830127,0.0174875278,0.5,0.0775628777,0.0592149035,2.7640830127,0.0174875278
