Instance,INF_avg,INF_sd,INF_r1,INF_kr,INF_sk,SUP_avg,SUP_sd,SUP_r1,SUP_kr,SUP_sk,INC_avg,INC_sd,INC_r1,INC_kr,INC_sk,IND_avg,IND_sd,IND_r1,IND_kr,IND_sk
49,0.2266,0.0453259308,-0.0256742785,2.0171651681,0.0697447754,0.27,0.055027266,-0.0802973978,2.7958778394,-0.1317948771,0.5034,0.0539114088,-0.1440201829,3.6419375604,0.451432024,0.5034,0.0539114088,-0.1440201829,3.6419375604,0.451432024
