Instance,INF_avg,INF_sd,INF_r1,INF_kr,INF_sk,SUP_avg,SUP_sd,SUP_r1,SUP_kr,SUP_sk,INC_avg,INC_sd,INC_r1,INC_kr,INC_sk,IND_avg,IND_sd,IND_r1,IND_kr,IND_sk
117,0.25625,0.0311558582,0.0092242156,2.4410278933,0.2255665279,0.2421,0.0317110391,0.0377918118,2.5897509157,0.168416672,0.50165,0.0395856982,0.1615199147,4.4248411506,0.005883616,0.50165,0.0395856982,0.1615199147,4.4248411506,0.005883616
