Instance,INF_avg,INF_sd,INF_r1,INF_kr,INF_sk,SUP_avg,SUP_sd,SUP_r1,SUP_kr,SUP_sk,INC_avg,INC_sd,INC_r1,INC_kr,INC_sk,IND_avg,IND_sd,IND_r1,IND_kr,IND_sk
178,0.268,0.0331058907,0.4676320273,1.5467259843,-0.2539958582,0.222,0.0318747549,0.7785547786,2.4459358919,0.9293262752,0.51,0.0244948974,-0.6666666667,1.9666666667,0.4082482905,0.51,0.0244948974,-0.6666666667,1.9666666667,0.4082482905
