Instance,INF_avg,INF_sd,INF_r1,INF_kr,INF_sk,SUP_avg,SUP_sd,SUP_r1,SUP_kr,SUP_sk,INC_avg,INC_sd,INC_r1,INC_kr,INC_sk,IND_avg,IND_sd,IND_r1,IND_kr,IND_sk
236,0.2243,0.0483788177,0.2467360351,2.6589799611,-0.0494747969,0.2525,0.0452410212,-0.0562632371,2.838181822,0.0013364355,0.5232,0.0510858102,0.0934263634,2.827003675,0.1423139327,0.5232,0.0510858102,0.0934263634,2.827003675,0.1423139327
