Instance,INF_avg,INF_sd,INF_r1,INF_kr,INF_sk,SUP_avg,SUP_sd,SUP_r1,SUP_kr,SUP_sk,INC_avg,INC_sd,INC_r1,INC_kr,INC_sk,IND_avg,IND_sd,IND_r1,IND_kr,IND_sk
278,0.246,0.1150391238,0.1371524418,2.5834729122,0.4869669468,0.286,0.1067895126,0.0302500257,2.7460439278,0.1697383108,0.468,0.1177964346,-0.0018203113,2.4546150681,-0.1270299763,0.468,0.1177964346,-0.0018203113,2.4546150681,-0.1270299763
