Instance,INF_avg,INF_sd,INF_r1,INF_kr,INF_sk,SUP_avg,SUP_sd,SUP_r1,SUP_kr,SUP_sk,INC_avg,INC_sd,INC_r1,INC_kr,INC_sk,IND_avg,IND_sd,IND_r1,IND_kr,IND_sk
87,0.28015,0.0387456772,0.3048662644,3.4743928802,0.4583117178,0.2452,0.040440821,0.3286872388,2.7539496082,0.0278762361,0.47465,0.0402508074,0.2565713593,3.1038792013,0.0852983272,0.47465,0.0402508074,0.2565713593,3.1038792013,0.0852983272
