Instance,INF_avg,INF_sd,INF_r1,INF_kr,INF_sk,SUP_avg,SUP_sd,SUP_r1,SUP_kr,SUP_sk,INC_avg,INC_sd,INC_r1,INC_kr,INC_sk,IND_avg,IND_sd,IND_r1,IND_kr,IND_sk
160,0.306,0.0743236167,-0.1294330246,3.4299238502,0.9790247907,0.234,0.078,0.5147778299,2.4488962545,0.1553633743,0.46,0.0867179336,-0.0813953488,1.8254866455,-0.3533098244,0.46,0.0867179336,-0.0813953488,1.8254866455,-0.3533098244
