Instance,INF_avg,INF_sd,INF_r1,INF_kr,INF_sk,SUP_avg,SUP_sd,SUP_r1,SUP_kr,SUP_sk,INC_avg,INC_sd,INC_r1,INC_kr,INC_sk,IND_avg,IND_sd,IND_r1,IND_kr,IND_sk
142,0.18,0.1886796226,-0.2260967379,2.9146572402,1.0040204639,0.29,0.13,-0.2374185909,3.3058016176,-0.6335912608,0.53,0.1268857754,-0.0680824485,3.269048262,0.3054539711,0.53,0.1268857754,-0.0680824485,3.269048262,0.3054539711
