Instance,INF_avg,INF_sd,INF_r1,INF_kr,INF_sk,SUP_avg,SUP_sd,SUP_r1,SUP_kr,SUP_sk,INC_avg,INC_sd,INC_r1,INC_kr,INC_sk,IND_avg,IND_sd,IND_r1,IND_kr,IND_sk
21,0.246,0.0631189354,-0.0021896581,2.6022281899,-0.326597046,0.227,0.1010989614,0.042851691,2.3550177703,0.0144348506,0.527,0.1020832993,-0.159703451,2.9588300222,-0.2268111654,0.527,0.1020832993,-0.159703451,2.9588300222,-0.2268111654
