Instance,INF_avg,INF_sd,INF_r1,INF_kr,INF_sk,SUP_avg,SUP_sd,SUP_r1,SUP_kr,SUP_sk,INC_avg,INC_sd,INC_r1,INC_kr,INC_sk,IND_avg,IND_sd,IND_r1,IND_kr,IND_sk
63,0.2546,0.0815281546,0.4446982185,2.7227439049,0.4687103085,0.275,0.0715751353,0.1062686275,2.7684499093,0.2175469797,0.4704,0.0828241511,0.309917164,2.4519759632,-0.1964794928,0.4704,0.0828241511,0.309917164,2.4519759632,-0.1964794928
