Instance,INF_avg,INF_sd,INF_r1,INF_kr,INF_sk,SUP_avg,SUP_sd,SUP_r1,SUP_kr,SUP_sk,INC_avg,INC_sd,INC_r1,INC_kr,INC_sk,IND_avg,IND_sd,IND_r1,IND_kr,IND_sk
206,0.266,0.1394417441,0.0769173544,3.8166368386,0.6648428778,0.266,0.1258729518,-0.066200923,2.8129563038,-0.0023105492,0.468,0.1567673435,0.0367978233,2.9127807617,-0.1474119193,0.468,0.1567673435,0.0367978233,2.9127807617,-0.1474119193
