Instance,INF_avg,INF_sd,INF_r1,INF_kr,INF_sk,SUP_avg,SUP_sd,SUP_r1,SUP_kr,SUP_sk,INC_avg,INC_sd,INC_r1,INC_kr,INC_sk,IND_avg,IND_sd,IND_r1,IND_kr,IND_sk
34,0.32,0.0842614977,-0.3730569948,2.8420948225,1.1132346259,0.25,0.124498996,-0.6290322581,2.471383975,0.4663854168,0.43,0.1288409873,-0.5381736527,2.0279430977,0.0953823538,0.43,0.1288409873,-0.5381736527,2.0279430977,0.0953823538
