Instance,INF_avg,INF_sd,INF_r1,INF_kr,INF_sk,SUP_avg,SUP_sd,SUP_r1,SUP_kr,SUP_sk,INC_avg,INC_sd,INC_r1,INC_kr,INC_sk,IND_avg,IND_sd,IND_r1,IND_kr,IND_sk
233,0.28,0.1053565375,0.1008174387,2.5880204529,0.6618453051,0.225,0.1030776406,-0.0769230769,2.815916955,-0.958729059,0.495,0.035,0.18200409,2.0395668471,0.139941691,0.495,0.035,0.18200409,2.0395668471,0.139941691
