Instance,INF_avg,INF_sd,INF_r1,INF_kr,INF_sk,SUP_avg,SUP_sd,SUP_r1,SUP_kr,SUP_sk,INC_avg,INC_sd,INC_r1,INC_kr,INC_sk,IND_avg,IND_sd,IND_r1,IND_kr,IND_sk
131,0.248,0.0284253408,-0.1586845624,3.6672568866,-0.7547128614,0.2446,0.0339387684,0.1828406749,2.4191906525,0.4817419695,0.5074,0.0354998592,0.2711461502,2.062474127,0.0275479137,0.5074,0.0354998592,0.2711461502,2.062474127,0.0275479137
