Instance,INF_avg,INF_sd,INF_r1,INF_kr,INF_sk,SUP_avg,SUP_sd,SUP_r1,SUP_kr,SUP_sk,INC_avg,INC_sd,INC_r1,INC_kr,INC_sk,IND_avg,IND_sd,IND_r1,IND_kr,IND_sk
260,0.27,0.0891627725,0.0355363231,2.9426842293,0.4126436606,0.3295,0.1041861315,0.0113265614,2.3388812619,0.1745775348,0.4005,0.1130254396,0.0803182698,2.9600564917,0.1226478403,0.4005,0.1130254396,0.0803182698,2.9600564917,0.1226478403
