Instance,INF_avg,INF_sd,INF_r1,INF_kr,INF_sk,SUP_avg,SUP_sd,SUP_r1,SUP_kr,SUP_sk,INC_avg,INC_sd,INC_r1,INC_kr,INC_sk,IND_avg,IND_sd,IND_r1,IND_kr,IND_sk
207,0.4,0.1264911064,-0.8571428571,1.5625,0.5929270613,0.12,0.04,-0.3157894737,3.25,1.5,0.48,0.1166190379,-0.6791044776,1.6280276817,-0.3631734744,0.48,0.1166190379,-0.6791044776,1.6280276817,-0.3631734744
