Instance,INF_avg,INF_sd,INF_r1,INF_kr,INF_sk,SUP_avg,SUP_sd,SUP_r1,SUP_kr,SUP_sk,INC_avg,INC_sd,INC_r1,INC_kr,INC_sk,IND_avg,IND_sd,IND_r1,IND_kr,IND_sk
198,0.24,0.1624807681,-0.4405487805,1.6831955923,0.5986722516,0.2,0.161245155,0.28,1.9822485207,0.4293510043,0.56,0.22,-0.1615320566,1.811829793,0.0067618332,0.56,0.22,-0.1615320566,1.811829793,0.0067618332
