Instance,INF_avg,INF_sd,INF_r1,INF_kr,INF_sk,SUP_avg,SUP_sd,SUP_r1,SUP_kr,SUP_sk,INC_avg,INC_sd,INC_r1,INC_kr,INC_sk,IND_avg,IND_sd,IND_r1,IND_kr,IND_sk
109,0.246,0.1291665591,-0.0747626516,2.2772735631,0.2971079263,0.243,0.1313430622,0.0697802659,5.0668487651,0.893774713,0.511,0.1384882667,-0.1367140686,2.9747325017,-0.1296044374,0.511,0.1384882667,-0.1367140686,2.9747325017,-0.1296044374
