Instance,INF_avg,INF_sd,INF_r1,INF_kr,INF_sk,SUP_avg,SUP_sd,SUP_r1,SUP_kr,SUP_sk,INC_avg,INC_sd,INC_r1,INC_kr,INC_sk,IND_avg,IND_sd,IND_r1,IND_kr,IND_sk
262,0.257,0.1290387539,-0.0074847392,2.6160051273,0.2501535528,0.26,0.142126704,-0.0612973616,2.6536614057,0.455596826,0.483,0.1549548321,-0.092005993,2.1496360574,-0.1184012191,0.483,0.1549548321,-0.092005993,2.1496360574,-0.1184012191
