Instance,INF_avg,INF_sd,INF_r1,INF_kr,INF_sk,SUP_avg,SUP_sd,SUP_r1,SUP_kr,SUP_sk,INC_avg,INC_sd,INC_r1,INC_kr,INC_sk,IND_avg,IND_sd,IND_r1,IND_kr,IND_sk
2,0.2752,0.0583177503,0.0788393956,2.4650822583,-0.130059799,0.2376,0.0653164604,0.2741963616,3.6494892063,0.7338473783,0.4872,0.0592972175,0.2236787573,4.9037226831,-1.0244788318,0.4872,0.0592972175,0.2236787573,4.9037226831,-1.0244788318
