Instance,INF_avg,INF_sd,INF_r1,INF_kr,INF_sk,SUP_avg,SUP_sd,SUP_r1,SUP_kr,SUP_sk,INC_avg,INC_sd,INC_r1,INC_kr,INC_sk,IND_avg,IND_sd,IND_r1,IND_kr,IND_sk
16,0.4526923077,0.1474542352,0.8724482572,1.8369026385,-0.2984909716,0.0840384615,0.0731242256,0.6717584515,3.5583266714,1.1710840456,0.4632692308,0.0922938692,0.6545239616,2.252582341,0.2831856338,0.4632692308,0.0922938692,0.6545239616,2.252582341,0.2831856338
