Instance,INF_avg,INF_sd,INF_r1,INF_kr,INF_sk,SUP_avg,SUP_sd,SUP_r1,SUP_kr,SUP_sk,INC_avg,INC_sd,INC_r1,INC_kr,INC_sk,IND_avg,IND_sd,IND_r1,IND_kr,IND_sk
283,0.2744,0.0623589609,0.1283250647,2.9155107285,-0.4358718157,0.2024,0.0442971782,-0.2456173345,3.3280848087,0.599367603,0.5232,0.0730325955,-0.0129681122,2.1888397524,0.4582941378,0.5232,0.0730325955,-0.0129681122,2.1888397524,0.4582941378
