Instance,INF_avg,INF_sd,INF_r1,INF_kr,INF_sk,SUP_avg,SUP_sd,SUP_r1,SUP_kr,SUP_sk,INC_avg,INC_sd,INC_r1,INC_kr,INC_sk,IND_avg,IND_sd,IND_r1,IND_kr,IND_sk
289,0.262,0.1440694277,-0.1954938256,2.277203162,0.3013257803,0.284,0.160449369,-0.0340647767,2.7182041198,0.2614162019,0.454,0.1615054179,-0.0784944371,3.4647284776,0.1844248701,0.454,0.1615054179,-0.0784944371,3.4647284776,0.1844248701
