Instance,INF_avg,INF_sd,INF_r1,INF_kr,INF_sk,SUP_avg,SUP_sd,SUP_r1,SUP_kr,SUP_sk,INC_avg,INC_sd,INC_r1,INC_kr,INC_sk,IND_avg,IND_sd,IND_r1,IND_kr,IND_sk
31,0.28,0.0979795897,-0.0924369748,2.7291666667,-0.8675276172,0.28,0.1166190379,0.5149253731,1.6280276817,-0.3631734744,0.44,0.1356465997,0.226519337,1.2296786389,0.2115471545,0.44,0.1356465997,0.226519337,1.2296786389,0.2115471545
