Instance,INF_avg,INF_sd,INF_r1,INF_kr,INF_sk,SUP_avg,SUP_sd,SUP_r1,SUP_kr,SUP_sk,INC_avg,INC_sd,INC_r1,INC_kr,INC_sk,IND_avg,IND_sd,IND_r1,IND_kr,IND_sk
31,0.206,0.0215406592,0.1942604857,2.1189989596,0.178291537,0.269,0.0292232784,0.3948673083,1.7926413242,0.2820086675,0.525,0.0439317653,0.4297520661,1.2822491879,0.3396694783,0.525,0.0439317653,0.4297520661,1.2822491879,0.3396694783
