Instance,INF_avg,INF_sd,INF_r1,INF_kr,INF_sk,SUP_avg,SUP_sd,SUP_r1,SUP_kr,SUP_sk,INC_avg,INC_sd,INC_r1,INC_kr,INC_sk,IND_avg,IND_sd,IND_r1,IND_kr,IND_sk
17,0.315,0.1141271221,0.168980987,2.5146422243,0.4359216191,0.225,0.0715891053,0.1358024691,2.2278405711,-0.715465181,0.46,0.0734846923,-0.2418300654,2.195473251,0.4082482905,0.46,0.0734846923,-0.2418300654,2.195473251,0.4082482905
