Instance,INF_avg,INF_sd,INF_r1,INF_kr,INF_sk,SUP_avg,SUP_sd,SUP_r1,SUP_kr,SUP_sk,INC_avg,INC_sd,INC_r1,INC_kr,INC_sk,IND_avg,IND_sd,IND_r1,IND_kr,IND_sk
86,0.29,0.0824621125,0.0024706609,2.9446366782,-0.8025075828,0.296,0.1121784293,-0.0648605639,2.2636745154,0.184940587,0.414,0.1338058295,0.0421327167,4.0876219192,0.4759808171,0.414,0.1338058295,0.0421327167,4.0876219192,0.4759808171
