Instance,INF_avg,INF_sd,INF_r1,INF_kr,INF_sk,SUP_avg,SUP_sd,SUP_r1,SUP_kr,SUP_sk,INC_avg,INC_sd,INC_r1,INC_kr,INC_sk,IND_avg,IND_sd,IND_r1,IND_kr,IND_sk
300,0.1833333333,0.1301708279,0.5862068966,2.9822628326,0.7640233491,0.2722222222,0.1406554322,-0.4735690051,2.9559142428,0.1409837233,0.5444444444,0.1862561624,0.1008924145,2.2337483061,0.1131534316,0.5444444444,0.1862561624,0.1008924145,2.2337483061,0.1131534316
