Instance,INF_avg,INF_sd,INF_r1,INF_kr,INF_sk,SUP_avg,SUP_sd,SUP_r1,SUP_kr,SUP_sk,INC_avg,INC_sd,INC_r1,INC_kr,INC_sk,IND_avg,IND_sd,IND_r1,IND_kr,IND_sk
293,0.2372,0.04494619,0.0079607493,2.6378089344,0.4166511337,0.2744,0.0516975821,-0.2284695834,2.8675678549,-0.3986713492,0.4884,0.0565459106,0.1907882784,3.2383022912,0.1530502101,0.4884,0.0565459106,0.1907882784,3.2383022912,0.1530502101
