Instance,INF_avg,INF_sd,INF_r1,INF_kr,INF_sk,SUP_avg,SUP_sd,SUP_r1,SUP_kr,SUP_sk,INC_avg,INC_sd,INC_r1,INC_kr,INC_sk,IND_avg,IND_sd,IND_r1,IND_kr,IND_sk
218,0.368,0.0283901391,0.2690278824,2.1772838944,0.3799417976,0.25,0.0202484567,-0.2962962963,3.1305770375,1.4093214977,0.382,0.0366878727,0.2878382397,1.4893073749,0.1866271725,0.382,0.0366878727,0.2878382397,1.4893073749,0.1866271725
