Instance,INF_avg,INF_sd,INF_r1,INF_kr,INF_sk,SUP_avg,SUP_sd,SUP_r1,SUP_kr,SUP_sk,INC_avg,INC_sd,INC_r1,INC_kr,INC_sk,IND_avg,IND_sd,IND_r1,IND_kr,IND_sk
106,0.25,0.0653299319,0.2078743848,2.5798448646,0.2917926336,0.224,0.0703135833,0.2773462994,3.9120558017,0.4771965312,0.526,0.0719166184,-0.0235204915,2.7851468643,-0.2947471148,0.526,0.0719166184,-0.0235204915,2.7851468643,-0.2947471148
