Instance,INF_avg,INF_sd,INF_r1,INF_kr,INF_sk,SUP_avg,SUP_sd,SUP_r1,SUP_kr,SUP_sk,INC_avg,INC_sd,INC_r1,INC_kr,INC_sk,IND_avg,IND_sd,IND_r1,IND_kr,IND_sk
142,0.2851851852,0.1267943909,-0.1523691655,2.8443808315,0.4974725472,0.2111111111,0.1030402055,0.26109128,2.3810167658,0.1830649406,0.5037037037,0.1373869407,-0.0196495384,2.7184140921,-0.6664707992,0.5037037037,0.1373869407,-0.0196495384,2.7184140921,-0.6664707992
