Instance,INF_avg,INF_sd,INF_r1,INF_kr,INF_sk,SUP_avg,SUP_sd,SUP_r1,SUP_kr,SUP_sk,INC_avg,INC_sd,INC_r1,INC_kr,INC_sk,IND_avg,IND_sd,IND_r1,IND_kr,IND_sk
224,0.268,0.1318180564,-0.1094151372,1.4991249758,-0.0258182757,0.248,0.1330263132,-0.1815603868,2.1696892505,0.2978649025,0.484,0.1376372043,0.1054974095,3.0919238495,-0.0792329767,0.484,0.1376372043,0.1054974095,3.0919238495,-0.0792329767
