Instance,INF_avg,INF_sd,INF_r1,INF_kr,INF_sk,SUP_avg,SUP_sd,SUP_r1,SUP_kr,SUP_sk,INC_avg,INC_sd,INC_r1,INC_kr,INC_sk,IND_avg,IND_sd,IND_r1,IND_kr,IND_sk
232,0.3138,0.0547499772,0.2828576099,2.8558558741,-0.0402583676,0.2142,0.0463072349,0.1329006829,2.3912830507,0.1730824063,0.472,0.0588727441,0.1055134077,2.2812583138,0.1471971014,0.472,0.0588727441,0.1055134077,2.2812583138,0.1471971014
