Instance,INF_avg,INF_sd,INF_r1,INF_kr,INF_sk,SUP_avg,SUP_sd,SUP_r1,SUP_kr,SUP_sk,INC_avg,INC_sd,INC_r1,INC_kr,INC_sk,IND_avg,IND_sd,IND_r1,IND_kr,IND_sk
57,0.3563513514,0.0702856012,0.6398225092,2.1100678636,0.3269563016,0.0955405405,0.0597266723,0.8633263173,2.0792619889,0.4758120971,0.5481081081,0.0400059345,-0.0791375259,3.5786929723,0.3995688586,0.5481081081,0.0400059345,-0.0791375259,3.5786929723,0.3995688586
