Instance,INF_avg,INF_sd,INF_r1,INF_kr,INF_sk,SUP_avg,SUP_sd,SUP_r1,SUP_kr,SUP_sk,INC_avg,INC_sd,INC_r1,INC_kr,INC_sk,IND_avg,IND_sd,IND_r1,IND_kr,IND_sk
178,0.26295,0.0315364472,0.1657335098,2.6432920132,-0.01653678,0.24955,0.0330082944,0.1131731893,2.2962617629,-0.2953714503,0.4875,0.0337231375,0.0929072049,2.4138141913,0.1576203861,0.4875,0.0337231375,0.0929072049,2.4138141913,0.1576203861
