Instance,INF_avg,INF_sd,INF_r1,INF_kr,INF_sk,SUP_avg,SUP_sd,SUP_r1,SUP_kr,SUP_sk,INC_avg,INC_sd,INC_r1,INC_kr,INC_sk,IND_avg,IND_sd,IND_r1,IND_kr,IND_sk
154,0.26,0.144222051,-0.1415615142,3.1346153846,0.480029016,0.266,0.1784488722,-0.2717435847,3.8131806544,0.919906412,0.474,0.1926758937,-0.3053136296,2.3905140675,0.2199454805,0.474,0.1926758937,-0.3053136296,2.3905140675,0.2199454805
