Instance,INF_avg,INF_sd,INF_r1,INF_kr,INF_sk,SUP_avg,SUP_sd,SUP_r1,SUP_kr,SUP_sk,INC_avg,INC_sd,INC_r1,INC_kr,INC_sk,IND_avg,IND_sd,IND_r1,IND_kr,IND_sk
256,0.2525,0.0423231615,-0.4945441746,1.9145878064,0.7780825674,0.2835,0.0245,-0.4738748289,2.9829471997,-0.6397334444,0.464,0.0336749165,-0.3479140572,2.4053171337,-0.7737377929,0.464,0.0336749165,-0.3479140572,2.4053171337,-0.7737377929
