Instance,INF_avg,INF_sd,INF_r1,INF_kr,INF_sk,SUP_avg,SUP_sd,SUP_r1,SUP_kr,SUP_sk,INC_avg,INC_sd,INC_r1,INC_kr,INC_sk,IND_avg,IND_sd,IND_r1,IND_kr,IND_sk
230,0.3,0.0394968353,-0.7258064516,1.5532544379,-0.3700393841,0.182,0.0549181209,-0.0243706481,2.6198066545,0.6816030875,0.518,0.0519230199,-0.1814744802,3.0697681586,1.3743239612,0.518,0.0519230199,-0.1814744802,3.0697681586,1.3743239612
