Instance,INF_avg,INF_sd,INF_r1,INF_kr,INF_sk,SUP_avg,SUP_sd,SUP_r1,SUP_kr,SUP_sk,INC_avg,INC_sd,INC_r1,INC_kr,INC_sk,IND_avg,IND_sd,IND_r1,IND_kr,IND_sk
247,0.244,0.0496386946,0.3520782396,1.779473773,0.1632576395,0.192,0.0448998886,-0.0777385159,3.0563114135,1.3532751773,0.564,0.0445421149,-0.3326653307,2.0793444329,0.6170311183,0.564,0.0445421149,-0.3326653307,2.0793444329,0.6170311183
