Instance,INF_avg,INF_sd,INF_r1,INF_kr,INF_sk,SUP_avg,SUP_sd,SUP_r1,SUP_kr,SUP_sk,INC_avg,INC_sd,INC_r1,INC_kr,INC_sk,IND_avg,IND_sd,IND_r1,IND_kr,IND_sk
274,0.28,0.0979795897,0.0903387704,2.2669270833,0.4401426882,0.27,0.0959166305,0.1141001855,2.034026465,-0.0339969153,0.45,0.1095445115,0.018018018,2.1875,0.4792572378,0.45,0.1095445115,0.018018018,2.1875,0.4792572378
