Instance,INF_avg,INF_sd,INF_r1,INF_kr,INF_sk,SUP_avg,SUP_sd,SUP_r1,SUP_kr,SUP_sk,INC_avg,INC_sd,INC_r1,INC_kr,INC_sk,IND_avg,IND_sd,IND_r1,IND_kr,IND_sk
54,0.11,0.0734846923,0.1239316239,2.8127572016,1.1642636432,0.35,0.158113883,0.48,1.828,0.3794733192,0.54,0.1428285686,0.1881638847,1.664071511,0.2018050709,0.54,0.1428285686,0.1881638847,1.664071511,0.2018050709
