Instance,INF_avg,INF_sd,INF_r1,INF_kr,INF_sk,SUP_avg,SUP_sd,SUP_r1,SUP_kr,SUP_sk,INC_avg,INC_sd,INC_r1,INC_kr,INC_sk,IND_avg,IND_sd,IND_r1,IND_kr,IND_sk
103,0.244,0.0431740663,-0.0533634625,3.9506253569,-0.5958512621,0.272,0.036986484,-0.0911502291,2.6123422592,0.738060033,0.484,0.0495580468,-0.0438692846,2.7743901792,-0.0323379545,0.484,0.0495580468,-0.0438692846,2.7743901792,-0.0323379545
