Instance,INF_avg,INF_sd,INF_r1,INF_kr,INF_sk,SUP_avg,SUP_sd,SUP_r1,SUP_kr,SUP_sk,INC_avg,INC_sd,INC_r1,INC_kr,INC_sk,IND_avg,IND_sd,IND_r1,IND_kr,IND_sk
18,0.325,0.2277608395,-1.1308411215,2.0979822906,0.8331504072,0.2,0.1224744871,0.5,2.0,-0.8164965809,0.475,0.1479019946,-1.021978022,1.8457142857,0.4346507596,0.475,0.1479019946,-1.021978022,1.8457142857,0.4346507596
