Instance,INF_avg,INF_sd,INF_r1,INF_kr,INF_sk,SUP_avg,SUP_sd,SUP_r1,SUP_kr,SUP_sk,INC_avg,INC_sd,INC_r1,INC_kr,INC_sk,IND_avg,IND_sd,IND_r1,IND_kr,IND_sk
104,0.2566,0.0265977443,0.0338412607,2.0900615623,-0.1514541519,0.2552,0.0211886762,0.0222781889,3.6215238741,-0.5985980205,0.4882,0.028385912,-0.1081832005,2.7992587899,-0.2771073621,0.4882,0.028385912,-0.1081832005,2.7992587899,-0.2771073621
