Instance,INF_avg,INF_sd,INF_r1,INF_kr,INF_sk,SUP_avg,SUP_sd,SUP_r1,SUP_kr,SUP_sk,INC_avg,INC_sd,INC_r1,INC_kr,INC_sk,IND_avg,IND_sd,IND_r1,IND_kr,IND_sk
157,0.28,0.14,-0.0126582278,3.3515201999,0.7959183673,0.26,0.08,0.1025641026,2.078125,0.84375,0.46,0.1428285686,-0.0869565217,2.3056516724,-0.3047668418,0.46,0.1428285686,-0.0869565217,2.3056516724,-0.3047668418
