Instance,INF_avg,INF_sd,INF_r1,INF_kr,INF_sk,SUP_avg,SUP_sd,SUP_r1,SUP_kr,SUP_sk,INC_avg,INC_sd,INC_r1,INC_kr,INC_sk,IND_avg,IND_sd,IND_r1,IND_kr,IND_sk
111,0.4097674419,0.1142210906,0.8271324082,2.1722423223,0.0931741947,0.1179069767,0.0819545574,0.8771659005,3.1507960237,0.9222809088,0.4723255814,0.059193699,0.3816232253,2.8789688918,-0.4666344724,0.4723255814,0.059193699,0.3816232253,2.8789688918,-0.4666344724
