Instance,INF_avg,INF_sd,INF_r1,INF_kr,INF_sk,SUP_avg,SUP_sd,SUP_r1,SUP_kr,SUP_sk,INC_avg,INC_sd,INC_r1,INC_kr,INC_sk,IND_avg,IND_sd,IND_r1,IND_kr,IND_sk
209,0.3112,0.0308959544,0.4633994302,2.4382777619,0.2933623899,0.265,0.0294618397,0.0883977901,3.012778993,0.0727333107,0.4238,0.0329326586,0.0084002568,2.9470866886,-0.3727550027,0.4238,0.0329326586,0.0084002568,2.9470866886,-0.3727550027
