Instance,INF_avg,INF_sd,INF_r1,INF_kr,INF_sk,SUP_avg,SUP_sd,SUP_r1,SUP_kr,SUP_sk,INC_avg,INC_sd,INC_r1,INC_kr,INC_sk,IND_avg,IND_sd,IND_r1,IND_kr,IND_sk
46,0.4790322581,0.1193795746,0.8800935056,2.0512487114,-0.3598493435,0.0801612903,0.0883950432,0.9143430214,3.8696940982,1.3624118469,0.4408064516,0.0556065785,0.5674545978,2.8188927471,0.0842285983,0.4408064516,0.0556065785,0.5674545978,2.8188927471,0.0842285983
