Instance,INF_avg,INF_sd,INF_r1,INF_kr,INF_sk,SUP_avg,SUP_sd,SUP_r1,SUP_kr,SUP_sk,INC_avg,INC_sd,INC_r1,INC_kr,INC_sk,IND_avg,IND_sd,IND_r1,IND_kr,IND_sk
82,0.23,0.0176068169,0.1923076923,2.5,-0.4122303636,0.275,0.0298328678,-0.3267973856,2.0581365989,-0.5084505934,0.495,0.0216794834,-0.3225806452,2.6810774106,-0.9274382889,0.495,0.0216794834,-0.3225806452,2.6810774106,-0.9274382889
