Instance,INF_avg,INF_sd,INF_r1,INF_kr,INF_sk,SUP_avg,SUP_sd,SUP_r1,SUP_kr,SUP_sk,INC_avg,INC_sd,INC_r1,INC_kr,INC_sk,IND_avg,IND_sd,IND_r1,IND_kr,IND_sk
107,0.22,0.0441814441,0.1169230769,2.9580841844,0.8195525782,0.2556,0.0458327394,-0.2663815337,2.5814826958,0.1895928016,0.5244,0.0557551791,0.0160210141,2.090280941,0.3683345489,0.5244,0.0557551791,0.0160210141,2.090280941,0.3683345489
