Instance,INF_avg,INF_sd,INF_r1,INF_kr,INF_sk,SUP_avg,SUP_sd,SUP_r1,SUP_kr,SUP_sk,INC_avg,INC_sd,INC_r1,INC_kr,INC_sk,IND_avg,IND_sd,IND_r1,IND_kr,IND_sk
11,0.24,0.1854723699,-0.0167910448,2.1581936182,0.3460679698,0.33,0.2002498439,-0.0647038685,1.7120353729,-0.0418429908,0.43,0.1417744688,0.1854072964,4.8636667409,1.56649892,0.43,0.1417744688,0.1854072964,4.8636667409,1.56649892
