Instance,INF_avg,INF_sd,INF_r1,INF_kr,INF_sk,SUP_avg,SUP_sd,SUP_r1,SUP_kr,SUP_sk,INC_avg,INC_sd,INC_r1,INC_kr,INC_sk,IND_avg,IND_sd,IND_r1,IND_kr,IND_sk
118,0.271,0.150529067,0.132469849,2.6584703075,0.4473158627,0.233,0.1208759695,-0.07081385,2.8794371054,0.2987194309,0.496,0.1580632785,0.0838764832,2.8663865719,-0.1013225209,0.496,0.1580632785,0.0838764832,2.8663865719,-0.1013225209
