Instance,INF_avg,INF_sd,INF_r1,INF_kr,INF_sk,SUP_avg,SUP_sd,SUP_r1,SUP_kr,SUP_sk,INC_avg,INC_sd,INC_r1,INC_kr,INC_sk,IND_avg,IND_sd,IND_r1,IND_kr,IND_sk
65,0.284,0.0902441134,-0.255209562,2.5855480525,0.0544365,0.227,0.0825893456,-0.152645505,2.3482414289,-0.2834583982,0.489,0.1064377752,-0.1628894958,2.7341959863,0.1515034966,0.489,0.1064377752,-0.1628894958,2.7341959863,0.1515034966
