Instance,INF_avg,INF_sd,INF_r1,INF_kr,INF_sk,SUP_avg,SUP_sd,SUP_r1,SUP_kr,SUP_sk,INC_avg,INC_sd,INC_r1,INC_kr,INC_sk,IND_avg,IND_sd,IND_r1,IND_kr,IND_sk
295,0.304,0.0937229961,0.2183333027,2.3329078205,-0.4439311493,0.264,0.0806473806,-0.0453994852,2.9557445205,0.3414252905,0.432,0.1103449138,0.0762177877,3.9841837889,0.9737833227,0.432,0.1103449138,0.0762177877,3.9841837889,0.9737833227
