Instance,INF_avg,INF_sd,INF_r1,INF_kr,INF_sk,SUP_avg,SUP_sd,SUP_r1,SUP_kr,SUP_sk,INC_avg,INC_sd,INC_r1,INC_kr,INC_sk,IND_avg,IND_sd,IND_r1,IND_kr,IND_sk
277,0.2454,0.0307545119,-0.0537907308,2.248721398,-0.0546625988,0.2127,0.0401398804,0.285894255,2.4367430469,0.332159603,0.5419,0.0390242232,0.0264647391,3.3361204597,0.5345849266,0.5419,0.0390242232,0.0264647391,3.3361204597,0.5345849266
