Instance,INF_avg,INF_sd,INF_r1,INF_kr,INF_sk,SUP_avg,SUP_sd,SUP_r1,SUP_kr,SUP_sk,INC_avg,INC_sd,INC_r1,INC_kr,INC_sk,IND_avg,IND_sd,IND_r1,IND_kr,IND_sk
80,0.494453125,0.1367911192,0.9298715238,2.1106154167,-0.4114343731,0.123828125,0.1017761875,0.9470765265,2.521892637,0.8433725287,0.38171875,0.0470058071,0.537303449,2.381451391,-0.3293486617,0.38171875,0.0470058071,0.537303449,2.381451391,-0.3293486617
