Instance,INF_avg,INF_sd,INF_r1,INF_kr,INF_sk,SUP_avg,SUP_sd,SUP_r1,SUP_kr,SUP_sk,INC_avg,INC_sd,INC_r1,INC_kr,INC_sk,IND_avg,IND_sd,IND_r1,IND_kr,IND_sk
165,0.2505,0.023286262,-0.0351256619,2.3811822187,-0.7286780537,0.231,0.0250798724,0.1246555357,2.5157326971,0.2242121234,0.5185,0.0352171833,0.1126733802,2.8308017615,-0.3898520192,0.5185,0.0352171833,0.1126733802,2.8308017615,-0.3898520192
