Instance,INF_avg,INF_sd,INF_r1,INF_kr,INF_sk,SUP_avg,SUP_sd,SUP_r1,SUP_kr,SUP_sk,INC_avg,INC_sd,INC_r1,INC_kr,INC_sk,IND_avg,IND_sd,IND_r1,IND_kr,IND_sk
211,0.264,0.1010148504,0.0545172195,2.5565791449,0.2558201159,0.268,0.0881816307,-0.2102347747,3.0638860311,-0.0958669468,0.468,0.1165160933,-0.1891356511,2.3199057646,0.111304525,0.468,0.1165160933,-0.1891356511,2.3199057646,0.111304525
