Instance,INF_avg,INF_sd,INF_r1,INF_kr,INF_sk,SUP_avg,SUP_sd,SUP_r1,SUP_kr,SUP_sk,INC_avg,INC_sd,INC_r1,INC_kr,INC_sk,IND_avg,IND_sd,IND_r1,IND_kr,IND_sk
50,0.228,0.0884081444,0.1606640809,2.5508397335,0.3784439007,0.254,0.1112834219,-0.180874452,1.8457436953,-0.0570858899,0.518,0.144138822,0.1390430012,1.8222813148,-0.0710392036,0.518,0.144138822,0.1390430012,1.8222813148,-0.0710392036
