Instance,INF_avg,INF_sd,INF_r1,INF_kr,INF_sk,SUP_avg,SUP_sd,SUP_r1,SUP_kr,SUP_sk,INC_avg,INC_sd,INC_r1,INC_kr,INC_sk,IND_avg,IND_sd,IND_r1,IND_kr,IND_sk
232,0.35,0.078173596,0.2307692308,2.194214876,0.3488738995,0.2166666667,0.1247219129,0.247761194,2.1084183673,0.0906779214,0.4333333333,0.0881917104,-0.2203389831,1.6989795918,-0.4589568601,0.4333333333,0.0881917104,-0.2203389831,1.6989795918,-0.4589568601
