Instance,INF_avg,INF_sd,INF_r1,INF_kr,INF_sk,SUP_avg,SUP_sd,SUP_r1,SUP_kr,SUP_sk,INC_avg,INC_sd,INC_r1,INC_kr,INC_sk,IND_avg,IND_sd,IND_r1,IND_kr,IND_sk
179,0.2399,0.0347345649,0.0001584518,2.4732131594,-0.1632320965,0.2503,0.0274118587,0.1818162219,3.1628738124,0.2981522344,0.5098,0.0353123208,0.0006123565,3.5627032929,-0.1176801475,0.5098,0.0353123208,0.0006123565,3.5627032929,-0.1176801475
