Instance,INF_avg,INF_sd,INF_r1,INF_kr,INF_sk,SUP_avg,SUP_sd,SUP_r1,SUP_kr,SUP_sk,INC_avg,INC_sd,INC_r1,INC_kr,INC_sk,IND_avg,IND_sd,IND_r1,IND_kr,IND_sk
218,0.23945,0.0419457686,0.5958765522,2.523244482,0.4679046091,0.23805,0.0384895765,0.3513598458,2.6056548819,-0.0046012966,0.5225,0.0344927529,0.2226639105,2.6233094539,-0.3827877737,0.5225,0.0344927529,0.2226639105,2.6233094539,-0.3827877737
