Instance,INF_avg,INF_sd,INF_r1,INF_kr,INF_sk,SUP_avg,SUP_sd,SUP_r1,SUP_kr,SUP_sk,INC_avg,INC_sd,INC_r1,INC_kr,INC_sk,IND_avg,IND_sd,IND_r1,IND_kr,IND_sk
107,0.3038461538,0.1064488654,0.3234992829,1.8693392143,0.0430181455,0.1884615385,0.0902003031,-0.4207201516,2.3957090909,-0.6754198694,0.5076923077,0.1370656129,0.2795630333,2.4831483663,-0.1386683518,0.5076923077,0.1370656129,0.2795630333,2.4831483663,-0.1386683518
