Instance,INF_avg,INF_sd,INF_r1,INF_kr,INF_sk,SUP_avg,SUP_sd,SUP_r1,SUP_kr,SUP_sk,INC_avg,INC_sd,INC_r1,INC_kr,INC_sk,IND_avg,IND_sd,IND_r1,IND_kr,IND_sk
142,0.26,0.0678232998,0.3402154399,2.5396975425,-0.461557428,0.244,0.1061319933,-0.1910721437,2.7992856365,0.0819493059,0.496,0.1165504183,-0.2211664801,2.3612231393,-0.4338800782,0.496,0.1165504183,-0.2211664801,2.3612231393,-0.4338800782
