Instance,INF_avg,INF_sd,INF_r1,INF_kr,INF_sk,SUP_avg,SUP_sd,SUP_r1,SUP_kr,SUP_sk,INC_avg,INC_sd,INC_r1,INC_kr,INC_sk,IND_avg,IND_sd,IND_r1,IND_kr,IND_sk
21,0.2575,0.0317214439,0.5027967682,2.3283438139,0.620306526,0.273,0.0232594067,-0.0710321865,3.5260471298,-0.0731920199,0.4695,0.0413188819,0.5784094071,1.8426660859,0.0138003555,0.4695,0.0413188819,0.5784094071,1.8426660859,0.0138003555
