Instance,INF_avg,INF_sd,INF_r1,INF_kr,INF_sk,SUP_avg,SUP_sd,SUP_r1,SUP_kr,SUP_sk,INC_avg,INC_sd,INC_r1,INC_kr,INC_sk,IND_avg,IND_sd,IND_r1,IND_kr,IND_sk
185,0.216,0.079397733,-0.1335721597,2.6001829473,0.819366437,0.28,0.04,0.5454545455,2.05,-0.0,0.504,0.080399005,-0.5244865719,1.7158366827,-0.2571333729,0.504,0.080399005,-0.5244865719,1.7158366827,-0.2571333729
