Instance,INF_avg,INF_sd,INF_r1,INF_kr,INF_sk,SUP_avg,SUP_sd,SUP_r1,SUP_kr,SUP_sk,INC_avg,INC_sd,INC_r1,INC_kr,INC_sk,IND_avg,IND_sd,IND_r1,IND_kr,IND_sk
240,0.263,0.1028639879,-0.0271706927,2.9518311586,0.4618175481,0.242,0.0966229786,-0.0115744137,2.4987961574,-0.0558979691,0.495,0.1040432602,-0.1456581287,2.1428510473,0.1598198238,0.495,0.1040432602,-0.1456581287,2.1428510473,0.1598198238
