Instance,INF_avg,INF_sd,INF_r1,INF_kr,INF_sk,SUP_avg,SUP_sd,SUP_r1,SUP_kr,SUP_sk,INC_avg,INC_sd,INC_r1,INC_kr,INC_sk,IND_avg,IND_sd,IND_r1,IND_kr,IND_sk
228,0.2784,0.0524351027,0.4083989108,2.8843877116,0.9261568291,0.2472,0.0644682868,0.0197237799,3.5272222095,0.5843599134,0.4744,0.0757934034,0.0532230136,3.1915888894,-0.3431153792,0.4744,0.0757934034,0.0532230136,3.1915888894,-0.3431153792
