Instance,INF_avg,INF_sd,INF_r1,INF_kr,INF_sk,SUP_avg,SUP_sd,SUP_r1,SUP_kr,SUP_sk,INC_avg,INC_sd,INC_r1,INC_kr,INC_sk,IND_avg,IND_sd,IND_r1,IND_kr,IND_sk
115,0.248,0.0601331855,-0.8762677485,1.4512099616,0.5403933775,0.256,0.0624819974,-0.3735558408,1.3553480247,0.2644696208,0.496,0.042708313,-0.2372188139,3.1057248384,1.3703729243,0.496,0.042708313,-0.2372188139,3.1057248384,1.3703729243
