Instance,INF_avg,INF_sd,INF_r1,INF_kr,INF_sk,SUP_avg,SUP_sd,SUP_r1,SUP_kr,SUP_sk,INC_avg,INC_sd,INC_r1,INC_kr,INC_sk,IND_avg,IND_sd,IND_r1,IND_kr,IND_sk
268,0.24,0.1019803903,-0.6115702479,1.9556213018,0.2715454179,0.2,0.0894427191,0.25,1.25,-0.0,0.56,0.1496662955,-0.3284132841,2.1339285714,-0.7301958931,0.56,0.1496662955,-0.3284132841,2.1339285714,-0.7301958931
