Instance,INF_avg,INF_sd,INF_r1,INF_kr,INF_sk,SUP_avg,SUP_sd,SUP_r1,SUP_kr,SUP_sk,INC_avg,INC_sd,INC_r1,INC_kr,INC_sk,IND_avg,IND_sd,IND_r1,IND_kr,IND_sk
190,0.2656,0.0611934637,-0.0222871457,3.1301270037,0.1492245528,0.2642,0.0612075159,0.199940668,2.7466829015,0.0544329815,0.4702,0.0715818413,0.0232441166,3.3226103391,0.3031377413,0.4702,0.0715818413,0.0232441166,3.3226103391,0.3031377413
