Instance,INF_avg,INF_sd,INF_r1,INF_kr,INF_sk,SUP_avg,SUP_sd,SUP_r1,SUP_kr,SUP_sk,INC_avg,INC_sd,INC_r1,INC_kr,INC_sk,IND_avg,IND_sd,IND_r1,IND_kr,IND_sk
276,0.221,0.0296647939,0.0905377649,3.2882592975,0.3295917964,0.3139,0.0402155443,0.119428238,2.9487582069,-0.1422829626,0.4651,0.0352347839,0.1036965221,3.1878383274,-0.3397054004,0.4651,0.0352347839,0.1036965221,3.1878383274,-0.3397054004
