Instance,INF_avg,INF_sd,INF_r1,INF_kr,INF_sk,SUP_avg,SUP_sd,SUP_r1,SUP_kr,SUP_sk,INC_avg,INC_sd,INC_r1,INC_kr,INC_sk,IND_avg,IND_sd,IND_r1,IND_kr,IND_sk
30,0.2205,0.0940996812,-0.0521469628,2.8990172942,0.2617140189,0.2635,0.111322729,0.0432447387,3.1802338462,0.1970747206,0.516,0.1256741819,-0.0643741166,2.7789937076,-0.1371395387,0.516,0.1256741819,-0.0643741166,2.7789937076,-0.1371395387
