Instance,INF_avg,INF_sd,INF_r1,INF_kr,INF_sk,SUP_avg,SUP_sd,SUP_r1,SUP_kr,SUP_sk,INC_avg,INC_sd,INC_r1,INC_kr,INC_sk,IND_avg,IND_sd,IND_r1,IND_kr,IND_sk
19,0.276,0.0611882342,-0.0995623632,1.2543282928,0.3989370954,0.292,0.0688186021,-0.1479786423,1.9226168736,0.2226770648,0.432,0.0299332591,0.0405904059,2.1339285714,-0.7301958931,0.432,0.0299332591,0.0405904059,2.1339285714,-0.7301958931
