Instance,INF_avg,INF_sd,INF_r1,INF_kr,INF_sk,SUP_avg,SUP_sd,SUP_r1,SUP_kr,SUP_sk,INC_avg,INC_sd,INC_r1,INC_kr,INC_sk,IND_avg,IND_sd,IND_r1,IND_kr,IND_sk
232,0.2472,0.0556790805,-0.0178089159,1.8906135678,0.1271234582,0.2616,0.0739556624,0.0100356761,1.7216803446,-0.1250380739,0.4912,0.0645179045,-0.3466808015,2.7367833249,0.3056790417,0.4912,0.0645179045,-0.3466808015,2.7367833249,0.3056790417
