Instance,INF_avg,INF_sd,INF_r1,INF_kr,INF_sk,SUP_avg,SUP_sd,SUP_r1,SUP_kr,SUP_sk,INC_avg,INC_sd,INC_r1,INC_kr,INC_sk,IND_avg,IND_sd,IND_r1,IND_kr,IND_sk
287,0.2372,0.0724441854,0.0129294708,2.7836324062,0.3453628438,0.2432,0.0570417391,0.0422999775,3.1620654205,0.7435939658,0.5196,0.0821208865,0.0124124835,3.2241006097,-0.1122177545,0.5196,0.0821208865,0.0124124835,3.2241006097,-0.1122177545
