Instance,INF_avg,INF_sd,INF_r1,INF_kr,INF_sk,SUP_avg,SUP_sd,SUP_r1,SUP_kr,SUP_sk,INC_avg,INC_sd,INC_r1,INC_kr,INC_sk,IND_avg,IND_sd,IND_r1,IND_kr,IND_sk
252,0.281,0.0518555686,0.5152146246,1.8483270202,0.4592094995,0.231,0.046141088,0.2980301384,2.2884179444,0.3757544089,0.488,0.0466476152,0.1518303661,1.5504771302,0.4873050331,0.488,0.0466476152,0.1518303661,1.5504771302,0.4873050331
