Instance,INF_avg,INF_sd,INF_r1,INF_kr,INF_sk,SUP_avg,SUP_sd,SUP_r1,SUP_kr,SUP_sk,INC_avg,INC_sd,INC_r1,INC_kr,INC_sk,IND_avg,IND_sd,IND_r1,IND_kr,IND_sk
179,0.256,0.0488262225,-0.4789687924,3.0019818927,0.727411967,0.288,0.0601331855,-0.2449451184,1.6626595661,0.1430453058,0.456,0.0512249939,0.3275996873,1.3965645449,-0.0985608802,0.456,0.0512249939,0.3275996873,1.3965645449,-0.0985608802
