Instance,INF_avg,INF_sd,INF_r1,INF_kr,INF_sk,SUP_avg,SUP_sd,SUP_r1,SUP_kr,SUP_sk,INC_avg,INC_sd,INC_r1,INC_kr,INC_sk,IND_avg,IND_sd,IND_r1,IND_kr,IND_sk
63,0.26,0.0435889894,0.0773480663,2.3595567867,-0.7244707385,0.272,0.0513419906,-0.1307420495,3.5765023107,0.6958604147,0.468,0.0401995025,-0.5034965035,1.8564478973,0.0631750097,0.468,0.0401995025,-0.5034965035,1.8564478973,0.0631750097
