Instance,INF_avg,INF_sd,INF_r1,INF_kr,INF_sk,SUP_avg,SUP_sd,SUP_r1,SUP_kr,SUP_sk,INC_avg,INC_sd,INC_r1,INC_kr,INC_sk,IND_avg,IND_sd,IND_r1,IND_kr,IND_sk
225,0.4388194444,0.1137079991,0.9108724596,2.191932407,-0.3650559751,0.0893981481,0.0722944647,0.9166089895,2.9770670467,0.9102623943,0.4717824074,0.0535450992,0.6130131766,2.5830765722,-0.0886635576,0.4717824074,0.0535450992,0.6130131766,2.5830765722,-0.0886635576
