Instance,INF_avg,INF_sd,INF_r1,INF_kr,INF_sk,SUP_avg,SUP_sd,SUP_r1,SUP_kr,SUP_sk,INC_avg,INC_sd,INC_r1,INC_kr,INC_sk,IND_avg,IND_sd,IND_r1,IND_kr,IND_sk
250,0.3,0.1414213562,-0.7777777778,1.7,0.0,0.04,0.0489897949,-0.6666666667,1.1666666667,0.4082482905,0.66,0.1624807681,-0.6871165644,2.2685950413,-0.1790421687,0.66,0.1624807681,-0.6871165644,2.2685950413,-0.1790421687
