Instance,INF_avg,INF_sd,INF_r1,INF_kr,INF_sk,SUP_avg,SUP_sd,SUP_r1,SUP_kr,SUP_sk,INC_avg,INC_sd,INC_r1,INC_kr,INC_sk,IND_avg,IND_sd,IND_r1,IND_kr,IND_sk
157,0.28,0.1630950643,-0.1611374408,2.304850472,0.3236269296,0.19,0.0489897949,-0.512605042,2.7291666667,-0.8675276172,0.53,0.153622915,-0.0123784262,2.5246337259,-0.9035993059,0.53,0.153622915,-0.0123784262,2.5246337259,-0.9035993059
