Instance,INF_avg,INF_sd,INF_r1,INF_kr,INF_sk,SUP_avg,SUP_sd,SUP_r1,SUP_kr,SUP_sk,INC_avg,INC_sd,INC_r1,INC_kr,INC_sk,IND_avg,IND_sd,IND_r1,IND_kr,IND_sk
238,0.235,0.0268328157,-0.0,1.25,-0.0,0.231,0.0285306852,-1.0371479928,2.1569131115,0.6063560744,0.534,0.0305614136,-0.0327222093,2.5910087166,0.9065888933,0.534,0.0305614136,-0.0327222093,2.5910087166,0.9065888933
