Instance,INF_avg,INF_sd,INF_r1,INF_kr,INF_sk,SUP_avg,SUP_sd,SUP_r1,SUP_kr,SUP_sk,INC_avg,INC_sd,INC_r1,INC_kr,INC_sk,IND_avg,IND_sd,IND_r1,IND_kr,IND_sk
48,0.21,0.0248997992,-0.7317073171,2.139698231,-0.2331927084,0.331,0.0302324329,-0.2536873156,1.607814737,-0.3100702963,0.459,0.0369323706,-0.4213645099,2.1453483372,0.3844706757,0.459,0.0369323706,-0.4213645099,2.1453483372,0.3844706757
