Instance,INF_avg,INF_sd,INF_r1,INF_kr,INF_sk,SUP_avg,SUP_sd,SUP_r1,SUP_kr,SUP_sk,INC_avg,INC_sd,INC_r1,INC_kr,INC_sk,IND_avg,IND_sd,IND_r1,IND_kr,IND_sk
128,0.252,0.1417603612,-0.4205272588,2.7367945961,0.5491459891,0.24,0.129614814,0.0439770554,2.6904761905,0.2204333571,0.508,0.1383329317,-0.4182499331,2.3044009575,-0.4154583525,0.508,0.1383329317,-0.4182499331,2.3044009575,-0.4154583525
