Instance,INF_avg,INF_sd,INF_r1,INF_kr,INF_sk,SUP_avg,SUP_sd,SUP_r1,SUP_kr,SUP_sk,INC_avg,INC_sd,INC_r1,INC_kr,INC_sk,IND_avg,IND_sd,IND_r1,IND_kr,IND_sk
219,0.2556,0.0445492985,-0.1803799226,2.7727854924,0.5433784039,0.2546,0.0489983673,-0.0575479032,3.1386667646,0.3477731366,0.4898,0.0550813943,0.0569811672,3.0007956958,-0.1780789339,0.4898,0.0550813943,0.0569811672,3.0007956958,-0.1780789339
