Instance,INF_avg,INF_sd,INF_r1,INF_kr,INF_sk,SUP_avg,SUP_sd,SUP_r1,SUP_kr,SUP_sk,INC_avg,INC_sd,INC_r1,INC_kr,INC_sk,IND_avg,IND_sd,IND_r1,IND_kr,IND_sk
240,0.274,0.1123565752,0.4480737451,2.2355161513,-0.1852467305,0.228,0.1140876856,0.0717600857,3.6681912744,0.7708624492,0.498,0.1260793401,0.1557416786,2.411131717,0.1798182307,0.498,0.1260793401,0.1557416786,2.411131717,0.1798182307
