Instance,INF_avg,INF_sd,INF_r1,INF_kr,INF_sk,SUP_avg,SUP_sd,SUP_r1,SUP_kr,SUP_sk,INC_avg,INC_sd,INC_r1,INC_kr,INC_sk,IND_avg,IND_sd,IND_r1,IND_kr,IND_sk
16,0.2605,0.116252957,0.0473817991,3.2206756518,0.456281727,0.2775,0.1186117616,-0.072722343,2.267232432,0.1601714935,0.462,0.1187686827,0.0934778688,2.5561199361,0.2151525213,0.462,0.1187686827,0.0934778688,2.5561199361,0.2151525213
