Instance,INF_avg,INF_sd,INF_r1,INF_kr,INF_sk,SUP_avg,SUP_sd,SUP_r1,SUP_kr,SUP_sk,INC_avg,INC_sd,INC_r1,INC_kr,INC_sk,IND_avg,IND_sd,IND_r1,IND_kr,IND_sk
218,0.4804152249,0.0808379594,0.8031472266,2.4320912478,-0.3400289229,0.0724394464,0.0586720164,0.8935419275,3.3856601588,1.0251255433,0.4471453287,0.04066999,0.2283000688,2.6582554016,-0.0920542677,0.4471453287,0.04066999,0.2283000688,2.6582554016,-0.0920542677
