Instance,INF_avg,INF_sd,INF_r1,INF_kr,INF_sk,SUP_avg,SUP_sd,SUP_r1,SUP_kr,SUP_sk,INC_avg,INC_sd,INC_r1,INC_kr,INC_sk,IND_avg,IND_sd,IND_r1,IND_kr,IND_sk
296,0.31,0.0860232527,-0.0698027314,1.9945215486,-0.7823151905,0.18,0.0842614977,-0.6099071207,1.6816107915,0.0150437112,0.51,0.12,-0.4697706741,2.3747106481,0.328125,0.51,0.12,-0.4697706741,2.3747106481,0.328125
