Instance,INF_avg,INF_sd,INF_r1,INF_kr,INF_sk,SUP_avg,SUP_sd,SUP_r1,SUP_kr,SUP_sk,INC_avg,INC_sd,INC_r1,INC_kr,INC_sk,IND_avg,IND_sd,IND_r1,IND_kr,IND_sk
228,0.2876,0.0353870033,0.1911698288,2.6224257311,-0.0677012746,0.2488,0.0372633869,0.063201647,3.5023273296,0.0937439983,0.4636,0.0449782169,0.2036428175,2.4179435629,0.2407281495,0.4636,0.0449782169,0.2036428175,2.4179435629,0.2407281495
