Instance,INF_avg,INF_sd,INF_r1,INF_kr,INF_sk,SUP_avg,SUP_sd,SUP_r1,SUP_kr,SUP_sk,INC_avg,INC_sd,INC_r1,INC_kr,INC_sk,IND_avg,IND_sd,IND_r1,IND_kr,IND_sk
253,0.238,0.0224944438,-0.4557988646,1.9858223062,0.4870768025,0.291,0.0182756669,0.5523138833,1.4045143246,-0.2585159233,0.471,0.0198494332,-1.0577395577,2.0668015151,0.6766677878,0.471,0.0198494332,-1.0577395577,2.0668015151,0.6766677878
