Instance,INF_avg,INF_sd,INF_r1,INF_kr,INF_sk,SUP_avg,SUP_sd,SUP_r1,SUP_kr,SUP_sk,INC_avg,INC_sd,INC_r1,INC_kr,INC_sk,IND_avg,IND_sd,IND_r1,IND_kr,IND_sk
54,0.285,0.1257974563,-0.1582487008,2.1873947126,0.0090418423,0.262,0.1070327053,0.1271641498,2.6339558105,-0.0441571291,0.453,0.1222333833,-0.1700819354,2.4219129432,-0.0038307191,0.453,0.1222333833,-0.1700819354,2.4219129432,-0.0038307191
