Instance,INF_avg,INF_sd,INF_r1,INF_kr,INF_sk,SUP_avg,SUP_sd,SUP_r1,SUP_kr,SUP_sk,INC_avg,INC_sd,INC_r1,INC_kr,INC_sk,IND_avg,IND_sd,IND_r1,IND_kr,IND_sk
66,0.1856,0.0484627692,0.6197215377,2.8146543261,0.6772636579,0.2722,0.0615886353,0.5495310095,2.393065429,0.151593061,0.5422,0.0485505922,0.1818911705,3.05972431,-0.12781991,0.5422,0.0485505922,0.1818911705,3.05972431,-0.12781991
