Instance,INF_avg,INF_sd,INF_r1,INF_kr,INF_sk,SUP_avg,SUP_sd,SUP_r1,SUP_kr,SUP_sk,INC_avg,INC_sd,INC_r1,INC_kr,INC_sk,IND_avg,IND_sd,IND_r1,IND_kr,IND_sk
253,0.22,0.1077032961,-0.2200956938,2.2653091558,-0.1032530113,0.255,0.1105667219,-0.2640621804,3.0057460449,0.816762466,0.525,0.1289379696,-0.797235023,1.8285375092,-0.3498797298,0.525,0.1289379696,-0.797235023,1.8285375092,-0.3498797298
