Instance,INF_avg,INF_sd,INF_r1,INF_kr,INF_sk,SUP_avg,SUP_sd,SUP_r1,SUP_kr,SUP_sk,INC_avg,INC_sd,INC_r1,INC_kr,INC_sk,IND_avg,IND_sd,IND_r1,IND_kr,IND_sk
26,0.4601829268,0.133454215,0.9410729834,1.7667829074,-0.1291092383,0.086097561,0.0689689944,0.9097265969,2.1466354513,0.6932371029,0.4537195122,0.073877003,0.8274938116,1.9156789581,-0.2165185268,0.4537195122,0.073877003,0.8274938116,1.9156789581,-0.2165185268
