Instance,INF_avg,INF_sd,INF_r1,INF_kr,INF_sk,SUP_avg,SUP_sd,SUP_r1,SUP_kr,SUP_sk,INC_avg,INC_sd,INC_r1,INC_kr,INC_sk,IND_avg,IND_sd,IND_r1,IND_kr,IND_sk
60,0.2807692308,0.1029160628,0.3104991861,2.639750632,0.7346994669,0.1615384615,0.1094634575,0.3801049509,2.8991586648,0.8042335778,0.5576923077,0.0780683967,0.2591554559,2.2130502404,-0.3773906798,0.5576923077,0.0780683967,0.2591554559,2.2130502404,-0.3773906798
