Instance,INF_avg,INF_sd,INF_r1,INF_kr,INF_sk,SUP_avg,SUP_sd,SUP_r1,SUP_kr,SUP_sk,INC_avg,INC_sd,INC_r1,INC_kr,INC_sk,IND_avg,IND_sd,IND_r1,IND_kr,IND_sk
260,0.288,0.0646219777,0.1626794258,1.7540406042,-0.1302001796,0.206,0.0753923073,-0.0925147781,4.6569859665,1.4913125963,0.506,0.0743236167,-0.2670314344,2.6169877635,0.3009326261,0.506,0.0743236167,-0.2670314344,2.6169877635,0.3009326261
