Instance,INF_avg,INF_sd,INF_r1,INF_kr,INF_sk,SUP_avg,SUP_sd,SUP_r1,SUP_kr,SUP_sk,INC_avg,INC_sd,INC_r1,INC_kr,INC_sk,IND_avg,IND_sd,IND_r1,IND_kr,IND_sk
180,0.25195,0.0354605062,0.2003871072,2.7607280713,0.1464522885,0.25825,0.0286214517,0.1548667871,3.6147195636,0.1136571534,0.4898,0.0372888723,0.0670279093,2.9584712469,0.1944944972,0.4898,0.0372888723,0.0670279093,2.9584712469,0.1944944972
