Instance,INF_avg,INF_sd,INF_r1,INF_kr,INF_sk,SUP_avg,SUP_sd,SUP_r1,SUP_kr,SUP_sk,INC_avg,INC_sd,INC_r1,INC_kr,INC_sk,IND_avg,IND_sd,IND_r1,IND_kr,IND_sk
254,0.4022988506,0.1106869994,0.8833184129,1.9542587236,-0.0427891665,0.0896551724,0.079920194,0.9068215817,3.0216862634,1.0552912463,0.508045977,0.0576820273,0.4925640304,2.4501144779,-0.2339012661,0.508045977,0.0576820273,0.4925640304,2.4501144779,-0.2339012661
