Instance,INF_avg,INF_sd,INF_r1,INF_kr,INF_sk,SUP_avg,SUP_sd,SUP_r1,SUP_kr,SUP_sk,INC_avg,INC_sd,INC_r1,INC_kr,INC_sk,IND_avg,IND_sd,IND_r1,IND_kr,IND_sk
216,0.2489,0.0493942304,0.3028174562,2.6618914702,0.4562437231,0.2644,0.0469322917,0.1035661199,2.8957631661,0.3739781316,0.4867,0.0486221143,0.0813108814,2.2379858132,0.1117950988,0.4867,0.0486221143,0.0813108814,2.2379858132,0.1117950988
