Instance,INF_avg,INF_sd,INF_r1,INF_kr,INF_sk,SUP_avg,SUP_sd,SUP_r1,SUP_kr,SUP_sk,INC_avg,INC_sd,INC_r1,INC_kr,INC_sk,IND_avg,IND_sd,IND_r1,IND_kr,IND_sk
77,0.3253424658,0.0683079688,0.4663313966,2.8654695059,-0.0856724976,0.1198630137,0.0665488419,0.6421736214,2.853227982,0.4768669014,0.5547945205,0.0519248558,-0.0108611979,2.5317260099,0.0814049224,0.5547945205,0.0519248558,-0.0108611979,2.5317260099,0.0814049224
