Instance,INF_avg,INF_sd,INF_r1,INF_kr,INF_sk,SUP_avg,SUP_sd,SUP_r1,SUP_kr,SUP_sk,INC_avg,INC_sd,INC_r1,INC_kr,INC_sk,IND_avg,IND_sd,IND_r1,IND_kr,IND_sk
52,0.17,0.1661324773,-0.0105184072,3.1869880277,1.4472473208,0.51,0.1356465997,0.1346153846,1.9651465028,-0.1514485311,0.32,0.092736185,-0.6283524904,1.509194159,0.1579875514,0.32,0.092736185,-0.6283524904,1.509194159,0.1579875514
