Instance,INF_avg,INF_sd,INF_r1,INF_kr,INF_sk,SUP_avg,SUP_sd,SUP_r1,SUP_kr,SUP_sk,INC_avg,INC_sd,INC_r1,INC_kr,INC_sk,IND_avg,IND_sd,IND_r1,IND_kr,IND_sk
93,0.2208,0.0433515859,-0.1011493542,3.6241652552,0.6054629242,0.2784,0.0424904695,0.2198006953,2.7101639398,0.1422192684,0.5008,0.0541789627,0.0199182828,2.5409040562,-0.0875618387,0.5008,0.0541789627,0.0199182828,2.5409040562,-0.0875618387
