Instance,INF_avg,INF_sd,INF_r1,INF_kr,INF_sk,SUP_avg,SUP_sd,SUP_r1,SUP_kr,SUP_sk,INC_avg,INC_sd,INC_r1,INC_kr,INC_sk,IND_avg,IND_sd,IND_r1,IND_kr,IND_sk
122,0.286,0.0471593045,-0.1169252977,2.570687335,-0.8814452582,0.31,0.0252982213,-0.8709677419,1.26953125,-0.222347648,0.404,0.0372021505,0.1859791425,2.4073808012,0.7327564471,0.404,0.0372021505,0.1859791425,2.4073808012,0.7327564471
