Instance,INF_avg,INF_sd,INF_r1,INF_kr,INF_sk,SUP_avg,SUP_sd,SUP_r1,SUP_kr,SUP_sk,INC_avg,INC_sd,INC_r1,INC_kr,INC_sk,IND_avg,IND_sd,IND_r1,IND_kr,IND_sk
249,0.204,0.0496386946,0.0638606676,2.0324675325,-0.621634858,0.232,0.0545527268,-0.1350737798,1.9991328477,0.3642525115,0.564,0.0344093011,-1.2368421053,2.6519357195,-1.017952296,0.564,0.0344093011,-1.2368421053,2.6519357195,-1.017952296
