Instance,INF_avg,INF_sd,INF_r1,INF_kr,INF_sk,SUP_avg,SUP_sd,SUP_r1,SUP_kr,SUP_sk,INC_avg,INC_sd,INC_r1,INC_kr,INC_sk,IND_avg,IND_sd,IND_r1,IND_kr,IND_sk
298,0.268,0.056,0.0885684861,2.9376301541,-1.2332361516,0.26,0.0593295879,-0.6976744186,2.2830578512,-0.4596817244,0.472,0.0775628777,0.0859030837,1.5439112721,-0.0460847791,0.472,0.0775628777,0.0859030837,1.5439112721,-0.0460847791
