Instance,INF_avg,INF_sd,INF_r1,INF_kr,INF_sk,SUP_avg,SUP_sd,SUP_r1,SUP_kr,SUP_sk,INC_avg,INC_sd,INC_r1,INC_kr,INC_sk,IND_avg,IND_sd,IND_r1,IND_kr,IND_sk
135,0.28,0.0714142843,-0.185770751,3.6897347174,0.9307744088,0.235,0.0807774721,-0.4513556619,2.7383185802,0.3500463846,0.485,0.1025914226,-0.7033414833,1.8955941345,-0.4264778477,0.485,0.1025914226,-0.7033414833,1.8955941345,-0.4264778477
