Instance,INF_avg,INF_sd,INF_r1,INF_kr,INF_sk,SUP_avg,SUP_sd,SUP_r1,SUP_kr,SUP_sk,INC_avg,INC_sd,INC_r1,INC_kr,INC_sk,IND_avg,IND_sd,IND_r1,IND_kr,IND_sk
87,0.2734375,0.0892541797,-0.1747655748,3.5275477453,-0.0971826534,0.2234375,0.0918425751,0.3107167826,3.0013291419,0.0800365164,0.503125,0.10964253,0.2712135381,4.1086849932,0.1693432446,0.503125,0.10964253,0.2712135381,4.1086849932,0.1693432446
