Instance,INF_avg,INF_sd,INF_r1,INF_kr,INF_sk,SUP_avg,SUP_sd,SUP_r1,SUP_kr,SUP_sk,INC_avg,INC_sd,INC_r1,INC_kr,INC_sk,IND_avg,IND_sd,IND_r1,IND_kr,IND_sk
72,0.4881640625,0.1268624857,0.8957966246,2.3499240858,-0.5880602989,0.0980078125,0.0853561927,0.9076641176,3.4750117311,1.1977637105,0.413828125,0.0550301209,0.6255288448,2.6356973958,-0.195375328,0.413828125,0.0550301209,0.6255288448,2.6356973958,-0.195375328
