Instance,INF_avg,INF_sd,INF_r1,INF_kr,INF_sk,SUP_avg,SUP_sd,SUP_r1,SUP_kr,SUP_sk,INC_avg,INC_sd,INC_r1,INC_kr,INC_sk,IND_avg,IND_sd,IND_r1,IND_kr,IND_sk
253,0.288,0.1255229063,0.2617508532,2.7406291335,0.492453273,0.22,0.0888819442,-0.0928616551,3.7860919724,0.8160447686,0.492,0.1180508365,0.1168557216,2.495641219,-0.246191782,0.492,0.1180508365,0.1168557216,2.495641219,-0.246191782
