Instance,INF_avg,INF_sd,INF_r1,INF_kr,INF_sk,SUP_avg,SUP_sd,SUP_r1,SUP_kr,SUP_sk,INC_avg,INC_sd,INC_r1,INC_kr,INC_sk,IND_avg,IND_sd,IND_r1,IND_kr,IND_sk
265,0.34,0.1637070554,-0.0829927696,3.0610380931,0.3555677858,0.31,0.1345362405,-0.1404575091,2.7450016788,-0.3301704384,0.35,0.1389244399,-0.2409972299,2.1752261806,0.0895107669,0.35,0.1389244399,-0.2409972299,2.1752261806,0.0895107669
