Instance,INF_avg,INF_sd,INF_r1,INF_kr,INF_sk,SUP_avg,SUP_sd,SUP_r1,SUP_kr,SUP_sk,INC_avg,INC_sd,INC_r1,INC_kr,INC_sk,IND_avg,IND_sd,IND_r1,IND_kr,IND_sk
225,0.221,0.0889325587,-0.0279649053,2.5638658485,0.0994814082,0.302,0.0916296895,-0.1026436143,3.7907629055,0.6624214849,0.477,0.0996042168,-0.1086747867,3.3857208567,-0.2487255692,0.477,0.0996042168,-0.1086747867,3.3857208567,-0.2487255692
