Instance,INF_avg,INF_sd,INF_r1,INF_kr,INF_sk,SUP_avg,SUP_sd,SUP_r1,SUP_kr,SUP_sk,INC_avg,INC_sd,INC_r1,INC_kr,INC_sk,IND_avg,IND_sd,IND_r1,IND_kr,IND_sk
85,0.274,0.0469467784,-0.5933656355,1.7674414775,0.5536639865,0.215,0.050447993,0.0634441088,2.1279252435,0.6355628133,0.511,0.0659469484,-0.359731315,1.4922382339,0.0636394399,0.511,0.0659469484,-0.359731315,1.4922382339,0.0636394399
