Instance,INF_avg,INF_sd,INF_r1,INF_kr,INF_sk,SUP_avg,SUP_sd,SUP_r1,SUP_kr,SUP_sk,INC_avg,INC_sd,INC_r1,INC_kr,INC_sk,IND_avg,IND_sd,IND_r1,IND_kr,IND_sk
285,0.2789473684,0.1507139059,0.0557438044,2.3881558596,0.1758000159,0.2052631579,0.1098979633,0.0476120065,2.0894284993,0.133788121,0.5157894737,0.1460467045,0.3470154446,2.1011266655,-0.0721686009,0.5157894737,0.1460467045,0.3470154446,2.1011266655,-0.0721686009
