Instance,INF_avg,INF_sd,INF_r1,INF_kr,INF_sk,SUP_avg,SUP_sd,SUP_r1,SUP_kr,SUP_sk,INC_avg,INC_sd,INC_r1,INC_kr,INC_sk,IND_avg,IND_sd,IND_r1,IND_kr,IND_sk
209,0.2714285714,0.1484614978,-0.1449468085,2.4948559671,-0.2886751346,0.2714285714,0.1385051388,-0.3434343434,2.4456767768,-0.7702741648,0.4571428571,0.1761261144,-0.1651612903,2.9977493075,-0.746005088,0.4571428571,0.1761261144,-0.1651612903,2.9977493075,-0.746005088
