Instance,INF_avg,INF_sd,INF_r1,INF_kr,INF_sk,SUP_avg,SUP_sd,SUP_r1,SUP_kr,SUP_sk,INC_avg,INC_sd,INC_r1,INC_kr,INC_sk,IND_avg,IND_sd,IND_r1,IND_kr,IND_sk
72,0.285,0.0667158152,0.3841791891,3.2427754605,0.1112300628,0.2512,0.0648271548,0.2285695896,2.8319994594,0.5183858905,0.4638,0.0665549397,0.3665065904,2.5452899472,-0.4349657339,0.4638,0.0665549397,0.3665065904,2.5452899472,-0.4349657339
