Instance,INF_avg,INF_sd,INF_r1,INF_kr,INF_sk,SUP_avg,SUP_sd,SUP_r1,SUP_kr,SUP_sk,INC_avg,INC_sd,INC_r1,INC_kr,INC_sk,IND_avg,IND_sd,IND_r1,IND_kr,IND_sk
72,0.234,0.096405394,0.1838943321,2.7888579969,0.0978892961,0.273,0.105456152,0.1517215395,3.4704417385,0.6889488819,0.493,0.1100045454,0.1040833126,3.1982275575,0.4766231071,0.493,0.1100045454,0.1040833126,3.1982275575,0.4766231071
