Instance,INF_avg,INF_sd,INF_r1,INF_kr,INF_sk,SUP_avg,SUP_sd,SUP_r1,SUP_kr,SUP_sk,INC_avg,INC_sd,INC_r1,INC_kr,INC_sk,IND_avg,IND_sd,IND_r1,IND_kr,IND_sk
90,0.34745,0.0432694754,0.3334149991,2.6310636545,-0.2678886877,0.2995,0.0429621927,0.4397835755,2.8704689816,-0.0096945089,0.35305,0.0365027054,0.0252132663,2.9524591206,-0.1258588961,0.35305,0.0365027054,0.0252132663,2.9524591206,-0.1258588961
