Instance,INF_avg,INF_sd,INF_r1,INF_kr,INF_sk,SUP_avg,SUP_sd,SUP_r1,SUP_kr,SUP_sk,INC_avg,INC_sd,INC_r1,INC_kr,INC_sk,IND_avg,IND_sd,IND_r1,IND_kr,IND_sk
34,0.184,0.0463033476,0.4462674323,2.1988193362,-0.1469865679,0.312,0.0646219777,-0.1783713916,1.8333113137,0.0234787209,0.504,0.0591945943,-0.743268338,2.3387127041,0.5220765499,0.504,0.0591945943,-0.743268338,2.3387127041,0.5220765499
