Instance,INF_avg,INF_sd,INF_r1,INF_kr,INF_sk,SUP_avg,SUP_sd,SUP_r1,SUP_kr,SUP_sk,INC_avg,INC_sd,INC_r1,INC_kr,INC_sk,IND_avg,IND_sd,IND_r1,IND_kr,IND_sk
235,0.2945,0.1009690547,0.2324886673,3.5088792442,0.1866507534,0.245,0.1030776406,0.0367027533,4.0532207612,0.4697772389,0.4605,0.1049511791,0.1606095982,3.3967334158,0.0135186862,0.4605,0.1049511791,0.1606095982,3.3967334158,0.0135186862
