Instance,INF_avg,INF_sd,INF_r1,INF_kr,INF_sk,SUP_avg,SUP_sd,SUP_r1,SUP_kr,SUP_sk,INC_avg,INC_sd,INC_r1,INC_kr,INC_sk,IND_avg,IND_sd,IND_r1,IND_kr,IND_sk
184,0.2542,0.0303868393,-0.12239297,2.8410519111,0.4311276461,0.2352,0.0388710689,-0.0106382375,2.4832944955,0.4203526365,0.5106,0.0399329438,0.2988534838,2.1423798282,0.1120380193,0.5106,0.0399329438,0.2988534838,2.1423798282,0.1120380193
