Instance,INF_avg,INF_sd,INF_r1,INF_kr,INF_sk,SUP_avg,SUP_sd,SUP_r1,SUP_kr,SUP_sk,INC_avg,INC_sd,INC_r1,INC_kr,INC_sk,IND_avg,IND_sd,IND_r1,IND_kr,IND_sk
262,0.2214,0.0576371408,0.0464341981,2.9542699468,0.5216649179,0.2776,0.0691248146,-0.2036145645,3.4455292244,0.6913128675,0.501,0.0717983287,-0.0900358932,3.0259041677,-0.2495026049,0.501,0.0717983287,-0.0900358932,3.0259041677,-0.2495026049
