Instance,INF_avg,INF_sd,INF_r1,INF_kr,INF_sk,SUP_avg,SUP_sd,SUP_r1,SUP_kr,SUP_sk,INC_avg,INC_sd,INC_r1,INC_kr,INC_sk,IND_avg,IND_sd,IND_r1,IND_kr,IND_sk
165,0.2458,0.0631376274,0.1468862925,2.3269105884,-0.1088555399,0.267,0.0681395627,-0.0509285525,2.4937461292,0.1790107907,0.4872,0.0653923543,-0.0613050448,2.7474769148,0.2125025388,0.4872,0.0653923543,-0.0613050448,2.7474769148,0.2125025388
