Instance,INF_avg,INF_sd,INF_r1,INF_kr,INF_sk,SUP_avg,SUP_sd,SUP_r1,SUP_kr,SUP_sk,INC_avg,INC_sd,INC_r1,INC_kr,INC_sk,IND_avg,IND_sd,IND_r1,IND_kr,IND_sk
175,0.267,0.0919836942,0.1761302485,2.1498828981,-0.0243153428,0.258,0.1069392351,0.2769390068,2.5989315235,0.0245503298,0.475,0.1073545528,0.335504886,2.5711576738,-0.2121621494,0.475,0.1073545528,0.335504886,2.5711576738,-0.2121621494
