Instance,INF_avg,INF_sd,INF_r1,INF_kr,INF_sk,SUP_avg,SUP_sd,SUP_r1,SUP_kr,SUP_sk,INC_avg,INC_sd,INC_r1,INC_kr,INC_sk,IND_avg,IND_sd,IND_r1,IND_kr,IND_sk
96,0.276,0.1020979921,-0.1570656988,2.2149932648,0.2108037544,0.298,0.0974474217,0.2668873237,2.2456352837,-0.1383417274,0.426,0.1167218917,0.0150695245,2.2223606988,-0.1479343362,0.426,0.1167218917,0.0150695245,2.2223606988,-0.1479343362
