Instance,INF_avg,INF_sd,INF_r1,INF_kr,INF_sk,SUP_avg,SUP_sd,SUP_r1,SUP_kr,SUP_sk,INC_avg,INC_sd,INC_r1,INC_kr,INC_sk,IND_avg,IND_sd,IND_r1,IND_kr,IND_sk
212,0.26,0.0300333148,0.0559910414,3.1479073358,0.1284604496,0.2354,0.0333142612,-0.0464262373,2.6288752799,0.1281492973,0.5046,0.0347827543,0.0257465715,2.8251467439,0.1027022579,0.5046,0.0347827543,0.0257465715,2.8251467439,0.1027022579
