Instance,INF_avg,INF_sd,INF_r1,INF_kr,INF_sk,SUP_avg,SUP_sd,SUP_r1,SUP_kr,SUP_sk,INC_avg,INC_sd,INC_r1,INC_kr,INC_sk,IND_avg,IND_sd,IND_r1,IND_kr,IND_sk
169,0.2432,0.04969668,-0.0323867975,2.216721573,-0.0471119205,0.2484,0.0502537561,-0.1681496225,2.3916726062,0.0961778765,0.5084,0.0533051592,0.2124682252,2.5197016726,-0.2793875534,0.5084,0.0533051592,0.2124682252,2.5197016726,-0.2793875534
