Instance,INF_avg,INF_sd,INF_r1,INF_kr,INF_sk,SUP_avg,SUP_sd,SUP_r1,SUP_kr,SUP_sk,INC_avg,INC_sd,INC_r1,INC_kr,INC_sk,IND_avg,IND_sd,IND_r1,IND_kr,IND_sk
55,0.2633,0.0694414142,0.6154495323,3.4399686124,0.3585894887,0.2589,0.0675558288,0.4713293314,3.1620815717,-0.4415292729,0.4778,0.0576815395,0.329044649,3.1749730004,-0.1158326011,0.4778,0.0576815395,0.329044649,3.1749730004,-0.1158326011
