Instance,INF_avg,INF_sd,INF_r1,INF_kr,INF_sk,SUP_avg,SUP_sd,SUP_r1,SUP_kr,SUP_sk,INC_avg,INC_sd,INC_r1,INC_kr,INC_sk,IND_avg,IND_sd,IND_r1,IND_kr,IND_sk
265,0.289,0.1475770985,0.1423419305,2.3459354873,0.1524659473,0.313,0.1527448853,0.1124570667,2.7309318433,-0.0174274373,0.398,0.1529575104,0.1509670357,2.6748890504,0.2348363687,0.398,0.1529575104,0.1509670357,2.6748890504,0.2348363687
