Instance,INF_avg,INF_sd,INF_r1,INF_kr,INF_sk,SUP_avg,SUP_sd,SUP_r1,SUP_kr,SUP_sk,INC_avg,INC_sd,INC_r1,INC_kr,INC_sk,IND_avg,IND_sd,IND_r1,IND_kr,IND_sk
176,0.42,0.0509901951,-0.3095238095,1.9556213018,0.2715454179,0.11,0.0860232527,0.4578313253,1.9945215486,0.3958703373,0.47,0.0748331477,-0.036036036,2.1339285714,0.7301958931,0.47,0.0748331477,-0.036036036,2.1339285714,0.7301958931
