Instance,INF_avg,INF_sd,INF_r1,INF_kr,INF_sk,SUP_avg,SUP_sd,SUP_r1,SUP_kr,SUP_sk,INC_avg,INC_sd,INC_r1,INC_kr,INC_sk,IND_avg,IND_sd,IND_r1,IND_kr,IND_sk
144,0.25435,0.0348830546,0.1222138412,2.8389807077,-0.2261228967,0.2442,0.0313585714,0.3343471185,2.313140151,0.2495584753,0.50145,0.0364368975,0.2331182111,3.1069518102,-0.3174563777,0.50145,0.0364368975,0.2331182111,3.1069518102,-0.3174563777
