Instance,INF_avg,INF_sd,INF_r1,INF_kr,INF_sk,SUP_avg,SUP_sd,SUP_r1,SUP_kr,SUP_sk,INC_avg,INC_sd,INC_r1,INC_kr,INC_sk,IND_avg,IND_sd,IND_r1,IND_kr,IND_sk
208,0.282,0.1107971119,0.0391347545,2.1718585916,0.0946487083,0.268,0.147566934,0.0720557771,2.7158019587,0.3371065172,0.45,0.1688194302,0.1900191939,2.4626038781,-0.1870575403,0.45,0.1688194302,0.1900191939,2.4626038781,-0.1870575403
