Instance,INF_avg,INF_sd,INF_r1,INF_kr,INF_sk,SUP_avg,SUP_sd,SUP_r1,SUP_kr,SUP_sk,INC_avg,INC_sd,INC_r1,INC_kr,INC_sk,IND_avg,IND_sd,IND_r1,IND_kr,IND_sk
179,0.2568,0.0346086694,0.1852610398,2.5328812554,0.0562388911,0.2168,0.0441560868,0.3995127813,2.6748263802,-0.0758421413,0.5264,0.0467230136,0.2309156289,1.9959379827,-0.322520491,0.5264,0.0467230136,0.2309156289,1.9959379827,-0.322520491
