Instance,INF_avg,INF_sd,INF_r1,INF_kr,INF_sk,SUP_avg,SUP_sd,SUP_r1,SUP_kr,SUP_sk,INC_avg,INC_sd,INC_r1,INC_kr,INC_sk,IND_avg,IND_sd,IND_r1,IND_kr,IND_sk
101,0.2539,0.0335453424,0.1003389991,2.6664860376,0.0205913715,0.2187,0.0337166131,0.2229934135,3.0097578214,-0.2807700821,0.5274,0.031941196,0.0033902036,2.5700140333,0.2261727958,0.5274,0.031941196,0.0033902036,2.5700140333,0.2261727958
