Instance,INF_avg,INF_sd,INF_r1,INF_kr,INF_sk,SUP_avg,SUP_sd,SUP_r1,SUP_kr,SUP_sk,INC_avg,INC_sd,INC_r1,INC_kr,INC_sk,IND_avg,IND_sd,IND_r1,IND_kr,IND_sk
112,0.245,0.0722841615,-0.4517061885,1.5992536801,0.1747489172,0.235,0.0776208735,0.0681914443,1.5057764157,0.3464012398,0.52,0.092736185,-0.497829233,2.2393185506,-0.2181732853,0.52,0.092736185,-0.497829233,2.2393185506,-0.2181732853
