Instance,INF_avg,INF_sd,INF_r1,INF_kr,INF_sk,SUP_avg,SUP_sd,SUP_r1,SUP_kr,SUP_sk,INC_avg,INC_sd,INC_r1,INC_kr,INC_sk,IND_avg,IND_sd,IND_r1,IND_kr,IND_sk
146,0.233,0.0869540108,0.064715945,2.3106400614,0.529346855,0.26,0.1090871211,-0.0953851432,3.0475955088,0.5061100105,0.507,0.1166233253,-0.1909704625,2.8942591385,0.0387947539,0.507,0.1166233253,-0.1909704625,2.8942591385,0.0387947539
