Instance,INF_avg,INF_sd,INF_r1,INF_kr,INF_sk,SUP_avg,SUP_sd,SUP_r1,SUP_kr,SUP_sk,INC_avg,INC_sd,INC_r1,INC_kr,INC_sk,IND_avg,IND_sd,IND_r1,IND_kr,IND_sk
197,0.2824,0.0610101631,0.0597232644,2.8960074802,0.0806098363,0.1896,0.049028971,-0.0700648492,2.423165321,0.0892997481,0.528,0.0706540869,0.0532040362,2.1934171598,0.3102874565,0.528,0.0706540869,0.0532040362,2.1934171598,0.3102874565
