Instance,INF_avg,INF_sd,INF_r1,INF_kr,INF_sk,SUP_avg,SUP_sd,SUP_r1,SUP_kr,SUP_sk,INC_avg,INC_sd,INC_r1,INC_kr,INC_sk,IND_avg,IND_sd,IND_r1,IND_kr,IND_sk
173,0.2416,0.0671523641,-0.0582661847,2.2268691069,-0.4371230494,0.2288,0.0632657885,-0.2051216406,2.0989752232,-0.0421326929,0.5296,0.0596308645,-0.1401795422,2.9914213342,-0.1339993446,0.5296,0.0596308645,-0.1401795422,2.9914213342,-0.1339993446
