Instance,INF_avg,INF_sd,INF_r1,INF_kr,INF_sk,SUP_avg,SUP_sd,SUP_r1,SUP_kr,SUP_sk,INC_avg,INC_sd,INC_r1,INC_kr,INC_sk,IND_avg,IND_sd,IND_r1,IND_kr,IND_sk
52,0.238,0.1573403953,0.1821450688,3.3187725287,0.7760851811,0.204,0.1413647764,0.1192813336,3.0160217846,0.5664102361,0.558,0.1698116604,0.1377479938,3.2544640211,-0.5294548989,0.558,0.1698116604,0.1377479938,3.2544640211,-0.5294548989
