Instance,INF_avg,INF_sd,INF_r1,INF_kr,INF_sk,SUP_avg,SUP_sd,SUP_r1,SUP_kr,SUP_sk,INC_avg,INC_sd,INC_r1,INC_kr,INC_sk,IND_avg,IND_sd,IND_r1,IND_kr,IND_sk
53,0.226,0.0743236167,0.2876300826,2.1538910454,0.4879925336,0.362,0.1021567423,0.0478921709,2.9740871039,0.3922455258,0.412,0.0934665716,0.1457191457,2.5387835608,0.3181486519,0.412,0.0934665716,0.1457191457,2.5387835608,0.3181486519
