Instance,INF_avg,INF_sd,INF_r1,INF_kr,INF_sk,SUP_avg,SUP_sd,SUP_r1,SUP_kr,SUP_sk,INC_avg,INC_sd,INC_r1,INC_kr,INC_sk,IND_avg,IND_sd,IND_r1,IND_kr,IND_sk
45,0.2331,0.0563505989,0.4189373247,2.7556737007,0.256344757,0.1927,0.0622712614,0.7199192972,2.1173563632,0.2138604748,0.5742,0.051501068,0.0962528522,3.2991008563,-0.1112290907,0.5742,0.051501068,0.0962528522,3.2991008563,-0.1112290907
