Instance,INF_avg,INF_sd,INF_r1,INF_kr,INF_sk,SUP_avg,SUP_sd,SUP_r1,SUP_kr,SUP_sk,INC_avg,INC_sd,INC_r1,INC_kr,INC_sk,IND_avg,IND_sd,IND_r1,IND_kr,IND_sk
62,0.224,0.0445421149,0.025974026,1.2989073881,-0.469291273,0.264,0.0233238076,-0.2721893491,1.6280276817,0.3631734744,0.512,0.0515363949,0.1449086162,1.5489185658,0.0252482701,0.512,0.0515363949,0.1449086162,1.5489185658,0.0252482701
