Instance,INF_avg,INF_sd,INF_r1,INF_kr,INF_sk,SUP_avg,SUP_sd,SUP_r1,SUP_kr,SUP_sk,INC_avg,INC_sd,INC_r1,INC_kr,INC_sk,IND_avg,IND_sd,IND_r1,IND_kr,IND_sk
286,0.3681,0.0654781643,0.7522402173,2.2136320993,0.2018127591,0.31815,0.0495563064,0.5130656796,2.9693497178,-0.1241155283,0.31375,0.0459857315,0.3812411607,2.4209535584,0.3279668174,0.31375,0.0459857315,0.3812411607,2.4209535584,0.3279668174
