Instance,INF_avg,INF_sd,INF_r1,INF_kr,INF_sk,SUP_avg,SUP_sd,SUP_r1,SUP_kr,SUP_sk,INC_avg,INC_sd,INC_r1,INC_kr,INC_sk,IND_avg,IND_sd,IND_r1,IND_kr,IND_sk
4,0.232,0.0968297475,0.3384293031,2.8933417978,-0.1463460231,0.276,0.1175755077,-0.0593719102,2.1540798611,0.1778998627,0.492,0.135410487,-0.0036983038,2.1824922562,-0.2414222132,0.492,0.135410487,-0.0036983038,2.1824922562,-0.2414222132
