Instance,INF_avg,INF_sd,INF_r1,INF_kr,INF_sk,SUP_avg,SUP_sd,SUP_r1,SUP_kr,SUP_sk,INC_avg,INC_sd,INC_r1,INC_kr,INC_sk,IND_avg,IND_sd,IND_r1,IND_kr,IND_sk
59,0.2755,0.094470895,-0.2073967644,2.5565023882,0.0734469354,0.2405,0.0780048075,0.012220474,2.6181355159,0.1275130236,0.484,0.1002197585,-0.0764880803,3.1438154795,0.1303467657,0.484,0.1002197585,-0.0764880803,3.1438154795,0.1303467657
