Instance,INF_avg,INF_sd,INF_r1,INF_kr,INF_sk,SUP_avg,SUP_sd,SUP_r1,SUP_kr,SUP_sk,INC_avg,INC_sd,INC_r1,INC_kr,INC_sk,IND_avg,IND_sd,IND_r1,IND_kr,IND_sk
250,0.209,0.1158404075,-0.0277839261,3.0951445314,0.0559408825,0.301,0.1367442869,0.1258805255,2.5523396493,0.240088565,0.49,0.15,0.0930032973,2.5511703704,-0.2737777778,0.49,0.15,0.0930032973,2.5511703704,-0.2737777778
