Instance,INF_avg,INF_sd,INF_r1,INF_kr,INF_sk,SUP_avg,SUP_sd,SUP_r1,SUP_kr,SUP_sk,INC_avg,INC_sd,INC_r1,INC_kr,INC_sk,IND_avg,IND_sd,IND_r1,IND_kr,IND_sk
200,0.29,0.018973666,-0.2222222222,1.7592592593,-0.3513641845,0.194,0.0300665928,0.5590682196,2.0385699742,0.0988955201,0.516,0.0332264955,-0.3219741481,2.1472904852,0.3192842191,0.516,0.0332264955,-0.3219741481,2.1472904852,0.3192842191
