Instance,INF_avg,INF_sd,INF_r1,INF_kr,INF_sk,SUP_avg,SUP_sd,SUP_r1,SUP_kr,SUP_sk,INC_avg,INC_sd,INC_r1,INC_kr,INC_sk,IND_avg,IND_sd,IND_r1,IND_kr,IND_sk
160,0.275,0.1308625233,-0.2128514056,2.0920134264,0.0167334464,0.285,0.1184271928,0.0483842171,1.974882515,0.269124489,0.44,0.1019803903,0.0261153428,1.8724112426,-0.2941742027,0.44,0.1019803903,0.0261153428,1.8724112426,-0.2941742027
