Instance,INF_avg,INF_sd,INF_r1,INF_kr,INF_sk,SUP_avg,SUP_sd,SUP_r1,SUP_kr,SUP_sk,INC_avg,INC_sd,INC_r1,INC_kr,INC_sk,IND_avg,IND_sd,IND_r1,IND_kr,IND_sk
285,0.38,0.2039607805,-0.6266944734,2.0388313609,-0.577034013,0.26,0.1356465997,-0.2658227848,2.6474480151,-0.2115471545,0.36,0.1685229955,-0.5049928673,1.8899027971,0.3911364902,0.36,0.1685229955,-0.5049928673,1.8899027971,0.3911364902
