Instance,INF_avg,INF_sd,INF_r1,INF_kr,INF_sk,SUP_avg,SUP_sd,SUP_r1,SUP_kr,SUP_sk,INC_avg,INC_sd,INC_r1,INC_kr,INC_sk,IND_avg,IND_sd,IND_r1,IND_kr,IND_sk
153,0.3898,0.1135383636,0.764421911,1.4883677314,0.2369808685,0.2754,0.0587012777,0.5285337903,2.8672623703,0.1424540749,0.3348,0.0784662985,0.7026854153,1.7047317712,-0.1531953892,0.3348,0.0784662985,0.7026854153,1.7047317712,-0.1531953892
