Instance,INF_avg,INF_sd,INF_r1,INF_kr,INF_sk,SUP_avg,SUP_sd,SUP_r1,SUP_kr,SUP_sk,INC_avg,INC_sd,INC_r1,INC_kr,INC_sk,IND_avg,IND_sd,IND_r1,IND_kr,IND_sk
2,0.306,0.0606959636,-0.0228141033,2.4334794003,0.0566716336,0.226,0.0514198405,0.3629019966,2.8530031745,-1.0754221078,0.468,0.0835224521,0.3794943169,3.4622611733,0.8458968145,0.468,0.0835224521,0.3794943169,3.4622611733,0.8458968145
