Instance,INF_avg,INF_sd,INF_r1,INF_kr,INF_sk,SUP_avg,SUP_sd,SUP_r1,SUP_kr,SUP_sk,INC_avg,INC_sd,INC_r1,INC_kr,INC_sk,IND_avg,IND_sd,IND_r1,IND_kr,IND_sk
215,0.233,0.030016662,-0.0239651416,1.9121644344,-0.6225177378,0.25,0.0368781778,0.3712121212,1.9485294118,-0.083741537,0.517,0.043829214,0.1188834707,1.8419872848,-0.3323676488,0.517,0.043829214,0.1188834707,1.8419872848,-0.3323676488
