Instance,INF_avg,INF_sd,INF_r1,INF_kr,INF_sk,SUP_avg,SUP_sd,SUP_r1,SUP_kr,SUP_sk,INC_avg,INC_sd,INC_r1,INC_kr,INC_sk,IND_avg,IND_sd,IND_r1,IND_kr,IND_sk
200,0.268,0.1489160838,-0.2288209102,3.2448073812,0.4850054232,0.248,0.136,-0.0015314469,2.5973946672,0.1375432526,0.484,0.1932459573,-0.1405826383,2.2860860907,-0.4383507565,0.484,0.1932459573,-0.1405826383,2.2860860907,-0.4383507565
