Instance,INF_avg,INF_sd,INF_r1,INF_kr,INF_sk,SUP_avg,SUP_sd,SUP_r1,SUP_kr,SUP_sk,INC_avg,INC_sd,INC_r1,INC_kr,INC_sk,IND_avg,IND_sd,IND_r1,IND_kr,IND_sk
46,0.234,0.0381968585,0.0755118868,3.4460809299,-0.8787491197,0.2315,0.042429353,0.2524674499,2.0367045991,0.2056466614,0.5345,0.039462007,-0.3677836625,1.4635497828,0.0512349349,0.5345,0.039462007,-0.3677836625,1.4635497828,0.0512349349
