Instance,INF_avg,INF_sd,INF_r1,INF_kr,INF_sk,SUP_avg,SUP_sd,SUP_r1,SUP_kr,SUP_sk,INC_avg,INC_sd,INC_r1,INC_kr,INC_sk,IND_avg,IND_sd,IND_r1,IND_kr,IND_sk
273,0.278,0.1597372843,0.1935445467,2.2553791085,0.0968395221,0.274,0.1375645303,0.1767297978,3.062363126,0.2434045315,0.448,0.1862686232,0.0744222538,2.2764699181,0.1939080003,0.448,0.1862686232,0.0744222538,2.2764699181,0.1939080003
