Instance,INF_avg,INF_sd,INF_r1,INF_kr,INF_sk,SUP_avg,SUP_sd,SUP_r1,SUP_kr,SUP_sk,INC_avg,INC_sd,INC_r1,INC_kr,INC_sk,IND_avg,IND_sd,IND_r1,IND_kr,IND_sk
240,0.264,0.0454312668,-0.1073200993,2.6618442401,0.1105682534,0.241,0.0359026461,-0.1296744477,3.3754234825,0.6316538593,0.495,0.0510392006,-0.5775234131,2.04385115,0.3181476912,0.495,0.0510392006,-0.5775234131,2.04385115,0.3181476912
