Instance,INF_avg,INF_sd,INF_r1,INF_kr,INF_sk,SUP_avg,SUP_sd,SUP_r1,SUP_kr,SUP_sk,INC_avg,INC_sd,INC_r1,INC_kr,INC_sk,IND_avg,IND_sd,IND_r1,IND_kr,IND_sk
150,0.2614,0.0701572519,-0.1800562746,3.1992780576,0.3448563403,0.2298,0.0577231323,0.2488680904,2.7430319235,-0.0895373131,0.5088,0.0745825717,0.0258978036,3.0146308706,-0.0416830688,0.5088,0.0745825717,0.0258978036,3.0146308706,-0.0416830688
