Instance,INF_avg,INF_sd,INF_r1,INF_kr,INF_sk,SUP_avg,SUP_sd,SUP_r1,SUP_kr,SUP_sk,INC_avg,INC_sd,INC_r1,INC_kr,INC_sk,IND_avg,IND_sd,IND_r1,IND_kr,IND_sk
294,0.2715,0.1013052318,0.0801957458,2.3825972505,0.3432475285,0.2615,0.1088243998,0.0146928843,3.0112834326,0.4839104983,0.467,0.1145032751,0.0613482021,2.6772514957,0.0192679121,0.467,0.1145032751,0.0613482021,2.6772514957,0.0192679121
