Instance,INF_avg,INF_sd,INF_r1,INF_kr,INF_sk,SUP_avg,SUP_sd,SUP_r1,SUP_kr,SUP_sk,INC_avg,INC_sd,INC_r1,INC_kr,INC_sk,IND_avg,IND_sd,IND_r1,IND_kr,IND_sk
277,0.2824,0.0744730824,0.0768721209,2.2794087092,0.1054925878,0.2352,0.0553620809,0.0286229339,2.0530268323,0.1193170093,0.4824,0.0832960983,0.0679344715,2.3470989429,-0.2027399379,0.4824,0.0832960983,0.0679344715,2.3470989429,-0.2027399379
