Instance,INF_avg,INF_sd,INF_r1,INF_kr,INF_sk,SUP_avg,SUP_sd,SUP_r1,SUP_kr,SUP_sk,INC_avg,INC_sd,INC_r1,INC_kr,INC_sk,IND_avg,IND_sd,IND_r1,IND_kr,IND_sk
173,0.2605,0.0458775544,-0.0281190171,2.3767364614,0.1473967961,0.2457,0.0496438314,0.0685467135,2.9073572793,0.2354084427,0.4938,0.050789369,0.087727285,2.3182593514,-0.2164792112,0.4938,0.050789369,0.087727285,2.3182593514,-0.2164792112
