Instance,INF_avg,INF_sd,INF_r1,INF_kr,INF_sk,SUP_avg,SUP_sd,SUP_r1,SUP_kr,SUP_sk,INC_avg,INC_sd,INC_r1,INC_kr,INC_sk,IND_avg,IND_sd,IND_r1,IND_kr,IND_sk
32,0.337,0.0358608422,-0.2378259504,1.793184891,-0.4070946178,0.232,0.0132664992,-0.2517580872,1.432463843,0.2081456157,0.431,0.0323109888,-0.4783427495,1.2285969084,0.3169627324,0.431,0.0323109888,-0.4783427495,1.2285969084,0.3169627324
