Instance,INF_avg,INF_sd,INF_r1,INF_kr,INF_sk,SUP_avg,SUP_sd,SUP_r1,SUP_kr,SUP_sk,INC_avg,INC_sd,INC_r1,INC_kr,INC_sk,IND_avg,IND_sd,IND_r1,IND_kr,IND_sk
251,0.236,0.1360294086,-0.0075108143,3.8155768753,0.5462311622,0.267,0.134205067,-0.0482514022,3.5700847268,0.1692170719,0.497,0.1506353212,0.0572604838,2.8058215537,-0.1245599093,0.497,0.1506353212,0.0572604838,2.8058215537,-0.1245599093
