Instance,INF_avg,INF_sd,INF_r1,INF_kr,INF_sk,SUP_avg,SUP_sd,SUP_r1,SUP_kr,SUP_sk,INC_avg,INC_sd,INC_r1,INC_kr,INC_sk,IND_avg,IND_sd,IND_r1,IND_kr,IND_sk
83,0.237,0.0352987252,-0.4851565021,3.4242494119,0.5233024709,0.261,0.037067506,-0.188464222,3.1641495522,0.4202176219,0.502,0.0328785644,-0.3192458426,2.5362535631,-0.4619640307,0.502,0.0328785644,-0.3192458426,2.5362535631,-0.4619640307
