Instance,INF_avg,INF_sd,INF_r1,INF_kr,INF_sk,SUP_avg,SUP_sd,SUP_r1,SUP_kr,SUP_sk,INC_avg,INC_sd,INC_r1,INC_kr,INC_sk,IND_avg,IND_sd,IND_r1,IND_kr,IND_sk
282,0.223,0.0337045991,0.31539691,2.0086943315,-0.2383487987,0.266,0.0251793566,0.0637596189,2.9990396959,1.301201116,0.511,0.0193390796,-0.1559139785,1.8711001172,-0.4006738304,0.511,0.0193390796,-0.1559139785,1.8711001172,-0.4006738304
