Instance,INF_avg,INF_sd,INF_r1,INF_kr,INF_sk,SUP_avg,SUP_sd,SUP_r1,SUP_kr,SUP_sk,INC_avg,INC_sd,INC_r1,INC_kr,INC_sk,IND_avg,IND_sd,IND_r1,IND_kr,IND_sk
280,0.244,0.0149666295,-0.1594202899,1.8469387755,-0.3436215967,0.299,0.0402988834,0.014933946,2.7326676212,1.1008873776,0.457,0.0305941171,0.2645241038,2.1747753671,-0.5665577237,0.457,0.0305941171,0.2645241038,2.1747753671,-0.5665577237
