Instance,INF_avg,INF_sd,INF_r1,INF_kr,INF_sk,SUP_avg,SUP_sd,SUP_r1,SUP_kr,SUP_sk,INC_avg,INC_sd,INC_r1,INC_kr,INC_sk,IND_avg,IND_sd,IND_r1,IND_kr,IND_sk
116,0.13,0.11,-0.1239193084,4.0555289939,1.1900826446,0.27,0.1345362405,-0.3223644119,1.8014407375,0.0640629209,0.6,0.1264911064,-0.75,2.03125,0.2964635306,0.6,0.1264911064,-0.75,2.03125,0.2964635306
