Instance,INF_avg,INF_sd,INF_r1,INF_kr,INF_sk,SUP_avg,SUP_sd,SUP_r1,SUP_kr,SUP_sk,INC_avg,INC_sd,INC_r1,INC_kr,INC_sk,IND_avg,IND_sd,IND_r1,IND_kr,IND_sk
236,0.244,0.1251559028,-0.0296135493,4.0374702251,0.7177809678,0.258,0.1218031198,-0.026977066,2.8031802875,0.5110059074,0.498,0.1272635062,-0.0992892037,3.0705176115,-0.2536513733,0.498,0.1272635062,-0.0992892037,3.0705176115,-0.2536513733
