Instance,INF_avg,INF_sd,INF_r1,INF_kr,INF_sk,SUP_avg,SUP_sd,SUP_r1,SUP_kr,SUP_sk,INC_avg,INC_sd,INC_r1,INC_kr,INC_sk,IND_avg,IND_sd,IND_r1,IND_kr,IND_sk
73,0.344,0.1576832268,0.3848279067,2.5390125371,-0.5017635214,0.252,0.1330263132,0.178113466,2.1390328604,0.2118984164,0.404,0.1399428455,0.1236131533,2.5517509291,0.7169593629,0.404,0.1399428455,0.1236131533,2.5517509291,0.7169593629
