Instance,INF_avg,INF_sd,INF_r1,INF_kr,INF_sk,SUP_avg,SUP_sd,SUP_r1,SUP_kr,SUP_sk,INC_avg,INC_sd,INC_r1,INC_kr,INC_sk,IND_avg,IND_sd,IND_r1,IND_kr,IND_sk
297,0.272,0.1400571312,0.0642686018,1.6612746129,0.156403199,0.264,0.1410815367,0.0368948912,2.3245934182,-0.1152784835,0.464,0.1596997182,0.3212355407,2.2241663767,0.3047123994,0.464,0.1596997182,0.3212355407,2.2241663767,0.3047123994
