Instance,INF_avg,INF_sd,INF_r1,INF_kr,INF_sk,SUP_avg,SUP_sd,SUP_r1,SUP_kr,SUP_sk,INC_avg,INC_sd,INC_r1,INC_kr,INC_sk,IND_avg,IND_sd,IND_r1,IND_kr,IND_sk
226,0.326,0.0270924344,0.1814595661,2.1803599403,-0.5621083224,0.24,0.0192353841,-0.2837837838,2.5,0.8851929846,0.434,0.0174355958,-0.1972837741,2.987058518,-1.3323469676,0.434,0.0174355958,-0.1972837741,2.987058518,-1.3323469676
