Instance,INF_avg,INF_sd,INF_r1,INF_kr,INF_sk,SUP_avg,SUP_sd,SUP_r1,SUP_kr,SUP_sk,INC_avg,INC_sd,INC_r1,INC_kr,INC_sk,IND_avg,IND_sd,IND_r1,IND_kr,IND_sk
268,0.246,0.0958331884,0.1502317154,2.6799470978,0.4207005302,0.223,0.089,0.0973098451,3.4760597251,-0.3067028479,0.531,0.119117589,0.2200105295,2.0184470126,-0.1490202579,0.531,0.119117589,0.2200105295,2.0184470126,-0.1490202579
