Instance,INF_avg,INF_sd,INF_r1,INF_kr,INF_sk,SUP_avg,SUP_sd,SUP_r1,SUP_kr,SUP_sk,INC_avg,INC_sd,INC_r1,INC_kr,INC_sk,IND_avg,IND_sd,IND_r1,IND_kr,IND_sk
212,0.16,0.1019803903,-0.3095238095,1.9556213018,-0.2715454179,0.34,0.1019803903,-0.1983471074,1.9556213018,0.2715454179,0.5,0.1673320053,-0.4615384615,1.2755102041,0.2561204163,0.5,0.1673320053,-0.4615384615,1.2755102041,0.2561204163
