Instance,INF_avg,INF_sd,INF_r1,INF_kr,INF_sk,SUP_avg,SUP_sd,SUP_r1,SUP_kr,SUP_sk,INC_avg,INC_sd,INC_r1,INC_kr,INC_sk,IND_avg,IND_sd,IND_r1,IND_kr,IND_sk
199,0.3125,0.1832859787,0.3215785055,1.9829313142,0.5462298849,0.225,0.1198957881,-0.1262135922,2.3232514178,-0.4895555808,0.4625,0.1316956719,0.573580533,2.4385196007,-0.6002783,0.4625,0.1316956719,0.573580533,2.4385196007,-0.6002783
