Instance,INF_avg,INF_sd,INF_r1,INF_kr,INF_sk,SUP_avg,SUP_sd,SUP_r1,SUP_kr,SUP_sk,INC_avg,INC_sd,INC_r1,INC_kr,INC_sk,IND_avg,IND_sd,IND_r1,IND_kr,IND_sk
65,0.2176,0.0451247161,0.1741265754,2.2350750258,0.0846141699,0.2769,0.052757843,0.1443868978,2.5184005178,0.2438296085,0.5055,0.0549795416,-0.094953627,2.7613227336,0.0437347363,0.5055,0.0549795416,-0.094953627,2.7613227336,0.0437347363
