Instance,INF_avg,INF_sd,INF_r1,INF_kr,INF_sk,SUP_avg,SUP_sd,SUP_r1,SUP_kr,SUP_sk,INC_avg,INC_sd,INC_r1,INC_kr,INC_sk,IND_avg,IND_sd,IND_r1,IND_kr,IND_sk
156,0.228,0.0967780967,-0.0014784493,2.9994387266,0.409636265,0.26,0.1036822068,-0.1554563215,2.8054515955,0.2570466392,0.512,0.1162153174,-0.0797093722,2.7125753478,0.1908481281,0.512,0.1162153174,-0.0797093722,2.7125753478,0.1908481281
