Instance,INF_avg,INF_sd,INF_r1,INF_kr,INF_sk,SUP_avg,SUP_sd,SUP_r1,SUP_kr,SUP_sk,INC_avg,INC_sd,INC_r1,INC_kr,INC_sk,IND_avg,IND_sd,IND_r1,IND_kr,IND_sk
27,0.317,0.0352987252,-0.3038120276,2.2122812261,-0.7624446064,0.215,0.0415932687,-0.7178217822,1.3345751612,0.4377653659,0.468,0.0278567766,0.7081218274,2.190509087,-0.6261779404,0.468,0.0278567766,0.7081218274,2.190509087,-0.6261779404
