Instance,INF_avg,INF_sd,INF_r1,INF_kr,INF_sk,SUP_avg,SUP_sd,SUP_r1,SUP_kr,SUP_sk,INC_avg,INC_sd,INC_r1,INC_kr,INC_sk,IND_avg,IND_sd,IND_r1,IND_kr,IND_sk
49,0.2543,0.0303893073,0.0995513504,3.3908197005,0.0909399441,0.26415,0.0400752729,0.4371768861,3.0071395453,0.2096693121,0.48155,0.0389595624,0.234014862,2.7746200814,-0.1522451058,0.48155,0.0389595624,0.234014862,2.7746200814,-0.1522451058
