Instance,INF_avg,INF_sd,INF_r1,INF_kr,INF_sk,SUP_avg,SUP_sd,SUP_r1,SUP_kr,SUP_sk,INC_avg,INC_sd,INC_r1,INC_kr,INC_sk,IND_avg,IND_sd,IND_r1,IND_kr,IND_sk
253,0.4939240506,0.1158066669,0.6867724339,2.318450337,-0.3408621927,0.1179746835,0.0832622781,0.6467938479,3.3331471185,0.9105181426,0.3881012658,0.0705507439,0.1240759201,2.5685082382,0.4141565062,0.3881012658,0.0705507439,0.1240759201,2.5685082382,0.4141565062
