Instance,INF_avg,INF_sd,INF_r1,INF_kr,INF_sk,SUP_avg,SUP_sd,SUP_r1,SUP_kr,SUP_sk,INC_avg,INC_sd,INC_r1,INC_kr,INC_sk,IND_avg,IND_sd,IND_r1,IND_kr,IND_sk
285,0.266,0.055027266,0.1444670776,2.4255534867,-0.0604960092,0.3068,0.0680717269,0.0255752451,2.4927213809,0.1583780034,0.4272,0.0647159949,0.019423479,2.8869822241,0.0119631226,0.4272,0.0647159949,0.019423479,2.8869822241,0.0119631226
