Instance,INF_avg,INF_sd,INF_r1,INF_kr,INF_sk,SUP_avg,SUP_sd,SUP_r1,SUP_kr,SUP_sk,INC_avg,INC_sd,INC_r1,INC_kr,INC_sk,IND_avg,IND_sd,IND_r1,IND_kr,IND_sk
93,0.26,0.1854723699,-0.6549295775,1.509194159,-0.1579875514,0.26,0.1496662955,0.1485507246,2.1339285714,-0.7301958931,0.48,0.1939071943,-0.4977973568,2.3587596197,0.2830922144,0.48,0.1939071943,-0.4977973568,2.3587596197,0.2830922144
