Instance,INF_avg,INF_sd,INF_r1,INF_kr,INF_sk,SUP_avg,SUP_sd,SUP_r1,SUP_kr,SUP_sk,INC_avg,INC_sd,INC_r1,INC_kr,INC_sk,IND_avg,IND_sd,IND_r1,IND_kr,IND_sk
242,0.2272727273,0.1285648693,0.0668662675,1.961,-0.0042426407,0.2636363636,0.1226430688,0.2609819121,3.363422292,-0.1686138555,0.5090909091,0.1831767425,0.0542606037,2.4599602029,0.753238732,0.5090909091,0.1831767425,0.0542606037,2.4599602029,0.753238732
