Instance,INF_avg,INF_sd,INF_r1,INF_kr,INF_sk,SUP_avg,SUP_sd,SUP_r1,SUP_kr,SUP_sk,INC_avg,INC_sd,INC_r1,INC_kr,INC_sk,IND_avg,IND_sd,IND_r1,IND_kr,IND_sk
136,0.2432,0.0801857843,0.0592545563,2.8707454397,0.3090945611,0.2276,0.0694423502,-0.0917574761,3.1323860186,0.2370307946,0.5292,0.0826278403,-0.0503246612,2.6188213875,0.1518553776,0.5292,0.0826278403,-0.0503246612,2.6188213875,0.1518553776
