Instance,INF_avg,INF_sd,INF_r1,INF_kr,INF_sk,SUP_avg,SUP_sd,SUP_r1,SUP_kr,SUP_sk,INC_avg,INC_sd,INC_r1,INC_kr,INC_sk,IND_avg,IND_sd,IND_r1,IND_kr,IND_sk
168,0.2638,0.0710321054,0.0892192277,2.5714767364,0.2293149814,0.258,0.0697137002,0.2875086589,2.7402956866,0.2254016097,0.4782,0.0636926997,-0.0961840277,3.0730665231,-0.0350160772,0.4782,0.0636926997,-0.0961840277,3.0730665231,-0.0350160772
