Instance,INF_avg,INF_sd,INF_r1,INF_kr,INF_sk,SUP_avg,SUP_sd,SUP_r1,SUP_kr,SUP_sk,INC_avg,INC_sd,INC_r1,INC_kr,INC_sk,IND_avg,IND_sd,IND_r1,IND_kr,IND_sk
288,0.2184,0.0512390476,0.1863013631,2.7259926129,0.3610198231,0.2402,0.0459778207,-0.1873547377,2.2291853364,0.0032060818,0.5414,0.056568896,0.114133853,2.3137050472,-0.0575779185,0.5414,0.056568896,0.114133853,2.3137050472,-0.0575779185
