Instance,INF_avg,INF_sd,INF_r1,INF_kr,INF_sk,SUP_avg,SUP_sd,SUP_r1,SUP_kr,SUP_sk,INC_avg,INC_sd,INC_r1,INC_kr,INC_sk,IND_avg,IND_sd,IND_r1,IND_kr,IND_sk
297,0.4447058824,0.099889212,0.7728860869,1.9777566558,0.0746916941,0.1026470588,0.0636307743,0.5831580552,2.9011945364,0.736475237,0.4526470588,0.0638614688,0.3354994768,2.1284575922,-0.107820739,0.4526470588,0.0638614688,0.3354994768,2.1284575922,-0.107820739
