Instance,INF_avg,INF_sd,INF_r1,INF_kr,INF_sk,SUP_avg,SUP_sd,SUP_r1,SUP_kr,SUP_sk,INC_avg,INC_sd,INC_r1,INC_kr,INC_sk,IND_avg,IND_sd,IND_r1,IND_kr,IND_sk
154,0.288,0.1451068572,-0.1930836624,2.4551302187,0.20938348,0.28,0.1166190379,-0.0011990408,2.1989619377,0.0907933686,0.432,0.1666613332,-0.1456431934,3.7085399456,0.4710841994,0.432,0.1666613332,-0.1456431934,3.7085399456,0.4710841994
