Instance,INF_avg,INF_sd,INF_r1,INF_kr,INF_sk,SUP_avg,SUP_sd,SUP_r1,SUP_kr,SUP_sk,INC_avg,INC_sd,INC_r1,INC_kr,INC_sk,IND_avg,IND_sd,IND_r1,IND_kr,IND_sk
49,0.2595,0.0955758861,-0.0715054019,2.6674394294,-0.0142575814,0.2475,0.0978199877,-0.0192651596,3.3667066133,0.3664805021,0.493,0.1118078709,-0.0359577329,2.6949127775,-0.103480679,0.493,0.1118078709,-0.0359577329,2.6949127775,-0.103480679
