Instance,INF_avg,INF_sd,INF_r1,INF_kr,INF_sk,SUP_avg,SUP_sd,SUP_r1,SUP_kr,SUP_sk,INC_avg,INC_sd,INC_r1,INC_kr,INC_sk,IND_avg,IND_sd,IND_r1,IND_kr,IND_sk
177,0.28,0.09,0.6801872075,2.4641060814,-0.7283950617,0.22,0.0748331477,-0.4285714286,3.0905612245,-1.0594999233,0.5,0.1183215957,0.525,2.0535714286,0.1358283624,0.5,0.1183215957,0.525,2.0535714286,0.1358283624
