Instance,INF_avg,INF_sd,INF_r1,INF_kr,INF_sk,SUP_avg,SUP_sd,SUP_r1,SUP_kr,SUP_sk,INC_avg,INC_sd,INC_r1,INC_kr,INC_sk,IND_avg,IND_sd,IND_r1,IND_kr,IND_sk
67,0.2712,0.0440744824,0.0602359571,3.2349740642,-0.0109200326,0.2223,0.0418773208,-6.45609e-05,2.6692238682,-0.2287937264,0.5065,0.052007211,0.0865532378,2.7185373788,0.2496169947,0.5065,0.052007211,0.0865532378,2.7185373788,0.2496169947
