Instance,INF_avg,INF_sd,INF_r1,INF_kr,INF_sk,SUP_avg,SUP_sd,SUP_r1,SUP_kr,SUP_sk,INC_avg,INC_sd,INC_r1,INC_kr,INC_sk,IND_avg,IND_sd,IND_r1,IND_kr,IND_sk
260,0.253,0.1092748827,0.2014954651,3.4880345281,0.567117462,0.31,0.1063014581,0.2441140025,2.4536768737,0.1123870064,0.437,0.1066817698,0.1158796964,3.5560959836,-0.4624191489,0.437,0.1066817698,0.1158796964,3.5560959836,-0.4624191489
