Instance,INF_avg,INF_sd,INF_r1,INF_kr,INF_sk,SUP_avg,SUP_sd,SUP_r1,SUP_kr,SUP_sk,INC_avg,INC_sd,INC_r1,INC_kr,INC_sk,IND_avg,IND_sd,IND_r1,IND_kr,IND_sk
85,0.2668,0.0313808859,0.1071323325,3.3164812992,0.0194631907,0.2347,0.0299818278,-0.0144987688,2.7652438998,0.1441152857,0.4985,0.0376330971,-0.122010622,3.6991599367,0.3998095698,0.4985,0.0376330971,-0.122010622,3.6991599367,0.3998095698
