Instance,INF_avg,INF_sd,INF_r1,INF_kr,INF_sk,SUP_avg,SUP_sd,SUP_r1,SUP_kr,SUP_sk,INC_avg,INC_sd,INC_r1,INC_kr,INC_sk,IND_avg,IND_sd,IND_r1,IND_kr,IND_sk
228,0.271,0.018547237,-1.1217292378,2.0035492158,0.194663233,0.249,0.038,-0.2634606874,1.9321003522,0.3792097973,0.48,0.0423083916,-0.4612403101,1.2672045192,-0.2079701532,0.48,0.0423083916,-0.4612403101,1.2672045192,-0.2079701532
