Instance,INF_avg,INF_sd,INF_r1,INF_kr,INF_sk,SUP_avg,SUP_sd,SUP_r1,SUP_kr,SUP_sk,INC_avg,INC_sd,INC_r1,INC_kr,INC_sk,IND_avg,IND_sd,IND_r1,IND_kr,IND_sk
201,0.2652,0.0422014218,-0.1778008059,2.2496319971,-0.1634345426,0.2574,0.0382,0.2052066853,3.6200654088,0.7057329276,0.4774,0.0499123231,-0.0303130857,2.4436045037,0.3676044193,0.4774,0.0499123231,-0.0303130857,2.4436045037,0.3676044193
