Instance,INF_avg,INF_sd,INF_r1,INF_kr,INF_sk,SUP_avg,SUP_sd,SUP_r1,SUP_kr,SUP_sk,INC_avg,INC_sd,INC_r1,INC_kr,INC_sk,IND_avg,IND_sd,IND_r1,IND_kr,IND_sk
271,0.4509469697,0.1059447622,0.871611792,2.2261977105,-0.2806764255,0.0904166667,0.0714011333,0.9075849119,3.281031106,0.988936084,0.4586363636,0.050834293,0.4547344147,2.7102262705,-0.1584352917,0.4586363636,0.050834293,0.4547344147,2.7102262705,-0.1584352917
