Instance,INF_avg,INF_sd,INF_r1,INF_kr,INF_sk,SUP_avg,SUP_sd,SUP_r1,SUP_kr,SUP_sk,INC_avg,INC_sd,INC_r1,INC_kr,INC_sk,IND_avg,IND_sd,IND_r1,IND_kr,IND_sk
102,0.29,0.1431782106,0.1263683707,2.6801427722,-0.0286186072,0.224,0.1517366139,-0.12376018,2.79930855,0.6206944287,0.486,0.1549322433,-0.098252521,2.2483198587,0.0083119262,0.486,0.1549322433,-0.098252521,2.2483198587,0.0083119262
