Instance,INF_avg,INF_sd,INF_r1,INF_kr,INF_sk,SUP_avg,SUP_sd,SUP_r1,SUP_kr,SUP_sk,INC_avg,INC_sd,INC_r1,INC_kr,INC_sk,IND_avg,IND_sd,IND_r1,IND_kr,IND_sk
281,0.252,0.1513142426,0.1027023998,2.1660081426,0.1522925058,0.222,0.1300615239,-0.0863196605,2.3785578202,0.3512970841,0.526,0.1741378764,-0.1019291017,2.3534738686,-0.0611390053,0.526,0.1741378764,-0.1019291017,2.3534738686,-0.0611390053
