Instance,INF_avg,INF_sd,INF_r1,INF_kr,INF_sk,SUP_avg,SUP_sd,SUP_r1,SUP_kr,SUP_sk,INC_avg,INC_sd,INC_r1,INC_kr,INC_sk,IND_avg,IND_sd,IND_r1,IND_kr,IND_sk
181,0.2845679012,0.1101743779,0.0284562883,3.1095891693,0.3387197772,0.1814814815,0.0944262873,0.1087136062,4.0346343195,0.9258190164,0.5339506173,0.112991631,-0.0266566981,2.7977593103,-0.3626349455,0.5339506173,0.112991631,-0.0266566981,2.7977593103,-0.3626349455
