Instance,INF_avg,INF_sd,INF_r1,INF_kr,INF_sk,SUP_avg,SUP_sd,SUP_r1,SUP_kr,SUP_sk,INC_avg,INC_sd,INC_r1,INC_kr,INC_sk,IND_avg,IND_sd,IND_r1,IND_kr,IND_sk
45,0.256,0.0747261668,-0.2044006948,1.7212256057,0.4789981585,0.204,0.0605309838,-0.3785154449,1.8444919052,0.3713858248,0.54,0.0794984277,0.1082802548,1.9379907066,0.5349998336,0.54,0.0794984277,0.1082802548,1.9379907066,0.5349998336
