Instance,INF_avg,INF_sd,INF_r1,INF_kr,INF_sk,SUP_avg,SUP_sd,SUP_r1,SUP_kr,SUP_sk,INC_avg,INC_sd,INC_r1,INC_kr,INC_sk,IND_avg,IND_sd,IND_r1,IND_kr,IND_sk
147,0.2385,0.0408748089,-0.1509690709,2.9735450928,0.2441259715,0.2355,0.0422463016,-0.090964381,2.809212896,0.0641287608,0.526,0.049132474,-0.2352981994,3.105358208,0.3395449687,0.526,0.049132474,-0.2352981994,3.105358208,0.3395449687
