Instance,INF_avg,INF_sd,INF_r1,INF_kr,INF_sk,SUP_avg,SUP_sd,SUP_r1,SUP_kr,SUP_sk,INC_avg,INC_sd,INC_r1,INC_kr,INC_sk,IND_avg,IND_sd,IND_r1,IND_kr,IND_sk
290,0.24,0.0564977876,-0.1278195489,2.8916275652,0.0958185102,0.2178,0.0618317071,0.0560359263,3.1325618816,0.1457047184,0.5422,0.078937697,0.0158353126,3.2340588572,-0.3531321211,0.5422,0.078937697,0.0158353126,3.2340588572,-0.3531321211
