Instance,INF_avg,INF_sd,INF_r1,INF_kr,INF_sk,SUP_avg,SUP_sd,SUP_r1,SUP_kr,SUP_sk,INC_avg,INC_sd,INC_r1,INC_kr,INC_sk,IND_avg,IND_sd,IND_r1,IND_kr,IND_sk
231,0.2442,0.0329751422,-0.14318295,3.5692310865,0.5169358893,0.2436,0.0536193995,0.6664418319,2.3471886443,0.0688768512,0.5122,0.0564815014,0.633504043,2.3830794523,0.1113260985,0.5122,0.0564815014,0.633504043,2.3830794523,0.1113260985
