Instance,INF_avg,INF_sd,INF_r1,INF_kr,INF_sk,SUP_avg,SUP_sd,SUP_r1,SUP_kr,SUP_sk,INC_avg,INC_sd,INC_r1,INC_kr,INC_sk,IND_avg,IND_sd,IND_r1,IND_kr,IND_sk
78,0.244,0.1018037327,-0.1789797855,2.8140348959,-0.0788858708,0.286,0.1048999523,-0.0818103141,2.0066061038,0.1385336199,0.47,0.1178982612,-0.1502728211,2.4030329693,-0.0347818482,0.47,0.1178982612,-0.1502728211,2.4030329693,-0.0347818482
