Instance,INF_avg,INF_sd,INF_r1,INF_kr,INF_sk,SUP_avg,SUP_sd,SUP_r1,SUP_kr,SUP_sk,INC_avg,INC_sd,INC_r1,INC_kr,INC_sk,IND_avg,IND_sd,IND_r1,IND_kr,IND_sk
69,0.238,0.0321869539,-0.424405563,2.6767191902,-0.6830269204,0.288,0.0411825206,0.0648674242,2.0877202741,0.0140882265,0.474,0.0434050688,-0.0165032289,1.886607976,0.1532005756,0.474,0.0434050688,-0.0165032289,1.886607976,0.1532005756
