Instance,INF_avg,INF_sd,INF_r1,INF_kr,INF_sk,SUP_avg,SUP_sd,SUP_r1,SUP_kr,SUP_sk,INC_avg,INC_sd,INC_r1,INC_kr,INC_sk,IND_avg,IND_sd,IND_r1,IND_kr,IND_sk
174,0.23,0.0514781507,-0.8393782383,1.3209327163,-0.1319482681,0.294,0.0445421149,-0.4685093364,1.6201517381,-0.443830592,0.476,0.0274590604,0.0240106714,2.3918447326,-0.3616669444,0.476,0.0274590604,0.0240106714,2.3918447326,-0.3616669444
