Instance,INF_avg,INF_sd,INF_r1,INF_kr,INF_sk,SUP_avg,SUP_sd,SUP_r1,SUP_kr,SUP_sk,INC_avg,INC_sd,INC_r1,INC_kr,INC_sk,IND_avg,IND_sd,IND_r1,IND_kr,IND_sk
117,0.36,0.2244994432,0.1049913941,1.6957671958,-0.5557336935,0.26,0.1854723699,-0.0536398467,1.509194159,-0.1579875514,0.38,0.1469693846,-0.452991453,1.5781893004,0.3477670622,0.38,0.1469693846,-0.452991453,1.5781893004,0.3477670622
