Instance,INF_avg,INF_sd,INF_r1,INF_kr,INF_sk,SUP_avg,SUP_sd,SUP_r1,SUP_kr,SUP_sk,INC_avg,INC_sd,INC_r1,INC_kr,INC_sk,IND_avg,IND_sd,IND_r1,IND_kr,IND_sk
273,0.24,0.1587450787,-0.0709656513,2.8911564626,0.4679560142,0.324,0.1504127654,-0.0131134924,2.5548025504,0.4341095325,0.436,0.1571750616,-0.0774069453,3.2029769256,-0.5446222535,0.436,0.1571750616,-0.0774069453,3.2029769256,-0.5446222535
