Instance,INF_avg,INF_sd,INF_r1,INF_kr,INF_sk,SUP_avg,SUP_sd,SUP_r1,SUP_kr,SUP_sk,INC_avg,INC_sd,INC_r1,INC_kr,INC_sk,IND_avg,IND_sd,IND_r1,IND_kr,IND_sk
291,0.2512,0.0652576432,0.1331043715,3.1184781292,0.5428769612,0.242,0.0651459899,-0.0627910045,2.4959728032,0.2406253645,0.5068,0.0754304978,0.0804699723,2.0400755237,0.1042320589,0.5068,0.0754304978,0.0804699723,2.0400755237,0.1042320589
