Instance,INF_avg,INF_sd,INF_r1,INF_kr,INF_sk,SUP_avg,SUP_sd,SUP_r1,SUP_kr,SUP_sk,INC_avg,INC_sd,INC_r1,INC_kr,INC_sk,IND_avg,IND_sd,IND_r1,IND_kr,IND_sk
74,0.232,0.0345832329,-0.1788936838,1.8058746546,0.048740924,0.248,0.0394461658,0.2663779101,1.3698495252,-0.2811420085,0.52,0.0495983871,-0.192893401,2.6740035693,-0.6196110223,0.52,0.0495983871,-0.192893401,2.6740035693,-0.6196110223
