Instance,INF_avg,INF_sd,INF_r1,INF_kr,INF_sk,SUP_avg,SUP_sd,SUP_r1,SUP_kr,SUP_sk,INC_avg,INC_sd,INC_r1,INC_kr,INC_sk,IND_avg,IND_sd,IND_r1,IND_kr,IND_sk
46,0.234,0.0498397432,0.2209152433,4.1363003415,-0.4658409098,0.266,0.0245764115,-0.061549101,1.9383798956,0.1826982037,0.5,0.0382099463,0.1830985915,2.6074310377,-0.1613292912,0.5,0.0382099463,0.1830985915,2.6074310377,-0.1613292912
