Instance,INF_avg,INF_sd,INF_r1,INF_kr,INF_sk,SUP_avg,SUP_sd,SUP_r1,SUP_kr,SUP_sk,INC_avg,INC_sd,INC_r1,INC_kr,INC_sk,IND_avg,IND_sd,IND_r1,IND_kr,IND_sk
47,0.318,0.0146969385,0.3918918919,2.8127572016,-1.1642636432,0.236,0.032,-0.7110519308,1.670715332,-0.1479492187,0.446,0.041761226,-1.0036991369,2.3031100076,0.7935019592,0.446,0.041761226,-1.0036991369,2.3031100076,0.7935019592
