Instance,INF_avg,INF_sd,INF_r1,INF_kr,INF_sk,SUP_avg,SUP_sd,SUP_r1,SUP_kr,SUP_sk,INC_avg,INC_sd,INC_r1,INC_kr,INC_sk,IND_avg,IND_sd,IND_r1,IND_kr,IND_sk
156,0.288,0.1451068572,0.0096074914,2.0220688094,0.20938348,0.244,0.1235475617,-0.424156926,3.6214086996,0.9014428748,0.468,0.1515783626,0.2251581908,2.632618462,0.2062972212,0.468,0.1515783626,0.2251581908,2.632618462,0.2062972212
