Instance,INF_avg,INF_sd,INF_r1,INF_kr,INF_sk,SUP_avg,SUP_sd,SUP_r1,SUP_kr,SUP_sk,INC_avg,INC_sd,INC_r1,INC_kr,INC_sk,IND_avg,IND_sd,IND_r1,IND_kr,IND_sk
20,0.291,0.0709154426,-0.1562414813,2.2425816919,0.5468130654,0.256,0.041521079,0.1330596474,2.3426176646,0.5190106933,0.453,0.0601747455,-0.0138370595,1.502662939,-0.1372969018,0.453,0.0601747455,-0.0138370595,1.502662939,-0.1372969018
