Instance,INF_avg,INF_sd,INF_r1,INF_kr,INF_sk,SUP_avg,SUP_sd,SUP_r1,SUP_kr,SUP_sk,INC_avg,INC_sd,INC_r1,INC_kr,INC_sk,IND_avg,IND_sd,IND_r1,IND_kr,IND_sk
66,0.266,0.0833306666,0.0095335297,3.5194034169,-0.2547454792,0.2,0.0969535971,-0.2127659574,2.0314622001,-0.3291769935,0.534,0.1172348071,0.1411734473,3.1000266303,0.4243893313,0.534,0.1172348071,0.1411734473,3.1000266303,0.4243893313
