Instance,INF_avg,INF_sd,INF_r1,INF_kr,INF_sk,SUP_avg,SUP_sd,SUP_r1,SUP_kr,SUP_sk,INC_avg,INC_sd,INC_r1,INC_kr,INC_sk,IND_avg,IND_sd,IND_r1,IND_kr,IND_sk
106,0.224,0.1141227409,0.1692921138,3.6650719292,0.6515679675,0.3,0.129614814,0.2105263158,2.6360544218,0.2204333571,0.476,0.1504127654,0.3931210033,2.0296439525,-0.0814731174,0.476,0.1504127654,0.3931210033,2.0296439525,-0.0814731174
