Instance,INF_avg,INF_sd,INF_r1,INF_kr,INF_sk,SUP_avg,SUP_sd,SUP_r1,SUP_kr,SUP_sk,INC_avg,INC_sd,INC_r1,INC_kr,INC_sk,IND_avg,IND_sd,IND_r1,IND_kr,IND_sk
123,0.2588,0.0455034065,-0.0292795126,2.6110074169,-0.2214476995,0.252,0.064,-0.2166300251,4.7729797363,0.8151855469,0.4892,0.0631455462,-0.065019785,2.7613502027,-0.086223993,0.4892,0.0631455462,-0.065019785,2.7613502027,-0.086223993
