Instance,INF_avg,INF_sd,INF_r1,INF_kr,INF_sk,SUP_avg,SUP_sd,SUP_r1,SUP_kr,SUP_sk,INC_avg,INC_sd,INC_r1,INC_kr,INC_sk,IND_avg,IND_sd,IND_r1,IND_kr,IND_sk
134,0.27,0.195192213,-0.2493625701,3.1318122636,0.5857339641,0.17,0.0640312424,0.3628808864,2.2944675788,0.3656751498,0.56,0.2009975124,0.0670553936,2.35731791,-0.1093555724,0.56,0.2009975124,0.0670553936,2.35731791,-0.1093555724
