Instance,INF_avg,INF_sd,INF_r1,INF_kr,INF_sk,SUP_avg,SUP_sd,SUP_r1,SUP_kr,SUP_sk,INC_avg,INC_sd,INC_r1,INC_kr,INC_sk,IND_avg,IND_sd,IND_r1,IND_kr,IND_sk
108,0.2494,0.0425398637,0.1092155518,3.9347677087,-0.0753740374,0.2332,0.0415422676,0.2546172036,3.1372574052,-0.0680698698,0.5174,0.056349268,0.0929665383,3.1349638501,0.086095669,0.5174,0.056349268,0.0929665383,3.1349638501,0.086095669
