Instance,INF_avg,INF_sd,INF_r1,INF_kr,INF_sk,SUP_avg,SUP_sd,SUP_r1,SUP_kr,SUP_sk,INC_avg,INC_sd,INC_r1,INC_kr,INC_sk,IND_avg,IND_sd,IND_r1,IND_kr,IND_sk
128,0.31,0.1067707825,-0.3444639719,1.7206832872,-0.1380231722,0.28,0.0979795897,-0.6821345708,2.4361979167,-1.0269996057,0.41,0.0969535971,-0.1175115207,1.815527388,-0.6122692079,0.41,0.0969535971,-0.1175115207,1.815527388,-0.6122692079
