Instance,INF_avg,INF_sd,INF_r1,INF_kr,INF_sk,SUP_avg,SUP_sd,SUP_r1,SUP_kr,SUP_sk,INC_avg,INC_sd,INC_r1,INC_kr,INC_sk,IND_avg,IND_sd,IND_r1,IND_kr,IND_sk
17,0.252,0.144554488,0.0360464915,3.0168171873,0.5163247489,0.158,0.1401285124,-0.1105351387,3.8632488765,1.0351293113,0.59,0.1780449381,-0.2195751824,2.3376190429,-0.0616581302,0.59,0.1780449381,-0.2195751824,2.3376190429,-0.0616581302
