Instance,INF_avg,INF_sd,INF_r1,INF_kr,INF_sk,SUP_avg,SUP_sd,SUP_r1,SUP_kr,SUP_sk,INC_avg,INC_sd,INC_r1,INC_kr,INC_sk,IND_avg,IND_sd,IND_r1,IND_kr,IND_sk
243,0.339,0.0248797106,-0.400476758,2.5506693009,-0.4945930189,0.212,0.0215870331,-0.1522633745,1.6526460241,-0.0351904149,0.449,0.0296479342,-0.4799861576,3.5221105274,-0.95592822,0.449,0.0296479342,-0.4799861576,3.5221105274,-0.95592822
