Instance,INF_avg,INF_sd,INF_r1,INF_kr,INF_sk,SUP_avg,SUP_sd,SUP_r1,SUP_kr,SUP_sk,INC_avg,INC_sd,INC_r1,INC_kr,INC_sk,IND_avg,IND_sd,IND_r1,IND_kr,IND_sk
13,0.286,0.073783467,0.1763061874,1.8428431141,-0.2026702067,0.214,0.0600333241,0.1100108683,2.5034423461,0.7334439206,0.5,0.0536656315,-0.2083333333,3.2175925926,0.6521864934,0.5,0.0536656315,-0.2083333333,3.2175925926,0.6521864934
