Instance,INF_avg,INF_sd,INF_r1,INF_kr,INF_sk,SUP_avg,SUP_sd,SUP_r1,SUP_kr,SUP_sk,INC_avg,INC_sd,INC_r1,INC_kr,INC_sk,IND_avg,IND_sd,IND_r1,IND_kr,IND_sk
78,0.344,0.149879952,0.2494205085,2.787037037,0.5077567954,0.216,0.1007174265,0.1939848461,2.3146364279,-0.0890770261,0.44,0.1496662955,-0.1547002221,2.1913265306,0.2290810645,0.44,0.1496662955,-0.1547002221,2.1913265306,0.2290810645
