Instance,INF_avg,INF_sd,INF_r1,INF_kr,INF_sk,SUP_avg,SUP_sd,SUP_r1,SUP_kr,SUP_sk,INC_avg,INC_sd,INC_r1,INC_kr,INC_sk,IND_avg,IND_sd,IND_r1,IND_kr,IND_sk
30,0.3,0.1673320053,-0.0,1.2755102041,-0.2561204163,0.26,0.12,-0.3157894737,3.25,1.5,0.44,0.1356465997,-0.4380530973,2.9310018904,1.1731251294,0.44,0.1356465997,-0.4380530973,2.9310018904,1.1731251294
