Instance,INF_avg,INF_sd,INF_r1,INF_kr,INF_sk,SUP_avg,SUP_sd,SUP_r1,SUP_kr,SUP_sk,INC_avg,INC_sd,INC_r1,INC_kr,INC_sk,IND_avg,IND_sd,IND_r1,IND_kr,IND_sk
217,0.234,0.0924337601,-0.0467992885,2.0235660481,0.0179904112,0.266,0.0731026675,0.0190784737,2.3714614185,0.2800179607,0.5,0.1,-0.0989010989,2.35,0.42,0.5,0.1,-0.0989010989,2.35,0.42
