Instance,INF_avg,INF_sd,INF_r1,INF_kr,INF_sk,SUP_avg,SUP_sd,SUP_r1,SUP_kr,SUP_sk,INC_avg,INC_sd,INC_r1,INC_kr,INC_sk,IND_avg,IND_sd,IND_r1,IND_kr,IND_sk
178,0.2313,0.0317775078,0.1825208174,2.8558675822,0.5041266611,0.289,0.0303315018,0.129691711,3.1557514178,0.3334888416,0.4797,0.0368566141,0.1670202899,3.0681858777,-0.0952715725,0.4797,0.0368566141,0.1670202899,3.0681858777,-0.0952715725
