Instance,INF_avg,INF_sd,INF_r1,INF_kr,INF_sk,SUP_avg,SUP_sd,SUP_r1,SUP_kr,SUP_sk,INC_avg,INC_sd,INC_r1,INC_kr,INC_sk,IND_avg,IND_sd,IND_r1,IND_kr,IND_sk
191,0.224,0.0637495098,-0.5169424744,2.4459358919,-0.1823080253,0.184,0.048,-0.4273789649,1.615162037,0.5451388889,0.592,0.0601331855,-0.0243407708,1.2397603571,-0.2754946631,0.592,0.0601331855,-0.0243407708,1.2397603571,-0.2754946631
