Instance,INF_avg,INF_sd,INF_r1,INF_kr,INF_sk,SUP_avg,SUP_sd,SUP_r1,SUP_kr,SUP_sk,INC_avg,INC_sd,INC_r1,INC_kr,INC_sk,IND_avg,IND_sd,IND_r1,IND_kr,IND_sk
38,0.2105,0.0246424431,-0.2569705481,1.9985584846,-0.2154152222,0.301,0.0222261108,-0.3562461412,3.8414086446,1.2060440215,0.4885,0.0324075608,-0.5316973911,2.1916828046,0.6578908559,0.4885,0.0324075608,-0.5316973911,2.1916828046,0.6578908559
