Instance,INF_avg,INF_sd,INF_r1,INF_kr,INF_sk,SUP_avg,SUP_sd,SUP_r1,SUP_kr,SUP_sk,INC_avg,INC_sd,INC_r1,INC_kr,INC_sk,IND_avg,IND_sd,IND_r1,IND_kr,IND_sk
121,0.2584,0.0643540209,0.0596158016,4.3145606585,0.396381793,0.27,0.0547357287,0.0486944248,2.7793622471,0.0848841339,0.4716,0.0757986807,0.1777098568,2.7268420875,-0.0971355259,0.4716,0.0757986807,0.1777098568,2.7268420875,-0.0971355259
