Instance,INF_avg,INF_sd,INF_r1,INF_kr,INF_sk,SUP_avg,SUP_sd,SUP_r1,SUP_kr,SUP_sk,INC_avg,INC_sd,INC_r1,INC_kr,INC_sk,IND_avg,IND_sd,IND_r1,IND_kr,IND_sk
92,0.23,0.0678232998,0.0265486726,2.9310018904,-1.1731251294,0.32,0.1122497216,-0.5636042403,3.0563114135,-1.3532751773,0.45,0.1303840481,-0.6333333333,1.6003460208,0.4060402882,0.45,0.1303840481,-0.6333333333,1.6003460208,0.4060402882
