Instance,INF_avg,INF_sd,INF_r1,INF_kr,INF_sk,SUP_avg,SUP_sd,SUP_r1,SUP_kr,SUP_sk,INC_avg,INC_sd,INC_r1,INC_kr,INC_sk,IND_avg,IND_sd,IND_r1,IND_kr,IND_sk
13,0.238,0.0566038868,0.0826216534,2.6156583297,-0.2424364689,0.2444,0.0663674619,0.0371139164,2.7057547407,0.1023983265,0.5176,0.0711775245,0.3051162247,1.9574265896,0.0452874163,0.5176,0.0711775245,0.3051162247,1.9574265896,0.0452874163
