Instance,INF_avg,INF_sd,INF_r1,INF_kr,INF_sk,SUP_avg,SUP_sd,SUP_r1,SUP_kr,SUP_sk,INC_avg,INC_sd,INC_r1,INC_kr,INC_sk,IND_avg,IND_sd,IND_r1,IND_kr,IND_sk
219,0.2315,0.021914607,-0.0818667089,1.8107698115,0.3038627046,0.2305,0.0298705541,-0.1571821451,1.5396439767,0.0234128754,0.538,0.0355808937,-0.3139600679,2.062124241,-0.0853805054,0.538,0.0355808937,-0.3139600679,2.062124241,-0.0853805054
