Instance,INF_avg,INF_sd,INF_r1,INF_kr,INF_sk,SUP_avg,SUP_sd,SUP_r1,SUP_kr,SUP_sk,INC_avg,INC_sd,INC_r1,INC_kr,INC_sk,IND_avg,IND_sd,IND_r1,IND_kr,IND_sk
132,0.246,0.1472548811,0.0331619357,2.3775888659,0.1911236129,0.246,0.1344767638,0.115940778,4.0844647855,0.7513009094,0.508,0.1622837022,0.0428583688,2.0773885364,0.0953283087,0.508,0.1622837022,0.0428583688,2.0773885364,0.0953283087
