Instance,INF_avg,INF_sd,INF_r1,INF_kr,INF_sk,SUP_avg,SUP_sd,SUP_r1,SUP_kr,SUP_sk,INC_avg,INC_sd,INC_r1,INC_kr,INC_sk,IND_avg,IND_sd,IND_r1,IND_kr,IND_sk
285,0.335,0.0672681202,0.4454600853,1.8014407375,0.0640629209,0.195,0.0471699057,0.3761814745,2.365484156,-0.5145158249,0.47,0.0509901951,0.203187251,1.7337278107,-0.2941742027,0.47,0.0509901951,0.203187251,1.7337278107,-0.2941742027
