Instance,INF_avg,INF_sd,INF_r1,INF_kr,INF_sk,SUP_avg,SUP_sd,SUP_r1,SUP_kr,SUP_sk,INC_avg,INC_sd,INC_r1,INC_kr,INC_sk,IND_avg,IND_sd,IND_r1,IND_kr,IND_sk
276,0.278,0.1171153278,-0.0910456749,3.7007335661,0.6386538116,0.227,0.087298339,0.0212197723,2.9076208822,0.2036913712,0.495,0.1323820229,-0.1603538607,2.9755108353,-0.1377158169,0.495,0.1323820229,-0.1603538607,2.9755108353,-0.1377158169
