Instance,INF_avg,INF_sd,INF_r1,INF_kr,INF_sk,SUP_avg,SUP_sd,SUP_r1,SUP_kr,SUP_sk,INC_avg,INC_sd,INC_r1,INC_kr,INC_sk,IND_avg,IND_sd,IND_r1,IND_kr,IND_sk
169,0.2456,0.0366693332,-0.021649784,3.3526148334,-0.5915090575,0.316,0.043451122,-0.1895228562,2.7947967538,-0.6523987493,0.4384,0.0473860739,-0.1911788331,2.0917500911,0.0885524344,0.4384,0.0473860739,-0.1911788331,2.0917500911,0.0885524344
