Instance,INF_avg,INF_sd,INF_r1,INF_kr,INF_sk,SUP_avg,SUP_sd,SUP_r1,SUP_kr,SUP_sk,INC_avg,INC_sd,INC_r1,INC_kr,INC_sk,IND_avg,IND_sd,IND_r1,IND_kr,IND_sk
95,0.268,0.0203960781,-0.2962962963,1.9556213018,0.2715454179,0.25,0.0109544512,-0.1666666667,2.5,0.9128709292,0.482,0.0231516738,-0.4873417722,1.3968589886,-0.2436882574,0.482,0.0231516738,-0.4873417722,1.3968589886,-0.2436882574
