Instance,INF_avg,INF_sd,INF_r1,INF_kr,INF_sk,SUP_avg,SUP_sd,SUP_r1,SUP_kr,SUP_sk,INC_avg,INC_sd,INC_r1,INC_kr,INC_sk,IND_avg,IND_sd,IND_r1,IND_kr,IND_sk
73,0.244,0.1465059726,0.1859970603,2.8985469034,0.5665476128,0.252,0.1558717421,0.1399974452,4.3780659757,1.0005693474,0.504,0.188637218,0.0049582615,2.2977795372,-0.3436995789,0.504,0.188637218,0.0049582615,2.2977795372,-0.3436995789
