Instance,INF_avg,INF_sd,INF_r1,INF_kr,INF_sk,SUP_avg,SUP_sd,SUP_r1,SUP_kr,SUP_sk,INC_avg,INC_sd,INC_r1,INC_kr,INC_sk,IND_avg,IND_sd,IND_r1,IND_kr,IND_sk
286,0.24,0.12,-0.3817663818,2.4398148148,-0.4583333333,0.27,0.19,-0.1710193766,1.8810245471,-0.0034990523,0.49,0.17,-0.0453444098,1.8574609978,0.4005699165,0.49,0.17,-0.0453444098,1.8574609978,0.4005699165
