Instance,INF_avg,INF_sd,INF_r1,INF_kr,INF_sk,SUP_avg,SUP_sd,SUP_r1,SUP_kr,SUP_sk,INC_avg,INC_sd,INC_r1,INC_kr,INC_sk,IND_avg,IND_sd,IND_r1,IND_kr,IND_sk
9,0.5718518519,0.1577864717,0.8524300028,1.8140886722,0.0027091152,0.1075925926,0.0755212794,0.8112542361,2.5999157259,0.5671687553,0.3205555556,0.0950909246,0.6950707127,2.2877458493,-0.1713674283,0.3205555556,0.0950909246,0.6950707127,2.2877458493,-0.1713674283
