Instance,INF_avg,INF_sd,INF_r1,INF_kr,INF_sk,SUP_avg,SUP_sd,SUP_r1,SUP_kr,SUP_sk,INC_avg,INC_sd,INC_r1,INC_kr,INC_sk,IND_avg,IND_sd,IND_r1,IND_kr,IND_sk
144,0.26,0.1523154621,-0.0196687371,2.5267538644,0.2852519059,0.274,0.1520657752,-0.1141375315,2.5096563398,0.290426859,0.466,0.177887605,-0.0974929158,2.5849808452,0.2002090798,0.466,0.177887605,-0.0974929158,2.5849808452,0.2002090798
