Instance,INF_avg,INF_sd,INF_r1,INF_kr,INF_sk,SUP_avg,SUP_sd,SUP_r1,SUP_kr,SUP_sk,INC_avg,INC_sd,INC_r1,INC_kr,INC_sk,IND_avg,IND_sd,IND_r1,IND_kr,IND_sk
265,0.2932,0.0391632481,0.4452931307,2.2658221669,-0.024586935,0.2336,0.0468085462,0.2089125886,3.5206351307,0.3128929469,0.4732,0.0432407215,0.0129006017,2.9474832333,-0.7260683969,0.4732,0.0432407215,0.0129006017,2.9474832333,-0.7260683969
