Instance,INF_avg,INF_sd,INF_r1,INF_kr,INF_sk,SUP_avg,SUP_sd,SUP_r1,SUP_kr,SUP_sk,INC_avg,INC_sd,INC_r1,INC_kr,INC_sk,IND_avg,IND_sd,IND_r1,IND_kr,IND_sk
274,0.4995744681,0.1395121812,0.8985227585,1.810455084,-0.1326090995,0.0742553191,0.0706126588,0.7759047685,4.6980953204,1.5192583807,0.4261702128,0.0925881568,0.778760601,1.9137702817,-0.0141583521,0.4261702128,0.0925881568,0.778760601,1.9137702817,-0.0141583521
