Instance,INF_avg,INF_sd,INF_r1,INF_kr,INF_sk,SUP_avg,SUP_sd,SUP_r1,SUP_kr,SUP_sk,INC_avg,INC_sd,INC_r1,INC_kr,INC_sk,IND_avg,IND_sd,IND_r1,IND_kr,IND_sk
43,0.336,0.041761226,-0.1744966443,1.9196195606,-0.3927966509,0.234,0.0645290632,-0.113247647,2.7324064923,-0.4258742749,0.43,0.0770713955,-0.1096121417,2.3097983199,0.3931812849,0.43,0.0770713955,-0.1096121417,2.3097983199,0.3931812849
