Instance,INF_avg,INF_sd,INF_r1,INF_kr,INF_sk,SUP_avg,SUP_sd,SUP_r1,SUP_kr,SUP_sk,INC_avg,INC_sd,INC_r1,INC_kr,INC_sk,IND_avg,IND_sd,IND_r1,IND_kr,IND_sk
229,0.2353,0.0323173328,0.0407355662,2.9446886071,-0.0640691232,0.2244,0.0306209079,-0.2956964667,3.1901721128,0.6120556747,0.5403,0.0367751275,-0.3159190756,2.5231566478,0.0619342695,0.5403,0.0367751275,-0.3159190756,2.5231566478,0.0619342695
