Instance,INF_avg,INF_sd,INF_r1,INF_kr,INF_sk,SUP_avg,SUP_sd,SUP_r1,SUP_kr,SUP_sk,INC_avg,INC_sd,INC_r1,INC_kr,INC_sk,IND_avg,IND_sd,IND_r1,IND_kr,IND_sk
231,0.268,0.0664529909,0.1456422018,2.1650126024,-0.3356409926,0.334,0.0369323706,0.1092598526,3.2787557727,1.0157267418,0.398,0.0628967408,-0.1633572908,1.8244542342,0.1886668801,0.398,0.0628967408,-0.1633572908,1.8244542342,0.1886668801
