Instance,INF_avg,INF_sd,INF_r1,INF_kr,INF_sk,SUP_avg,SUP_sd,SUP_r1,SUP_kr,SUP_sk,INC_avg,INC_sd,INC_r1,INC_kr,INC_sk,IND_avg,IND_sd,IND_r1,IND_kr,IND_sk
49,0.218,0.1351887569,-0.069370152,3.4650337777,0.5452943291,0.22,0.14,-0.043910522,2.7017909204,0.3411078717,0.562,0.1730780171,-0.2471631082,3.0765225059,0.086765642,0.562,0.1730780171,-0.2471631082,3.0765225059,0.086765642
