Instance,INF_avg,INF_sd,INF_r1,INF_kr,INF_sk,SUP_avg,SUP_sd,SUP_r1,SUP_kr,SUP_sk,INC_avg,INC_sd,INC_r1,INC_kr,INC_sk,IND_avg,IND_sd,IND_r1,IND_kr,IND_sk
54,0.17,0.1004987562,-0.0989010989,2.2249779433,-0.55564453,0.26,0.1496662955,-0.1887477314,1.9904336735,-0.1932871482,0.57,0.155241747,-0.0453977509,3.1586405193,0.3464012398,0.57,0.155241747,-0.0453977509,3.1586405193,0.3464012398
