Instance,INF_avg,INF_sd,INF_r1,INF_kr,INF_sk,SUP_avg,SUP_sd,SUP_r1,SUP_kr,SUP_sk,INC_avg,INC_sd,INC_r1,INC_kr,INC_sk,IND_avg,IND_sd,IND_r1,IND_kr,IND_sk
41,0.2444,0.0634085168,-0.0821727763,3.0575210971,0.092108372,0.2164,0.0614087942,-0.0079181802,4.1661179927,1.0487050327,0.5392,0.0639949998,0.1611290057,1.9322052562,-0.198146048,0.5392,0.0639949998,0.1611290057,1.9322052562,-0.198146048
