Instance,INF_avg,INF_sd,INF_r1,INF_kr,INF_sk,SUP_avg,SUP_sd,SUP_r1,SUP_kr,SUP_sk,INC_avg,INC_sd,INC_r1,INC_kr,INC_sk,IND_avg,IND_sd,IND_r1,IND_kr,IND_sk
222,0.253,0.1021812116,0.1292679856,2.2407945693,-0.446628174,0.263,0.1057402478,0.1736341183,2.1007776594,0.1769831997,0.484,0.1124455424,-0.0595958691,2.6600727728,0.1484130842,0.484,0.1124455424,-0.0595958691,2.6600727728,0.1484130842
