Instance,INF_avg,INF_sd,INF_r1,INF_kr,INF_sk,SUP_avg,SUP_sd,SUP_r1,SUP_kr,SUP_sk,INC_avg,INC_sd,INC_r1,INC_kr,INC_sk,IND_avg,IND_sd,IND_r1,IND_kr,IND_sk
4,0.2752,0.0411698919,0.010247725,2.1858000491,-0.0858680231,0.2498,0.0330296836,-0.1908854558,2.1615580628,-0.0777157977,0.475,0.047116876,0.1145640074,3.2433041149,-0.5690277691,0.475,0.047116876,0.1145640074,3.2433041149,-0.5690277691
