Instance,INF_avg,INF_sd,INF_r1,INF_kr,INF_sk,SUP_avg,SUP_sd,SUP_r1,SUP_kr,SUP_sk,INC_avg,INC_sd,INC_r1,INC_kr,INC_sk,IND_avg,IND_sd,IND_r1,IND_kr,IND_sk
67,0.213,0.0201494417,0.0585562847,2.0556310515,0.2192973524,0.269,0.0215406592,-0.0116123269,2.1189989596,-0.178291537,0.518,0.0191311265,-0.4539978094,2.564140464,-0.4635823444,0.518,0.0191311265,-0.4539978094,2.564140464,-0.4635823444
