Instance,INF_avg,INF_sd,INF_r1,INF_kr,INF_sk,SUP_avg,SUP_sd,SUP_r1,SUP_kr,SUP_sk,INC_avg,INC_sd,INC_r1,INC_kr,INC_sk,IND_avg,IND_sd,IND_r1,IND_kr,IND_sk
246,0.252,0.0348711915,-0.1550632911,1.3801939058,-0.507129517,0.224,0.0585149554,-0.131898971,2.3312516377,-0.772388211,0.524,0.0542586399,-0.6507747318,1.9651465028,-0.1514485311,0.524,0.0542586399,-0.6507747318,1.9651465028,-0.1514485311
