Instance,INF_avg,INF_sd,INF_r1,INF_kr,INF_sk,SUP_avg,SUP_sd,SUP_r1,SUP_kr,SUP_sk,INC_avg,INC_sd,INC_r1,INC_kr,INC_sk,IND_avg,IND_sd,IND_r1,IND_kr,IND_sk
48,0.2435,0.0396894192,0.452611322,1.958035369,-0.317822444,0.2965,0.0450582956,0.3707443062,1.9634346996,0.041517451,0.46,0.0325576412,-0.4197530864,2.3711730153,-0.0499839187,0.46,0.0325576412,-0.4197530864,2.3711730153,-0.0499839187
