Instance,INF_avg,INF_sd,INF_r1,INF_kr,INF_sk,SUP_avg,SUP_sd,SUP_r1,SUP_kr,SUP_sk,INC_avg,INC_sd,INC_r1,INC_kr,INC_sk,IND_avg,IND_sd,IND_r1,IND_kr,IND_sk
100,0.246,0.0257681975,-0.2838060686,2.2902498548,-0.5314410188,0.182,0.0238956063,-0.233116997,3.9919120601,-0.8966321639,0.572,0.0373630834,-0.0845741063,2.7180616333,-0.3193896223,0.572,0.0373630834,-0.0845741063,2.7180616333,-0.3193896223
