Instance,INF_avg,INF_sd,INF_r1,INF_kr,INF_sk,SUP_avg,SUP_sd,SUP_r1,SUP_kr,SUP_sk,INC_avg,INC_sd,INC_r1,INC_kr,INC_sk,IND_avg,IND_sd,IND_r1,IND_kr,IND_sk
28,0.307,0.0229346899,0.1835541699,1.334853764,-0.3078671017,0.323,0.0300998339,-0.194211224,2.9122041431,-1.2378233809,0.37,0.0291547595,-0.5060240964,2.192733564,-0.605289124,0.37,0.0291547595,-0.5060240964,2.192733564,-0.605289124
