Instance,INF_avg,INF_sd,INF_r1,INF_kr,INF_sk,SUP_avg,SUP_sd,SUP_r1,SUP_kr,SUP_sk,INC_avg,INC_sd,INC_r1,INC_kr,INC_sk,IND_avg,IND_sd,IND_r1,IND_kr,IND_sk
116,0.22,0.1166190379,-0.2721893491,1.6280276817,0.3631734744,0.16,0.08,-0.3157894737,3.25,-1.5,0.62,0.1720465053,-0.3143631436,1.9945215486,0.3958703373,0.62,0.1720465053,-0.3143631436,1.9945215486,0.3958703373
