Instance,INF_avg,INF_sd,INF_r1,INF_kr,INF_sk,SUP_avg,SUP_sd,SUP_r1,SUP_kr,SUP_sk,INC_avg,INC_sd,INC_r1,INC_kr,INC_sk,IND_avg,IND_sd,IND_r1,IND_kr,IND_sk
30,0.238,0.0116619038,-1.0149253731,1.6280276817,-0.3631734744,0.243,0.006,0.2672413793,1.3981481481,0.1111111111,0.519,0.0128062485,-0.6231343284,2.4171624033,0.2228332944,0.519,0.0128062485,-0.6231343284,2.4171624033,0.2228332944
