Instance,INF_avg,INF_sd,INF_r1,INF_kr,INF_sk,SUP_avg,SUP_sd,SUP_r1,SUP_kr,SUP_sk,INC_avg,INC_sd,INC_r1,INC_kr,INC_sk,IND_avg,IND_sd,IND_r1,IND_kr,IND_sk
231,0.238,0.1002796091,0.1998591752,3.4881294821,0.866455593,0.274,0.1087382178,0.2019294468,2.0352279989,-0.3462276096,0.488,0.0919565115,0.0145554307,3.44971488,-0.7637191618,0.488,0.0919565115,0.0145554307,3.44971488,-0.7637191618
