Instance,INF_avg,INF_sd,INF_r1,INF_kr,INF_sk,SUP_avg,SUP_sd,SUP_r1,SUP_kr,SUP_sk,INC_avg,INC_sd,INC_r1,INC_kr,INC_sk,IND_avg,IND_sd,IND_r1,IND_kr,IND_sk
196,0.14,0.0663324958,0.0566037736,2.3719008264,-0.6578429336,0.28,0.2227105745,-0.4501633987,3.415842872,1.0667685882,0.58,0.2088061302,-0.3282732448,3.2957663496,-1.2495678693,0.58,0.2088061302,-0.3282732448,3.2957663496,-1.2495678693
