Instance,INF_avg,INF_sd,INF_r1,INF_kr,INF_sk,SUP_avg,SUP_sd,SUP_r1,SUP_kr,SUP_sk,INC_avg,INC_sd,INC_r1,INC_kr,INC_sk,IND_avg,IND_sd,IND_r1,IND_kr,IND_sk
17,0.306,0.0265329983,-1.023381295,1.432463843,-0.2081456157,0.214,0.024979992,0.061216872,1.7822670118,-0.2952362836,0.48,0.0204939015,-0.1866666667,2.2023809524,-0.5576571845,0.48,0.0204939015,-0.1866666667,2.2023809524,-0.5576571845
