Instance,INF_avg,INF_sd,INF_r1,INF_kr,INF_sk,SUP_avg,SUP_sd,SUP_r1,SUP_kr,SUP_sk,INC_avg,INC_sd,INC_r1,INC_kr,INC_sk,IND_avg,IND_sd,IND_r1,IND_kr,IND_sk
7,0.266,0.0750732975,0.366846013,2.2758536449,-0.1370413711,0.1948,0.0558297412,-0.0817490717,2.5202920278,0.3510258041,0.5392,0.0774555356,0.3720815094,3.3348055753,0.3567136024,0.5392,0.0774555356,0.3720815094,3.3348055753,0.3567136024
