Instance,INF_avg,INF_sd,INF_r1,INF_kr,INF_sk,SUP_avg,SUP_sd,SUP_r1,SUP_kr,SUP_sk,INC_avg,INC_sd,INC_r1,INC_kr,INC_sk,IND_avg,IND_sd,IND_r1,IND_kr,IND_sk
40,0.4712337662,0.1115771117,0.9126606244,1.7113031089,-0.2510582704,0.0955844156,0.0737227785,0.8867402217,2.0825243039,0.6181796895,0.4331818182,0.0506702421,0.5096452492,2.339677037,0.1581818816,0.4331818182,0.0506702421,0.5096452492,2.339677037,0.1581818816
