Instance,INF_avg,INF_sd,INF_r1,INF_kr,INF_sk,SUP_avg,SUP_sd,SUP_r1,SUP_kr,SUP_sk,INC_avg,INC_sd,INC_r1,INC_kr,INC_sk,IND_avg,IND_sd,IND_r1,IND_kr,IND_sk
128,0.254,0.1395850995,0.1036251647,2.4896097598,0.281698253,0.228,0.1428845688,-0.1406190747,2.9011587199,0.5084117987,0.518,0.1465469208,-0.0051025842,2.3299674556,-0.0462423974,0.518,0.1465469208,-0.0051025842,2.3299674556,-0.0462423974
