Instance,INF_avg,INF_sd,INF_r1,INF_kr,INF_sk,SUP_avg,SUP_sd,SUP_r1,SUP_kr,SUP_sk,INC_avg,INC_sd,INC_r1,INC_kr,INC_sk,IND_avg,IND_sd,IND_r1,IND_kr,IND_sk
193,0.2744,0.0594696561,0.0058001028,2.4926164852,0.2452952161,0.244,0.0758946638,0.2748003241,2.1637962963,-0.0975035612,0.4816,0.0825435643,0.0472969274,4.6867335556,1.0490851593,0.4816,0.0825435643,0.0472969274,4.6867335556,1.0490851593
