Instance,INF_avg,INF_sd,INF_r1,INF_kr,INF_sk,SUP_avg,SUP_sd,SUP_r1,SUP_kr,SUP_sk,INC_avg,INC_sd,INC_r1,INC_kr,INC_sk,IND_avg,IND_sd,IND_r1,IND_kr,IND_sk
111,0.187,0.0841486779,0.0515147342,2.9856230966,0.412609212,0.298,0.1117855089,0.2351382182,2.4911297608,0.0930536414,0.515,0.1045227248,0.0232363991,2.8580607324,0.0065679388,0.515,0.1045227248,0.0232363991,2.8580607324,0.0065679388
