Instance,INF_avg,INF_sd,INF_r1,INF_kr,INF_sk,SUP_avg,SUP_sd,SUP_r1,SUP_kr,SUP_sk,INC_avg,INC_sd,INC_r1,INC_kr,INC_sk,IND_avg,IND_sd,IND_r1,IND_kr,IND_sk
88,0.273,0.1008513758,0.1017704105,2.9247413908,0.1496783832,0.238,0.0946361453,-0.0156279061,3.132906028,0.2408604496,0.489,0.1145818485,0.1272666277,2.6459875902,0.1210413763,0.489,0.1145818485,0.1272666277,2.6459875902,0.1210413763
