Instance,INF_avg,INF_sd,INF_r1,INF_kr,INF_sk,SUP_avg,SUP_sd,SUP_r1,SUP_kr,SUP_sk,INC_avg,INC_sd,INC_r1,INC_kr,INC_sk,IND_avg,IND_sd,IND_r1,IND_kr,IND_sk
297,0.18,0.0586515132,0.4024390244,2.8420767983,0.333067003,0.306,0.0669626762,-0.0263184636,1.9077660207,0.2020644464,0.514,0.058685603,-0.3255618315,3.3935865839,-0.7015473915,0.514,0.058685603,-0.3255618315,3.3935865839,-0.7015473915
