Instance,INF_avg,INF_sd,INF_r1,INF_kr,INF_sk,SUP_avg,SUP_sd,SUP_r1,SUP_kr,SUP_sk,INC_avg,INC_sd,INC_r1,INC_kr,INC_sk,IND_avg,IND_sd,IND_r1,IND_kr,IND_sk
273,0.2195,0.0355281578,0.0093730179,2.234348071,-0.5852102983,0.311,0.0270924344,-0.1268769803,4.0201538359,0.7428398765,0.4695,0.0279687325,0.0517734009,2.4165299289,0.1730462737,0.4695,0.0279687325,0.0517734009,2.4165299289,0.1730462737
