Instance,INF_avg,INF_sd,INF_r1,INF_kr,INF_sk,SUP_avg,SUP_sd,SUP_r1,SUP_kr,SUP_sk,INC_avg,INC_sd,INC_r1,INC_kr,INC_sk,IND_avg,IND_sd,IND_r1,IND_kr,IND_sk
15,0.5021323529,0.1225054506,0.8879407721,2.2131036876,-0.4372290909,0.0713970588,0.0607541186,0.8703235182,4.9189366535,1.6023367776,0.4264705882,0.0745084817,0.7729876762,1.8488957857,-0.1112063641,0.4264705882,0.0745084817,0.7729876762,1.8488957857,-0.1112063641
