Instance,INF_avg,INF_sd,INF_r1,INF_kr,INF_sk,SUP_avg,SUP_sd,SUP_r1,SUP_kr,SUP_sk,INC_avg,INC_sd,INC_r1,INC_kr,INC_sk,IND_avg,IND_sd,IND_r1,IND_kr,IND_sk
40,0.35,0.1048808848,-0.4761904762,2.8305785124,1.1701586323,0.22,0.0871779789,-1.1090047393,1.7957063712,0.0543353054,0.43,0.081240384,0.2105263158,1.4421487603,0.3804646085,0.43,0.081240384,0.2105263158,1.4421487603,0.3804646085
