Instance,INF_avg,INF_sd,INF_r1,INF_kr,INF_sk,SUP_avg,SUP_sd,SUP_r1,SUP_kr,SUP_sk,INC_avg,INC_sd,INC_r1,INC_kr,INC_sk,IND_avg,IND_sd,IND_r1,IND_kr,IND_sk
119,0.325,0.0844097151,-0.2380952381,1.6943674977,-0.1870575403,0.245,0.0567890835,-0.3430282293,2.2460789616,0.1965657837,0.43,0.1122497216,-0.5261228231,1.6957671958,-0.0254534516,0.43,0.1122497216,-0.5261228231,1.6957671958,-0.0254534516
