Instance,INF_avg,INF_sd,INF_r1,INF_kr,INF_sk,SUP_avg,SUP_sd,SUP_r1,SUP_kr,SUP_sk,INC_avg,INC_sd,INC_r1,INC_kr,INC_sk,IND_avg,IND_sd,IND_r1,IND_kr,IND_sk
221,0.266,0.0377359245,-0.3683279269,2.5394678702,0.9705233399,0.215,0.0422492603,0.3997194951,2.9704823106,0.0954718121,0.519,0.0452658812,-0.1761994982,3.3374841993,0.5697910441,0.519,0.0452658812,-0.1761994982,3.3374841993,0.5697910441
