Instance,INF_avg,INF_sd,INF_r1,INF_kr,INF_sk,SUP_avg,SUP_sd,SUP_r1,SUP_kr,SUP_sk,INC_avg,INC_sd,INC_r1,INC_kr,INC_sk,IND_avg,IND_sd,IND_r1,IND_kr,IND_sk
193,0.251,0.0717565328,0.0091241372,3.2021444391,-0.0350443777,0.255,0.085,-0.3551110804,2.2942373774,0.0635049868,0.494,0.0863944443,-0.0585158268,3.604046691,0.7204300935,0.494,0.0863944443,-0.0585158268,3.604046691,0.7204300935
