Instance,INF_avg,INF_sd,INF_r1,INF_kr,INF_sk,SUP_avg,SUP_sd,SUP_r1,SUP_kr,SUP_sk,INC_avg,INC_sd,INC_r1,INC_kr,INC_sk,IND_avg,IND_sd,IND_r1,IND_kr,IND_sk
99,0.28,0.0916515139,-0.0098394614,2.1632653061,-0.1792504098,0.194,0.0778716893,-0.0556596553,2.8163668451,-0.5625247085,0.526,0.1158619869,-0.1445113421,1.8096661415,0.0323738098,0.526,0.1158619869,-0.1445113421,1.8096661415,0.0323738098
