Instance,INF_avg,INF_sd,INF_r1,INF_kr,INF_sk,SUP_avg,SUP_sd,SUP_r1,SUP_kr,SUP_sk,INC_avg,INC_sd,INC_r1,INC_kr,INC_sk,IND_avg,IND_sd,IND_r1,IND_kr,IND_sk
145,0.2704,0.0321844683,0.0436753787,2.3138719596,-0.0261885253,0.2302,0.0315746734,0.4571467085,3.0905542836,-0.4172087691,0.4994,0.0255859336,0.0416379146,3.2289394804,-0.6738339092,0.4994,0.0255859336,0.0416379146,3.2289394804,-0.6738339092
