Instance,INF_avg,INF_sd,INF_r1,INF_kr,INF_sk,SUP_avg,SUP_sd,SUP_r1,SUP_kr,SUP_sk,INC_avg,INC_sd,INC_r1,INC_kr,INC_sk,IND_avg,IND_sd,IND_r1,IND_kr,IND_sk
25,0.2972,0.0437739649,-0.0613784984,2.3302580445,-0.515061696,0.2332,0.0441560868,0.2295834579,1.5309266762,0.0451779022,0.4696,0.0640924333,0.2223682856,2.8614711164,0.4752688303,0.4696,0.0640924333,0.2223682856,2.8614711164,0.4752688303
