Instance,INF_avg,INF_sd,INF_r1,INF_kr,INF_sk,SUP_avg,SUP_sd,SUP_r1,SUP_kr,SUP_sk,INC_avg,INC_sd,INC_r1,INC_kr,INC_sk,IND_avg,IND_sd,IND_r1,IND_kr,IND_sk
229,0.2442,0.0353179841,-0.1481641016,2.6292594423,0.2452471282,0.2592,0.0292807104,0.4009138384,2.4869536469,-0.3956254199,0.4966,0.0374358117,0.0423444354,3.2843756969,-0.546679322,0.4966,0.0374358117,0.0423444354,3.2843756969,-0.546679322
