Instance,INF_avg,INF_sd,INF_r1,INF_kr,INF_sk,SUP_avg,SUP_sd,SUP_r1,SUP_kr,SUP_sk,INC_avg,INC_sd,INC_r1,INC_kr,INC_sk,IND_avg,IND_sd,IND_r1,IND_kr,IND_sk
80,0.3,0.0748331477,-0.537037037,1.2591836735,-0.3436215967,0.228,0.079598995,-0.6675297773,2.201637588,0.4081062644,0.472,0.0411825206,0.3074792244,1.3209327163,0.1319482681,0.472,0.0411825206,0.3074792244,1.3209327163,0.1319482681
