Instance,INF_avg,INF_sd,INF_r1,INF_kr,INF_sk,SUP_avg,SUP_sd,SUP_r1,SUP_kr,SUP_sk,INC_avg,INC_sd,INC_r1,INC_kr,INC_sk,IND_avg,IND_sd,IND_r1,IND_kr,IND_sk
93,0.2655,0.0427170926,0.1468029509,3.280420489,-0.0395744524,0.2262,0.044199095,0.194721522,3.5932223907,0.4542844481,0.5083,0.0477504974,0.1112634132,2.5958056472,-0.1267173391,0.5083,0.0477504974,0.1112634132,2.5958056472,-0.1267173391
