Instance,INF_avg,INF_sd,INF_r1,INF_kr,INF_sk,SUP_avg,SUP_sd,SUP_r1,SUP_kr,SUP_sk,INC_avg,INC_sd,INC_r1,INC_kr,INC_sk,IND_avg,IND_sd,IND_r1,IND_kr,IND_sk
229,0.2342,0.0428994172,0.3277309777,2.4355866701,-0.3166878574,0.307,0.0513127664,0.4678007103,2.2868795932,-0.1241686984,0.4588,0.0458100426,0.0621233677,2.7821638406,-0.1598110611,0.4588,0.0458100426,0.0621233677,2.7821638406,-0.1598110611
