Instance,INF_avg,INF_sd,INF_r1,INF_kr,INF_sk,SUP_avg,SUP_sd,SUP_r1,SUP_kr,SUP_sk,INC_avg,INC_sd,INC_r1,INC_kr,INC_sk,IND_avg,IND_sd,IND_r1,IND_kr,IND_sk
160,0.2386,0.0251205095,0.1205376628,2.3247083471,0.0667492371,0.23,0.024657656,-0.0284629981,2.5122814231,-0.210114094,0.5314,0.0302826683,-0.2898730016,3.024476518,-0.377355211,0.5314,0.0302826683,-0.2898730016,3.024476518,-0.377355211
