Instance,INF_avg,INF_sd,INF_r1,INF_kr,INF_sk,SUP_avg,SUP_sd,SUP_r1,SUP_kr,SUP_sk,INC_avg,INC_sd,INC_r1,INC_kr,INC_sk,IND_avg,IND_sd,IND_r1,IND_kr,IND_sk
280,0.29375,0.0966226552,-0.0440142541,3.3819611001,0.0730746784,0.240625,0.1097612229,0.1992043087,2.4941482694,-0.1153451946,0.465625,0.1212591277,0.0836994636,2.766185638,0.2992249907,0.465625,0.1212591277,0.0836994636,2.766185638,0.2992249907
