Instance,INF_avg,INF_sd,INF_r1,INF_kr,INF_sk,SUP_avg,SUP_sd,SUP_r1,SUP_kr,SUP_sk,INC_avg,INC_sd,INC_r1,INC_kr,INC_sk,IND_avg,IND_sd,IND_r1,IND_kr,IND_sk
110,0.2628,0.0447678456,0.2168334423,2.2328566768,-0.5645988508,0.2364,0.0422260583,-0.0758513642,2.6642013008,0.0093436178,0.5008,0.0516077514,0.4018851939,1.8777909214,0.1566200128,0.5008,0.0516077514,0.4018851939,1.8777909214,0.1566200128
