Instance,INF_avg,INF_sd,INF_r1,INF_kr,INF_sk,SUP_avg,SUP_sd,SUP_r1,SUP_kr,SUP_sk,INC_avg,INC_sd,INC_r1,INC_kr,INC_sk,IND_avg,IND_sd,IND_r1,IND_kr,IND_sk
12,0.218,0.0415451562,0.2523394031,2.5100138432,-0.0109612822,0.2865,0.0676775443,0.6135678714,2.1223720799,0.5537388219,0.4955,0.0364314425,0.4511397478,1.9826682042,-0.3743979355,0.4955,0.0364314425,0.4511397478,1.9826682042,-0.3743979355
