Instance,INF_avg,INF_sd,INF_r1,INF_kr,INF_sk,SUP_avg,SUP_sd,SUP_r1,SUP_kr,SUP_sk,INC_avg,INC_sd,INC_r1,INC_kr,INC_sk,IND_avg,IND_sd,IND_r1,IND_kr,IND_sk
44,0.248,0.0297657521,-0.5793960058,2.2042940346,0.7460055942,0.258,0.0492544414,-0.6625750136,2.6453122908,1.0617009494,0.494,0.0458693798,0.1950832672,1.8900157585,-0.4073395093,0.494,0.0458693798,0.1950832672,1.8900157585,-0.4073395093
