Instance,INF_avg,INF_sd,INF_r1,INF_kr,INF_sk,SUP_avg,SUP_sd,SUP_r1,SUP_kr,SUP_sk,INC_avg,INC_sd,INC_r1,INC_kr,INC_sk,IND_avg,IND_sd,IND_r1,IND_kr,IND_sk
298,0.211,0.0301496269,-0.0301768991,1.9868023106,0.0354666721,0.251,0.051273775,-0.0215837324,2.6397171091,0.62769126,0.538,0.0565331761,0.0147010241,2.1498196275,0.0884657808,0.538,0.0565331761,0.0147010241,2.1498196275,0.0884657808
