Instance,INF_avg,INF_sd,INF_r1,INF_kr,INF_sk,SUP_avg,SUP_sd,SUP_r1,SUP_kr,SUP_sk,INC_avg,INC_sd,INC_r1,INC_kr,INC_sk,IND_avg,IND_sd,IND_r1,IND_kr,IND_sk
53,0.308,0.1683330033,0.092159055,2.5891374969,0.276615533,0.315,0.1693369422,0.1857827294,2.1186393526,0.234001562,0.377,0.1455025773,0.1828146059,2.9565440484,0.6761921471,0.377,0.1455025773,0.1828146059,2.9565440484,0.6761921471
