Instance,INF_avg,INF_sd,INF_r1,INF_kr,INF_sk,SUP_avg,SUP_sd,SUP_r1,SUP_kr,SUP_sk,INC_avg,INC_sd,INC_r1,INC_kr,INC_sk,IND_avg,IND_sd,IND_r1,IND_kr,IND_sk
33,0.2438,0.0324739896,0.2886732984,3.530377609,0.6067360646,0.2374,0.0335594994,0.1132495115,2.2356491761,-0.2141163394,0.5188,0.0456788791,0.1455472536,2.6916375178,0.1871054642,0.5188,0.0456788791,0.1455472536,2.6916375178,0.1871054642
