Instance,INF_avg,INF_sd,INF_r1,INF_kr,INF_sk,SUP_avg,SUP_sd,SUP_r1,SUP_kr,SUP_sk,INC_avg,INC_sd,INC_r1,INC_kr,INC_sk,IND_avg,IND_sd,IND_r1,IND_kr,IND_sk
83,0.2572,0.0443188448,0.1462727703,2.6789416092,0.2527406363,0.286,0.0373095162,-0.1392652423,4.0631193024,-0.6136920027,0.4568,0.0516697203,-0.0395336608,3.62428724,-0.8532160926,0.4568,0.0516697203,-0.0395336608,3.62428724,-0.8532160926
