Instance,INF_avg,INF_sd,INF_r1,INF_kr,INF_sk,SUP_avg,SUP_sd,SUP_r1,SUP_kr,SUP_sk,INC_avg,INC_sd,INC_r1,INC_kr,INC_sk,IND_avg,IND_sd,IND_r1,IND_kr,IND_sk
159,0.2224,0.0661682703,0.0530478166,3.1469427276,0.6599325965,0.307,0.0654446331,0.1669854562,2.6163591444,0.1536714157,0.4706,0.0816066174,0.0702274037,2.6047581638,-0.0793558301,0.4706,0.0816066174,0.0702274037,2.6047581638,-0.0793558301
