Instance,INF_avg,INF_sd,INF_r1,INF_kr,INF_sk,SUP_avg,SUP_sd,SUP_r1,SUP_kr,SUP_sk,INC_avg,INC_sd,INC_r1,INC_kr,INC_sk,IND_avg,IND_sd,IND_r1,IND_kr,IND_sk
211,0.3,0.1673320053,-0.0,1.2755102041,-0.2561204163,0.38,0.1166190379,-0.1363636364,2.6660899654,1.1500493357,0.32,0.0979795897,-0.4705882353,2.7291666667,0.8675276172,0.32,0.0979795897,-0.4705882353,2.7291666667,0.8675276172
