Instance,INF_avg,INF_sd,INF_r1,INF_kr,INF_sk,SUP_avg,SUP_sd,SUP_r1,SUP_kr,SUP_sk,INC_avg,INC_sd,INC_r1,INC_kr,INC_sk,IND_avg,IND_sd,IND_r1,IND_kr,IND_sk
142,0.264,0.0535163526,-0.2483039349,2.0991308012,0.2555476407,0.232,0.0354400903,-0.4423740511,1.232930342,0.4011434619,0.504,0.0671118469,-0.5438965725,1.3106344785,0.4416158513,0.504,0.0671118469,-0.5438965725,1.3106344785,0.4416158513
