Instance,INF_avg,INF_sd,INF_r1,INF_kr,INF_sk,SUP_avg,SUP_sd,SUP_r1,SUP_kr,SUP_sk,INC_avg,INC_sd,INC_r1,INC_kr,INC_sk,IND_avg,IND_sd,IND_r1,IND_kr,IND_sk
17,0.4,0.1414213562,0.5,1.7,-0.0,0.16,0.1356465997,-0.976744186,2.3638941399,0.7500308204,0.44,0.1624807681,-0.1963190184,2.2685950413,0.1790421687,0.44,0.1624807681,-0.1963190184,2.2685950413,0.1790421687
