Instance,INF_avg,INF_sd,INF_r1,INF_kr,INF_sk,SUP_avg,SUP_sd,SUP_r1,SUP_kr,SUP_sk,INC_avg,INC_sd,INC_r1,INC_kr,INC_sk,IND_avg,IND_sd,IND_r1,IND_kr,IND_sk
12,0.352,0.0815843122,-0.3539651838,2.5224898299,0.8549437766,0.2,0.0536656315,-0.2592592593,2.7314814815,-0.99380799,0.448,0.0299332591,-0.4814814815,1.8469387755,-0.3436215967,0.448,0.0299332591,-0.4814814815,1.8469387755,-0.3436215967
