Instance,INF_avg,INF_sd,INF_r1,INF_kr,INF_sk,SUP_avg,SUP_sd,SUP_r1,SUP_kr,SUP_sk,INC_avg,INC_sd,INC_r1,INC_kr,INC_sk,IND_avg,IND_sd,IND_r1,IND_kr,IND_sk
57,0.276,0.0944669254,0.0914069725,4.0506740419,0.7785696507,0.206,0.0816333265,0.1938069576,2.3309138782,0.1375576887,0.518,0.0942125257,-0.0396742991,3.1157572125,-0.2213935356,0.518,0.0942125257,-0.0396742991,3.1157572125,-0.2213935356
