Instance,INF_avg,INF_sd,INF_r1,INF_kr,INF_sk,SUP_avg,SUP_sd,SUP_r1,SUP_kr,SUP_sk,INC_avg,INC_sd,INC_r1,INC_kr,INC_sk,IND_avg,IND_sd,IND_r1,IND_kr,IND_sk
51,0.256,0.1018037327,0.1791311371,2.5732807848,0.0931026151,0.309,0.107559286,0.0578828532,2.5068201023,-0.1009295286,0.435,0.125,-0.035338934,2.59694848,0.273408,0.435,0.125,-0.035338934,2.59694848,0.273408
