Instance,INF_avg,INF_sd,INF_r1,INF_kr,INF_sk,SUP_avg,SUP_sd,SUP_r1,SUP_kr,SUP_sk,INC_avg,INC_sd,INC_r1,INC_kr,INC_sk,IND_avg,IND_sd,IND_r1,IND_kr,IND_sk
70,0.21,0.0489897949,0.4230769231,1.1666666667,-0.4082482905,0.31,0.1462873884,-0.456016178,1.8333915626,0.569229029,0.48,0.1288409873,-0.6641452345,1.2876324575,-0.3955562318,0.48,0.1288409873,-0.6641452345,1.2876324575,-0.3955562318
