Instance,INF_avg,INF_sd,INF_r1,INF_kr,INF_sk,SUP_avg,SUP_sd,SUP_r1,SUP_kr,SUP_sk,INC_avg,INC_sd,INC_r1,INC_kr,INC_sk,IND_avg,IND_sd,IND_r1,IND_kr,IND_sk
212,0.269,0.141205524,-0.2549148149,2.728767188,0.5377800193,0.221,0.140210556,0.0338225659,2.1263948071,0.2547606201,0.51,0.1752141547,0.08456988,2.9395006844,0.0145006356,0.51,0.1752141547,0.08456988,2.9395006844,0.0145006356
