Instance,INF_avg,INF_sd,INF_r1,INF_kr,INF_sk,SUP_avg,SUP_sd,SUP_r1,SUP_kr,SUP_sk,INC_avg,INC_sd,INC_r1,INC_kr,INC_sk,IND_avg,IND_sd,IND_r1,IND_kr,IND_sk
255,0.2216,0.0334505605,0.1303476321,2.9232579547,0.3017029749,0.2169,0.0348552722,0.250873199,2.7059969815,-0.1406113301,0.5615,0.0399030074,0.1466288152,3.3158641935,-0.0283069812,0.5615,0.0399030074,0.1466288152,3.3158641935,-0.0283069812
