Instance,INF_avg,INF_sd,INF_r1,INF_kr,INF_sk,SUP_avg,SUP_sd,SUP_r1,SUP_kr,SUP_sk,INC_avg,INC_sd,INC_r1,INC_kr,INC_sk,IND_avg,IND_sd,IND_r1,IND_kr,IND_sk
109,0.3298305085,0.0785782893,0.3518354166,2.908565497,0.0584168364,0.146440678,0.0707768686,0.6447270127,2.8081568242,0.4999244081,0.5237288136,0.0706842659,0.1195233594,2.425388073,0.1130434739,0.5237288136,0.0706842659,0.1195233594,2.425388073,0.1130434739
