Instance,INF_avg,INF_sd,INF_r1,INF_kr,INF_sk,SUP_avg,SUP_sd,SUP_r1,SUP_kr,SUP_sk,INC_avg,INC_sd,INC_r1,INC_kr,INC_sk,IND_avg,IND_sd,IND_r1,IND_kr,IND_sk
196,0.17,0.06,-0.2041884817,2.9027777778,0.9305555556,0.305,0.1011187421,-0.3017265004,2.4094607278,-0.4990622573,0.525,0.0782623792,-0.4020618557,1.726364015,0.0782297835,0.525,0.0782623792,-0.4020618557,1.726364015,0.0782297835
