Instance,INF_avg,INF_sd,INF_r1,INF_kr,INF_sk,SUP_avg,SUP_sd,SUP_r1,SUP_kr,SUP_sk,INC_avg,INC_sd,INC_r1,INC_kr,INC_sk,IND_avg,IND_sd,IND_r1,IND_kr,IND_sk
31,0.2501,0.0562404659,0.2248396575,2.6543198104,0.3731622728,0.2939,0.0622719038,0.2230573419,3.9779241635,0.5529318973,0.456,0.061204575,0.2449223672,2.8354504638,0.0237097944,0.456,0.061204575,0.2449223672,2.8354504638,0.0237097944
