Instance,INF_avg,INF_sd,INF_r1,INF_kr,INF_sk,SUP_avg,SUP_sd,SUP_r1,SUP_kr,SUP_sk,INC_avg,INC_sd,INC_r1,INC_kr,INC_sk,IND_avg,IND_sd,IND_r1,IND_kr,IND_sk
205,0.2579,0.0418460273,0.2029423387,2.0764768847,-0.1732674312,0.2517,0.0439273263,0.5335249648,2.4687900708,-0.2326311616,0.4904,0.0477267221,0.2358802878,2.0866658764,0.0177210929,0.4904,0.0477267221,0.2358802878,2.0866658764,0.0177210929
