Instance,INF_avg,INF_sd,INF_r1,INF_kr,INF_sk,SUP_avg,SUP_sd,SUP_r1,SUP_kr,SUP_sk,INC_avg,INC_sd,INC_r1,INC_kr,INC_sk,IND_avg,IND_sd,IND_r1,IND_kr,IND_sk
216,0.294,0.0369323706,-0.6846186988,2.0816556445,-0.0323965377,0.214,0.0456508488,-0.2914104344,1.7719393901,0.1695250741,0.492,0.0391918359,0.0487238979,3.54296875,-0.8675276172,0.492,0.0391918359,0.0487238979,3.54296875,-0.8675276172
