Instance,INF_avg,INF_sd,INF_r1,INF_kr,INF_sk,SUP_avg,SUP_sd,SUP_r1,SUP_kr,SUP_sk,INC_avg,INC_sd,INC_r1,INC_kr,INC_sk,IND_avg,IND_sd,IND_r1,IND_kr,IND_sk
169,0.261,0.103821963,0.0462002696,3.3402188549,0.2349769629,0.2565,0.0966061592,0.0152757913,2.6146455269,0.3981658153,0.4825,0.120701077,-0.0114524289,2.9896631325,-0.0773580035,0.4825,0.120701077,-0.0114524289,2.9896631325,-0.0773580035
