Instance,INF_avg,INF_sd,INF_r1,INF_kr,INF_sk,SUP_avg,SUP_sd,SUP_r1,SUP_kr,SUP_sk,INC_avg,INC_sd,INC_r1,INC_kr,INC_sk,IND_avg,IND_sd,IND_r1,IND_kr,IND_sk
119,0.196,0.0833306666,-0.6390041494,2.4012083501,-0.2070481003,0.268,0.0466476152,-0.0469667319,1.5469290657,-0.1097086537,0.536,0.1127120224,-0.4507154213,2.1027384223,-0.1560786433,0.536,0.1127120224,-0.4507154213,2.1027384223,-0.1560786433
