Instance,INF_avg,INF_sd,INF_r1,INF_kr,INF_sk,SUP_avg,SUP_sd,SUP_r1,SUP_kr,SUP_sk,INC_avg,INC_sd,INC_r1,INC_kr,INC_sk,IND_avg,IND_sd,IND_r1,IND_kr,IND_sk
208,0.2412,0.0319774921,0.1010040488,2.8430478412,-0.3676864487,0.2698,0.0300825531,0.4645996124,2.774199863,0.0473114646,0.489,0.0356089876,0.0687080647,2.232517987,0.1654404572,0.489,0.0356089876,0.0687080647,2.232517987,0.1654404572
