Instance,INF_avg,INF_sd,INF_r1,INF_kr,INF_sk,SUP_avg,SUP_sd,SUP_r1,SUP_kr,SUP_sk,INC_avg,INC_sd,INC_r1,INC_kr,INC_sk,IND_avg,IND_sd,IND_r1,IND_kr,IND_sk
4,0.262,0.1369525465,-0.2625653309,2.4970679803,0.4021735719,0.273,0.1295028957,-0.2052588516,2.5564040788,0.1787076935,0.465,0.1344432966,-0.1010045968,2.2495882188,0.0126539951,0.465,0.1344432966,-0.1010045968,2.2495882188,0.0126539951
