Instance,INF_avg,INF_sd,INF_r1,INF_kr,INF_sk,SUP_avg,SUP_sd,SUP_r1,SUP_kr,SUP_sk,INC_avg,INC_sd,INC_r1,INC_kr,INC_sk,IND_avg,IND_sd,IND_r1,IND_kr,IND_sk
87,0.276,0.1422111107,0.0359742284,2.2004574087,-0.2816502682,0.278,0.1578480282,-0.2598886109,3.5048874058,0.7005199597,0.446,0.1499466572,-0.158217657,3.3107597659,-0.5636019574,0.446,0.1499466572,-0.158217657,3.3107597659,-0.5636019574
