Instance,INF_avg,INF_sd,INF_r1,INF_kr,INF_sk,SUP_avg,SUP_sd,SUP_r1,SUP_kr,SUP_sk,INC_avg,INC_sd,INC_r1,INC_kr,INC_sk,IND_avg,IND_sd,IND_r1,IND_kr,IND_sk
235,0.2402,0.0693682925,0.1364987174,3.6781367966,0.6041772243,0.1992,0.0703659008,0.3441932598,2.3690869374,0.1006977052,0.5606,0.066480373,0.1763548115,2.6737277767,0.0668588855,0.5606,0.066480373,0.1763548115,2.6737277767,0.0668588855
