Instance,INF_avg,INF_sd,INF_r1,INF_kr,INF_sk,SUP_avg,SUP_sd,SUP_r1,SUP_kr,SUP_sk,INC_avg,INC_sd,INC_r1,INC_kr,INC_sk,IND_avg,IND_sd,IND_r1,IND_kr,IND_sk
283,0.272,0.1192308685,-0.2246790871,2.616081209,0.0035964898,0.256,0.0863944443,-0.1975101382,2.7026137033,-0.0923752385,0.472,0.1312097557,-0.1416183627,3.8454249786,0.8314179696,0.472,0.1312097557,-0.1416183627,3.8454249786,0.8314179696
