Instance,INF_avg,INF_sd,INF_r1,INF_kr,INF_sk,SUP_avg,SUP_sd,SUP_r1,SUP_kr,SUP_sk,INC_avg,INC_sd,INC_r1,INC_kr,INC_sk,IND_avg,IND_sd,IND_r1,IND_kr,IND_sk
259,0.258,0.1246434916,0.0750990596,3.6240954201,0.747045144,0.214,0.0806473806,-0.0625898924,2.7202947491,0.1698432965,0.528,0.1208966501,0.0103418718,2.8843559884,0.2322003924,0.528,0.1208966501,0.0103418718,2.8843559884,0.2322003924
