Instance,INF_avg,INF_sd,INF_r1,INF_kr,INF_sk,SUP_avg,SUP_sd,SUP_r1,SUP_kr,SUP_sk,INC_avg,INC_sd,INC_r1,INC_kr,INC_sk,IND_avg,IND_sd,IND_r1,IND_kr,IND_sk
224,0.289,0.0425323406,0.0856788313,3.5054312004,-0.8665340501,0.268,0.0530659966,-0.0202660891,1.9381981211,-0.5025367528,0.443,0.0651229606,0.4158909311,1.6531592958,-0.3349041609,0.443,0.0651229606,0.4158909311,1.6531592958,-0.3349041609
