Instance,INF_avg,INF_sd,INF_r1,INF_kr,INF_sk,SUP_avg,SUP_sd,SUP_r1,SUP_kr,SUP_sk,INC_avg,INC_sd,INC_r1,INC_kr,INC_sk,IND_avg,IND_sd,IND_r1,IND_kr,IND_sk
208,0.3274509804,0.0854937938,0.2984306809,2.6742958114,0.3526400506,0.15,0.0844706702,0.528994754,4.0249162515,0.8974953807,0.5225490196,0.0823513072,-0.1125931088,2.6710425966,-0.3438476994,0.5225490196,0.0823513072,-0.1125931088,2.6710425966,-0.3438476994
