Instance,INF_avg,INF_sd,INF_r1,INF_kr,INF_sk,SUP_avg,SUP_sd,SUP_r1,SUP_kr,SUP_sk,INC_avg,INC_sd,INC_r1,INC_kr,INC_sk,IND_avg,IND_sd,IND_r1,IND_kr,IND_sk
279,0.31,0.121380943,-0.0119667014,2.0843553572,0.5351313765,0.17,0.0881286938,0.2013718765,2.454143565,0.293659502,0.52,0.1275408431,0.0343614159,2.734975477,0.0679627998,0.52,0.1275408431,0.0343614159,2.734975477,0.0679627998
