Instance,INF_avg,INF_sd,INF_r1,INF_kr,INF_sk,SUP_avg,SUP_sd,SUP_r1,SUP_kr,SUP_sk,INC_avg,INC_sd,INC_r1,INC_kr,INC_sk,IND_avg,IND_sd,IND_r1,IND_kr,IND_sk
116,0.3192307692,0.1414736474,0.445182529,2.46713143,0.4318472288,0.1384615385,0.0923076923,0.285380117,3.6657443576,0.9637586806,0.5423076923,0.1268647885,-0.0387498232,2.8166275816,-0.0957157482,0.5423076923,0.1268647885,-0.0387498232,2.8166275816,-0.0957157482
