Instance,INF_avg,INF_sd,INF_r1,INF_kr,INF_sk,SUP_avg,SUP_sd,SUP_r1,SUP_kr,SUP_sk,INC_avg,INC_sd,INC_r1,INC_kr,INC_sk,IND_avg,IND_sd,IND_r1,IND_kr,IND_sk
233,0.28,0.0141421356,-0.7,1.7,-0.0,0.234,0.0422374242,-0.4404432133,2.2532224658,0.0707085516,0.486,0.0361109402,-0.1877394636,1.7625992698,-0.2354706758,0.486,0.0361109402,-0.1877394636,1.7625992698,-0.2354706758
