Instance,INF_avg,INF_sd,INF_r1,INF_kr,INF_sk,SUP_avg,SUP_sd,SUP_r1,SUP_kr,SUP_sk,INC_avg,INC_sd,INC_r1,INC_kr,INC_sk,IND_avg,IND_sd,IND_r1,IND_kr,IND_sk
66,0.14,0.1019803903,-0.9135802469,1.9556213018,0.2715454179,0.36,0.1624807681,0.0498442368,2.2685950413,-0.1790421687,0.5,0.1788854382,0.0,1.25,0.0,0.5,0.1788854382,0.0,1.25,0.0
