Instance,INF_avg,INF_sd,INF_r1,INF_kr,INF_sk,SUP_avg,SUP_sd,SUP_r1,SUP_kr,SUP_sk,INC_avg,INC_sd,INC_r1,INC_kr,INC_sk,IND_avg,IND_sd,IND_r1,IND_kr,IND_sk
182,0.3747619048,0.1261185779,0.6011652515,2.4120610222,-0.1076762767,0.1628571429,0.099194031,0.6574986807,4.5334900748,1.0306439019,0.4623809524,0.0735756664,0.0094406601,2.6360610558,0.2237775915,0.4623809524,0.0735756664,0.0094406601,2.6360610558,0.2237775915
