Instance,INF_avg,INF_sd,INF_r1,INF_kr,INF_sk,SUP_avg,SUP_sd,SUP_r1,SUP_kr,SUP_sk,INC_avg,INC_sd,INC_r1,INC_kr,INC_sk,IND_avg,IND_sd,IND_r1,IND_kr,IND_sk
11,0.244,0.0972830921,0.3181740702,2.3392256031,0.6251504425,0.248,0.074135012,0.0398760525,1.9718572618,0.2895696424,0.508,0.0783326241,0.0558107418,2.1659346002,0.2334843187,0.508,0.0783326241,0.0558107418,2.1659346002,0.2334843187
