Instance,INF_avg,INF_sd,INF_r1,INF_kr,INF_sk,SUP_avg,SUP_sd,SUP_r1,SUP_kr,SUP_sk,INC_avg,INC_sd,INC_r1,INC_kr,INC_sk,IND_avg,IND_sd,IND_r1,IND_kr,IND_sk
80,0.26,0.0583095189,-0.2130177515,1.6280276817,0.3631734744,0.29,0.0374165739,0.4117647059,1.8469387755,0.3436215967,0.45,0.0447213595,-0.6666666667,1.25,0.0,0.45,0.0447213595,-0.6666666667,1.25,0.0
