Instance,INF_avg,INF_sd,INF_r1,INF_kr,INF_sk,SUP_avg,SUP_sd,SUP_r1,SUP_kr,SUP_sk,INC_avg,INC_sd,INC_r1,INC_kr,INC_sk,IND_avg,IND_sd,IND_r1,IND_kr,IND_sk
33,0.2325,0.0422048575,0.2076561936,1.9354755309,-0.3277248107,0.239,0.0365239647,0.292541523,3.042490374,0.7435507477,0.5285,0.0318629879,-0.2871604148,1.9828941443,0.4346206719,0.5285,0.0318629879,-0.2871604148,1.9828941443,0.4346206719
