Instance,INF_avg,INF_sd,INF_r1,INF_kr,INF_sk,SUP_avg,SUP_sd,SUP_r1,SUP_kr,SUP_sk,INC_avg,INC_sd,INC_r1,INC_kr,INC_sk,IND_avg,IND_sd,IND_r1,IND_kr,IND_sk
54,0.312,0.1790418945,0.3183959191,3.56905849,0.823131893,0.214,0.1593863231,0.2577982506,3.650022644,0.8224862312,0.474,0.182,0.1206392803,2.1403966529,-0.1192243332,0.474,0.182,0.1206392803,2.1403966529,-0.1192243332
