Instance,INF_avg,INF_sd,INF_r1,INF_kr,INF_sk,SUP_avg,SUP_sd,SUP_r1,SUP_kr,SUP_sk,INC_avg,INC_sd,INC_r1,INC_kr,INC_sk,IND_avg,IND_sd,IND_r1,IND_kr,IND_sk
16,0.3204,0.0558913231,-0.3778022083,3.279051128,0.1918223451,0.3,0.0585149554,-0.0541516245,2.9569995196,-0.1952532233,0.3796,0.0705679814,0.2175138781,3.1066345453,0.3365112834,0.3796,0.0705679814,0.2175138781,3.1066345453,0.3365112834
