Instance,INF_avg,INF_sd,INF_r1,INF_kr,INF_sk,SUP_avg,SUP_sd,SUP_r1,SUP_kr,SUP_sk,INC_avg,INC_sd,INC_r1,INC_kr,INC_sk,IND_avg,IND_sd,IND_r1,IND_kr,IND_sk
151,0.2748,0.0338815584,-0.2203512443,3.9265334362,0.5578857434,0.2183,0.0300933547,-0.1687263515,2.4360444316,-0.239203521,0.5069,0.0334199042,-0.1907622485,3.9288635751,-1.0206094355,0.5069,0.0334199042,-0.1907622485,3.9288635751,-1.0206094355
