Instance,INF_avg,INF_sd,INF_r1,INF_kr,INF_sk,SUP_avg,SUP_sd,SUP_r1,SUP_kr,SUP_sk,INC_avg,INC_sd,INC_r1,INC_kr,INC_sk,IND_avg,IND_sd,IND_r1,IND_kr,IND_sk
80,0.248,0.1627759196,-0.1665979481,2.9347213471,0.4252311489,0.316,0.1433317829,0.0859717654,2.5181311323,-0.1189319537,0.436,0.1571750616,-0.1342398223,2.3441031974,0.1352902202,0.436,0.1571750616,-0.1342398223,2.3441031974,0.1352902202
