Instance,INF_avg,INF_sd,INF_r1,INF_kr,INF_sk,SUP_avg,SUP_sd,SUP_r1,SUP_kr,SUP_sk,INC_avg,INC_sd,INC_r1,INC_kr,INC_sk,IND_avg,IND_sd,IND_r1,IND_kr,IND_sk
134,0.2428571429,0.1147312743,-0.6626323752,1.412385073,0.0333004059,0.2428571429,0.1083267921,0.0440528634,3.7821928166,-1.4173813306,0.5142857143,0.1328648231,-0.7515364355,1.8960707007,-0.3999395875,0.5142857143,0.1328648231,-0.7515364355,1.8960707007,-0.3999395875
