Instance,INF_avg,INF_sd,INF_r1,INF_kr,INF_sk,SUP_avg,SUP_sd,SUP_r1,SUP_kr,SUP_sk,INC_avg,INC_sd,INC_r1,INC_kr,INC_sk,IND_avg,IND_sd,IND_r1,IND_kr,IND_sk
235,0.29,0.1392838828,-0.070814713,2.0948559889,0.1509932622,0.16,0.0757187779,-0.4652317881,2.2528393726,-0.4560940451,0.55,0.1414213562,-0.2432432432,1.7125,-0.3358757211,0.55,0.1414213562,-0.2432432432,1.7125,-0.3358757211
