Instance,INF_avg,INF_sd,INF_r1,INF_kr,INF_sk,SUP_avg,SUP_sd,SUP_r1,SUP_kr,SUP_sk,INC_avg,INC_sd,INC_r1,INC_kr,INC_sk,IND_avg,IND_sd,IND_r1,IND_kr,IND_sk
187,0.3340298507,0.0729763753,0.0712320537,2.3256329122,0.3909896864,0.1379104478,0.0573165422,0.2605604969,2.3822975937,-0.0129687076,0.5280597015,0.0735504458,-0.053903263,2.4067902961,-0.0896812437,0.5280597015,0.0735504458,-0.053903263,2.4067902961,-0.0896812437
