Instance,INF_avg,INF_sd,INF_r1,INF_kr,INF_sk,SUP_avg,SUP_sd,SUP_r1,SUP_kr,SUP_sk,INC_avg,INC_sd,INC_r1,INC_kr,INC_sk,IND_avg,IND_sd,IND_r1,IND_kr,IND_sk
76,0.4687647059,0.1351554788,0.9233557582,1.8148960396,-0.2148878958,0.1007058824,0.0736412326,0.9053415761,2.1876197608,0.6300932739,0.4305294118,0.0701428103,0.7549025324,2.0083234546,-0.0256730915,0.4305294118,0.0701428103,0.7549025324,2.0083234546,-0.0256730915
