Instance,INF_avg,INF_sd,INF_r1,INF_kr,INF_sk,SUP_avg,SUP_sd,SUP_r1,SUP_kr,SUP_sk,INC_avg,INC_sd,INC_r1,INC_kr,INC_sk,IND_avg,IND_sd,IND_r1,IND_kr,IND_sk
60,0.216,0.1514727698,0.3641430011,2.687852687,0.3494835313,0.236,0.1466424222,0.1138577241,1.9035727572,0.2000736572,0.548,0.1552288633,-0.017170586,2.4116204505,-0.3155859469,0.548,0.1552288633,-0.017170586,2.4116204505,-0.3155859469
