Instance,INF_avg,INF_sd,INF_r1,INF_kr,INF_sk,SUP_avg,SUP_sd,SUP_r1,SUP_kr,SUP_sk,INC_avg,INC_sd,INC_r1,INC_kr,INC_sk,IND_avg,IND_sd,IND_r1,IND_kr,IND_sk
3,0.246,0.0224499443,-0.9631236443,1.2422524565,-0.1315095,0.33,0.0469041576,-0.7155963303,2.2619834711,0.5233108492,0.424,0.0300665928,-0.4024390244,2.5084579842,-0.7841001948,0.424,0.0300665928,-0.4024390244,2.5084579842,-0.7841001948
