Instance,INF_avg,INF_sd,INF_r1,INF_kr,INF_sk,SUP_avg,SUP_sd,SUP_r1,SUP_kr,SUP_sk,INC_avg,INC_sd,INC_r1,INC_kr,INC_sk,IND_avg,IND_sd,IND_r1,IND_kr,IND_sk
169,0.3333333333,0.1290994449,-0.0020366599,1.4233333333,-0.0172132593,0.1888888889,0.1242259987,0.0903110048,1.532112,-0.0497301518,0.4777777778,0.0582671582,-0.4470158343,1.5119008264,0.0762770071,0.4777777778,0.0582671582,-0.4470158343,1.5119008264,0.0762770071
