Instance,INF_avg,INF_sd,INF_r1,INF_kr,INF_sk,SUP_avg,SUP_sd,SUP_r1,SUP_kr,SUP_sk,INC_avg,INC_sd,INC_r1,INC_kr,INC_sk,IND_avg,IND_sd,IND_r1,IND_kr,IND_sk
158,0.259,0.030724583,-0.0924235993,1.9999663351,-0.0040339255,0.2845,0.0322838969,-0.2132270239,2.5109440944,0.5030330049,0.4565,0.0230271579,-0.3364146911,1.5220990072,-0.3523298105,0.4565,0.0230271579,-0.3364146911,1.5220990072,-0.3523298105
