Instance,INF_avg,INF_sd,INF_r1,INF_kr,INF_sk,SUP_avg,SUP_sd,SUP_r1,SUP_kr,SUP_sk,INC_avg,INC_sd,INC_r1,INC_kr,INC_sk,IND_avg,IND_sd,IND_r1,IND_kr,IND_sk
36,0.2574,0.0714789479,0.0382890551,3.7362002108,0.424393024,0.1904,0.056743634,0.1166146763,3.095555795,0.4834893611,0.5522,0.0704213036,-0.0237375462,2.7420247094,-0.1618446902,0.5522,0.0704213036,-0.0237375462,2.7420247094,-0.1618446902
