Instance,INF_avg,INF_sd,INF_r1,INF_kr,INF_sk,SUP_avg,SUP_sd,SUP_r1,SUP_kr,SUP_sk,INC_avg,INC_sd,INC_r1,INC_kr,INC_sk,IND_avg,IND_sd,IND_r1,IND_kr,IND_sk
203,0.269,0.0228910463,-0.2648954874,2.19164093,0.5792457811,0.222,0.0256124969,-0.0397227406,3.1135949584,0.3038960473,0.509,0.0265329983,0.0489130435,4.06645871,-0.9602643799,0.509,0.0265329983,0.0489130435,4.06645871,-0.9602643799
