Instance,INF_avg,INF_sd,INF_r1,INF_kr,INF_sk,SUP_avg,SUP_sd,SUP_r1,SUP_kr,SUP_sk,INC_avg,INC_sd,INC_r1,INC_kr,INC_sk,IND_avg,IND_sd,IND_r1,IND_kr,IND_sk
234,0.2923076923,0.1016141909,0.180154355,2.1539026773,-0.0107369778,0.2076923077,0.0916644253,-0.4722470904,3.2566207102,-0.9015289874,0.5,0.1372812946,0.1219512195,1.7407330279,0.4682773023,0.5,0.1372812946,0.1219512195,1.7407330279,0.4682773023
