Instance,INF_avg,INF_sd,INF_r1,INF_kr,INF_sk,SUP_avg,SUP_sd,SUP_r1,SUP_kr,SUP_sk,INC_avg,INC_sd,INC_r1,INC_kr,INC_sk,IND_avg,IND_sd,IND_r1,IND_kr,IND_sk
109,0.24,0.0374165739,-0.3768115942,1.8469387755,0.3436215967,0.3,0.158113883,-1.0588235294,1.828,0.3794733192,0.46,0.1562049935,-1.019790454,1.3553480247,-0.2644696208,0.46,0.1562049935,-1.019790454,1.3553480247,-0.2644696208
