Instance,INF_avg,INF_sd,INF_r1,INF_kr,INF_sk,SUP_avg,SUP_sd,SUP_r1,SUP_kr,SUP_sk,INC_avg,INC_sd,INC_r1,INC_kr,INC_sk,IND_avg,IND_sd,IND_r1,IND_kr,IND_sk
23,0.26,0.0328633535,0.0020855057,2.0794753086,-0.3372550933,0.2496,0.0401477272,0.2590733781,2.6924694205,0.2893490412,0.4904,0.048495773,-0.1309984933,2.1053551117,-0.0975173415,0.4904,0.048495773,-0.1309984933,2.1053551117,-0.0975173415
