Instance,INF_avg,INF_sd,INF_r1,INF_kr,INF_sk,SUP_avg,SUP_sd,SUP_r1,SUP_kr,SUP_sk,INC_avg,INC_sd,INC_r1,INC_kr,INC_sk,IND_avg,IND_sd,IND_r1,IND_kr,IND_sk
152,0.204,0.128,-0.2403551877,2.5384635925,0.2686157227,0.252,0.094318609,-0.0686246002,7.9983955282,1.9445799077,0.544,0.135882302,-0.0724660751,2.576451736,-0.0647415219,0.544,0.135882302,-0.0724660751,2.576451736,-0.0647415219
