Instance,INF_avg,INF_sd,INF_r1,INF_kr,INF_sk,SUP_avg,SUP_sd,SUP_r1,SUP_kr,SUP_sk,INC_avg,INC_sd,INC_r1,INC_kr,INC_sk,IND_avg,IND_sd,IND_r1,IND_kr,IND_sk
243,0.2684,0.0532676262,0.0713529834,4.0075453023,0.2669235291,0.2976,0.0463275296,-0.0019620137,2.6044212113,0.4524464778,0.434,0.0644670458,0.0074921293,2.5774663022,-0.1405467725,0.434,0.0644670458,0.0074921293,2.5774663022,-0.1405467725
