Instance,INF_avg,INF_sd,INF_r1,INF_kr,INF_sk,SUP_avg,SUP_sd,SUP_r1,SUP_kr,SUP_sk,INC_avg,INC_sd,INC_r1,INC_kr,INC_sk,IND_avg,IND_sd,IND_r1,IND_kr,IND_sk
201,0.234,0.0956242647,-0.0736708816,2.7113308671,0.6667609982,0.256,0.1022936948,-0.335237613,2.6681887047,-0.1621522812,0.51,0.1232882801,-0.2008501594,3.5041551247,0.6339442378,0.51,0.1232882801,-0.2008501594,3.5041551247,0.6339442378
