Instance,INF_avg,INF_sd,INF_r1,INF_kr,INF_sk,SUP_avg,SUP_sd,SUP_r1,SUP_kr,SUP_sk,INC_avg,INC_sd,INC_r1,INC_kr,INC_sk,IND_avg,IND_sd,IND_r1,IND_kr,IND_sk
23,0.3580645161,0.0968010715,0.1380969471,3.2094932453,0.1451290423,0.1596774194,0.0846428501,0.4146454422,3.8048463475,0.7326987483,0.4822580645,0.0937983313,0.1131248716,2.8061992718,-0.1538132281,0.4822580645,0.0937983313,0.1131248716,2.8061992718,-0.1538132281
