Instance,INF_avg,INF_sd,INF_r1,INF_kr,INF_sk,SUP_avg,SUP_sd,SUP_r1,SUP_kr,SUP_sk,INC_avg,INC_sd,INC_r1,INC_kr,INC_sk,IND_avg,IND_sd,IND_r1,IND_kr,IND_sk
32,0.22,0.16,-0.0176282051,1.8950195312,0.111328125,0.24,0.1562049935,-0.6666666667,1.7433485622,0.1070472275,0.54,0.1854723699,-0.374853114,3.6792861006,-1.064535168,0.54,0.1854723699,-0.374853114,3.6792861006,-1.064535168
