Instance,INF_avg,INF_sd,INF_r1,INF_kr,INF_sk,SUP_avg,SUP_sd,SUP_r1,SUP_kr,SUP_sk,INC_avg,INC_sd,INC_r1,INC_kr,INC_sk,IND_avg,IND_sd,IND_r1,IND_kr,IND_sk
85,0.24,0.1216552506,-0.0295312923,2.696128561,0.2665929524,0.277,0.1391797399,0.0874034708,2.2249567626,0.1033979056,0.483,0.1543081333,0.073587138,2.9327076414,0.2365866515,0.483,0.1543081333,0.073587138,2.9327076414,0.2365866515
