Instance,INF_avg,INF_sd,INF_r1,INF_kr,INF_sk,SUP_avg,SUP_sd,SUP_r1,SUP_kr,SUP_sk,INC_avg,INC_sd,INC_r1,INC_kr,INC_sk,IND_avg,IND_sd,IND_r1,IND_kr,IND_sk
291,0.262,0.0487442304,0.2700072098,1.5067680169,-0.3597421353,0.244,0.0241660919,-0.6131907308,2.5052542691,-0.8978957038,0.494,0.0523832034,-0.1458718993,1.5715433195,0.0571032974,0.494,0.0523832034,-0.1458718993,1.5715433195,0.0571032974
