Instance,INF_avg,INF_sd,INF_r1,INF_kr,INF_sk,SUP_avg,SUP_sd,SUP_r1,SUP_kr,SUP_sk,INC_avg,INC_sd,INC_r1,INC_kr,INC_sk,IND_avg,IND_sd,IND_r1,IND_kr,IND_sk
102,0.2747,0.0377744623,0.0325491387,2.7911086358,0.0331488103,0.2261,0.04567045,0.1941461181,3.2990032176,0.0606038689,0.4992,0.046683616,0.0934192597,3.4122586778,0.3024459742,0.4992,0.046683616,0.0934192597,3.4122586778,0.3024459742
