Instance,INF_avg,INF_sd,INF_r1,INF_kr,INF_sk,SUP_avg,SUP_sd,SUP_r1,SUP_kr,SUP_sk,INC_avg,INC_sd,INC_r1,INC_kr,INC_sk,IND_avg,IND_sd,IND_r1,IND_kr,IND_sk
118,0.267,0.0231516738,-0.4621771218,1.3483027957,-0.2618198241,0.252,0.0296816442,-0.1723180187,3.0815346301,-0.9777996569,0.481,0.0251793566,-0.2694430507,2.5348097802,-0.2867754048,0.481,0.0251793566,-0.2694430507,2.5348097802,-0.2867754048
