Instance,INF_avg,INF_sd,INF_r1,INF_kr,INF_sk,SUP_avg,SUP_sd,SUP_r1,SUP_kr,SUP_sk,INC_avg,INC_sd,INC_r1,INC_kr,INC_sk,IND_avg,IND_sd,IND_r1,IND_kr,IND_sk
203,0.2412,0.0394279089,0.2099349523,2.4930497517,-0.0580513451,0.2768,0.0429623091,-0.1749114083,3.1331666498,-0.606419687,0.482,0.0442718872,-0.0229285115,2.4027405248,-0.1858644829,0.482,0.0442718872,-0.0229285115,2.4027405248,-0.1858644829
