Instance,INF_avg,INF_sd,INF_r1,INF_kr,INF_sk,SUP_avg,SUP_sd,SUP_r1,SUP_kr,SUP_sk,INC_avg,INC_sd,INC_r1,INC_kr,INC_sk,IND_avg,IND_sd,IND_r1,IND_kr,IND_sk
28,0.2834,0.0575016522,-0.1494567224,2.6049471871,-0.0218013169,0.2606,0.0443806264,0.1946187296,2.4429548769,0.2676284151,0.456,0.05535341,0.1179093126,2.3323187151,0.3959367468,0.456,0.05535341,0.1179093126,2.3323187151,0.3959367468
