Instance,INF_avg,INF_sd,INF_r1,INF_kr,INF_sk,SUP_avg,SUP_sd,SUP_r1,SUP_kr,SUP_sk,INC_avg,INC_sd,INC_r1,INC_kr,INC_sk,IND_avg,IND_sd,IND_r1,IND_kr,IND_sk
190,0.252,0.1236769987,0.114487158,1.8020320898,0.0175582213,0.218,0.1492514657,0.1175893607,2.9703336206,0.520723868,0.53,0.1791647287,0.1037948586,2.3192418552,0.0667688161,0.53,0.1791647287,0.1037948586,2.3192418552,0.0667688161
