Instance,INF_avg,INF_sd,INF_r1,INF_kr,INF_sk,SUP_avg,SUP_sd,SUP_r1,SUP_kr,SUP_sk,INC_avg,INC_sd,INC_r1,INC_kr,INC_sk,IND_avg,IND_sd,IND_r1,IND_kr,IND_sk
232,0.17,0.1288409873,-0.877076412,2.3327768907,0.8163607337,0.28,0.0871779789,-0.1611374408,1.7957063712,-0.0543353054,0.55,0.0948683298,-0.7142857143,1.7592592593,0.3513641845,0.55,0.0948683298,-0.7142857143,1.7592592593,0.3513641845
