Instance,INF_avg,INF_sd,INF_r1,INF_kr,INF_sk,SUP_avg,SUP_sd,SUP_r1,SUP_kr,SUP_sk,INC_avg,INC_sd,INC_r1,INC_kr,INC_sk,IND_avg,IND_sd,IND_r1,IND_kr,IND_sk
42,0.182,0.059126982,-0.0452238117,2.3874581738,-0.547555193,0.276,0.0523832034,-0.2801330008,1.9999362511,-0.4077375798,0.542,0.0842377588,-0.5297778863,1.596441268,-0.0749208112,0.542,0.0842377588,-0.5297778863,1.596441268,-0.0749208112
