Instance,INF_avg,INF_sd,INF_r1,INF_kr,INF_sk,SUP_avg,SUP_sd,SUP_r1,SUP_kr,SUP_sk,INC_avg,INC_sd,INC_r1,INC_kr,INC_sk,IND_avg,IND_sd,IND_r1,IND_kr,IND_sk
17,0.2487,0.0434604418,0.5381165146,2.155774097,-0.0770990174,0.2991,0.0435050572,0.4593497993,2.2012804661,0.2957010301,0.4522,0.0322515116,-0.3434386811,2.1095723036,-0.1536872192,0.4522,0.0322515116,-0.3434386811,2.1095723036,-0.1536872192
