Instance,INF_avg,INF_sd,INF_r1,INF_kr,INF_sk,SUP_avg,SUP_sd,SUP_r1,SUP_kr,SUP_sk,INC_avg,INC_sd,INC_r1,INC_kr,INC_sk,IND_avg,IND_sd,IND_r1,IND_kr,IND_sk
139,0.245,0.0906917857,-0.1189649344,2.594368123,0.1588599752,0.2795,0.0987661379,0.0209185883,2.5325632768,-0.0054157555,0.4755,0.1203110552,0.0308857847,2.2205769991,0.3387077707,0.4755,0.1203110552,0.0308857847,2.2205769991,0.3387077707
