Instance,INF_avg,INF_sd,INF_r1,INF_kr,INF_sk,SUP_avg,SUP_sd,SUP_r1,SUP_kr,SUP_sk,INC_avg,INC_sd,INC_r1,INC_kr,INC_sk,IND_avg,IND_sd,IND_r1,IND_kr,IND_sk
225,0.23,0.11,0.0757701915,4.0555289939,1.1900826446,0.22,0.1326649916,0.5491803279,2.9142561983,0.4008730377,0.55,0.1688194302,0.3483146067,2.5807940905,-0.9352877017,0.55,0.1688194302,0.3483146067,2.5807940905,-0.9352877017
