Instance,INF_avg,INF_sd,INF_r1,INF_kr,INF_sk,SUP_avg,SUP_sd,SUP_r1,SUP_kr,SUP_sk,INC_avg,INC_sd,INC_r1,INC_kr,INC_sk,IND_avg,IND_sd,IND_r1,IND_kr,IND_sk
243,0.364,0.0361109402,-0.5815760266,2.1690880349,0.0825676396,0.236,0.0366606056,-0.1245819398,2.5245535714,-0.7998075352,0.4,0.0481663783,-0.5043478261,2.4152794293,0.3006819098,0.4,0.0481663783,-0.5043478261,2.4152794293,0.3006819098
