Instance,INF_avg,INF_sd,INF_r1,INF_kr,INF_sk,SUP_avg,SUP_sd,SUP_r1,SUP_kr,SUP_sk,INC_avg,INC_sd,INC_r1,INC_kr,INC_sk,IND_avg,IND_sd,IND_r1,IND_kr,IND_sk
191,0.255,0.1128051417,0.1589589159,2.0042264774,0.1891398967,0.24,0.1220655562,0.234197731,1.8668978875,-0.2622641786,0.505,0.1011187421,0.2743764172,3.1842050203,-0.0638335445,0.505,0.1011187421,0.2743764172,3.1842050203,-0.0638335445
