Instance,INF_avg,INF_sd,INF_r1,INF_kr,INF_sk,SUP_avg,SUP_sd,SUP_r1,SUP_kr,SUP_sk,INC_avg,INC_sd,INC_r1,INC_kr,INC_sk,IND_avg,IND_sd,IND_r1,IND_kr,IND_sk
88,0.207,0.029,-0.2793990888,2.7178122981,0.6927713313,0.24,0.0368781778,-0.5111111111,2.026384083,-0.0119630767,0.553,0.041,-0.007099815,1.8080853264,-0.5115422005,0.553,0.041,-0.007099815,1.8080853264,-0.5115422005
