Instance,INF_avg,INF_sd,INF_r1,INF_kr,INF_sk,SUP_avg,SUP_sd,SUP_r1,SUP_kr,SUP_sk,INC_avg,INC_sd,INC_r1,INC_kr,INC_sk,IND_avg,IND_sd,IND_r1,IND_kr,IND_sk
67,0.2224,0.0421217284,0.0471854515,2.3174082273,-0.1036789984,0.2628,0.0509132596,0.1100319629,2.9516209859,0.1133841128,0.5148,0.0498894778,-0.0521031078,2.984891611,-0.2904950412,0.5148,0.0498894778,-0.0521031078,2.984891611,-0.2904950412
