Instance,INF_avg,INF_sd,INF_r1,INF_kr,INF_sk,SUP_avg,SUP_sd,SUP_r1,SUP_kr,SUP_sk,INC_avg,INC_sd,INC_r1,INC_kr,INC_sk,IND_avg,IND_sd,IND_r1,IND_kr,IND_sk
252,0.4306746032,0.0858393506,0.870135066,2.0122365346,-0.0020560218,0.0907142857,0.0617011303,0.9073312736,2.2732990833,0.575690757,0.4786111111,0.0404765212,0.3681477531,2.569378798,-0.2408735468,0.4786111111,0.0404765212,0.3681477531,2.569378798,-0.2408735468
