Instance,INF_avg,INF_sd,INF_r1,INF_kr,INF_sk,SUP_avg,SUP_sd,SUP_r1,SUP_kr,SUP_sk,INC_avg,INC_sd,INC_r1,INC_kr,INC_sk,IND_avg,IND_sd,IND_r1,IND_kr,IND_sk
54,0.228,0.1183891887,-0.0297011578,2.9423281416,0.1691657615,0.236,0.1571750616,-0.1669565669,1.8061273457,-0.0501404544,0.536,0.1740804412,-0.222024037,2.2787856723,-0.0605626144,0.536,0.1740804412,-0.222024037,2.2787856723,-0.0605626144
