Instance,INF_avg,INF_sd,INF_r1,INF_kr,INF_sk,SUP_avg,SUP_sd,SUP_r1,SUP_kr,SUP_sk,INC_avg,INC_sd,INC_r1,INC_kr,INC_sk,IND_avg,IND_sd,IND_r1,IND_kr,IND_sk
27,0.24,0.0536656315,-0.1818181818,2.7314814815,-0.99380799,0.284,0.0463033476,-0.47597254,2.151829472,-0.2074251238,0.476,0.0915641851,-0.5510133975,2.7892213813,1.1560530275,0.476,0.0915641851,-0.5510133975,2.7892213813,1.1560530275
