Instance,INF_avg,INF_sd,INF_r1,INF_kr,INF_sk,SUP_avg,SUP_sd,SUP_r1,SUP_kr,SUP_sk,INC_avg,INC_sd,INC_r1,INC_kr,INC_sk,IND_avg,IND_sd,IND_r1,IND_kr,IND_sk
135,0.2516,0.0378079357,-0.1687856013,2.7801122868,-0.037476897,0.2638,0.045161488,-0.1288198787,2.5407645396,-0.0169999284,0.4846,0.0427649389,-0.1535423479,2.2144427787,-0.2950423204,0.4846,0.0427649389,-0.1535423479,2.2144427787,-0.2950423204
