Instance,INF_avg,INF_sd,INF_r1,INF_kr,INF_sk,SUP_avg,SUP_sd,SUP_r1,SUP_kr,SUP_sk,INC_avg,INC_sd,INC_r1,INC_kr,INC_sk,IND_avg,IND_sd,IND_r1,IND_kr,IND_sk
152,0.2664,0.0327267475,0.1209882356,2.5763954432,-0.1376857074,0.272,0.0439089968,-0.0374771481,2.7465522288,0.6282325776,0.4616,0.0488818985,0.0113539764,3.6685709878,-0.9660364454,0.4616,0.0488818985,0.0113539764,3.6685709878,-0.9660364454
