Instance,INF_avg,INF_sd,INF_r1,INF_kr,INF_sk,SUP_avg,SUP_sd,SUP_r1,SUP_kr,SUP_sk,INC_avg,INC_sd,INC_r1,INC_kr,INC_sk,IND_avg,IND_sd,IND_r1,IND_kr,IND_sk
33,0.226,0.0300665928,-0.6517013233,4.376262824,-1.335089521,0.283,0.0379605058,-0.017941596,1.8208965071,0.3931183173,0.491,0.0467867503,-0.1623641616,2.1770334709,0.0540148941,0.491,0.0467867503,-0.1623641616,2.1770334709,0.0540148941
