Instance,INF_avg,INF_sd,INF_r1,INF_kr,INF_sk,SUP_avg,SUP_sd,SUP_r1,SUP_kr,SUP_sk,INC_avg,INC_sd,INC_r1,INC_kr,INC_sk,IND_avg,IND_sd,IND_r1,IND_kr,IND_sk
272,0.3096,0.0477057649,0.3633529001,2.6299191839,-0.2250048192,0.2072,0.038316576,-0.3330409623,3.1920883693,0.0311883429,0.4832,0.0586324142,0.1897927862,2.138401429,0.3866001414,0.4832,0.0586324142,0.1897927862,2.138401429,0.3866001414
