Instance,INF_avg,INF_sd,INF_r1,INF_kr,INF_sk,SUP_avg,SUP_sd,SUP_r1,SUP_kr,SUP_sk,INC_avg,INC_sd,INC_r1,INC_kr,INC_sk,IND_avg,IND_sd,IND_r1,IND_kr,IND_sk
32,0.25,0.0894427191,0.0,3.4765625,0.5240784322,0.215,0.1073545528,-0.2133285042,2.7843695447,-0.1491196822,0.535,0.1073545528,0.3661716769,2.8747135577,0.2097374392,0.535,0.1073545528,0.3661716769,2.8747135577,0.2097374392
