Instance,INF_avg,INF_sd,INF_r1,INF_kr,INF_sk,SUP_avg,SUP_sd,SUP_r1,SUP_kr,SUP_sk,INC_avg,INC_sd,INC_r1,INC_kr,INC_sk,IND_avg,IND_sd,IND_r1,IND_kr,IND_sk
296,0.3318965517,0.1053312819,0.2747201377,2.7608423368,-0.0049076547,0.1517241379,0.092366174,0.3014755916,4.1530282024,1.0981268194,0.5163793103,0.1005964673,0.2049019048,2.9549120874,-0.1858081709,0.5163793103,0.1005964673,0.2049019048,2.9549120874,-0.1858081709
