Instance,INF_avg,INF_sd,INF_r1,INF_kr,INF_sk,SUP_avg,SUP_sd,SUP_r1,SUP_kr,SUP_sk,INC_avg,INC_sd,INC_r1,INC_kr,INC_sk,IND_avg,IND_sd,IND_r1,IND_kr,IND_sk
180,0.22,0.045607017,0.2727272727,2.1449704142,-0.8095920178,0.244,0.0366606056,-0.7064439141,2.2295918367,-0.685827655,0.536,0.0731026675,-0.2775330396,3.104109147,1.3889087439,0.536,0.0731026675,-0.2775330396,3.104109147,1.3889087439
