Instance,INF_avg,INF_sd,INF_r1,INF_kr,INF_sk,SUP_avg,SUP_sd,SUP_r1,SUP_kr,SUP_sk,INC_avg,INC_sd,INC_r1,INC_kr,INC_sk,IND_avg,IND_sd,IND_r1,IND_kr,IND_sk
254,0.2,0.1113552873,0.1290322581,2.5234131113,-0.0869057913,0.282,0.1227843638,0.0226629647,2.5839833989,0.4105327661,0.518,0.1558075736,-0.0848174995,2.1962572124,0.2070820583,0.518,0.1558075736,-0.0848174995,2.1962572124,0.2070820583
