Instance,INF_avg,INF_sd,INF_r1,INF_kr,INF_sk,SUP_avg,SUP_sd,SUP_r1,SUP_kr,SUP_sk,INC_avg,INC_sd,INC_r1,INC_kr,INC_sk,IND_avg,IND_sd,IND_r1,IND_kr,IND_sk
5,0.3071428571,0.1334395835,0.4321372855,2.6594937644,0.2300663586,0.2785714286,0.1205853073,0.0417172945,3.3632132964,-0.561172621,0.4142857143,0.1059456927,0.2262678804,1.9242975207,0.4339395478,0.4142857143,0.1059456927,0.2262678804,1.9242975207,0.4339395478
