Instance,INF_avg,INF_sd,INF_r1,INF_kr,INF_sk,SUP_avg,SUP_sd,SUP_r1,SUP_kr,SUP_sk,INC_avg,INC_sd,INC_r1,INC_kr,INC_sk,IND_avg,IND_sd,IND_r1,IND_kr,IND_sk
138,0.3036231884,0.0968035664,-0.0611639803,2.8945980409,-0.0783875056,0.1862318841,0.0908430953,-0.0230528647,3.1763764344,0.5862332648,0.5101449275,0.1041110438,0.0064646271,2.5811209192,0.0952401496,0.5101449275,0.1041110438,0.0064646271,2.5811209192,0.0952401496
