Instance,INF_avg,INF_sd,INF_r1,INF_kr,INF_sk,SUP_avg,SUP_sd,SUP_r1,SUP_kr,SUP_sk,INC_avg,INC_sd,INC_r1,INC_kr,INC_sk,IND_avg,IND_sd,IND_r1,IND_kr,IND_sk
180,0.4639244186,0.0896302488,0.8793322716,2.7000573147,-0.6412572511,0.082122093,0.0607176288,0.843579278,3.8445176801,1.1115565244,0.4539534884,0.0420002511,0.4742558211,2.5441501563,-0.050652359,0.4539534884,0.0420002511,0.4742558211,2.5441501563,-0.050652359
