Instance,INF_avg,INF_sd,INF_r1,INF_kr,INF_sk,SUP_avg,SUP_sd,SUP_r1,SUP_kr,SUP_sk,INC_avg,INC_sd,INC_r1,INC_kr,INC_sk,IND_avg,IND_sd,IND_r1,IND_kr,IND_sk
131,0.274,0.1411523999,0.0029826874,2.7327863952,0.0823689928,0.262,0.1426744546,0.0889151009,2.7920672474,0.3565274604,0.464,0.1717672844,0.1231075437,3.3570923579,0.1170301571,0.464,0.1717672844,0.1231075437,3.3570923579,0.1170301571
