Instance,INF_avg,INF_sd,INF_r1,INF_kr,INF_sk,SUP_avg,SUP_sd,SUP_r1,SUP_kr,SUP_sk,INC_avg,INC_sd,INC_r1,INC_kr,INC_sk,IND_avg,IND_sd,IND_r1,IND_kr,IND_sk
128,0.245,0.0934077085,-0.5382092489,1.7594026322,0.0533753952,0.28,0.0640312424,-0.2842892768,2.1160023795,0.2056922718,0.475,0.0981070844,-0.2137931034,3.8497217069,0.5559787543,0.475,0.0981070844,-0.2137931034,3.8497217069,0.5559787543
