Instance,INF_avg,INF_sd,INF_r1,INF_kr,INF_sk,SUP_avg,SUP_sd,SUP_r1,SUP_kr,SUP_sk,INC_avg,INC_sd,INC_r1,INC_kr,INC_sk,IND_avg,IND_sd,IND_r1,IND_kr,IND_sk
92,0.244,0.1107429456,0.036989711,2.4692077619,0.085386646,0.289,0.1420528071,-0.1657371793,2.644584787,0.1943977636,0.467,0.1483610461,-0.1442055097,2.7627275673,-0.2679387256,0.467,0.1483610461,-0.1442055097,2.7627275673,-0.2679387256
