Instance,INF_avg,INF_sd,INF_r1,INF_kr,INF_sk,SUP_avg,SUP_sd,SUP_r1,SUP_kr,SUP_sk,INC_avg,INC_sd,INC_r1,INC_kr,INC_sk,IND_avg,IND_sd,IND_r1,IND_kr,IND_sk
162,0.4117647059,0.2111100994,-0.1782566564,2.1746508622,0.2577844403,0.2,0.1328422328,-0.3076923077,3.5133333333,1.0538817138,0.3882352941,0.2083050731,-0.4893353056,1.9588035988,-0.2338848082,0.3882352941,0.2083050731,-0.4893353056,1.9588035988,-0.2338848082
