Instance,INF_avg,INF_sd,INF_r1,INF_kr,INF_sk,SUP_avg,SUP_sd,SUP_r1,SUP_kr,SUP_sk,INC_avg,INC_sd,INC_r1,INC_kr,INC_sk,IND_avg,IND_sd,IND_r1,IND_kr,IND_sk
108,0.3451282051,0.0838457618,0.4197780671,2.6531578155,-0.1697958054,0.1456410256,0.0802494467,0.7128889631,2.8810538422,0.6480961411,0.5092307692,0.0659208778,0.3168080445,2.3720696218,0.208745457,0.5092307692,0.0659208778,0.3168080445,2.3720696218,0.208745457
