Instance,INF_avg,INF_sd,INF_r1,INF_kr,INF_sk,SUP_avg,SUP_sd,SUP_r1,SUP_kr,SUP_sk,INC_avg,INC_sd,INC_r1,INC_kr,INC_sk,IND_avg,IND_sd,IND_r1,IND_kr,IND_sk
237,0.26,0.07,-0.226993865,1.6022490629,0.0787172012,0.255,0.1035615759,-0.15877827,2.2798017833,-0.5388503924,0.485,0.100124922,-0.4271432142,2.9657589194,0.6396000016,0.485,0.100124922,-0.4271432142,2.9657589194,0.6396000016
