Instance,INF_avg,INF_sd,INF_r1,INF_kr,INF_sk,SUP_avg,SUP_sd,SUP_r1,SUP_kr,SUP_sk,INC_avg,INC_sd,INC_r1,INC_kr,INC_sk,IND_avg,IND_sd,IND_r1,IND_kr,IND_sk
247,0.28,0.1288409873,-0.9367588933,2.4634199448,0.446052772,0.24,0.1881488772,-0.6983122363,2.8137029589,1.2143286723,0.48,0.1288409873,-0.1561264822,1.5489185658,0.0252482701,0.48,0.1288409873,-0.1561264822,1.5489185658,0.0252482701
