Instance,INF_avg,INF_sd,INF_r1,INF_kr,INF_sk,SUP_avg,SUP_sd,SUP_r1,SUP_kr,SUP_sk,INC_avg,INC_sd,INC_r1,INC_kr,INC_sk,IND_avg,IND_sd,IND_r1,IND_kr,IND_sk
187,0.33,0.092736185,0.0201005025,1.9959437534,0.4062537037,0.18,0.0678232998,-0.0416666667,4.3487712665,1.2308198079,0.49,0.1019803903,0.3177290837,1.7753328402,0.3422603705,0.49,0.1019803903,0.3177290837,1.7753328402,0.3422603705
