Instance,INF_avg,INF_sd,INF_r1,INF_kr,INF_sk,SUP_avg,SUP_sd,SUP_r1,SUP_kr,SUP_sk,INC_avg,INC_sd,INC_r1,INC_kr,INC_sk,IND_avg,IND_sd,IND_r1,IND_kr,IND_sk
11,0.21,0.0663324958,0.3434343434,2.2169421488,-0.3700366502,0.3,0.1,0.5454545455,2.05,0.0,0.49,0.1462873884,0.7842639594,2.2264389903,0.8682180139,0.49,0.1462873884,0.7842639594,2.2264389903,0.8682180139
