Instance,INF_avg,INF_sd,INF_r1,INF_kr,INF_sk,SUP_avg,SUP_sd,SUP_r1,SUP_kr,SUP_sk,INC_avg,INC_sd,INC_r1,INC_kr,INC_sk,IND_avg,IND_sd,IND_r1,IND_kr,IND_sk
86,0.228,0.108240473,0.1832702012,2.611495504,0.5038097438,0.302,0.1104355015,0.0286888801,2.5161131711,-0.3290470105,0.47,0.1240967365,0.1023768424,2.5351661326,0.0172676349,0.47,0.1240967365,0.1023768424,2.5351661326,0.0172676349
