Instance,INF_avg,INF_sd,INF_r1,INF_kr,INF_sk,SUP_avg,SUP_sd,SUP_r1,SUP_kr,SUP_sk,INC_avg,INC_sd,INC_r1,INC_kr,INC_sk,IND_avg,IND_sd,IND_r1,IND_kr,IND_sk
220,0.226,0.1149956521,-0.1027079156,2.487259594,0.6746566128,0.322,0.0980612054,0.1291083559,2.4068752578,0.3920604822,0.452,0.1260793401,0.0503175674,2.4211046944,0.2243416845,0.452,0.1260793401,0.0503175674,2.4211046944,0.2243416845
