Instance,INF_avg,INF_sd,INF_r1,INF_kr,INF_sk,SUP_avg,SUP_sd,SUP_r1,SUP_kr,SUP_sk,INC_avg,INC_sd,INC_r1,INC_kr,INC_sk,IND_avg,IND_sd,IND_r1,IND_kr,IND_sk
212,0.256,0.0557135531,0.172253739,2.2861621851,0.5395788635,0.22,0.0779743548,0.0514705882,2.4809556787,0.7593589777,0.524,0.0549909083,-0.0235448005,2.0894431847,-0.4110347562,0.524,0.0549909083,-0.0235448005,2.0894431847,-0.4110347562
