Instance,INF_avg,INF_sd,INF_r1,INF_kr,INF_sk,SUP_avg,SUP_sd,SUP_r1,SUP_kr,SUP_sk,INC_avg,INC_sd,INC_r1,INC_kr,INC_sk,IND_avg,IND_sd,IND_r1,IND_kr,IND_sk
70,0.2421875,0.0927946111,0.1675747982,2.3221995431,0.5220481942,0.1953125,0.0895818193,-0.1923313123,3.4803414248,0.4342443971,0.5625,0.1103970108,-0.1990632319,2.8782051282,-0.2830692585,0.5625,0.1103970108,-0.1990632319,2.8782051282,-0.2830692585
