Instance,INF_avg,INF_sd,INF_r1,INF_kr,INF_sk,SUP_avg,SUP_sd,SUP_r1,SUP_kr,SUP_sk,INC_avg,INC_sd,INC_r1,INC_kr,INC_sk,IND_avg,IND_sd,IND_r1,IND_kr,IND_sk
228,0.226,0.0521919534,0.217899617,1.7112629134,-0.1944702023,0.222,0.0328024389,0.2681977423,1.7829631984,0.2475108367,0.552,0.0620966988,0.4854253421,3.1508927188,-0.2862621356,0.552,0.0620966988,0.4854253421,3.1508927188,-0.2862621356
