Instance,INF_avg,INF_sd,INF_r1,INF_kr,INF_sk,SUP_avg,SUP_sd,SUP_r1,SUP_kr,SUP_sk,INC_avg,INC_sd,INC_r1,INC_kr,INC_sk,IND_avg,IND_sd,IND_r1,IND_kr,IND_sk
244,0.272,0.0762627039,-0.2940942107,2.4425821478,0.3843948829,0.288,0.1041921302,-0.1259839413,2.6726727159,0.7714052398,0.44,0.0883176087,0.1989737742,2.3974358974,-0.0435491167,0.44,0.0883176087,0.1989737742,2.3974358974,-0.0435491167
