Instance,INF_avg,INF_sd,INF_r1,INF_kr,INF_sk,SUP_avg,SUP_sd,SUP_r1,SUP_kr,SUP_sk,INC_avg,INC_sd,INC_r1,INC_kr,INC_sk,IND_avg,IND_sd,IND_r1,IND_kr,IND_sk
233,0.2331,0.0313191635,0.182477931,2.6863686426,0.0329723447,0.2423,0.0300034998,0.0079068699,2.6546932427,0.3867677345,0.5246,0.0385011688,0.0223594483,3.1996908165,0.1162810596,0.5246,0.0385011688,0.0223594483,3.1996908165,0.1162810596
