Instance,INF_avg,INF_sd,INF_r1,INF_kr,INF_sk,SUP_avg,SUP_sd,SUP_r1,SUP_kr,SUP_sk,INC_avg,INC_sd,INC_r1,INC_kr,INC_sk,IND_avg,IND_sd,IND_r1,IND_kr,IND_sk
37,0.2544,0.0361613053,0.2690098507,2.2973492604,-0.1567279284,0.1823,0.0382911217,0.2177744948,3.5749376218,0.6916018856,0.5633,0.0477871322,0.6190211635,2.4102202335,0.0651425654,0.5633,0.0477871322,0.6190211635,2.4102202335,0.0651425654
