Instance,INF_avg,INF_sd,INF_r1,INF_kr,INF_sk,SUP_avg,SUP_sd,SUP_r1,SUP_kr,SUP_sk,INC_avg,INC_sd,INC_r1,INC_kr,INC_sk,IND_avg,IND_sd,IND_r1,IND_kr,IND_sk
204,0.2734,0.0295540183,0.2208659662,2.8764124803,0.6072988844,0.22,0.0223606798,-0.1527494908,2.5148,-0.6332544512,0.5066,0.0344592513,0.0679936649,3.3824724951,-0.772608176,0.5066,0.0344592513,0.0679936649,3.3824724951,-0.772608176
