Instance,INF_avg,INF_sd,INF_r1,INF_kr,INF_sk,SUP_avg,SUP_sd,SUP_r1,SUP_kr,SUP_sk,INC_avg,INC_sd,INC_r1,INC_kr,INC_sk,IND_avg,IND_sd,IND_r1,IND_kr,IND_sk
92,0.267,0.0869540108,0.0565128587,3.5616738216,0.0182155769,0.255,0.0928708781,0.0840048698,2.8615248897,-0.4082339292,0.478,0.087840765,0.0562666835,2.7191656851,-0.0665349283,0.478,0.087840765,0.0562666835,2.7191656851,-0.0665349283
