Instance,INF_avg,INF_sd,INF_r1,INF_kr,INF_sk,SUP_avg,SUP_sd,SUP_r1,SUP_kr,SUP_sk,INC_avg,INC_sd,INC_r1,INC_kr,INC_sk,IND_avg,IND_sd,IND_r1,IND_kr,IND_sk
177,0.316,0.0265329983,0.0287769784,2.2169421488,0.3700366502,0.184,0.042708313,-0.0299625468,2.2746999077,0.8478566294,0.5,0.0505964426,-0.1739130435,1.26953125,-0.222347648,0.5,0.0505964426,-0.1739130435,1.26953125,-0.222347648
