Instance,INF_avg,INF_sd,INF_r1,INF_kr,INF_sk,SUP_avg,SUP_sd,SUP_r1,SUP_kr,SUP_sk,INC_avg,INC_sd,INC_r1,INC_kr,INC_sk,IND_avg,IND_sd,IND_r1,IND_kr,IND_sk
28,0.5125,0.1662152219,0.9441225661,1.90601113,-0.3028856144,0.1235625,0.1018951475,0.9436137686,2.7610625917,1.0038697924,0.3639375,0.0795404526,0.8243390885,2.1586992093,-0.2844136056,0.3639375,0.0795404526,0.8243390885,2.1586992093,-0.2844136056
