Instance,INF_avg,INF_sd,INF_r1,INF_kr,INF_sk,SUP_avg,SUP_sd,SUP_r1,SUP_kr,SUP_sk,INC_avg,INC_sd,INC_r1,INC_kr,INC_sk,IND_avg,IND_sd,IND_r1,IND_kr,IND_sk
36,0.2552,0.0622973515,0.3258231773,2.1459536057,0.6207313783,0.2336,0.060058638,0.2854315268,4.0153009826,0.1495486651,0.5112,0.058809523,0.1700535108,3.026647887,-0.1503102535,0.5112,0.058809523,0.1700535108,3.026647887,-0.1503102535
