Instance,INF_avg,INF_sd,INF_r1,INF_kr,INF_sk,SUP_avg,SUP_sd,SUP_r1,SUP_kr,SUP_sk,INC_avg,INC_sd,INC_r1,INC_kr,INC_sk,IND_avg,IND_sd,IND_r1,IND_kr,IND_sk
116,0.253,0.1506353212,-0.2201144325,2.8580277429,0.5480449937,0.28,0.1462873884,-0.0368710532,2.681980959,0.1188289555,0.467,0.1673648709,-0.1636703054,2.5294683398,0.1064462223,0.467,0.1673648709,-0.1636703054,2.5294683398,0.1064462223
