Instance,INF_avg,INF_sd,INF_r1,INF_kr,INF_sk,SUP_avg,SUP_sd,SUP_r1,SUP_kr,SUP_sk,INC_avg,INC_sd,INC_r1,INC_kr,INC_sk,IND_avg,IND_sd,IND_r1,IND_kr,IND_sk
66,0.222,0.1360735095,-0.0655463208,2.5046890136,0.3124764462,0.204,0.1385063175,0.175966238,2.8595883002,0.6058201996,0.574,0.1520657752,-0.0537713648,2.7987051511,-0.2385278687,0.574,0.1520657752,-0.0537713648,2.7987051511,-0.2385278687
