Instance,INF_avg,INF_sd,INF_r1,INF_kr,INF_sk,SUP_avg,SUP_sd,SUP_r1,SUP_kr,SUP_sk,INC_avg,INC_sd,INC_r1,INC_kr,INC_sk,IND_avg,IND_sd,IND_r1,IND_kr,IND_sk
259,0.2236,0.0311615147,0.4915121971,2.2638218935,0.510462096,0.2666,0.0332180674,0.1401739859,2.652095912,0.2837166768,0.5098,0.0353689129,0.0312622357,2.1860164998,-0.6123710623,0.5098,0.0353689129,0.0312622357,2.1860164998,-0.6123710623
