Instance,INF_avg,INF_sd,INF_r1,INF_kr,INF_sk,SUP_avg,SUP_sd,SUP_r1,SUP_kr,SUP_sk,INC_avg,INC_sd,INC_r1,INC_kr,INC_sk,IND_avg,IND_sd,IND_r1,IND_kr,IND_sk
24,0.298,0.0932523458,-0.1106494811,3.9983746188,-0.6447176703,0.278,0.0884081444,0.2122949809,3.0537055448,0.2916129764,0.424,0.1407977273,-0.0301474729,4.2884116301,0.9884184421,0.424,0.1407977273,-0.0301474729,4.2884116301,0.9884184421
