Instance,INF_avg,INF_sd,INF_r1,INF_kr,INF_sk,SUP_avg,SUP_sd,SUP_r1,SUP_kr,SUP_sk,INC_avg,INC_sd,INC_r1,INC_kr,INC_sk,IND_avg,IND_sd,IND_r1,IND_kr,IND_sk
191,0.2152,0.0336891674,0.1374390248,2.7430739676,-0.1126163839,0.2696,0.0326472051,0.0738892075,2.3479632794,0.0950973017,0.5152,0.0424848208,0.3810864663,2.7180708191,-0.6317923125,0.5152,0.0424848208,0.3810864663,2.7180708191,-0.6317923125
