Instance,INF_avg,INF_sd,INF_r1,INF_kr,INF_sk,SUP_avg,SUP_sd,SUP_r1,SUP_kr,SUP_sk,INC_avg,INC_sd,INC_r1,INC_kr,INC_sk,IND_avg,IND_sd,IND_r1,IND_kr,IND_sk
9,0.2922,0.0371505047,0.2213241533,2.0358223335,0.0121952721,0.2914,0.0464224084,0.5689755665,2.3757783835,0.1122635643,0.4164,0.0297832168,0.3792040693,3.1152511754,-0.1954400487,0.4164,0.0297832168,0.3792040693,3.1152511754,-0.1954400487
