Instance,INF_avg,INF_sd,INF_r1,INF_kr,INF_sk,SUP_avg,SUP_sd,SUP_r1,SUP_kr,SUP_sk,INC_avg,INC_sd,INC_r1,INC_kr,INC_sk,IND_avg,IND_sd,IND_r1,IND_kr,IND_sk
53,0.276,0.1530490118,0.2519964993,6.1156331183,1.4784720654,0.344,0.1471869559,0.203207922,2.9598290747,0.5692576245,0.38,0.16,-0.0662914321,2.283203125,-0.140625,0.38,0.16,-0.0662914321,2.283203125,-0.140625
