Instance,INF_avg,INF_sd,INF_r1,INF_kr,INF_sk,SUP_avg,SUP_sd,SUP_r1,SUP_kr,SUP_sk,INC_avg,INC_sd,INC_r1,INC_kr,INC_sk,IND_avg,IND_sd,IND_r1,IND_kr,IND_sk
42,0.2105,0.042950553,-0.0116354639,2.6821898973,-0.1971052917,0.3048,0.046615019,0.1144367087,3.558347678,-0.2401085842,0.4847,0.0526584276,0.0248044218,2.4753553728,0.1583934284,0.4847,0.0526584276,0.0248044218,2.4753553728,0.1583934284
