Instance,INF_avg,INF_sd,INF_r1,INF_kr,INF_sk,SUP_avg,SUP_sd,SUP_r1,SUP_kr,SUP_sk,INC_avg,INC_sd,INC_r1,INC_kr,INC_sk,IND_avg,IND_sd,IND_r1,IND_kr,IND_sk
162,0.2848,0.0967933882,0.2883560221,2.9332738937,0.2999562987,0.2768,0.0741199029,0.1144001289,3.0137448359,0.3586786721,0.4384,0.0931527777,0.2764823604,2.8168010287,0.0554921121,0.4384,0.0931527777,0.2764823604,2.8168010287,0.0554921121
