Instance,INF_avg,INF_sd,INF_r1,INF_kr,INF_sk,SUP_avg,SUP_sd,SUP_r1,SUP_kr,SUP_sk,INC_avg,INC_sd,INC_r1,INC_kr,INC_sk,IND_avg,IND_sd,IND_r1,IND_kr,IND_sk
105,0.256,0.149879952,-0.1278251095,2.5283134877,-0.0800640769,0.288,0.1478377489,0.0803356188,1.9512153556,-0.2387564639,0.456,0.135882302,0.3473493682,2.0639550775,-0.2222333093,0.456,0.135882302,0.3473493682,2.0639550775,-0.2222333093
