Instance,INF_avg,INF_sd,INF_r1,INF_kr,INF_sk,SUP_avg,SUP_sd,SUP_r1,SUP_kr,SUP_sk,INC_avg,INC_sd,INC_r1,INC_kr,INC_sk,IND_avg,IND_sd,IND_r1,IND_kr,IND_sk
247,0.242,0.1074057727,0.1648825521,2.353800489,-0.0586134513,0.282,0.0835224521,0.1959002237,2.9139526871,-0.0900433598,0.476,0.1040384544,-0.1487867745,2.2303290872,0.1715210924,0.476,0.1040384544,-0.1487867745,2.2303290872,0.1715210924
