Instance,INF_avg,INF_sd,INF_r1,INF_kr,INF_sk,SUP_avg,SUP_sd,SUP_r1,SUP_kr,SUP_sk,INC_avg,INC_sd,INC_r1,INC_kr,INC_sk,IND_avg,IND_sd,IND_r1,IND_kr,IND_sk
74,0.234,0.1055651458,0.1640370521,2.6402860884,0.2201666444,0.281,0.1024158191,0.0925291106,3.2542083026,0.3092718075,0.485,0.105,-0.0553932974,2.3851018866,0.0751538711,0.485,0.105,-0.0553932974,2.3851018866,0.0751538711
