Instance,INF_avg,INF_sd,INF_r1,INF_kr,INF_sk,SUP_avg,SUP_sd,SUP_r1,SUP_kr,SUP_sk,INC_avg,INC_sd,INC_r1,INC_kr,INC_sk,IND_avg,IND_sd,IND_r1,IND_kr,IND_sk
277,0.234,0.0681469001,0.2006006537,1.8864139664,0.2875684614,0.288,0.0633719181,-0.5195857722,1.6792908049,0.4805627507,0.478,0.0792212093,-0.2873405149,2.6334063299,-0.6788841935,0.478,0.0792212093,-0.2873405149,2.6334063299,-0.6788841935
