Instance,INF_avg,INF_sd,INF_r1,INF_kr,INF_sk,SUP_avg,SUP_sd,SUP_r1,SUP_kr,SUP_sk,INC_avg,INC_sd,INC_r1,INC_kr,INC_sk,IND_avg,IND_sd,IND_r1,IND_kr,IND_sk
93,0.2442857143,0.0826104703,-0.0459686937,2.6772037614,-0.1975854234,0.1928571429,0.0926921611,-0.1289448209,2.4654707432,0.2899359298,0.5628571429,0.1294730293,-0.0889110313,2.9533328069,0.0516062978,0.5628571429,0.1294730293,-0.0889110313,2.9533328069,0.0516062978
