Instance,INF_avg,INF_sd,INF_r1,INF_kr,INF_sk,SUP_avg,SUP_sd,SUP_r1,SUP_kr,SUP_sk,INC_avg,INC_sd,INC_r1,INC_kr,INC_sk,IND_avg,IND_sd,IND_r1,IND_kr,IND_sk
1,0.28,0.1854723699,0.1135411819,2.0543537047,0.2934054527,0.208,0.1324235629,0.0664017097,3.9013399755,0.9898562547,0.512,0.1773583942,-0.1090905355,2.405667973,0.0763321555,0.512,0.1773583942,-0.1090905355,2.405667973,0.0763321555
