Instance,INF_avg,INF_sd,INF_r1,INF_kr,INF_sk,SUP_avg,SUP_sd,SUP_r1,SUP_kr,SUP_sk,INC_avg,INC_sd,INC_r1,INC_kr,INC_sk,IND_avg,IND_sd,IND_r1,IND_kr,IND_sk
116,0.216,0.052,-0.1281070746,1.7932495361,-0.087391898,0.254,0.038,-0.1743450768,1.6600317677,0.5213587987,0.53,0.0816088231,-0.0706766917,2.0354137922,-0.2384479855,0.53,0.0816088231,-0.0706766917,2.0354137922,-0.2384479855
