Instance,INF_avg,INF_sd,INF_r1,INF_kr,INF_sk,SUP_avg,SUP_sd,SUP_r1,SUP_kr,SUP_sk,INC_avg,INC_sd,INC_r1,INC_kr,INC_sk,IND_avg,IND_sd,IND_r1,IND_kr,IND_sk
146,0.2584,0.055402527,0.004371869,3.2929274187,0.2522564786,0.2344,0.068239578,0.0027825449,2.8416409496,0.2517792303,0.5072,0.0539273585,0.2134563806,3.5275289501,-0.2866140387,0.5072,0.0539273585,0.2134563806,3.5275289501,-0.2866140387
