Instance,INF_avg,INF_sd,INF_r1,INF_kr,INF_sk,SUP_avg,SUP_sd,SUP_r1,SUP_kr,SUP_sk,INC_avg,INC_sd,INC_r1,INC_kr,INC_sk,IND_avg,IND_sd,IND_r1,IND_kr,IND_sk
279,0.2356,0.0629018283,0.0868609436,3.6759215204,0.5888496339,0.2356,0.0568914756,-0.182730158,2.9493609091,-0.3140655985,0.5288,0.061988386,0.0716585788,3.5578851829,0.1059427786,0.5288,0.061988386,0.0716585788,3.5578851829,0.1059427786
