Instance,INF_avg,INF_sd,INF_r1,INF_kr,INF_sk,SUP_avg,SUP_sd,SUP_r1,SUP_kr,SUP_sk,INC_avg,INC_sd,INC_r1,INC_kr,INC_sk,IND_avg,IND_sd,IND_r1,IND_kr,IND_sk
177,0.2808,0.0505109889,-0.025768934,3.7667950778,-0.0133759062,0.246,0.0436348485,-0.2694573916,3.1717922463,-0.5176650336,0.4732,0.043148117,0.1098339342,2.2010947167,-0.1740995094,0.4732,0.043148117,0.1098339342,2.2010947167,-0.1740995094
