Instance,INF_avg,INF_sd,INF_r1,INF_kr,INF_sk,SUP_avg,SUP_sd,SUP_r1,SUP_kr,SUP_sk,INC_avg,INC_sd,INC_r1,INC_kr,INC_sk,IND_avg,IND_sd,IND_r1,IND_kr,IND_sk
269,0.276,0.0731026675,-0.2136862492,2.5662626842,-1.068466953,0.232,0.0676461381,0.2882187938,1.921389799,-0.5222570323,0.492,0.098468269,0.239776302,2.0718066856,0.6632281785,0.492,0.098468269,0.239776302,2.0718066856,0.6632281785
