Instance,INF_avg,INF_sd,INF_r1,INF_kr,INF_sk,SUP_avg,SUP_sd,SUP_r1,SUP_kr,SUP_sk,INC_avg,INC_sd,INC_r1,INC_kr,INC_sk,IND_avg,IND_sd,IND_r1,IND_kr,IND_sk
145,0.32,0.0509901951,-0.5289256198,1.9556213018,0.2715454179,0.15,0.0547722558,-0.4,2.5,-0.9128709292,0.53,0.081240384,-0.1654135338,1.4421487603,0.3804646085,0.53,0.081240384,-0.1654135338,1.4421487603,0.3804646085
