Instance,INF_avg,INF_sd,INF_r1,INF_kr,INF_sk,SUP_avg,SUP_sd,SUP_r1,SUP_kr,SUP_sk,INC_avg,INC_sd,INC_r1,INC_kr,INC_sk,IND_avg,IND_sd,IND_r1,IND_kr,IND_sk
244,0.2638,0.0673317162,0.1759657748,2.5253189941,-0.0497210087,0.277,0.0704485628,0.1240385802,2.5385809859,0.0186879953,0.4592,0.0675822462,-0.1352919993,3.0404698141,-0.1707888875,0.4592,0.0675822462,-0.1352919993,3.0404698141,-0.1707888875
