Instance,INF_avg,INF_sd,INF_r1,INF_kr,INF_sk,SUP_avg,SUP_sd,SUP_r1,SUP_kr,SUP_sk,INC_avg,INC_sd,INC_r1,INC_kr,INC_sk,IND_avg,IND_sd,IND_r1,IND_kr,IND_sk
191,0.28,0.1777638883,0.1989664083,1.8469796507,0.6237829122,0.26,0.1562049935,0.4425956739,2.2270894921,-0.4218920142,0.46,0.12,0.1961414791,2.787037037,-0.5833333333,0.46,0.12,0.1961414791,2.787037037,-0.5833333333
