Instance,INF_avg,INF_sd,INF_r1,INF_kr,INF_sk,SUP_avg,SUP_sd,SUP_r1,SUP_kr,SUP_sk,INC_avg,INC_sd,INC_r1,INC_kr,INC_sk,IND_avg,IND_sd,IND_r1,IND_kr,IND_sk
56,0.216,0.031685959,0.4254592055,2.5435628006,-0.5371439223,0.288,0.0328024389,-0.2041884817,2.0089136413,-0.1285152422,0.496,0.030724583,0.0149686142,2.6108158575,-0.7381049275,0.496,0.030724583,0.0149686142,2.6108158575,-0.7381049275
