Instance,INF_avg,INF_sd,INF_r1,INF_kr,INF_sk,SUP_avg,SUP_sd,SUP_r1,SUP_kr,SUP_sk,INC_avg,INC_sd,INC_r1,INC_kr,INC_sk,IND_avg,IND_sd,IND_r1,IND_kr,IND_sk
199,0.212,0.1177115118,-0.1405372941,2.9270143848,0.281700174,0.284,0.1270590414,-0.0845857953,2.6527918702,0.1847700829,0.504,0.1522629305,-0.2325912021,2.9082654276,-0.237466531,0.504,0.1522629305,-0.2325912021,2.9082654276,-0.237466531
