Instance,INF_avg,INF_sd,INF_r1,INF_kr,INF_sk,SUP_avg,SUP_sd,SUP_r1,SUP_kr,SUP_sk,INC_avg,INC_sd,INC_r1,INC_kr,INC_sk,IND_avg,IND_sd,IND_r1,IND_kr,IND_sk
37,0.236,0.0512249939,0.0274314214,3.7333432481,1.2227262821,0.3,0.0626099034,0.1460674157,3.1382757185,0.6453957136,0.464,0.0757891813,-0.1969222001,3.1176589257,-0.8714982555,0.464,0.0757891813,-0.1969222001,3.1176589257,-0.8714982555
