Instance,INF_avg,INF_sd,INF_r1,INF_kr,INF_sk,SUP_avg,SUP_sd,SUP_r1,SUP_kr,SUP_sk,INC_avg,INC_sd,INC_r1,INC_kr,INC_sk,IND_avg,IND_sd,IND_r1,IND_kr,IND_sk
88,0.255,0.1409787218,0.1058088411,3.3309647561,0.6153745464,0.263,0.1331578011,0.2004929514,2.988612282,0.4696247993,0.482,0.141689802,-0.0454420964,3.3488570092,-0.2496213422,0.482,0.141689802,-0.0454420964,3.3488570092,-0.2496213422
