Instance,INF_avg,INF_sd,INF_r1,INF_kr,INF_sk,SUP_avg,SUP_sd,SUP_r1,SUP_kr,SUP_sk,INC_avg,INC_sd,INC_r1,INC_kr,INC_sk,IND_avg,IND_sd,IND_r1,IND_kr,IND_sk
184,0.256,0.0387814389,-0.940874036,1.815527388,0.6122692079,0.288,0.0430813185,-0.3047285464,1.7636741974,-0.403407114,0.456,0.0407921561,-0.4566115702,2.7045118343,-1.0013237284,0.456,0.0407921561,-0.4566115702,2.7045118343,-1.0013237284
