Instance,INF_avg,INF_sd,INF_r1,INF_kr,INF_sk,SUP_avg,SUP_sd,SUP_r1,SUP_kr,SUP_sk,INC_avg,INC_sd,INC_r1,INC_kr,INC_sk,IND_avg,IND_sd,IND_r1,IND_kr,IND_sk
43,0.4645121951,0.1074527967,0.8489253527,2.2254810264,-0.2965812355,0.0798780488,0.0722756226,0.8700576815,2.9761798687,1.0975732835,0.4556097561,0.05045156,0.498971269,3.7558222674,-0.7422512419,0.4556097561,0.05045156,0.498971269,3.7558222674,-0.7422512419
