Instance,INF_avg,INF_sd,INF_r1,INF_kr,INF_sk,SUP_avg,SUP_sd,SUP_r1,SUP_kr,SUP_sk,INC_avg,INC_sd,INC_r1,INC_kr,INC_sk,IND_avg,IND_sd,IND_r1,IND_kr,IND_sk
171,0.251,0.0271845544,-0.3612601458,2.2443506109,-0.0606290315,0.2235,0.0237749869,0.1043179894,2.367106921,-0.0309179131,0.5255,0.0220737401,0.056623216,2.2542765086,0.0238484192,0.5255,0.0220737401,0.056623216,2.2542765086,0.0238484192
