Instance,INF_avg,INF_sd,INF_r1,INF_kr,INF_sk,SUP_avg,SUP_sd,SUP_r1,SUP_kr,SUP_sk,INC_avg,INC_sd,INC_r1,INC_kr,INC_sk,IND_avg,IND_sd,IND_r1,IND_kr,IND_sk
49,0.2706,0.0690770584,-0.0409522961,2.1634589305,0.0425678699,0.2252,0.0639136918,0.1082853818,2.674330535,0.2468699733,0.5042,0.068486203,0.0142637799,3.7282552432,0.602529093,0.5042,0.068486203,0.0142637799,3.7282552432,0.602529093
