Instance,INF_avg,INF_sd,INF_r1,INF_kr,INF_sk,SUP_avg,SUP_sd,SUP_r1,SUP_kr,SUP_sk,INC_avg,INC_sd,INC_r1,INC_kr,INC_sk,IND_avg,IND_sd,IND_r1,IND_kr,IND_sk
192,0.267,0.137153199,-0.0231209345,2.4821240667,0.491562594,0.216,0.1222456543,-0.1021695365,2.4321286264,0.1524994765,0.517,0.1470068026,-0.0135497405,2.3723345691,-0.0116696317,0.517,0.1470068026,-0.0135497405,2.3723345691,-0.0116696317
