Instance,INF_avg,INF_sd,INF_r1,INF_kr,INF_sk,SUP_avg,SUP_sd,SUP_r1,SUP_kr,SUP_sk,INC_avg,INC_sd,INC_r1,INC_kr,INC_sk,IND_avg,IND_sd,IND_r1,IND_kr,IND_sk
29,0.2653,0.0585227306,0.4593155183,2.2772288236,-0.0330029345,0.2254,0.0464633189,0.1753068359,2.3117153036,0.1277014011,0.5093,0.0527874038,0.2890472811,3.0999298514,0.1421010298,0.5093,0.0527874038,0.2890472811,3.0999298514,0.1421010298
