Instance,INF_avg,INF_sd,INF_r1,INF_kr,INF_sk,SUP_avg,SUP_sd,SUP_r1,SUP_kr,SUP_sk,INC_avg,INC_sd,INC_r1,INC_kr,INC_sk,IND_avg,IND_sd,IND_r1,IND_kr,IND_sk
146,0.2767,0.0310501208,0.0452357698,2.6597258751,-0.2151066162,0.22845,0.030665086,-0.0442658381,2.5253941606,0.1309166006,0.49485,0.0347811371,-0.0932588091,2.7825528055,0.1176600978,0.49485,0.0347811371,-0.0932588091,2.7825528055,0.1176600978
