Instance,INF_avg,INF_sd,INF_r1,INF_kr,INF_sk,SUP_avg,SUP_sd,SUP_r1,SUP_kr,SUP_sk,INC_avg,INC_sd,INC_r1,INC_kr,INC_sk,IND_avg,IND_sd,IND_r1,IND_kr,IND_sk
132,0.236,0.1195993311,0.0563366991,1.8749680945,-0.0184059749,0.228,0.1114271062,0.186656031,2.4261544798,-0.393859263,0.536,0.1323026833,-0.0753969709,2.1082604467,-0.0591961529,0.536,0.1323026833,-0.0753969709,2.1082604467,-0.0591961529
