Instance,INF_avg,INF_sd,INF_r1,INF_kr,INF_sk,SUP_avg,SUP_sd,SUP_r1,SUP_kr,SUP_sk,INC_avg,INC_sd,INC_r1,INC_kr,INC_sk,IND_avg,IND_sd,IND_r1,IND_kr,IND_sk
247,0.4755154639,0.1189754036,0.895304264,2.1242577155,-0.3555972106,0.0857216495,0.0710252231,0.9373318856,3.0329418342,0.9606084358,0.4387628866,0.05833617,0.6304425701,2.2678406152,-0.1711051137,0.4387628866,0.05833617,0.6304425701,2.2678406152,-0.1711051137
