Instance,INF_avg,INF_sd,INF_r1,INF_kr,INF_sk,SUP_avg,SUP_sd,SUP_r1,SUP_kr,SUP_sk,INC_avg,INC_sd,INC_r1,INC_kr,INC_sk,IND_avg,IND_sd,IND_r1,IND_kr,IND_sk
174,0.2596,0.0639362182,0.2001483865,2.9356019674,-0.0920356335,0.2276,0.0653470734,0.1979410195,2.3739546223,0.1454932398,0.5128,0.084924437,0.0003517239,2.8254815104,0.3333219505,0.5128,0.084924437,0.0003517239,2.8254815104,0.3333219505
