Instance,INF_avg,INF_sd,INF_r1,INF_kr,INF_sk,SUP_avg,SUP_sd,SUP_r1,SUP_kr,SUP_sk,INC_avg,INC_sd,INC_r1,INC_kr,INC_sk,IND_avg,IND_sd,IND_r1,IND_kr,IND_sk
90,0.24,0.057965507,0.0,2.5,0.492903971,0.388,0.024,-0.5648854962,1.3981481481,-0.1111111111,0.372,0.0411825206,0.5631067961,2.2821288715,-0.6927284075,0.372,0.0411825206,0.5631067961,2.2821288715,-0.6927284075
