Instance,INF_avg,INF_sd,INF_r1,INF_kr,INF_sk,SUP_avg,SUP_sd,SUP_r1,SUP_kr,SUP_sk,INC_avg,INC_sd,INC_r1,INC_kr,INC_sk,IND_avg,IND_sd,IND_r1,IND_kr,IND_sk
283,0.242,0.0408166633,-0.647313521,1.6799091786,0.0984697759,0.252,0.0256124969,-0.5757906216,2.4610815735,-0.9995358831,0.506,0.0281780056,0.0902629709,2.5824064616,-0.8093562638,0.506,0.0281780056,0.0902629709,2.5824064616,-0.8093562638
