Instance,INF_avg,INF_sd,INF_r1,INF_kr,INF_sk,SUP_avg,SUP_sd,SUP_r1,SUP_kr,SUP_sk,INC_avg,INC_sd,INC_r1,INC_kr,INC_sk,IND_avg,IND_sd,IND_r1,IND_kr,IND_sk
271,0.27,0.092736185,-0.5734265734,1.509194159,0.1579875514,0.24,0.1019803903,-0.1078998073,2.7045118343,-1.0013237284,0.49,0.1019803903,0.6240601504,1.3731508876,-0.1527442976,0.49,0.1019803903,0.6240601504,1.3731508876,-0.1527442976
