Instance,INF_avg,INF_sd,INF_r1,INF_kr,INF_sk,SUP_avg,SUP_sd,SUP_r1,SUP_kr,SUP_sk,INC_avg,INC_sd,INC_r1,INC_kr,INC_sk,IND_avg,IND_sd,IND_r1,IND_kr,IND_sk
172,0.3892253521,0.0720653454,0.7245926197,2.5245031238,-0.2868504952,0.0909859155,0.0623660238,0.9121047607,2.9089083078,0.807348241,0.5197887324,0.0362059506,0.0477368862,2.5540817645,-0.2285434235,0.5197887324,0.0362059506,0.0477368862,2.5540817645,-0.2285434235
