Instance,INF_avg,INF_sd,INF_r1,INF_kr,INF_sk,SUP_avg,SUP_sd,SUP_r1,SUP_kr,SUP_sk,INC_avg,INC_sd,INC_r1,INC_kr,INC_sk,IND_avg,IND_sd,IND_r1,IND_kr,IND_sk
66,0.212,0.0607947366,-0.018215787,2.1132849834,0.4255323949,0.294,0.0693108938,-0.18148805,2.7787674856,0.0080728107,0.494,0.0566038868,0.0919525571,2.1634894584,-0.4615820981,0.494,0.0566038868,0.0919525571,2.1634894584,-0.4615820981
