Instance,INF_avg,INF_sd,INF_r1,INF_kr,INF_sk,SUP_avg,SUP_sd,SUP_r1,SUP_kr,SUP_sk,INC_avg,INC_sd,INC_r1,INC_kr,INC_sk,IND_avg,IND_sd,IND_r1,IND_kr,IND_sk
288,0.301,0.0982293235,0.1870621541,3.4393328431,0.2253098526,0.219,0.0871148667,0.1909936616,2.9769932489,0.5643014545,0.48,0.1,0.3040923825,2.0038,-0.237,0.48,0.1,0.3040923825,2.0038,-0.237
