Instance,INF_avg,INF_sd,INF_r1,INF_kr,INF_sk,SUP_avg,SUP_sd,SUP_r1,SUP_kr,SUP_sk,INC_avg,INC_sd,INC_r1,INC_kr,INC_sk,IND_avg,IND_sd,IND_r1,IND_kr,IND_sk
72,0.2524,0.0461545231,-0.1080065807,3.4798568673,0.5151377053,0.2204,0.0506343757,-0.0326710387,2.2775539013,0.0912299378,0.5272,0.0653923543,-0.0263387314,2.3076120768,-0.3333652117,0.5272,0.0653923543,-0.0263387314,2.3076120768,-0.3333652117
