Instance,INF_avg,INF_sd,INF_r1,INF_kr,INF_sk,SUP_avg,SUP_sd,SUP_r1,SUP_kr,SUP_sk,INC_avg,INC_sd,INC_r1,INC_kr,INC_sk,IND_avg,IND_sd,IND_r1,IND_kr,IND_sk
23,0.2625,0.093374247,-0.0202836116,3.0683701391,-0.1721595551,0.2335,0.0900152765,0.0914284795,2.9448557646,0.1498938233,0.504,0.1050428484,-0.0919552836,3.5255688508,0.0043380624,0.504,0.1050428484,-0.0919552836,3.5255688508,0.0043380624
