Instance,INF_avg,INF_sd,INF_r1,INF_kr,INF_sk,SUP_avg,SUP_sd,SUP_r1,SUP_kr,SUP_sk,INC_avg,INC_sd,INC_r1,INC_kr,INC_sk,IND_avg,IND_sd,IND_r1,IND_kr,IND_sk
85,0.2864,0.0626660993,-0.068888638,2.9278767536,0.428533104,0.2048,0.0522394487,0.0411335539,2.4872493743,0.0064000285,0.5088,0.0676650575,0.0280777538,2.2050650301,0.3069139039,0.5088,0.0676650575,0.0280777538,2.2050650301,0.3069139039
