Instance,INF_avg,INF_sd,INF_r1,INF_kr,INF_sk,SUP_avg,SUP_sd,SUP_r1,SUP_kr,SUP_sk,INC_avg,INC_sd,INC_r1,INC_kr,INC_sk,IND_avg,IND_sd,IND_r1,IND_kr,IND_sk
56,0.2737,0.0555095487,0.5555763821,2.3655614203,0.175932131,0.22605,0.0636446973,0.7040062883,3.1025067829,0.6281871577,0.50025,0.0539137042,0.4989007737,2.5487951414,0.0439423521,0.50025,0.0539137042,0.4989007737,2.5487951414,0.0439423521
