Instance,INF_avg,INF_sd,INF_r1,INF_kr,INF_sk,SUP_avg,SUP_sd,SUP_r1,SUP_kr,SUP_sk,INC_avg,INC_sd,INC_r1,INC_kr,INC_sk,IND_avg,IND_sd,IND_r1,IND_kr,IND_sk
57,0.2828,0.0911271639,0.2655426138,2.865713163,0.6349163051,0.2936,0.0589833875,0.5626326229,2.6256162417,-0.0786542414,0.4236,0.0769092972,0.1364624555,2.4781329968,0.1221988926,0.4236,0.0769092972,0.1364624555,2.4781329968,0.1221988926
