Instance,INF_avg,INF_sd,INF_r1,INF_kr,INF_sk,SUP_avg,SUP_sd,SUP_r1,SUP_kr,SUP_sk,INC_avg,INC_sd,INC_r1,INC_kr,INC_sk,IND_avg,IND_sd,IND_r1,IND_kr,IND_sk
256,0.249,0.1499966666,-0.0558988326,3.3870368598,0.6237446936,0.263,0.1418837552,-0.0310725752,2.9516530048,0.5024728341,0.488,0.1686890631,-0.0196762789,2.8756846312,0.01377938,0.488,0.1686890631,-0.0196762789,2.8756846312,0.01377938
