Instance,INF_avg,INF_sd,INF_r1,INF_kr,INF_sk,SUP_avg,SUP_sd,SUP_r1,SUP_kr,SUP_sk,INC_avg,INC_sd,INC_r1,INC_kr,INC_sk,IND_avg,IND_sd,IND_r1,IND_kr,IND_sk
111,0.172,0.0545527268,0.7359735974,1.3747832119,-0.1088026982,0.316,0.048,-0.7037552156,2.3096064815,0.6701388889,0.512,0.0688186021,-0.0201511335,1.4295562454,0.0459492356,0.512,0.0688186021,-0.0201511335,1.4295562454,0.0459492356
