Instance,INF_avg,INF_sd,INF_r1,INF_kr,INF_sk,SUP_avg,SUP_sd,SUP_r1,SUP_kr,SUP_sk,INC_avg,INC_sd,INC_r1,INC_kr,INC_sk,IND_avg,IND_sd,IND_r1,IND_kr,IND_sk
137,0.27,0.155241747,-0.0995418576,2.8280676986,0.9878850171,0.24,0.1019803903,0.336492891,1.9556213018,0.2715454179,0.49,0.1813835715,0.3341748186,2.6697554531,-0.7560930465,0.49,0.1813835715,0.3341748186,2.6697554531,-0.7560930465
