Instance,INF_avg,INF_sd,INF_r1,INF_kr,INF_sk,SUP_avg,SUP_sd,SUP_r1,SUP_kr,SUP_sk,INC_avg,INC_sd,INC_r1,INC_kr,INC_sk,IND_avg,IND_sd,IND_r1,IND_kr,IND_sk
29,0.23,0.0371483512,0.1472868217,2.6937618147,0.0,0.262,0.0328024389,-0.8117901568,1.9156313484,0.383505802,0.508,0.042142615,0.0480678605,2.0036523009,0.107742259,0.508,0.042142615,0.0480678605,2.0036523009,0.107742259
