Instance,INF_avg,INF_sd,INF_r1,INF_kr,INF_sk,SUP_avg,SUP_sd,SUP_r1,SUP_kr,SUP_sk,INC_avg,INC_sd,INC_r1,INC_kr,INC_sk,IND_avg,IND_sd,IND_r1,IND_kr,IND_sk
206,0.264,0.048,-0.4632237872,2.3096064815,-0.6701388889,0.276,0.0265329983,-0.6666666667,2.2169421488,0.3700366502,0.46,0.0357770876,0.0,1.25,0.0,0.46,0.0357770876,0.0,1.25,0.0
