Instance,INF_avg,INF_sd,INF_r1,INF_kr,INF_sk,SUP_avg,SUP_sd,SUP_r1,SUP_kr,SUP_sk,INC_avg,INC_sd,INC_r1,INC_kr,INC_sk,IND_avg,IND_sd,IND_r1,IND_kr,IND_sk
5,0.24,0.0734846923,-0.3087248322,1.5781893004,0.3477670622,0.22,0.0509901951,-0.1570247934,1.9556213018,0.2715454179,0.54,0.115758369,-0.3713080169,1.1963689018,-0.3365218792,0.54,0.115758369,-0.3713080169,1.1963689018,-0.3365218792
