Instance,INF_avg,INF_sd,INF_r1,INF_kr,INF_sk,SUP_avg,SUP_sd,SUP_r1,SUP_kr,SUP_sk,INC_avg,INC_sd,INC_r1,INC_kr,INC_sk,IND_avg,IND_sd,IND_r1,IND_kr,IND_sk
187,0.16,0.1019803903,-0.626984127,1.9556213018,-0.2715454179,0.34,0.1624807681,0.3613707165,1.4421487603,-0.3804646085,0.5,0.2097617696,0.1904761905,2.8305785124,1.1701586323,0.5,0.2097617696,0.1904761905,2.8305785124,1.1701586323
