Instance,INF_avg,INF_sd,INF_r1,INF_kr,INF_sk,SUP_avg,SUP_sd,SUP_r1,SUP_kr,SUP_sk,INC_avg,INC_sd,INC_r1,INC_kr,INC_sk,IND_avg,IND_sd,IND_r1,IND_kr,IND_sk
268,0.238,0.0283901391,-0.8207440812,1.440255774,-0.1706984888,0.267,0.0102956301,0.0166204986,2.0685297259,-0.4068404933,0.495,0.0296647939,-0.9473684211,2.0351239669,-0.5516180693,0.495,0.0296647939,-0.9473684211,2.0351239669,-0.5516180693
