Instance,INF_avg,INF_sd,INF_r1,INF_kr,INF_sk,SUP_avg,SUP_sd,SUP_r1,SUP_kr,SUP_sk,INC_avg,INC_sd,INC_r1,INC_kr,INC_sk,IND_avg,IND_sd,IND_r1,IND_kr,IND_sk
177,0.2496,0.0746447587,-0.0222193171,3.0601578987,0.6599676888,0.2728,0.0536298424,0.0208554418,2.3102623703,0.5234317463,0.4776,0.0780399897,0.1560378546,2.139349828,-0.3500581854,0.4776,0.0780399897,0.1560378546,2.139349828,-0.3500581854
