Instance,INF_avg,INF_sd,INF_r1,INF_kr,INF_sk,SUP_avg,SUP_sd,SUP_r1,SUP_kr,SUP_sk,INC_avg,INC_sd,INC_r1,INC_kr,INC_sk,IND_avg,IND_sd,IND_r1,IND_kr,IND_sk
57,0.26,0.1090871211,-0.5597920277,2.5116164113,-0.1987463968,0.23,0.1187434209,-0.0512630015,3.1189074996,0.9729542407,0.51,0.1019803903,0.4727488152,2.330066568,0.3648891553,0.51,0.1019803903,0.4727488152,2.330066568,0.3648891553
