Instance,INF_avg,INF_sd,INF_r1,INF_kr,INF_sk,SUP_avg,SUP_sd,SUP_r1,SUP_kr,SUP_sk,INC_avg,INC_sd,INC_r1,INC_kr,INC_sk,IND_avg,IND_sd,IND_r1,IND_kr,IND_sk
140,0.286,0.1428425707,-0.076903097,2.3878330917,0.1234189803,0.208,0.1246434916,-0.150910349,2.323007803,0.3442485553,0.506,0.1475262688,-0.1206031444,3.4788333901,0.3824737271,0.506,0.1475262688,-0.1206031444,3.4788333901,0.3824737271
