Instance,INF_avg,INF_sd,INF_r1,INF_kr,INF_sk,SUP_avg,SUP_sd,SUP_r1,SUP_kr,SUP_sk,INC_avg,INC_sd,INC_r1,INC_kr,INC_sk,IND_avg,IND_sd,IND_r1,IND_kr,IND_sk
21,0.232,0.037094474,-0.4207650273,1.509194159,-0.1579875514,0.268,0.0601331855,0.1073080481,2.0385699742,0.0988955201,0.5,0.055136195,0.1724137931,1.5027700831,-0.1718233224,0.5,0.055136195,0.1724137931,1.5027700831,-0.1718233224
