Instance,INF_avg,INF_sd,INF_r1,INF_kr,INF_sk,SUP_avg,SUP_sd,SUP_r1,SUP_kr,SUP_sk,INC_avg,INC_sd,INC_r1,INC_kr,INC_sk,IND_avg,IND_sd,IND_r1,IND_kr,IND_sk
120,0.232,0.0601331855,-0.6369313113,2.5084579842,0.7841001948,0.288,0.0483321839,-0.3016528926,2.5052542691,-0.8978957038,0.48,0.04,-0.6315789474,2.05,0.0,0.48,0.04,-0.6315789474,2.05,0.0
