Instance,INF_avg,INF_sd,INF_r1,INF_kr,INF_sk,SUP_avg,SUP_sd,SUP_r1,SUP_kr,SUP_sk,INC_avg,INC_sd,INC_r1,INC_kr,INC_sk,IND_avg,IND_sd,IND_r1,IND_kr,IND_sk
146,0.2652,0.0576624661,0.0354645408,3.1032134723,-0.0150735588,0.228,0.0637495098,-0.0962123307,2.8957777916,0.341642275,0.5068,0.0719566536,-0.1073017358,3.5111717247,0.0553426926,0.5068,0.0719566536,-0.1073017358,3.5111717247,0.0553426926
