Instance,INF_avg,INF_sd,INF_r1,INF_kr,INF_sk,SUP_avg,SUP_sd,SUP_r1,SUP_kr,SUP_sk,INC_avg,INC_sd,INC_r1,INC_kr,INC_sk,IND_avg,IND_sd,IND_r1,IND_kr,IND_sk
47,0.25,0.1303840481,-0.9444444444,2.223183391,0.0,0.14,0.0583095189,-0.6044776119,1.6280276817,-0.3631734744,0.61,0.1743559577,-0.9253554502,2.5196069945,0.2569607151,0.61,0.1743559577,-0.9253554502,2.5196069945,0.2569607151
