Instance,INF_avg,INF_sd,INF_r1,INF_kr,INF_sk,SUP_avg,SUP_sd,SUP_r1,SUP_kr,SUP_sk,INC_avg,INC_sd,INC_r1,INC_kr,INC_sk,IND_avg,IND_sd,IND_r1,IND_kr,IND_sk
27,0.3333333333,0.2,0.2019704433,1.9537037037,0.7037037037,0.2111111111,0.0874889764,-0.0964467005,4.1222684703,-1.2126463739,0.4555555556,0.149897084,-0.0859916782,1.58259872,-0.4040216056,0.4555555556,0.149897084,-0.0859916782,1.58259872,-0.4040216056
