Instance,INF_avg,INF_sd,INF_r1,INF_kr,INF_sk,SUP_avg,SUP_sd,SUP_r1,SUP_kr,SUP_sk,INC_avg,INC_sd,INC_r1,INC_kr,INC_sk,IND_avg,IND_sd,IND_r1,IND_kr,IND_sk
202,0.2434,0.0307967531,-0.1320765091,2.92362016,0.2763409647,0.2744,0.029268413,-0.2091917468,2.4395277293,0.2547480188,0.4822,0.0326367891,0.1337360884,2.8790224855,-0.1560751725,0.4822,0.0326367891,0.1337360884,2.8790224855,-0.1560751725
