Instance,INF_avg,INF_sd,INF_r1,INF_kr,INF_sk,SUP_avg,SUP_sd,SUP_r1,SUP_kr,SUP_sk,INC_avg,INC_sd,INC_r1,INC_kr,INC_sk,IND_avg,IND_sd,IND_r1,IND_kr,IND_sk
93,0.2472,0.0592972175,-0.0304542879,2.9126867593,0.5041652285,0.264,0.0657267069,0.0391875566,3.0813168724,0.0493626502,0.4888,0.0594857966,-0.1564433008,2.4269173333,0.0120694332,0.4888,0.0594857966,-0.1564433008,2.4269173333,0.0120694332
