Instance,INF_avg,INF_sd,INF_r1,INF_kr,INF_sk,SUP_avg,SUP_sd,SUP_r1,SUP_kr,SUP_sk,INC_avg,INC_sd,INC_r1,INC_kr,INC_sk,IND_avg,IND_sd,IND_r1,IND_kr,IND_sk
291,0.273,0.0939201789,-0.0581788382,3.297291374,0.6236605595,0.237,0.0876413145,-0.11844556,4.6681299821,0.8456311436,0.49,0.1135781669,-0.1606450612,2.5904092302,-0.0798548496,0.49,0.1135781669,-0.1606450612,2.5904092302,-0.0798548496
