Instance,INF_avg,INF_sd,INF_r1,INF_kr,INF_sk,SUP_avg,SUP_sd,SUP_r1,SUP_kr,SUP_sk,INC_avg,INC_sd,INC_r1,INC_kr,INC_sk,IND_avg,IND_sd,IND_r1,IND_kr,IND_sk
68,0.2704,0.0662407729,0.0673315795,1.6556478905,-0.1897289852,0.2264,0.05761111,-0.0507602597,3.4279177125,-0.3112107017,0.5032,0.0532706298,0.1821318914,2.0933080764,-0.2354662808,0.5032,0.0532706298,0.1821318914,2.0933080764,-0.2354662808
