Instance,INF_avg,INF_sd,INF_r1,INF_kr,INF_sk,SUP_avg,SUP_sd,SUP_r1,SUP_kr,SUP_sk,INC_avg,INC_sd,INC_r1,INC_kr,INC_sk,IND_avg,IND_sd,IND_r1,IND_kr,IND_sk
279,0.203,0.0680808343,0.0779540487,2.7915796162,0.3811003689,0.2188,0.0650427552,-0.1366979254,3.8183120359,0.3205022942,0.5782,0.0796540018,-0.0626784963,2.6249802154,-0.1853089562,0.5782,0.0796540018,-0.0626784963,2.6249802154,-0.1853089562
