Instance,INF_avg,INF_sd,INF_r1,INF_kr,INF_sk,SUP_avg,SUP_sd,SUP_r1,SUP_kr,SUP_sk,INC_avg,INC_sd,INC_r1,INC_kr,INC_sk,IND_avg,IND_sd,IND_r1,IND_kr,IND_sk
241,0.393125,0.0984389881,0.6537092768,2.3272249455,0.1236360443,0.110625,0.068735794,0.5421901487,3.7885513626,1.0052466137,0.49625,0.0728761792,0.2984120854,2.3568945957,-0.2795550481,0.49625,0.0728761792,0.2984120854,2.3568945957,-0.2795550481
