Instance,INF_avg,INF_sd,INF_r1,INF_kr,INF_sk,SUP_avg,SUP_sd,SUP_r1,SUP_kr,SUP_sk,INC_avg,INC_sd,INC_r1,INC_kr,INC_sk,IND_avg,IND_sd,IND_r1,IND_kr,IND_sk
6,0.232,0.0293598365,0.0653691969,3.3831993798,0.6958224829,0.3308,0.041537453,0.0743060501,3.0351588492,0.0002598683,0.4372,0.0353293079,-0.0903632334,3.6474135018,-0.4511343485,0.4372,0.0353293079,-0.0903632334,3.6474135018,-0.4511343485
