Instance,INF_avg,INF_sd,INF_r1,INF_kr,INF_sk,SUP_avg,SUP_sd,SUP_r1,SUP_kr,SUP_sk,INC_avg,INC_sd,INC_r1,INC_kr,INC_sk,IND_avg,IND_sd,IND_r1,IND_kr,IND_sk
59,0.268,0.0448998886,0.2015050167,2.0736961451,-0.5048267903,0.216,0.0685857128,0.4215719633,2.1107177565,0.1404469337,0.516,0.0708801806,0.1614906832,2.2309424317,-0.2933091979,0.516,0.0708801806,0.1614906832,2.2309424317,-0.2933091979
