Instance,INF_avg,INF_sd,INF_r1,INF_kr,INF_sk,SUP_avg,SUP_sd,SUP_r1,SUP_kr,SUP_sk,INC_avg,INC_sd,INC_r1,INC_kr,INC_sk,IND_avg,IND_sd,IND_r1,IND_kr,IND_sk
219,0.19,0.08,0.1457286432,1.4189453125,0.03515625,0.37,0.0748331477,-0.6420664207,2.1339285714,0.7301958931,0.44,0.0969535971,-0.2408759124,2.3587596197,0.2830922144,0.44,0.0969535971,-0.2408759124,2.3587596197,0.2830922144
