Instance,INF_avg,INF_sd,INF_r1,INF_kr,INF_sk,SUP_avg,SUP_sd,SUP_r1,SUP_kr,SUP_sk,INC_avg,INC_sd,INC_r1,INC_kr,INC_sk,IND_avg,IND_sd,IND_r1,IND_kr,IND_sk
238,0.29,0.0507937004,-0.2208835341,2.8546962322,0.6776156173,0.204,0.0578273292,0.1024863554,2.5882420274,0.2224077128,0.506,0.0573061951,-0.4383103863,3.2033318448,-0.5830593186,0.506,0.0573061951,-0.4383103863,3.2033318448,-0.5830593186
