Instance,INF_avg,INF_sd,INF_r1,INF_kr,INF_sk,SUP_avg,SUP_sd,SUP_r1,SUP_kr,SUP_sk,INC_avg,INC_sd,INC_r1,INC_kr,INC_sk,IND_avg,IND_sd,IND_r1,IND_kr,IND_sk
10,0.5251666667,0.1861136899,0.912607872,1.9298740024,-0.3085805842,0.0835,0.0803082603,0.8495892356,4.0695624314,1.3595904985,0.3913333333,0.1222901831,0.8327684356,1.8613886304,-0.0960657943,0.3913333333,0.1222901831,0.8327684356,1.8613886304,-0.0960657943
