Instance,INF_avg,INF_sd,INF_r1,INF_kr,INF_sk,SUP_avg,SUP_sd,SUP_r1,SUP_kr,SUP_sk,INC_avg,INC_sd,INC_r1,INC_kr,INC_sk,IND_avg,IND_sd,IND_r1,IND_kr,IND_sk
150,0.3646979866,0.0936153564,0.862817257,1.7983852094,-0.0539167824,0.1103691275,0.0775291544,0.9066674196,2.2286314949,0.5987262352,0.5249328859,0.0388983643,0.1951696645,2.6228982184,-0.0830262078,0.5249328859,0.0388983643,0.1951696645,2.6228982184,-0.0830262078
