Instance,INF_avg,INF_sd,INF_r1,INF_kr,INF_sk,SUP_avg,SUP_sd,SUP_r1,SUP_kr,SUP_sk,INC_avg,INC_sd,INC_r1,INC_kr,INC_sk,IND_avg,IND_sd,IND_r1,IND_kr,IND_sk
118,0.214,0.1414354977,-0.2095506725,2.2619949915,0.2605218011,0.276,0.1364697769,-0.0533550027,2.4386093102,0.4858142996,0.51,0.1640121947,-0.1467999048,2.6718398032,-0.2692700312,0.51,0.1640121947,-0.1467999048,2.6718398032,-0.2692700312
