Instance,INF_avg,INF_sd,INF_r1,INF_kr,INF_sk,SUP_avg,SUP_sd,SUP_r1,SUP_kr,SUP_sk,INC_avg,INC_sd,INC_r1,INC_kr,INC_sk,IND_avg,IND_sd,IND_r1,IND_kr,IND_sk
6,0.251,0.0124096736,-0.2534059946,2.9432450666,1.2621071359,0.297,0.0220454077,0.4674835061,1.9338261444,-0.6322528394,0.452,0.0269443872,0.8343627176,1.7745486419,0.4695928871,0.452,0.0269443872,0.8343627176,1.7745486419,0.4695928871
