Instance,INF_avg,INF_sd,INF_r1,INF_kr,INF_sk,SUP_avg,SUP_sd,SUP_r1,SUP_kr,SUP_sk,INC_avg,INC_sd,INC_r1,INC_kr,INC_sk,IND_avg,IND_sd,IND_r1,IND_kr,IND_sk
99,0.2428,0.0254589866,0.1706396076,2.3987491835,0.1147474091,0.2534,0.0333982035,0.3030326529,2.5496949988,-0.3202848176,0.5038,0.0324739896,-0.0189456838,2.8223421174,0.3080130439,0.5038,0.0324739896,-0.0189456838,2.8223421174,0.3080130439
