Instance,INF_avg,INF_sd,INF_r1,INF_kr,INF_sk,SUP_avg,SUP_sd,SUP_r1,SUP_kr,SUP_sk,INC_avg,INC_sd,INC_r1,INC_kr,INC_sk,IND_avg,IND_sd,IND_r1,IND_kr,IND_sk
140,0.3312820513,0.0832824302,0.3467702965,3.0018344569,0.0612800312,0.1268376068,0.0770907953,0.6141199596,2.5928475266,0.5746527599,0.5418803419,0.0699686331,-0.1098565264,2.6104782451,-0.0413173902,0.5418803419,0.0699686331,-0.1098565264,2.6104782451,-0.0413173902
