Instance,INF_avg,INF_sd,INF_r1,INF_kr,INF_sk,SUP_avg,SUP_sd,SUP_r1,SUP_kr,SUP_sk,INC_avg,INC_sd,INC_r1,INC_kr,INC_sk,IND_avg,IND_sd,IND_r1,IND_kr,IND_sk
44,0.23,0.0509901951,-0.4393939394,1.9556213018,-0.2715454179,0.21,0.115758369,-0.3405797101,2.1988193362,0.3365218792,0.56,0.1319090596,0.0476190476,2.6331747919,0.8286795856,0.56,0.1319090596,0.0476190476,2.6331747919,0.8286795856
