Instance,INF_avg,INF_sd,INF_r1,INF_kr,INF_sk,SUP_avg,SUP_sd,SUP_r1,SUP_kr,SUP_sk,INC_avg,INC_sd,INC_r1,INC_kr,INC_sk,IND_avg,IND_sd,IND_r1,IND_kr,IND_sk
146,0.3142857143,0.1059456927,0.4564032698,2.3130578512,-0.286841396,0.2071428571,0.0960973146,0.5534554046,3.1083605507,-0.1429095928,0.4785714286,0.114508711,0.1834391055,2.1782767339,0.1398050304,0.4785714286,0.114508711,0.1834391055,2.1782767339,0.1398050304
