Instance,INF_avg,INF_sd,INF_r1,INF_kr,INF_sk,SUP_avg,SUP_sd,SUP_r1,SUP_kr,SUP_sk,INC_avg,INC_sd,INC_r1,INC_kr,INC_sk,IND_avg,IND_sd,IND_r1,IND_kr,IND_sk
145,0.3735294118,0.0778717782,0.4655264953,2.2373346184,0.0261259189,0.1941176471,0.1020414462,0.8191829609,2.1728550501,0.1762320169,0.4323529412,0.0679125226,0.1983789472,2.7663215224,0.4872209059,0.4323529412,0.0679125226,0.1983789472,2.7663215224,0.4872209059
