Instance,INF_avg,INF_sd,INF_r1,INF_kr,INF_sk,SUP_avg,SUP_sd,SUP_r1,SUP_kr,SUP_sk,INC_avg,INC_sd,INC_r1,INC_kr,INC_sk,IND_avg,IND_sd,IND_r1,IND_kr,IND_sk
153,0.3016,0.0717595987,0.0077733159,2.0811835488,-0.1223240805,0.3096,0.1018422309,0.0764767025,2.5142759345,0.5470519909,0.3888,0.0796150739,0.5427315919,2.7182381802,-0.7178501941,0.3888,0.0796150739,0.5427315919,2.7182381802,-0.7178501941
