Instance,INF_avg,INF_sd,INF_r1,INF_kr,INF_sk,SUP_avg,SUP_sd,SUP_r1,SUP_kr,SUP_sk,INC_avg,INC_sd,INC_r1,INC_kr,INC_sk,IND_avg,IND_sd,IND_r1,IND_kr,IND_sk
66,0.248,0.136,-0.1954026986,3.4560858946,0.4237736617,0.144,0.1168931136,-0.3542795233,2.0920999951,0.2949911637,0.608,0.135410487,-0.0223676256,2.3652357848,-0.5318712308,0.608,0.135410487,-0.0223676256,2.3652357848,-0.5318712308
