Instance,INF_avg,INF_sd,INF_r1,INF_kr,INF_sk,SUP_avg,SUP_sd,SUP_r1,SUP_kr,SUP_sk,INC_avg,INC_sd,INC_r1,INC_kr,INC_sk,IND_avg,IND_sd,IND_r1,IND_kr,IND_sk
299,0.256097561,0.1250342012,-0.0911889668,3.6564482948,0.497736629,0.2585365854,0.1622638769,-0.0392703989,2.8837431895,0.7889863408,0.4853658537,0.1616394295,-0.1813867977,2.2747195597,-0.2127754942,0.4853658537,0.1616394295,-0.1813867977,2.2747195597,-0.2127754942
