Instance,INF_avg,INF_sd,INF_r1,INF_kr,INF_sk,SUP_avg,SUP_sd,SUP_r1,SUP_kr,SUP_sk,INC_avg,INC_sd,INC_r1,INC_kr,INC_sk,IND_avg,IND_sd,IND_r1,IND_kr,IND_sk
275,0.2588235294,0.119108569,0.1518611198,2.0991909578,0.2081459443,0.2411764706,0.1239488677,0.1452190216,2.5942293645,0.1096662279,0.5,0.1084652289,0.3157894737,2.38,-0.2765863337,0.5,0.1084652289,0.3157894737,2.38,-0.2765863337
