Instance,INF_avg,INF_sd,INF_r1,INF_kr,INF_sk,SUP_avg,SUP_sd,SUP_r1,SUP_kr,SUP_sk,INC_avg,INC_sd,INC_r1,INC_kr,INC_sk,IND_avg,IND_sd,IND_r1,IND_kr,IND_sk
121,0.244,0.0605309838,-0.0284705363,1.7340106024,-0.2454262968,0.21,0.0389871774,0.0266666667,2.3718836565,0.850482055,0.546,0.0257681975,-0.0787172012,1.2876324575,-0.3955562318,0.546,0.0257681975,-0.0787172012,1.2876324575,-0.3955562318
