Instance,INF_avg,INF_sd,INF_r1,INF_kr,INF_sk,SUP_avg,SUP_sd,SUP_r1,SUP_kr,SUP_sk,INC_avg,INC_sd,INC_r1,INC_kr,INC_sk,IND_avg,IND_sd,IND_r1,IND_kr,IND_sk
90,0.19,0.0830662386,-0.1611030479,3.4902331443,-0.8584034742,0.34,0.1428285686,-0.3537549407,2.2479815456,0.0988433,0.47,0.1268857754,-0.4553404122,1.9728019752,0.2819575118,0.47,0.1268857754,-0.4553404122,1.9728019752,0.2819575118
