Instance,INF_avg,INF_sd,INF_r1,INF_kr,INF_sk,SUP_avg,SUP_sd,SUP_r1,SUP_kr,SUP_sk,INC_avg,INC_sd,INC_r1,INC_kr,INC_sk,IND_avg,IND_sd,IND_r1,IND_kr,IND_sk
201,0.27,0.1634013464,0.0754212054,2.5083954046,0.1856599063,0.237,0.1474143819,0.1665634464,3.0531340576,0.5079523446,0.493,0.1710292373,0.1944661508,2.4819949423,0.1088623548,0.493,0.1710292373,0.1944661508,2.4819949423,0.1088623548
