Instance,INF_avg,INF_sd,INF_r1,INF_kr,INF_sk,SUP_avg,SUP_sd,SUP_r1,SUP_kr,SUP_sk,INC_avg,INC_sd,INC_r1,INC_kr,INC_sk,IND_avg,IND_sd,IND_r1,IND_kr,IND_sk
12,0.226,0.0907964757,-0.1448795012,2.166935399,0.7152615885,0.234,0.0907964757,0.3730689287,1.6652075313,0.2081530497,0.54,0.0704272674,0.0806451613,2.1878251821,0.7694966787,0.54,0.0704272674,0.0806451613,2.1878251821,0.7694966787
