Instance,INF_avg,INF_sd,INF_r1,INF_kr,INF_sk,SUP_avg,SUP_sd,SUP_r1,SUP_kr,SUP_sk,INC_avg,INC_sd,INC_r1,INC_kr,INC_sk,IND_avg,IND_sd,IND_r1,IND_kr,IND_sk
112,0.24945,0.0335700387,0.1624081062,2.8868593606,0.0244075855,0.26315,0.0379186959,0.0004116218,2.4148249941,0.1245865096,0.4874,0.0382392469,-0.0033153721,3.0836781537,-0.0982644423,0.4874,0.0382392469,-0.0033153721,3.0836781537,-0.0982644423
