Instance,INF_avg,INF_sd,INF_r1,INF_kr,INF_sk,SUP_avg,SUP_sd,SUP_r1,SUP_kr,SUP_sk,INC_avg,INC_sd,INC_r1,INC_kr,INC_sk,IND_avg,IND_sd,IND_r1,IND_kr,IND_sk
42,0.2699,0.0332037648,0.2526344497,2.8258694349,-0.0885559607,0.2476,0.0468640587,0.3512588267,2.8376872245,-0.1315840155,0.4825,0.045970099,0.1134840126,3.6683310472,0.3894898257,0.4825,0.045970099,0.1134840126,3.6683310472,0.3894898257
