Instance,INF_avg,INF_sd,INF_r1,INF_kr,INF_sk,SUP_avg,SUP_sd,SUP_r1,SUP_kr,SUP_sk,INC_avg,INC_sd,INC_r1,INC_kr,INC_sk,IND_avg,IND_sd,IND_r1,IND_kr,IND_sk
107,0.31,0.0658786764,0.2519480519,2.5293592983,-0.2266420092,0.284,0.0488262225,0.0514775977,2.056078555,-0.727411967,0.406,0.0573061951,0.2084303394,5.4465188319,1.7124498098,0.406,0.0573061951,0.2084303394,5.4465188319,1.7124498098
