Instance,INF_avg,INF_sd,INF_r1,INF_kr,INF_sk,SUP_avg,SUP_sd,SUP_r1,SUP_kr,SUP_sk,INC_avg,INC_sd,INC_r1,INC_kr,INC_sk,IND_avg,IND_sd,IND_r1,IND_kr,IND_sk
172,0.241,0.0165529454,-0.4531754575,1.5946773936,0.055561594,0.282,0.0358608422,-0.5921030334,2.2372541716,-0.6412813587,0.477,0.0224944438,-0.7339667458,2.1123670109,0.5408450209,0.477,0.0224944438,-0.7339667458,2.1123670109,0.5408450209
