Instance,INF_avg,INF_sd,INF_r1,INF_kr,INF_sk,SUP_avg,SUP_sd,SUP_r1,SUP_kr,SUP_sk,INC_avg,INC_sd,INC_r1,INC_kr,INC_sk,IND_avg,IND_sd,IND_r1,IND_kr,IND_sk
162,0.2016,0.0466201673,0.2913423915,2.2118531805,0.2562358826,0.264,0.0549181209,0.0935294435,2.0430629921,0.1124413257,0.5344,0.0643788785,0.2930033023,1.9641759117,-0.2064048062,0.5344,0.0643788785,0.2930033023,1.9641759117,-0.2064048062
