Instance,INF_avg,INF_sd,INF_r1,INF_kr,INF_sk,SUP_avg,SUP_sd,SUP_r1,SUP_kr,SUP_sk,INC_avg,INC_sd,INC_r1,INC_kr,INC_sk,IND_avg,IND_sd,IND_r1,IND_kr,IND_sk
177,0.266,0.086856203,-0.2665115981,2.8240858297,-0.4978426365,0.206,0.0765767589,-0.3787430993,3.2611788069,0.8667973908,0.528,0.096,-0.2369735034,2.6683575666,0.0948350694,0.528,0.096,-0.2369735034,2.6683575666,0.0948350694
