Instance,INF_avg,INF_sd,INF_r1,INF_kr,INF_sk,SUP_avg,SUP_sd,SUP_r1,SUP_kr,SUP_sk,INC_avg,INC_sd,INC_r1,INC_kr,INC_sk,IND_avg,IND_sd,IND_r1,IND_kr,IND_sk
224,0.2138,0.0292328582,-0.0194990028,2.4356180797,0.0679767934,0.316,0.0392937654,0.3259630965,2.054552639,-0.0717493091,0.4702,0.0358881596,0.0239271652,2.4207294178,0.0158411115,0.4702,0.0358881596,0.0239271652,2.4207294178,0.0158411115
