Instance,INF_avg,INF_sd,INF_r1,INF_kr,INF_sk,SUP_avg,SUP_sd,SUP_r1,SUP_kr,SUP_sk,INC_avg,INC_sd,INC_r1,INC_kr,INC_sk,IND_avg,IND_sd,IND_r1,IND_kr,IND_sk
62,0.284,0.1397998569,0.1244147492,2.750953923,0.1764876134,0.219,0.1309160036,0.0667979025,2.4766829801,0.341486966,0.497,0.1590314434,0.1182423437,2.8468843405,-0.0552835527,0.497,0.1590314434,0.1182423437,2.8468843405,-0.0552835527
