Instance,INF_avg,INF_sd,INF_r1,INF_kr,INF_sk,SUP_avg,SUP_sd,SUP_r1,SUP_kr,SUP_sk,INC_avg,INC_sd,INC_r1,INC_kr,INC_sk,IND_avg,IND_sd,IND_r1,IND_kr,IND_sk
247,0.2913793103,0.113006687,-0.1511055729,2.9325089989,0.0889207723,0.2051724138,0.1028430572,-0.0522236326,3.3811589587,0.3839494802,0.5034482759,0.1292758575,-0.1720316008,3.3126718217,-0.0042273815,0.5034482759,0.1292758575,-0.1720316008,3.3126718217,-0.0042273815
