Instance,INF_avg,INF_sd,INF_r1,INF_kr,INF_sk,SUP_avg,SUP_sd,SUP_r1,SUP_kr,SUP_sk,INC_avg,INC_sd,INC_r1,INC_kr,INC_sk,IND_avg,IND_sd,IND_r1,IND_kr,IND_sk
210,0.272,0.0581721583,0.238298076,2.6734822192,0.6232417743,0.2236,0.0469791443,-0.1630566864,3.2615676338,0.6064271839,0.5044,0.05892911,-0.1027502453,2.4083724861,0.1612394205,0.5044,0.05892911,-0.1027502453,2.4083724861,0.1612394205
