Instance,INF_avg,INF_sd,INF_r1,INF_kr,INF_sk,SUP_avg,SUP_sd,SUP_r1,SUP_kr,SUP_sk,INC_avg,INC_sd,INC_r1,INC_kr,INC_sk,IND_avg,IND_sd,IND_r1,IND_kr,IND_sk
5,0.405862069,0.1244024959,0.6943902148,2.2890559684,0.0854238583,0.1403448276,0.0894805993,0.8068267655,2.1615900636,0.3155300649,0.4537931034,0.0670776078,-0.0136138305,3.1143337699,0.3853327176,0.4537931034,0.0670776078,-0.0136138305,3.1143337699,0.3853327176
