Instance,INF_avg,INF_sd,INF_r1,INF_kr,INF_sk,SUP_avg,SUP_sd,SUP_r1,SUP_kr,SUP_sk,INC_avg,INC_sd,INC_r1,INC_kr,INC_sk,IND_avg,IND_sd,IND_r1,IND_kr,IND_sk
66,0.2624,0.0627553982,-0.1699733778,2.4866353199,0.164885848,0.2464,0.063804702,0.1153424524,3.4772452129,0.4415523706,0.4912,0.0733931877,-0.1871232527,2.9681799452,-0.4451731788,0.4912,0.0733931877,-0.1871232527,2.9681799452,-0.4451731788
