Instance,INF_avg,INF_sd,INF_r1,INF_kr,INF_sk,SUP_avg,SUP_sd,SUP_r1,SUP_kr,SUP_sk,INC_avg,INC_sd,INC_r1,INC_kr,INC_sk,IND_avg,IND_sd,IND_r1,IND_kr,IND_sk
18,0.268,0.0337045991,-0.0741301059,2.4850228129,-0.3911364902,0.236,0.0578273292,-0.655662773,1.7263112108,-0.2968745809,0.496,0.0731026675,-0.4951865223,2.3833948869,-0.0609429173,0.496,0.0731026675,-0.4951865223,2.3833948869,-0.0609429173
