Instance,INF_avg,INF_sd,INF_r1,INF_kr,INF_sk,SUP_avg,SUP_sd,SUP_r1,SUP_kr,SUP_sk,INC_avg,INC_sd,INC_r1,INC_kr,INC_sk,IND_avg,IND_sd,IND_r1,IND_kr,IND_sk
246,0.2558,0.0655618792,0.0595078767,2.7237317533,-0.203565769,0.2488,0.0771657955,0.3427580851,2.0961904485,0.2281627855,0.4954,0.0742350322,0.1317181881,2.62858875,-0.1480651656,0.4954,0.0742350322,0.1317181881,2.62858875,-0.1480651656
