Instance,INF_avg,INF_sd,INF_r1,INF_kr,INF_sk,SUP_avg,SUP_sd,SUP_r1,SUP_kr,SUP_sk,INC_avg,INC_sd,INC_r1,INC_kr,INC_sk,IND_avg,IND_sd,IND_r1,IND_kr,IND_sk
195,0.26,0.12,-0.1235955056,1.5138888889,-0.2361111111,0.35,0.1118033989,-0.3658536585,1.64,-0.2146625258,0.39,0.1513274595,-0.4292300599,2.0132529891,-0.8691640282,0.39,0.1513274595,-0.4292300599,2.0132529891,-0.8691640282
