Instance,INF_avg,INF_sd,INF_r1,INF_kr,INF_sk,SUP_avg,SUP_sd,SUP_r1,SUP_kr,SUP_sk,INC_avg,INC_sd,INC_r1,INC_kr,INC_sk,IND_avg,IND_sd,IND_r1,IND_kr,IND_sk
33,0.368,0.0345832329,-0.3625976005,3.0875297815,-1.3760607303,0.196,0.0208326667,-0.0167130919,2.6114485336,1.1029293035,0.436,0.0195959179,-0.6684045881,2.2225748698,-0.1299696706,0.436,0.0195959179,-0.6684045881,2.2225748698,-0.1299696706
