Instance,INF_avg,INF_sd,INF_r1,INF_kr,INF_sk,SUP_avg,SUP_sd,SUP_r1,SUP_kr,SUP_sk,INC_avg,INC_sd,INC_r1,INC_kr,INC_sk,IND_avg,IND_sd,IND_r1,IND_kr,IND_sk
208,0.2561,0.0301046508,0.0155559729,2.5733229434,0.244301547,0.297,0.034394767,0.3012570694,2.6156761504,0.1607682294,0.4469,0.0310465779,0.0883872448,3.1182472903,0.2538461031,0.4469,0.0310465779,0.0883872448,3.1182472903,0.2538461031
