Instance,INF_avg,INF_sd,INF_r1,INF_kr,INF_sk,SUP_avg,SUP_sd,SUP_r1,SUP_kr,SUP_sk,INC_avg,INC_sd,INC_r1,INC_kr,INC_sk,IND_avg,IND_sd,IND_r1,IND_kr,IND_sk
231,0.216,0.11892855,-0.1371654358,2.4001760816,0.6878155413,0.268,0.1541946821,0.1143871896,2.5729880862,0.0205295348,0.516,0.1847809514,0.2641727466,2.2352833449,0.4496623383,0.516,0.1847809514,0.2641727466,2.2352833449,0.4496623383
