Instance,INF_avg,INF_sd,INF_r1,INF_kr,INF_sk,SUP_avg,SUP_sd,SUP_r1,SUP_kr,SUP_sk,INC_avg,INC_sd,INC_r1,INC_kr,INC_sk,IND_avg,IND_sd,IND_r1,IND_kr,IND_sk
194,0.268,0.049959984,-0.6042780749,3.4534023669,-0.4203364037,0.256,0.0512249939,-0.7549875312,2.4450475907,0.4013856136,0.476,0.0674091982,-0.8664901664,1.888043047,0.0319678862,0.476,0.0674091982,-0.8664901664,1.888043047,0.0319678862
