Instance,INF_avg,INF_sd,INF_r1,INF_kr,INF_sk,SUP_avg,SUP_sd,SUP_r1,SUP_kr,SUP_sk,INC_avg,INC_sd,INC_r1,INC_kr,INC_sk,IND_avg,IND_sd,IND_r1,IND_kr,IND_sk
139,0.22,0.12489996,-0.0427807487,2.4240631164,-0.6897828164,0.44,0.1496662955,0.154676259,1.9904336735,0.1932871482,0.34,0.1743559577,0.0079365079,2.4449445983,0.6203280699,0.34,0.1743559577,0.0079365079,2.4449445983,0.6203280699
