Instance,INF_avg,INF_sd,INF_r1,INF_kr,INF_sk,SUP_avg,SUP_sd,SUP_r1,SUP_kr,SUP_sk,INC_avg,INC_sd,INC_r1,INC_kr,INC_sk,IND_avg,IND_sd,IND_r1,IND_kr,IND_sk
284,0.2904,0.0579986207,0.2134635908,2.2904855855,-0.2173095295,0.2248,0.0624256358,0.2344038828,3.4640336244,0.5660092394,0.4848,0.0606049503,0.0279317147,2.7494247729,0.2276679451,0.4848,0.0606049503,0.0279317147,2.7494247729,0.2276679451
