Instance,INF_avg,INF_sd,INF_r1,INF_kr,INF_sk,SUP_avg,SUP_sd,SUP_r1,SUP_kr,SUP_sk,INC_avg,INC_sd,INC_r1,INC_kr,INC_sk,IND_avg,IND_sd,IND_r1,IND_kr,IND_sk
183,0.2384,0.0473015856,0.1281905142,2.078821489,0.2451357344,0.2884,0.0436055042,0.2074683539,3.6189272867,0.9071048116,0.4732,0.0518243186,-0.0854286859,3.1236380708,0.5944774339,0.4732,0.0518243186,-0.0854286859,3.1236380708,0.5944774339
