Instance,INF_avg,INF_sd,INF_r1,INF_kr,INF_sk,SUP_avg,SUP_sd,SUP_r1,SUP_kr,SUP_sk,INC_avg,INC_sd,INC_r1,INC_kr,INC_sk,IND_avg,IND_sd,IND_r1,IND_kr,IND_sk
124,0.256,0.1168931136,-0.1378536487,2.1930079006,-0.2386435239,0.258,0.1036146708,0.1561529576,3.0453734778,0.1364824076,0.486,0.1162067124,-0.1367697256,4.0551326902,0.1496964697,0.486,0.1162067124,-0.1367697256,4.0551326902,0.1496964697
