Instance,INF_avg,INF_sd,INF_r1,INF_kr,INF_sk,SUP_avg,SUP_sd,SUP_r1,SUP_kr,SUP_sk,INC_avg,INC_sd,INC_r1,INC_kr,INC_sk,IND_avg,IND_sd,IND_r1,IND_kr,IND_sk
136,0.2088,0.04835866,0.1396686203,2.4135071009,0.2102805042,0.2278,0.070065398,0.6731161778,2.8547720771,0.5551513411,0.5634,0.0637058867,0.4008610167,2.4497308578,0.0457349341,0.5634,0.0637058867,0.4008610167,2.4497308578,0.0457349341
