Instance,INF_avg,INF_sd,INF_r1,INF_kr,INF_sk,SUP_avg,SUP_sd,SUP_r1,SUP_kr,SUP_sk,INC_avg,INC_sd,INC_r1,INC_kr,INC_sk,IND_avg,IND_sd,IND_r1,IND_kr,IND_sk
251,0.3476744186,0.0945942918,-0.0754605226,2.766873745,0.5202370245,0.15,0.0690466644,0.0136986301,2.3661511005,0.1059728698,0.5023255814,0.1050766544,0.2404289886,2.9438242616,0.4647932342,0.5023255814,0.1050766544,0.2404289886,2.9438242616,0.4647932342
