Instance,INF_avg,INF_sd,INF_r1,INF_kr,INF_sk,SUP_avg,SUP_sd,SUP_r1,SUP_kr,SUP_sk,INC_avg,INC_sd,INC_r1,INC_kr,INC_sk,IND_avg,IND_sd,IND_r1,IND_kr,IND_sk
209,0.28,0.04,-0.3157894737,3.25,-1.5,0.18,0.1326649916,-0.7123287671,2.2169421488,0.3700366502,0.54,0.1624807681,-0.6871165644,2.2685950413,0.1790421687,0.54,0.1624807681,-0.6871165644,2.2685950413,0.1790421687
