Instance,INF_avg,INF_sd,INF_r1,INF_kr,INF_sk,SUP_avg,SUP_sd,SUP_r1,SUP_kr,SUP_sk,INC_avg,INC_sd,INC_r1,INC_kr,INC_sk,IND_avg,IND_sd,IND_r1,IND_kr,IND_sk
38,0.2594,0.0380610037,0.0362167201,3.2910688893,-0.5705317214,0.277,0.0329241553,0.0552074122,2.5437289797,-0.5794935554,0.4636,0.0334221483,0.0510219095,2.6608723291,0.1561400137,0.4636,0.0334221483,0.0510219095,2.6608723291,0.1561400137
