Instance,INF_avg,INF_sd,INF_r1,INF_kr,INF_sk,SUP_avg,SUP_sd,SUP_r1,SUP_kr,SUP_sk,INC_avg,INC_sd,INC_r1,INC_kr,INC_sk,IND_avg,IND_sd,IND_r1,IND_kr,IND_sk
27,0.4534375,0.0988246356,0.7766747431,1.9111478584,-0.1217159991,0.101875,0.0581182792,0.8535830651,2.061448891,0.2174192012,0.4446875,0.0528550125,0.3772876337,2.4788737328,-0.310564402,0.4446875,0.0528550125,0.3772876337,2.4788737328,-0.310564402
