Instance,INF_avg,INF_sd,INF_r1,INF_kr,INF_sk,SUP_avg,SUP_sd,SUP_r1,SUP_kr,SUP_sk,INC_avg,INC_sd,INC_r1,INC_kr,INC_sk,IND_avg,IND_sd,IND_r1,IND_kr,IND_sk
72,0.288,0.1595493654,-0.0522854324,2.3564776096,0.1078776868,0.206,0.1223274295,0.1595247529,2.7872119497,0.6066251606,0.506,0.1488757872,-0.0753210457,2.6240202606,0.4063517683,0.506,0.1488757872,-0.0753210457,2.6240202606,0.4063517683
