Instance,INF_avg,INF_sd,INF_r1,INF_kr,INF_sk,SUP_avg,SUP_sd,SUP_r1,SUP_kr,SUP_sk,INC_avg,INC_sd,INC_r1,INC_kr,INC_sk,IND_avg,IND_sd,IND_r1,IND_kr,IND_sk
75,0.28,0.0481663783,0.0816326531,2.4910820452,-0.5584092611,0.222,0.052497619,-0.0267395479,3.2876931924,1.2182182184,0.498,0.0864638653,0.127611981,3.1607523959,-0.1323259431,0.498,0.0864638653,0.127611981,3.1607523959,-0.1323259431
