Instance,INF_avg,INF_sd,INF_r1,INF_kr,INF_sk,SUP_avg,SUP_sd,SUP_r1,SUP_kr,SUP_sk,INC_avg,INC_sd,INC_r1,INC_kr,INC_sk,IND_avg,IND_sd,IND_r1,IND_kr,IND_sk
76,0.2528,0.0649011556,0.1189987646,2.6847203712,0.2376081549,0.208,0.0649923072,0.1403402187,3.324207989,0.2000236728,0.5392,0.0825551937,0.1402236268,3.4372775029,0.6069162056,0.5392,0.0825551937,0.1402236268,3.4372775029,0.6069162056
