Instance,INF_avg,INF_sd,INF_r1,INF_kr,INF_sk,SUP_avg,SUP_sd,SUP_r1,SUP_kr,SUP_sk,INC_avg,INC_sd,INC_r1,INC_kr,INC_sk,IND_avg,IND_sd,IND_r1,IND_kr,IND_sk
26,0.2553,0.0461401127,0.2489953586,3.3358697458,0.0276036358,0.2568,0.0493736772,0.1206795879,2.8792255931,0.5175694225,0.4879,0.0587076656,0.1362767574,3.238642931,0.1576187629,0.4879,0.0587076656,0.1362767574,3.238642931,0.1576187629
