Instance,INF_avg,INF_sd,INF_r1,INF_kr,INF_sk,SUP_avg,SUP_sd,SUP_r1,SUP_kr,SUP_sk,INC_avg,INC_sd,INC_r1,INC_kr,INC_sk,IND_avg,IND_sd,IND_r1,IND_kr,IND_sk
80,0.28,0.1166190379,0.2910447761,1.6280276817,-0.3631734744,0.28,0.1469693846,0.0540540541,2.8127572016,-1.1642636432,0.44,0.1356465997,-0.686746988,1.2296786389,0.2115471545,0.44,0.1356465997,-0.686746988,1.2296786389,0.2115471545
