Instance,INF_avg,INF_sd,INF_r1,INF_kr,INF_sk,SUP_avg,SUP_sd,SUP_r1,SUP_kr,SUP_sk,INC_avg,INC_sd,INC_r1,INC_kr,INC_sk,IND_avg,IND_sd,IND_r1,IND_kr,IND_sk
132,0.224,0.0895767827,0.0066225166,2.9905651938,0.6795664906,0.246,0.0947839649,0.0588901683,2.3808432761,0.1853960581,0.53,0.113137085,-0.2995874326,1.54296875,0.0662912607,0.53,0.113137085,-0.2995874326,1.54296875,0.0662912607
