Instance,INF_avg,INF_sd,INF_r1,INF_kr,INF_sk,SUP_avg,SUP_sd,SUP_r1,SUP_kr,SUP_sk,INC_avg,INC_sd,INC_r1,INC_kr,INC_sk,IND_avg,IND_sd,IND_r1,IND_kr,IND_sk
1,0.2712,0.0726812218,-0.0337770172,2.8474780223,0.308329836,0.29,0.0598999165,-0.1070028011,2.6877961842,0.1965374233,0.4388,0.0712640162,0.3253019437,1.9964834379,0.2030416444,0.4388,0.0712640162,0.3253019437,1.9964834379,0.2030416444
