Instance,INF_avg,INF_sd,INF_r1,INF_kr,INF_sk,SUP_avg,SUP_sd,SUP_r1,SUP_kr,SUP_sk,INC_avg,INC_sd,INC_r1,INC_kr,INC_sk,IND_avg,IND_sd,IND_r1,IND_kr,IND_sk
203,0.26,0.0830662386,-0.2264150943,1.8834278513,-0.0575758428,0.305,0.065,0.3152746426,1.7932495361,0.087391898,0.435,0.1073545528,-0.4117102523,1.8357574075,-0.0327335888,0.435,0.1073545528,-0.4117102523,1.8357574075,-0.0327335888
