Instance,INF_avg,INF_sd,INF_r1,INF_kr,INF_sk,SUP_avg,SUP_sd,SUP_r1,SUP_kr,SUP_sk,INC_avg,INC_sd,INC_r1,INC_kr,INC_sk,IND_avg,IND_sd,IND_r1,IND_kr,IND_sk
179,0.241,0.0993428407,0.0602368613,2.8382861899,0.463775273,0.254,0.0989141042,-0.0517693047,2.2365769468,-0.0025543112,0.505,0.1132475165,-0.1077598026,3.3791252009,-0.4337649824,0.505,0.1132475165,-0.1077598026,3.3791252009,-0.4337649824
