Instance,INF_avg,INF_sd,INF_r1,INF_kr,INF_sk,SUP_avg,SUP_sd,SUP_r1,SUP_kr,SUP_sk,INC_avg,INC_sd,INC_r1,INC_kr,INC_sk,IND_avg,IND_sd,IND_r1,IND_kr,IND_sk
86,0.2,0.1095445115,-0.1666666667,2.5,0.9128709292,0.24,0.1743559577,-0.1550632911,1.3801939058,0.507129517,0.56,0.2727636339,-0.1200923788,1.8950745751,-0.7001217104,0.56,0.2727636339,-0.1200923788,1.8950745751,-0.7001217104
