Instance,INF_avg,INF_sd,INF_r1,INF_kr,INF_sk,SUP_avg,SUP_sd,SUP_r1,SUP_kr,SUP_sk,INC_avg,INC_sd,INC_r1,INC_kr,INC_sk,IND_avg,IND_sd,IND_r1,IND_kr,IND_sk
298,0.26,0.049959984,0.1360544218,1.9477317554,-0.0769846893,0.2312,0.0657461786,-0.2764263091,2.7493704692,0.6617962054,0.5088,0.0713481605,-0.3524771714,1.9643674981,0.1875753074,0.5088,0.0713481605,-0.3524771714,1.9643674981,0.1875753074
