Instance,INF_avg,INF_sd,INF_r1,INF_kr,INF_sk,SUP_avg,SUP_sd,SUP_r1,SUP_kr,SUP_sk,INC_avg,INC_sd,INC_r1,INC_kr,INC_sk,IND_avg,IND_sd,IND_r1,IND_kr,IND_sk
177,0.244,0.0241660919,-0.5986394558,1.8297053856,0.1224403232,0.274,0.0621610811,-0.1272275176,2.5259249257,-0.9410533633,0.482,0.0587877538,0.1626673402,1.8060538837,0.6962428889,0.482,0.0587877538,0.1626673402,1.8060538837,0.6962428889
