Instance,INF_avg,INF_sd,INF_r1,INF_kr,INF_sk,SUP_avg,SUP_sd,SUP_r1,SUP_kr,SUP_sk,INC_avg,INC_sd,INC_r1,INC_kr,INC_sk,IND_avg,IND_sd,IND_r1,IND_kr,IND_sk
50,0.249,0.037,0.326466506,2.1646043216,-0.8092709218,0.261,0.0367287353,-0.5049299429,2.4892265693,0.6105709919,0.49,0.0553172667,-0.2875816993,3.2865564526,0.0957046137,0.49,0.0553172667,-0.2875816993,3.2865564526,0.0957046137
