Instance,INF_avg,INF_sd,INF_r1,INF_kr,INF_sk,SUP_avg,SUP_sd,SUP_r1,SUP_kr,SUP_sk,INC_avg,INC_sd,INC_r1,INC_kr,INC_sk,IND_avg,IND_sd,IND_r1,IND_kr,IND_sk
109,0.26,0.064,0.0277777778,2.3727416992,-0.1538085938,0.22,0.0533666563,0.0056497175,3.0756848883,0.1768557918,0.52,0.0649923072,-0.1960784314,2.3415977961,-0.0419630083,0.52,0.0649923072,-0.1960784314,2.3415977961,-0.0419630083
