Instance,INF_avg,INF_sd,INF_r1,INF_kr,INF_sk,SUP_avg,SUP_sd,SUP_r1,SUP_kr,SUP_sk,INC_avg,INC_sd,INC_r1,INC_kr,INC_sk,IND_avg,IND_sd,IND_r1,IND_kr,IND_sk
292,0.206,0.0182756669,-0.5219378428,2.2650686651,-0.504253493,0.272,0.0326496554,0.3423377935,1.4695060351,0.3475409398,0.522,0.0292574777,0.1328144004,2.9941097476,-1.3174202147,0.522,0.0292574777,0.1328144004,2.9941097476,-1.3174202147
