Instance,INF_avg,INF_sd,INF_r1,INF_kr,INF_sk,SUP_avg,SUP_sd,SUP_r1,SUP_kr,SUP_sk,INC_avg,INC_sd,INC_r1,INC_kr,INC_sk,IND_avg,IND_sd,IND_r1,IND_kr,IND_sk
48,0.324,0.112,0.2763157895,2.0005206164,-0.4067055394,0.352,0.0391918359,-0.077170418,2.4361979167,0.5677202789,0.324,0.080399005,0.270668773,2.0246299382,-0.1463000225,0.324,0.080399005,0.270668773,2.0246299382,-0.1463000225
