Instance,INF_avg,INF_sd,INF_r1,INF_kr,INF_sk,SUP_avg,SUP_sd,SUP_r1,SUP_kr,SUP_sk,INC_avg,INC_sd,INC_r1,INC_kr,INC_sk,IND_avg,IND_sd,IND_r1,IND_kr,IND_sk
48,0.3652,0.0502987077,0.6162336872,2.483487611,-0.2063828412,0.2971,0.049850677,0.6065287606,2.9310684607,0.7205740102,0.3377,0.0412578477,0.2060776572,2.7012291932,0.1845365854,0.3377,0.0412578477,0.2060776572,2.7012291932,0.1845365854
