Instance,INF_avg,INF_sd,INF_r1,INF_kr,INF_sk,SUP_avg,SUP_sd,SUP_r1,SUP_kr,SUP_sk,INC_avg,INC_sd,INC_r1,INC_kr,INC_sk,IND_avg,IND_sd,IND_r1,IND_kr,IND_sk
190,0.2232,0.069208092,-0.4208858053,4.4858611609,-0.3955908303,0.2496,0.0452972405,-0.0717099078,1.7773562048,-0.0462406242,0.5272,0.0927586115,-0.3184293494,3.2947208653,0.5521255619,0.5272,0.0927586115,-0.3184293494,3.2947208653,0.5521255619
