Instance,INF_avg,INF_sd,INF_r1,INF_kr,INF_sk,SUP_avg,SUP_sd,SUP_r1,SUP_kr,SUP_sk,INC_avg,INC_sd,INC_r1,INC_kr,INC_sk,IND_avg,IND_sd,IND_r1,IND_kr,IND_sk
289,0.259,0.02596151,-0.4435146444,2.3961688489,-0.4258758383,0.223,0.0287402157,-0.7142154452,2.0204755847,-0.4943676339,0.518,0.0299332591,-0.4864864865,2.1339285714,0.7301958931,0.518,0.0299332591,-0.4864864865,2.1339285714,0.7301958931
