Instance,INF_avg,INF_sd,INF_r1,INF_kr,INF_sk,SUP_avg,SUP_sd,SUP_r1,SUP_kr,SUP_sk,INC_avg,INC_sd,INC_r1,INC_kr,INC_sk,IND_avg,IND_sd,IND_r1,IND_kr,IND_sk
272,0.2533,0.0513820007,0.3153431336,4.367417917,0.1018544264,0.2466,0.0424080181,0.1839081317,2.6275687441,-0.2031855025,0.5001,0.0565419313,0.2325010488,2.3439473031,0.0528363091,0.5001,0.0565419313,0.2325010488,2.3439473031,0.0528363091
