Instance,INF_avg,INF_sd,INF_r1,INF_kr,INF_sk,SUP_avg,SUP_sd,SUP_r1,SUP_kr,SUP_sk,INC_avg,INC_sd,INC_r1,INC_kr,INC_sk,IND_avg,IND_sd,IND_r1,IND_kr,IND_sk
189,0.2213,0.0497926701,0.3153371015,3.7784935108,0.6702107099,0.2466,0.0619390023,0.5596090278,2.4721478643,0.5212029604,0.5321,0.0594355954,0.2105085477,2.726442095,-0.1927713446,0.5321,0.0594355954,0.2105085477,2.726442095,-0.1927713446
