Instance,INF_avg,INF_sd,INF_r1,INF_kr,INF_sk,SUP_avg,SUP_sd,SUP_r1,SUP_kr,SUP_sk,INC_avg,INC_sd,INC_r1,INC_kr,INC_sk,IND_avg,IND_sd,IND_r1,IND_kr,IND_sk
279,0.2436,0.0398878428,-0.1330204774,2.8640939543,-0.0464819008,0.2484,0.0396666106,-0.0541328408,2.4110172115,0.3453863298,0.508,0.0536656315,0.0991657696,6.0260185185,-0.98883895,0.508,0.0536656315,0.0991657696,6.0260185185,-0.98883895
