Instance,INF_avg,INF_sd,INF_r1,INF_kr,INF_sk,SUP_avg,SUP_sd,SUP_r1,SUP_kr,SUP_sk,INC_avg,INC_sd,INC_r1,INC_kr,INC_sk,IND_avg,IND_sd,IND_r1,IND_kr,IND_sk
70,0.2608,0.0308441242,-0.2897086959,5.5090359146,1.0372261093,0.2388,0.0366955038,-0.1425884741,2.6250573211,0.8291258316,0.5004,0.0405442968,0.0388199144,2.8809938235,-0.3134762697,0.5004,0.0405442968,0.0388199144,2.8809938235,-0.3134762697
