Instance,INF_avg,INF_sd,INF_r1,INF_kr,INF_sk,SUP_avg,SUP_sd,SUP_r1,SUP_kr,SUP_sk,INC_avg,INC_sd,INC_r1,INC_kr,INC_sk,IND_avg,IND_sd,IND_r1,IND_kr,IND_sk
70,0.3802764977,0.0996718905,0.6990346072,2.3250354729,-0.1068930249,0.1286175115,0.0863596929,0.8242298039,2.7619784381,0.77998163,0.4911059908,0.0555630817,0.0674983466,3.2103810221,0.2244510367,0.4911059908,0.0555630817,0.0674983466,3.2103810221,0.2244510367
