Instance,INF_avg,INF_sd,INF_r1,INF_kr,INF_sk,SUP_avg,SUP_sd,SUP_r1,SUP_kr,SUP_sk,INC_avg,INC_sd,INC_r1,INC_kr,INC_sk,IND_avg,IND_sd,IND_r1,IND_kr,IND_sk
279,0.281,0.1368904672,-0.1465467225,3.8625634903,0.4619469847,0.238,0.1354843164,0.0513347829,2.2458765575,0.2543452709,0.481,0.1487918008,0.1362700183,3.2669019522,0.2728458583,0.481,0.1487918008,0.1362700183,3.2669019522,0.2728458583
