Instance,INF_avg,INF_sd,INF_r1,INF_kr,INF_sk,SUP_avg,SUP_sd,SUP_r1,SUP_kr,SUP_sk,INC_avg,INC_sd,INC_r1,INC_kr,INC_sk,IND_avg,IND_sd,IND_r1,IND_kr,IND_sk
263,0.268,0.1455197581,0.0773203292,2.836364638,0.469138931,0.276,0.1504127654,0.0539836834,2.3541169433,0.0595814487,0.456,0.1704816706,0.1290963698,2.3992578354,0.2546241655,0.456,0.1704816706,0.1290963698,2.3992578354,0.2546241655
