Instance,INF_avg,INF_sd,INF_r1,INF_kr,INF_sk,SUP_avg,SUP_sd,SUP_r1,SUP_kr,SUP_sk,INC_avg,INC_sd,INC_r1,INC_kr,INC_sk,IND_avg,IND_sd,IND_r1,IND_kr,IND_sk
293,0.2436,0.0250407668,0.1946941384,2.6623295877,-0.0378107595,0.2864,0.0356656698,0.1799196257,2.2832935082,-0.0872927649,0.47,0.0340734501,0.1121656601,3.2716494513,-0.3041006145,0.47,0.0340734501,0.1121656601,3.2716494513,-0.3041006145
