Instance,INF_avg,INF_sd,INF_r1,INF_kr,INF_sk,SUP_avg,SUP_sd,SUP_r1,SUP_kr,SUP_sk,INC_avg,INC_sd,INC_r1,INC_kr,INC_sk,IND_avg,IND_sd,IND_r1,IND_kr,IND_sk
82,0.3878125,0.0976089469,0.7597221361,2.2298198672,0.1560571827,0.1407291667,0.0850642501,0.7997392885,2.1006256842,0.4398630792,0.4714583333,0.0494759867,0.0892825271,2.4683753519,-0.0098398513,0.4714583333,0.0494759867,0.0892825271,2.4683753519,-0.0098398513
