Instance,INF_avg,INF_sd,INF_r1,INF_kr,INF_sk,SUP_avg,SUP_sd,SUP_r1,SUP_kr,SUP_sk,INC_avg,INC_sd,INC_r1,INC_kr,INC_sk,IND_avg,IND_sd,IND_r1,IND_kr,IND_sk
69,0.2675,0.1015812483,-0.1727052645,2.9548000753,0.0564364906,0.22,0.0992471662,-0.534320323,3.2388878868,0.1288891024,0.5125,0.1023169096,-0.2307692308,2.7990643796,0.6761258204,0.5125,0.1023169096,-0.2307692308,2.7990643796,0.6761258204
