Instance,INF_avg,INF_sd,INF_r1,INF_kr,INF_sk,SUP_avg,SUP_sd,SUP_r1,SUP_kr,SUP_sk,INC_avg,INC_sd,INC_r1,INC_kr,INC_sk,IND_avg,IND_sd,IND_r1,IND_kr,IND_sk
185,0.2609,0.049801506,0.0414456545,2.9360667008,0.0460887887,0.2364,0.046184846,-0.1690658964,2.9664161399,-0.1177142073,0.5027,0.0497162951,-0.1078446751,2.5761927525,0.1462308146,0.5027,0.0497162951,-0.1078446751,2.5761927525,0.1462308146
