Instance,INF_avg,INF_sd,INF_r1,INF_kr,INF_sk,SUP_avg,SUP_sd,SUP_r1,SUP_kr,SUP_sk,INC_avg,INC_sd,INC_r1,INC_kr,INC_sk,IND_avg,IND_sd,IND_r1,IND_kr,IND_sk
2,0.262,0.0248193473,-0.4741641337,2.0324675325,-0.621634858,0.26,0.0328633535,-0.6842105263,1.183127572,0.3719103786,0.478,0.0292574777,-0.6323666978,2.3050484758,-0.2817396204,0.478,0.0292574777,-0.6323666978,2.3050484758,-0.2817396204
