Instance,INF_avg,INF_sd,INF_r1,INF_kr,INF_sk,SUP_avg,SUP_sd,SUP_r1,SUP_kr,SUP_sk,INC_avg,INC_sd,INC_r1,INC_kr,INC_sk,IND_avg,IND_sd,IND_r1,IND_kr,IND_sk
143,0.4101704545,0.1023833839,0.7916563518,2.1681607814,-0.2568759128,0.1038636364,0.071166128,0.8349934864,2.9648819115,0.8759131561,0.4859659091,0.0561266727,0.2960314456,2.9264104505,-0.1659299034,0.4859659091,0.0561266727,0.2960314456,2.9264104505,-0.1659299034
