Instance,INF_avg,INF_sd,INF_r1,INF_kr,INF_sk,SUP_avg,SUP_sd,SUP_r1,SUP_kr,SUP_sk,INC_avg,INC_sd,INC_r1,INC_kr,INC_sk,IND_avg,IND_sd,IND_r1,IND_kr,IND_sk
17,0.246,0.0626418391,0.0851207118,3.500201068,0.0300724257,0.2064,0.0596576902,0.0641132056,2.7005768945,-0.0080806275,0.5476,0.0837988067,0.0467523718,3.2057768943,0.5871880721,0.5476,0.0837988067,0.0467523718,3.2057768943,0.5871880721
