Instance,INF_avg,INF_sd,INF_r1,INF_kr,INF_sk,SUP_avg,SUP_sd,SUP_r1,SUP_kr,SUP_sk,INC_avg,INC_sd,INC_r1,INC_kr,INC_sk,IND_avg,IND_sd,IND_r1,IND_kr,IND_sk
174,0.3,0.1549193338,0.6666666667,2.9166666667,1.2909944487,0.26,0.1743559577,-0.7385444744,1.7957063712,-0.0543353054,0.44,0.2059126028,-0.567357513,2.2821288715,0.6927284075,0.44,0.2059126028,-0.567357513,2.2821288715,0.6927284075
