Instance,INF_avg,INF_sd,INF_r1,INF_kr,INF_sk,SUP_avg,SUP_sd,SUP_r1,SUP_kr,SUP_sk,INC_avg,INC_sd,INC_r1,INC_kr,INC_sk,IND_avg,IND_sd,IND_r1,IND_kr,IND_sk
295,0.2676470588,0.0938415067,0.020714594,3.7107352527,0.2032916919,0.1933823529,0.0969780189,0.2670570203,2.8005762031,0.6585194424,0.5389705882,0.1080732282,-0.3047345797,2.7962590549,-0.0029610732,0.5389705882,0.1080732282,-0.3047345797,2.7962590549,-0.0029610732
