Instance,INF_avg,INF_sd,INF_r1,INF_kr,INF_sk,SUP_avg,SUP_sd,SUP_r1,SUP_kr,SUP_sk,INC_avg,INC_sd,INC_r1,INC_kr,INC_sk,IND_avg,IND_sd,IND_r1,IND_kr,IND_sk
57,0.37703125,0.1176153647,0.8712979139,1.9264847522,-0.058353541,0.114375,0.081564296,0.9027122703,2.6080496551,0.7581869055,0.50859375,0.0544537415,0.4272934887,2.4894025339,-0.3507121758,0.50859375,0.0544537415,0.4272934887,2.4894025339,-0.3507121758
