Instance,INF_avg,INF_sd,INF_r1,INF_kr,INF_sk,SUP_avg,SUP_sd,SUP_r1,SUP_kr,SUP_sk,INC_avg,INC_sd,INC_r1,INC_kr,INC_sk,IND_avg,IND_sd,IND_r1,IND_kr,IND_sk
32,0.3,0.1673320053,-0.0642857143,4.5204081633,0.7171371656,0.242,0.1386939076,-0.0712098296,2.2754459271,-0.1041352124,0.458,0.1563201842,-0.2691428778,3.6311170714,-0.6981904961,0.458,0.1563201842,-0.2691428778,3.6311170714,-0.6981904961
