Instance,INF_avg,INF_sd,INF_r1,INF_kr,INF_sk,SUP_avg,SUP_sd,SUP_r1,SUP_kr,SUP_sk,INC_avg,INC_sd,INC_r1,INC_kr,INC_sk,IND_avg,IND_sd,IND_r1,IND_kr,IND_sk
284,0.228,0.1342236939,0.0861328276,2.9942770429,0.4237511324,0.256,0.1235475617,-0.0327773468,3.3494653429,0.498471235,0.516,0.152787434,-0.0380789906,2.8604365802,-0.1695161099,0.516,0.152787434,-0.0380789906,2.8604365802,-0.1695161099
