Instance,INF_avg,INF_sd,INF_r1,INF_kr,INF_sk,SUP_avg,SUP_sd,SUP_r1,SUP_kr,SUP_sk,INC_avg,INC_sd,INC_r1,INC_kr,INC_sk,IND_avg,IND_sd,IND_r1,IND_kr,IND_sk
56,0.2548,0.0679776434,0.1350056348,2.7650789964,0.1041238341,0.2676,0.0966552637,0.4576232629,2.3083634485,0.3006921007,0.4776,0.089051895,0.2260570948,1.9429898866,-0.0931296771,0.4776,0.089051895,0.2260570948,1.9429898866,-0.0931296771
