Instance,INF_avg,INF_sd,INF_r1,INF_kr,INF_sk,SUP_avg,SUP_sd,SUP_r1,SUP_kr,SUP_sk,INC_avg,INC_sd,INC_r1,INC_kr,INC_sk,IND_avg,IND_sd,IND_r1,IND_kr,IND_sk
47,0.2294,0.0402695915,0.3715916237,2.3053647099,-0.0627972037,0.263,0.050368641,0.0691787393,2.6035177598,0.2610630101,0.5076,0.0415480445,-0.0634894191,2.4124364712,-0.2263917832,0.5076,0.0415480445,-0.0634894191,2.4124364712,-0.2263917832
