Instance,INF_avg,INF_sd,INF_r1,INF_kr,INF_sk,SUP_avg,SUP_sd,SUP_r1,SUP_kr,SUP_sk,INC_avg,INC_sd,INC_r1,INC_kr,INC_sk,IND_avg,IND_sd,IND_r1,IND_kr,IND_sk
125,0.2928571429,0.1155068688,-0.1737393221,3.5122784056,0.0872607269,0.1464285714,0.0953644994,0.1515615599,2.5029083205,0.6580326608,0.5607142857,0.1190416665,-0.3387789916,2.7095164062,-0.3501345189,0.5607142857,0.1190416665,-0.3387789916,2.7095164062,-0.3501345189
