Instance,INF_avg,INF_sd,INF_r1,INF_kr,INF_sk,SUP_avg,SUP_sd,SUP_r1,SUP_kr,SUP_sk,INC_avg,INC_sd,INC_r1,INC_kr,INC_sk,IND_avg,IND_sd,IND_r1,IND_kr,IND_sk
274,0.2236,0.0425915485,0.6523947442,1.8949775764,0.1657552735,0.2377,0.0325147659,0.1979237403,3.1225294847,-0.242053806,0.5387,0.0427762785,0.3999768265,2.7630190945,-0.0579264262,0.5387,0.0427762785,0.3999768265,2.7630190945,-0.0579264262
