Instance,INF_avg,INF_sd,INF_r1,INF_kr,INF_sk,SUP_avg,SUP_sd,SUP_r1,SUP_kr,SUP_sk,INC_avg,INC_sd,INC_r1,INC_kr,INC_sk,IND_avg,IND_sd,IND_r1,IND_kr,IND_sk
24,0.4549444444,0.10846529,0.9058053475,2.0889921258,-0.0122503831,0.0981666667,0.082598258,0.9045022245,3.3880987311,0.9936434661,0.4468888889,0.0495455894,0.4815128861,2.9308594933,-0.4634124617,0.4468888889,0.0495455894,0.4815128861,2.9308594933,-0.4634124617
