Instance,INF_avg,INF_sd,INF_r1,INF_kr,INF_sk,SUP_avg,SUP_sd,SUP_r1,SUP_kr,SUP_sk,INC_avg,INC_sd,INC_r1,INC_kr,INC_sk,IND_avg,IND_sd,IND_r1,IND_kr,IND_sk
128,0.256,0.108,-0.2274900512,2.7566068011,0.2380163085,0.228,0.0800999376,-0.1996275186,2.3161594144,0.1539224303,0.516,0.1060377291,-0.0565086383,2.613808688,-0.1709385327,0.516,0.1060377291,-0.0565086383,2.613808688,-0.1709385327
