Instance,INF_avg,INF_sd,INF_r1,INF_kr,INF_sk,SUP_avg,SUP_sd,SUP_r1,SUP_kr,SUP_sk,INC_avg,INC_sd,INC_r1,INC_kr,INC_sk,IND_avg,IND_sd,IND_r1,IND_kr,IND_sk
70,0.252,0.0292574777,-0.0262008734,3.1697528168,1.4316972546,0.24,0.0328633535,0.0526315789,1.6769547325,0.2366702409,0.508,0.0285657137,0.1427050053,1.664071511,0.2018050709,0.508,0.0285657137,0.1427050053,1.664071511,0.2018050709
