Instance,INF_avg,INF_sd,INF_r1,INF_kr,INF_sk,SUP_avg,SUP_sd,SUP_r1,SUP_kr,SUP_sk,INC_avg,INC_sd,INC_r1,INC_kr,INC_sk,IND_avg,IND_sd,IND_r1,IND_kr,IND_sk
160,0.2415,0.0930201591,0.0171464905,2.7085134726,0.1180414826,0.21,0.0891627725,-0.0655428356,2.9488548712,0.025393456,0.5485,0.0998636571,0.1104837034,3.2348021243,0.2370992326,0.5485,0.0998636571,0.1104837034,3.2348021243,0.2370992326
