Instance,INF_avg,INF_sd,INF_r1,INF_kr,INF_sk,SUP_avg,SUP_sd,SUP_r1,SUP_kr,SUP_sk,INC_avg,INC_sd,INC_r1,INC_kr,INC_sk,IND_avg,IND_sd,IND_r1,IND_kr,IND_sk
264,0.2495,0.0335,-0.2183817934,2.1554898608,-0.3944368157,0.261,0.0291376046,0.0171064077,3.7905704903,-1.3450252106,0.4895,0.0465,-0.2561186696,2.1631182703,0.4685083862,0.4895,0.0465,-0.2561186696,2.1631182703,0.4685083862
