Instance,INF_avg,INF_sd,INF_r1,INF_kr,INF_sk,SUP_avg,SUP_sd,SUP_r1,SUP_kr,SUP_sk,INC_avg,INC_sd,INC_r1,INC_kr,INC_sk,IND_avg,IND_sd,IND_r1,IND_kr,IND_sk
75,0.2268,0.0603469966,0.0647302508,2.8986682822,-0.3795177225,0.2784,0.0717595987,0.0372403724,3.3863651825,0.7925958615,0.4948,0.0689126984,-0.010615027,2.4754731857,0.0913770416,0.4948,0.0689126984,-0.010615027,2.4754731857,0.0913770416
