Instance,INF_avg,INF_sd,INF_r1,INF_kr,INF_sk,SUP_avg,SUP_sd,SUP_r1,SUP_kr,SUP_sk,INC_avg,INC_sd,INC_r1,INC_kr,INC_sk,IND_avg,IND_sd,IND_r1,IND_kr,IND_sk
103,0.2296,0.0280328379,-0.4188867916,2.8707963023,0.4127712431,0.2752,0.0304460178,-0.123127101,2.4270581604,-0.2927189269,0.4952,0.0306424542,-0.1508117229,2.2367986925,-0.261308698,0.4952,0.0306424542,-0.1508117229,2.2367986925,-0.261308698
