Instance,INF_avg,INF_sd,INF_r1,INF_kr,INF_sk,SUP_avg,SUP_sd,SUP_r1,SUP_kr,SUP_sk,INC_avg,INC_sd,INC_r1,INC_kr,INC_sk,IND_avg,IND_sd,IND_r1,IND_kr,IND_sk
22,0.233,0.0087177979,-0.4285714286,1.7957063712,-0.0543353054,0.255,0.0214476106,-0.0481927711,1.7131379962,0.6385630752,0.512,0.0174928557,-0.1028192371,2.5251185441,-0.923626367,0.512,0.0174928557,-0.1028192371,2.5251185441,-0.923626367
