Instance,INF_avg,INF_sd,INF_r1,INF_kr,INF_sk,SUP_avg,SUP_sd,SUP_r1,SUP_kr,SUP_sk,INC_avg,INC_sd,INC_r1,INC_kr,INC_sk,IND_avg,IND_sd,IND_r1,IND_kr,IND_sk
176,0.18,0.0304959014,0.1008645533,5.0979882067,1.4967638026,0.3255,0.0448023437,-0.064219726,1.7172706127,0.1526362243,0.4945,0.0405246838,-0.2568545048,2.100345731,-0.1671483425,0.4945,0.0405246838,-0.2568545048,2.100345731,-0.1671483425
