Instance,INF_avg,INF_sd,INF_r1,INF_kr,INF_sk,SUP_avg,SUP_sd,SUP_r1,SUP_kr,SUP_sk,INC_avg,INC_sd,INC_r1,INC_kr,INC_sk,IND_avg,IND_sd,IND_r1,IND_kr,IND_sk
170,0.297,0.0428485706,-0.1011854121,2.595381762,-0.2853566413,0.223,0.0141774469,-0.0494752624,2.0456671865,0.2242367406,0.48,0.0403732585,0.0470779221,1.9941473145,-0.200582262,0.48,0.0403732585,0.0470779221,1.9941473145,-0.200582262
