Instance,INF_avg,INF_sd,INF_r1,INF_kr,INF_sk,SUP_avg,SUP_sd,SUP_r1,SUP_kr,SUP_sk,INC_avg,INC_sd,INC_r1,INC_kr,INC_sk,IND_avg,IND_sd,IND_r1,IND_kr,IND_sk
104,0.24,0.1356465997,0.3201754386,1.7967863894,-0.269241833,0.26,0.1428285686,0.0347071584,2.2479815456,-0.0988433,0.5,0.1788854382,-0.2903225806,2.421875,0.4192627458,0.5,0.1788854382,-0.2903225806,2.421875,0.4192627458
