Instance,INF_avg,INF_sd,INF_r1,INF_kr,INF_sk,SUP_avg,SUP_sd,SUP_r1,SUP_kr,SUP_sk,INC_avg,INC_sd,INC_r1,INC_kr,INC_sk,IND_avg,IND_sd,IND_r1,IND_kr,IND_sk
241,0.2734,0.0533895121,0.2804742661,2.6301929684,-0.1066724135,0.2561,0.0467951921,0.1722931186,2.9354254796,0.1613115728,0.4705,0.0563804044,0.2188059803,2.8394226183,0.1537879222,0.4705,0.0563804044,0.2188059803,2.8394226183,0.1537879222
