Instance,INF_avg,INF_sd,INF_r1,INF_kr,INF_sk,SUP_avg,SUP_sd,SUP_r1,SUP_kr,SUP_sk,INC_avg,INC_sd,INC_r1,INC_kr,INC_sk,IND_avg,IND_sd,IND_r1,IND_kr,IND_sk
63,0.234,0.0770973411,-0.4399722415,3.8058949477,-0.4377190091,0.282,0.1075918213,-0.0411212837,2.5907379804,-0.15581426,0.484,0.1172348071,0.0072620519,3.0168069106,-0.3389812018,0.484,0.1172348071,0.0072620519,3.0168069106,-0.3389812018
