Instance,INF_avg,INF_sd,INF_r1,INF_kr,INF_sk,SUP_avg,SUP_sd,SUP_r1,SUP_kr,SUP_sk,INC_avg,INC_sd,INC_r1,INC_kr,INC_sk,IND_avg,IND_sd,IND_r1,IND_kr,IND_sk
63,0.2785,0.0517179853,0.0332582503,3.2581587068,0.0113476439,0.1657,0.0435029884,0.3225677713,4.259693386,0.6522894447,0.5558,0.0502231023,0.1181335882,3.1429231861,0.0099132983,0.5558,0.0502231023,0.1181335882,3.1429231861,0.0099132983
