Instance,INF_avg,INF_sd,INF_r1,INF_kr,INF_sk,SUP_avg,SUP_sd,SUP_r1,SUP_kr,SUP_sk,INC_avg,INC_sd,INC_r1,INC_kr,INC_sk,IND_avg,IND_sd,IND_r1,IND_kr,IND_sk
123,0.266,0.0899110672,-0.4641955545,2.2931845508,0.2782891738,0.212,0.0523067873,0.1969519343,2.3503642146,0.6412907649,0.522,0.0841189634,-0.3026954747,1.4510364896,-0.0619328009,0.522,0.0841189634,-0.3026954747,1.4510364896,-0.0619328009
