Instance,INF_avg,INF_sd,INF_r1,INF_kr,INF_sk,SUP_avg,SUP_sd,SUP_r1,SUP_kr,SUP_sk,INC_avg,INC_sd,INC_r1,INC_kr,INC_sk,IND_avg,IND_sd,IND_r1,IND_kr,IND_sk
254,0.2016,0.0365162977,0.3517337862,2.5334126186,-0.660568781,0.296,0.0451663592,0.1911187824,2.7096424452,0.6162837703,0.5024,0.0568703789,0.1855613297,2.5800878801,-0.1397271193,0.5024,0.0568703789,0.1855613297,2.5800878801,-0.1397271193
