Instance,INF_avg,INF_sd,INF_r1,INF_kr,INF_sk,SUP_avg,SUP_sd,SUP_r1,SUP_kr,SUP_sk,INC_avg,INC_sd,INC_r1,INC_kr,INC_sk,IND_avg,IND_sd,IND_r1,IND_kr,IND_sk
280,0.272,0.170926885,-0.5349323319,4.6797031799,1.016479661,0.296,0.1370547336,0.0927307136,2.3971410661,-0.300853455,0.432,0.1933287356,0.1259148531,2.6456087857,0.3735386424,0.432,0.1933287356,0.1259148531,2.6456087857,0.3735386424
