Instance,INF_avg,INF_sd,INF_r1,INF_kr,INF_sk,SUP_avg,SUP_sd,SUP_r1,SUP_kr,SUP_sk,INC_avg,INC_sd,INC_r1,INC_kr,INC_sk,IND_avg,IND_sd,IND_r1,IND_kr,IND_sk
142,0.3869458128,0.0932158469,0.8687388245,1.8678542671,-0.1417026189,0.0824630542,0.0643408593,0.927202104,2.5452404366,0.8050827363,0.530591133,0.04444951,0.4390856988,2.4128972399,-0.0444848259,0.530591133,0.04444951,0.4390856988,2.4128972399,-0.0444848259
