Instance,INF_avg,INF_sd,INF_r1,INF_kr,INF_sk,SUP_avg,SUP_sd,SUP_r1,SUP_kr,SUP_sk,INC_avg,INC_sd,INC_r1,INC_kr,INC_sk,IND_avg,IND_sd,IND_r1,IND_kr,IND_sk
83,0.2502,0.0255921863,0.275557043,3.6362699841,0.0788704911,0.2466,0.022303363,0.1808849605,2.1759702504,0.1368408117,0.5032,0.0262251787,0.2776072662,4.2751067135,0.2070639705,0.5032,0.0262251787,0.2776072662,4.2751067135,0.2070639705
