Instance,INF_avg,INF_sd,INF_r1,INF_kr,INF_sk,SUP_avg,SUP_sd,SUP_r1,SUP_kr,SUP_sk,INC_avg,INC_sd,INC_r1,INC_kr,INC_sk,IND_avg,IND_sd,IND_r1,IND_kr,IND_sk
101,0.2655,0.0346734769,-0.3369499428,1.51870304,0.1243577381,0.227,0.0366878727,0.4252524486,2.117220359,-0.1110528878,0.5075,0.0434309797,0.4700968927,1.8294408499,-0.4559232365,0.5075,0.0434309797,0.4700968927,1.8294408499,-0.4559232365
