Instance,INF_avg,INF_sd,INF_r1,INF_kr,INF_sk,SUP_avg,SUP_sd,SUP_r1,SUP_kr,SUP_sk,INC_avg,INC_sd,INC_r1,INC_kr,INC_sk,IND_avg,IND_sd,IND_r1,IND_kr,IND_sk
38,0.354,0.0671118469,-0.518561824,1.7081496929,-0.0347766528,0.288,0.0146969385,-0.3675213675,2.8127572016,-1.1642636432,0.358,0.0627375486,-0.4556962025,1.8417980369,-0.2987668927,0.358,0.0627375486,-0.4556962025,1.8417980369,-0.2987668927
