Instance,INF_avg,INF_sd,INF_r1,INF_kr,INF_sk,SUP_avg,SUP_sd,SUP_r1,SUP_kr,SUP_sk,INC_avg,INC_sd,INC_r1,INC_kr,INC_sk,IND_avg,IND_sd,IND_r1,IND_kr,IND_sk
203,0.35,0.0806225775,-0.36,2.5147928994,0.0,0.28,0.1077032961,0.5266272189,2.7669441141,0.403407114,0.37,0.155241747,0.1969066032,2.0842788519,0.0256593511,0.37,0.155241747,0.1969066032,2.0842788519,0.0256593511
