Instance,INF_avg,INF_sd,INF_r1,INF_kr,INF_sk,SUP_avg,SUP_sd,SUP_r1,SUP_kr,SUP_sk,INC_avg,INC_sd,INC_r1,INC_kr,INC_sk,IND_avg,IND_sd,IND_r1,IND_kr,IND_sk
59,0.2652,0.0449995556,0.02658507,1.9071375579,0.3291182948,0.258,0.0396988665,-0.0296250259,2.4146589709,0.1672489544,0.4768,0.0495354419,-0.1221975822,3.4792773333,-0.1284358852,0.4768,0.0495354419,-0.1221975822,3.4792773333,-0.1284358852
