Instance,INF_avg,INF_sd,INF_r1,INF_kr,INF_sk,SUP_avg,SUP_sd,SUP_r1,SUP_kr,SUP_sk,INC_avg,INC_sd,INC_r1,INC_kr,INC_sk,IND_avg,IND_sd,IND_r1,IND_kr,IND_sk
25,0.228,0.0627375486,0.2210440457,1.245984533,0.0948589744,0.348,0.0271293199,-0.6022099448,2.9310018904,1.1731251294,0.424,0.080399005,0.1413099536,1.5393833938,-0.4788000737,0.424,0.080399005,0.1413099536,1.5393833938,-0.4788000737
