Instance,INF_avg,INF_sd,INF_r1,INF_kr,INF_sk,SUP_avg,SUP_sd,SUP_r1,SUP_kr,SUP_sk,INC_avg,INC_sd,INC_r1,INC_kr,INC_sk,IND_avg,IND_sd,IND_r1,IND_kr,IND_sk
96,0.35,0.1626978434,0.061452514,1.9707407407,-0.1639030126,0.1294117647,0.0643035621,-0.1315024233,2.3705905009,-0.1957779535,0.5205882353,0.1553542664,0.2100811546,2.0796369522,-0.2802759331,0.5205882353,0.1553542664,0.2100811546,2.0796369522,-0.2802759331
