Instance,INF_avg,INF_sd,INF_r1,INF_kr,INF_sk,SUP_avg,SUP_sd,SUP_r1,SUP_kr,SUP_sk,INC_avg,INC_sd,INC_r1,INC_kr,INC_sk,IND_avg,IND_sd,IND_r1,IND_kr,IND_sk
140,0.256,0.0174355958,-0.0107816712,1.7957063712,-0.0543353054,0.25,0.0216794834,-0.2333333333,1.8662290629,0.3974735524,0.494,0.0171464282,-0.6540577717,1.874704984,0.17020264,0.494,0.0171464282,-0.6540577717,1.874704984,0.17020264
