Instance,INF_avg,INF_sd,INF_r1,INF_kr,INF_sk,SUP_avg,SUP_sd,SUP_r1,SUP_kr,SUP_sk,INC_avg,INC_sd,INC_r1,INC_kr,INC_sk,IND_avg,IND_sd,IND_r1,IND_kr,IND_sk
175,0.2221,0.0484880398,0.6218125871,2.348657261,0.1740694414,0.29625,0.0545773534,0.6785476047,3.50846628,0.6129200041,0.48165,0.0395035125,0.2141757218,2.9419694037,-0.2592669582,0.48165,0.0395035125,0.2141757218,2.9419694037,-0.2592669582
