Instance,INF_avg,INF_sd,INF_r1,INF_kr,INF_sk,SUP_avg,SUP_sd,SUP_r1,SUP_kr,SUP_sk,INC_avg,INC_sd,INC_r1,INC_kr,INC_sk,IND_avg,IND_sd,IND_r1,IND_kr,IND_sk
295,0.16,0.1356465997,-0.2951807229,2.3638941399,0.7500308204,0.26,0.0489897949,-0.5384615385,1.1666666667,-0.4082482905,0.58,0.0979795897,-0.0119047619,2.7291666667,-0.8675276172,0.58,0.0979795897,-0.0119047619,2.7291666667,-0.8675276172
