Instance,INF_avg,INF_sd,INF_r1,INF_kr,INF_sk,SUP_avg,SUP_sd,SUP_r1,SUP_kr,SUP_sk,INC_avg,INC_sd,INC_r1,INC_kr,INC_sk,IND_avg,IND_sd,IND_r1,IND_kr,IND_sk
186,0.25935,0.0381290899,0.3578031811,2.2312402342,0.0734486582,0.26075,0.0359609163,0.2331624483,2.6562102401,-0.1094275987,0.4799,0.0381705384,0.2822794397,2.7946127371,0.0639154183,0.4799,0.0381705384,0.2822794397,2.7946127371,0.0639154183
