Instance,INF_avg,INF_sd,INF_r1,INF_kr,INF_sk,SUP_avg,SUP_sd,SUP_r1,SUP_kr,SUP_sk,INC_avg,INC_sd,INC_r1,INC_kr,INC_sk,IND_avg,IND_sd,IND_r1,IND_kr,IND_sk
214,0.17,0.1268857754,-0.226343679,1.9728019752,0.2819575118,0.26,0.1562049935,0.2513368984,2.0658425155,0.2077975592,0.57,0.1615549442,0.3579392541,2.5269300216,0.7769322195,0.57,0.1615549442,0.3579392541,2.5269300216,0.7769322195
