Instance,INF_avg,INF_sd,INF_r1,INF_kr,INF_sk,SUP_avg,SUP_sd,SUP_r1,SUP_kr,SUP_sk,INC_avg,INC_sd,INC_r1,INC_kr,INC_sk,IND_avg,IND_sd,IND_r1,IND_kr,IND_sk
282,0.272,0.0682348884,0.09669649,2.8366103376,0.6756527905,0.264,0.0332264955,-0.354679803,1.7574039067,0.2041325335,0.464,0.0605309838,0.3660673121,3.6064720352,-1.1003062548,0.464,0.0605309838,0.3660673121,3.6064720352,-1.1003062548
