Instance,INF_avg,INF_sd,INF_r1,INF_kr,INF_sk,SUP_avg,SUP_sd,SUP_r1,SUP_kr,SUP_sk,INC_avg,INC_sd,INC_r1,INC_kr,INC_sk,IND_avg,IND_sd,IND_r1,IND_kr,IND_sk
137,0.266,0.0567450438,0.0211192417,2.8851865283,0.2779349086,0.2504,0.0639049294,0.3645541186,3.5596420143,0.5423430154,0.4836,0.0809632015,0.3511757748,2.2307281286,-0.0602224661,0.4836,0.0809632015,0.3511757748,2.2307281286,-0.0602224661
