Instance,INF_avg,INF_sd,INF_r1,INF_kr,INF_sk,SUP_avg,SUP_sd,SUP_r1,SUP_kr,SUP_sk,INC_avg,INC_sd,INC_r1,INC_kr,INC_sk,IND_avg,IND_sd,IND_r1,IND_kr,IND_sk
97,0.2454,0.0428116806,0.0421184388,4.724952506,0.7703946657,0.243,0.0418688428,-0.2550535708,2.5752950935,0.3119512587,0.5116,0.0496934603,-0.0763504546,3.2422295967,-0.2596048009,0.5116,0.0496934603,-0.0763504546,3.2422295967,-0.2596048009
