Instance,INF_avg,INF_sd,INF_r1,INF_kr,INF_sk,SUP_avg,SUP_sd,SUP_r1,SUP_kr,SUP_sk,INC_avg,INC_sd,INC_r1,INC_kr,INC_sk,IND_avg,IND_sd,IND_r1,IND_kr,IND_sk
293,0.229,0.118570654,0.0848782862,2.2877359874,0.1094659035,0.289,0.1660692627,0.084766564,2.6463094832,0.5548961953,0.482,0.1639390131,-0.0355526449,2.6389460609,0.0583600876,0.482,0.1639390131,-0.0355526449,2.6389460609,0.0583600876
