Instance,INF_avg,INF_sd,INF_r1,INF_kr,INF_sk,SUP_avg,SUP_sd,SUP_r1,SUP_kr,SUP_sk,INC_avg,INC_sd,INC_r1,INC_kr,INC_sk,IND_avg,IND_sd,IND_r1,IND_kr,IND_sk
154,0.274,0.0465188134,0.0169744451,1.7686730604,0.0791522821,0.218,0.0616116872,-0.2973809261,2.2699253054,0.4018505982,0.508,0.0601331855,-0.2912709181,2.1325475762,0.3637942345,0.508,0.0601331855,-0.2912709181,2.1325475762,0.3637942345
