Instance,INF_avg,INF_sd,INF_r1,INF_kr,INF_sk,SUP_avg,SUP_sd,SUP_r1,SUP_kr,SUP_sk,INC_avg,INC_sd,INC_r1,INC_kr,INC_sk,IND_avg,IND_sd,IND_r1,IND_kr,IND_sk
22,0.248,0.1417603612,0.0368188277,2.9222103331,0.6302912728,0.26,0.1341640786,0.0301921317,3.0088888889,0.3577708764,0.492,0.1798221343,-0.0762950928,2.6237805859,-0.0865773865,0.492,0.1798221343,-0.0762950928,2.6237805859,-0.0865773865
