Instance,INF_avg,INF_sd,INF_r1,INF_kr,INF_sk,SUP_avg,SUP_sd,SUP_r1,SUP_kr,SUP_sk,INC_avg,INC_sd,INC_r1,INC_kr,INC_sk,IND_avg,IND_sd,IND_r1,IND_kr,IND_sk
24,0.275,0.0339116499,-0.7474226804,1.4247637051,-0.4038627495,0.244,0.0243721152,-0.0255948089,1.8944835561,-0.386266901,0.481,0.0329241553,0.1920206659,1.8458116039,-0.2753729167,0.481,0.0329241553,0.1920206659,1.8458116039,-0.2753729167
