Instance,INF_avg,INF_sd,INF_r1,INF_kr,INF_sk,SUP_avg,SUP_sd,SUP_r1,SUP_kr,SUP_sk,INC_avg,INC_sd,INC_r1,INC_kr,INC_sk,IND_avg,IND_sd,IND_r1,IND_kr,IND_sk
72,0.3,0.228035085,-0.9545454545,1.4349112426,0.0,0.34,0.1624807681,-0.7601246106,1.4421487603,-0.3804646085,0.36,0.12,-0.2977099237,1.3981481481,0.1111111111,0.36,0.12,-0.2977099237,1.3981481481,0.1111111111
