Instance,INF_avg,INF_sd,INF_r1,INF_kr,INF_sk,SUP_avg,SUP_sd,SUP_r1,SUP_kr,SUP_sk,INC_avg,INC_sd,INC_r1,INC_kr,INC_sk,IND_avg,IND_sd,IND_r1,IND_kr,IND_sk
113,0.308,0.016,-0.0563380282,2.078125,-0.84375,0.152,0.037094474,-0.3420427553,2.4826933478,0.9704949588,0.54,0.045607017,-0.4615384615,2.5,-0.6071940134,0.54,0.045607017,-0.4615384615,2.5,-0.6071940134
