Instance,INF_avg,INF_sd,INF_r1,INF_kr,INF_sk,SUP_avg,SUP_sd,SUP_r1,SUP_kr,SUP_sk,INC_avg,INC_sd,INC_r1,INC_kr,INC_sk,IND_avg,IND_sd,IND_r1,IND_kr,IND_sk
294,0.27,0.1272792206,0.0237564959,2.0624142661,0.0436485667,0.276,0.1158619869,0.122749415,5.2011600023,1.1318180164,0.454,0.1469149414,0.0264289601,3.0778451875,0.6120847042,0.454,0.1469149414,0.0264289601,3.0778451875,0.6120847042
