Instance,INF_avg,INF_sd,INF_r1,INF_kr,INF_sk,SUP_avg,SUP_sd,SUP_r1,SUP_kr,SUP_sk,INC_avg,INC_sd,INC_r1,INC_kr,INC_sk,IND_avg,IND_sd,IND_r1,IND_kr,IND_sk
196,0.24,0.0824621125,0.0650969529,2.6980968858,0.4280040442,0.256,0.080399005,-0.1079779735,2.1570847834,-0.0222590312,0.504,0.1066958293,-0.1701055083,3.1948159664,0.0192059227,0.504,0.1066958293,-0.1701055083,3.1948159664,0.0192059227
