Instance,INF_avg,INF_sd,INF_r1,INF_kr,INF_sk,SUP_avg,SUP_sd,SUP_r1,SUP_kr,SUP_sk,INC_avg,INC_sd,INC_r1,INC_kr,INC_sk,IND_avg,IND_sd,IND_r1,IND_kr,IND_sk
106,0.29,0.1067707825,0.0480863592,2.7248384118,0.1996406598,0.215,0.0923309266,0.114890663,1.9165383855,-0.3487392003,0.495,0.035,-0.2474437628,2.0395668471,0.139941691,0.495,0.035,-0.2474437628,2.0395668471,0.139941691
