Instance,INF_avg,INF_sd,INF_r1,INF_kr,INF_sk,SUP_avg,SUP_sd,SUP_r1,SUP_kr,SUP_sk,INC_avg,INC_sd,INC_r1,INC_kr,INC_sk,IND_avg,IND_sd,IND_r1,IND_kr,IND_sk
121,0.2415,0.0974820496,0.0556609779,2.3322241104,-0.1574093335,0.2405,0.1069333905,0.072401205,2.6273203581,0.1435263174,0.518,0.1057166023,-0.0241467094,3.786547664,0.4110610458,0.518,0.1057166023,-0.0241467094,3.786547664,0.4110610458
