Instance,INF_avg,INF_sd,INF_r1,INF_kr,INF_sk,SUP_avg,SUP_sd,SUP_r1,SUP_kr,SUP_sk,INC_avg,INC_sd,INC_r1,INC_kr,INC_sk,IND_avg,IND_sd,IND_r1,IND_kr,IND_sk
7,0.254,0.1499466572,-0.0215074861,2.3004938244,0.2432603204,0.234,0.1422814113,0.2260707014,2.2515798076,0.0957551996,0.512,0.1505191018,0.0387196113,2.8221565881,-0.0989231953,0.512,0.1505191018,0.0387196113,2.8221565881,-0.0989231953
