Instance,INF_avg,INF_sd,INF_r1,INF_kr,INF_sk,SUP_avg,SUP_sd,SUP_r1,SUP_kr,SUP_sk,INC_avg,INC_sd,INC_r1,INC_kr,INC_sk,IND_avg,IND_sd,IND_r1,IND_kr,IND_sk
264,0.2632,0.0500175969,0.107631291,3.2064671782,0.1268287333,0.2356,0.0428093448,-0.1656167849,5.0998773604,-0.9412376336,0.5012,0.0531654023,0.1006781234,3.6260051394,-0.1899005564,0.5012,0.0531654023,0.1006781234,3.6260051394,-0.1899005564
