Instance,INF_avg,INF_sd,INF_r1,INF_kr,INF_sk,SUP_avg,SUP_sd,SUP_r1,SUP_kr,SUP_sk,INC_avg,INC_sd,INC_r1,INC_kr,INC_sk,IND_avg,IND_sd,IND_r1,IND_kr,IND_sk
238,0.24,0.1326649916,0.1579187586,2.6880165289,0.2672486918,0.258,0.1429545382,0.019642444,3.380861977,0.4754621049,0.502,0.1555506348,0.1248928627,4.4676005874,0.0623896173,0.502,0.1555506348,0.1248928627,4.4676005874,0.0623896173
