Instance,INF_avg,INF_sd,INF_r1,INF_kr,INF_sk,SUP_avg,SUP_sd,SUP_r1,SUP_kr,SUP_sk,INC_avg,INC_sd,INC_r1,INC_kr,INC_sk,IND_avg,IND_sd,IND_r1,IND_kr,IND_sk
91,0.298,0.1034214678,-0.086518022,1.9422917381,0.0806222391,0.262,0.0803492377,0.2915846925,2.6674751132,0.0691220415,0.44,0.1326649916,0.0078721926,2.9204545455,-0.1182061521,0.44,0.1326649916,0.0078721926,2.9204545455,-0.1182061521
