Instance,INF_avg,INF_sd,INF_r1,INF_kr,INF_sk,SUP_avg,SUP_sd,SUP_r1,SUP_kr,SUP_sk,INC_avg,INC_sd,INC_r1,INC_kr,INC_sk,IND_avg,IND_sd,IND_r1,IND_kr,IND_sk
300,0.22,0.020976177,-0.5,2.8305785124,1.1701586323,0.264,0.0313687743,-1.0858283433,2.1977989292,-0.6049203448,0.516,0.0313687743,-0.5069860279,2.1383105294,0.6826736025,0.516,0.0313687743,-0.5069860279,2.1383105294,0.6826736025
