Instance,INF_avg,INF_sd,INF_r1,INF_kr,INF_sk,SUP_avg,SUP_sd,SUP_r1,SUP_kr,SUP_sk,INC_avg,INC_sd,INC_r1,INC_kr,INC_sk,IND_avg,IND_sd,IND_r1,IND_kr,IND_sk
288,0.244,0.041761226,-0.2975391499,1.8817439609,-0.3321636108,0.326,0.0521919534,0.0648434054,2.1459695835,0.2106760525,0.43,0.0574456265,0.3180327869,4.9493112948,1.5192231792,0.43,0.0574456265,0.3180327869,4.9493112948,1.5192231792
