Instance,INF_avg,INF_sd,INF_r1,INF_kr,INF_sk,SUP_avg,SUP_sd,SUP_r1,SUP_kr,SUP_sk,INC_avg,INC_sd,INC_r1,INC_kr,INC_sk,IND_avg,IND_sd,IND_r1,IND_kr,IND_sk
65,0.25885,0.0350203869,0.3236079357,2.3258235287,-0.0311654324,0.20765,0.0286046762,-0.0870510126,2.8433788623,0.0211591088,0.5335,0.0358085185,0.189599911,2.6912523343,0.1559604976,0.5335,0.0358085185,0.189599911,2.6912523343,0.1559604976
