Instance,INF_avg,INF_sd,INF_r1,INF_kr,INF_sk,SUP_avg,SUP_sd,SUP_r1,SUP_kr,SUP_sk,INC_avg,INC_sd,INC_r1,INC_kr,INC_sk,IND_avg,IND_sd,IND_r1,IND_kr,IND_sk
81,0.3302512563,0.0748763616,0.6617781715,2.1414556306,0.0466613717,0.1149748744,0.065646184,0.7454209305,2.7381641904,0.5991048382,0.5547738693,0.0492641748,-0.017863216,2.635519409,-0.1249737446,0.5547738693,0.0492641748,-0.017863216,2.635519409,-0.1249737446
