Instance,INF_avg,INF_sd,INF_r1,INF_kr,INF_sk,SUP_avg,SUP_sd,SUP_r1,SUP_kr,SUP_sk,INC_avg,INC_sd,INC_r1,INC_kr,INC_sk,IND_avg,IND_sd,IND_r1,IND_kr,IND_sk
227,0.2358,0.0304854063,-0.1299560574,2.5311990679,-0.0870387972,0.2343,0.0288965396,0.266906534,2.7286522728,-0.2028122334,0.5299,0.0375831079,-0.0321151186,1.8777483197,-0.0508375842,0.5299,0.0375831079,-0.0321151186,1.8777483197,-0.0508375842
