Instance,INF_avg,INF_sd,INF_r1,INF_kr,INF_sk,SUP_avg,SUP_sd,SUP_r1,SUP_kr,SUP_sk,INC_avg,INC_sd,INC_r1,INC_kr,INC_sk,IND_avg,IND_sd,IND_r1,IND_kr,IND_sk
17,0.2442,0.0613380795,0.0761216438,3.2202414474,0.5835971368,0.2326,0.0593063234,0.0614441147,2.6387603641,0.2585299858,0.5232,0.0650980798,0.1662747672,3.6171322395,0.0362661202,0.5232,0.0650980798,0.1662747672,3.6171322395,0.0362661202
