Instance,INF_avg,INF_sd,INF_r1,INF_kr,INF_sk,SUP_avg,SUP_sd,SUP_r1,SUP_kr,SUP_sk,INC_avg,INC_sd,INC_r1,INC_kr,INC_sk,IND_avg,IND_sd,IND_r1,IND_kr,IND_sk
88,0.268,0.1642437213,0.0526615699,2.0644727566,0.2488273346,0.254,0.1687720356,-0.1192696182,2.6022503147,0.3927624559,0.478,0.1803219343,0.1653315417,2.3777096381,0.0437811297,0.478,0.1803219343,0.1653315417,2.3777096381,0.0437811297
