Instance,INF_avg,INF_sd,INF_r1,INF_kr,INF_sk,SUP_avg,SUP_sd,SUP_r1,SUP_kr,SUP_sk,INC_avg,INC_sd,INC_r1,INC_kr,INC_sk,IND_avg,IND_sd,IND_r1,IND_kr,IND_sk
143,0.254,0.0327719392,-0.2242389866,2.0447083424,-0.4077612986,0.235,0.0114017543,-0.8636363636,1.4349112426,-0.0,0.511,0.0290516781,0.2394402695,1.8905291885,0.1668867876,0.511,0.0290516781,0.2394402695,1.8905291885,0.1668867876
