Instance,INF_avg,INF_sd,INF_r1,INF_kr,INF_sk,SUP_avg,SUP_sd,SUP_r1,SUP_kr,SUP_sk,INC_avg,INC_sd,INC_r1,INC_kr,INC_sk,IND_avg,IND_sd,IND_r1,IND_kr,IND_sk
274,0.25,0.1284523258,-0.4769230769,2.1900826446,-0.4246357877,0.25,0.1910497317,-0.5172413793,3.5250516044,1.0755286081,0.5,0.1264911064,-0.3333333333,2.03125,0.2964635306,0.5,0.1264911064,-0.3333333333,2.03125,0.2964635306
