Instance,INF_avg,INF_sd,INF_r1,INF_kr,INF_sk,SUP_avg,SUP_sd,SUP_r1,SUP_kr,SUP_sk,INC_avg,INC_sd,INC_r1,INC_kr,INC_sk,IND_avg,IND_sd,IND_r1,IND_kr,IND_sk
91,0.38,0.1469693846,-0.4173228346,1.5781893004,0.3477670622,0.14,0.12,0.465648855,1.3981481481,-0.1111111111,0.48,0.1720465053,-0.5060240964,1.9945215486,-0.3958703373,0.48,0.1720465053,-0.5060240964,1.9945215486,-0.3958703373
