Instance,INF_avg,INF_sd,INF_r1,INF_kr,INF_sk,SUP_avg,SUP_sd,SUP_r1,SUP_kr,SUP_sk,INC_avg,INC_sd,INC_r1,INC_kr,INC_sk,IND_avg,IND_sd,IND_r1,IND_kr,IND_sk
215,0.212,0.1365869686,-0.3297416012,4.1392792941,1.0072560067,0.316,0.1433317829,-0.0310802321,2.2997714502,0.3700974612,0.472,0.1755448661,-0.2222579608,2.3710416242,-0.3677734878,0.472,0.1755448661,-0.2222579608,2.3710416242,-0.3677734878
