Instance,INF_avg,INF_sd,INF_r1,INF_kr,INF_sk,SUP_avg,SUP_sd,SUP_r1,SUP_kr,SUP_sk,INC_avg,INC_sd,INC_r1,INC_kr,INC_sk,IND_avg,IND_sd,IND_r1,IND_kr,IND_sk
78,0.192,0.056,-0.3764213046,1.9224281549,0.139941691,0.278,0.067793805,-0.4777806994,2.1171753392,0.0705564441,0.53,0.0483735465,-0.6076555024,1.4628533859,-0.0848100749,0.53,0.0483735465,-0.6076555024,1.4628533859,-0.0848100749
