Instance,INF_avg,INF_sd,INF_r1,INF_kr,INF_sk,SUP_avg,SUP_sd,SUP_r1,SUP_kr,SUP_sk,INC_avg,INC_sd,INC_r1,INC_kr,INC_sk,IND_avg,IND_sd,IND_r1,IND_kr,IND_sk
143,0.2194,0.0258774033,0.1254651684,3.4374305685,0.2885740375,0.27855,0.032095911,0.0549649401,3.4845350367,0.7095565906,0.50205,0.0354901043,0.0350783991,2.5877187069,-0.2938064819,0.50205,0.0354901043,0.0350783991,2.5877187069,-0.2938064819
