Instance,INF_avg,INF_sd,INF_r1,INF_kr,INF_sk,SUP_avg,SUP_sd,SUP_r1,SUP_kr,SUP_sk,INC_avg,INC_sd,INC_r1,INC_kr,INC_sk,IND_avg,IND_sd,IND_r1,IND_kr,IND_sk
286,0.3008,0.0417056351,0.544107213,2.2821238548,-0.0200572604,0.3274,0.0330187825,0.3744169149,2.5746746983,-0.5142882267,0.3718,0.0600812783,0.5403322065,1.9924536058,0.0512565267,0.3718,0.0600812783,0.5403322065,1.9924536058,0.0512565267
