Instance,INF_avg,INF_sd,INF_r1,INF_kr,INF_sk,SUP_avg,SUP_sd,SUP_r1,SUP_kr,SUP_sk,INC_avg,INC_sd,INC_r1,INC_kr,INC_sk,IND_avg,IND_sd,IND_r1,IND_kr,IND_sk
249,0.2304,0.0756031745,0.2340009024,2.5737946433,0.4762877777,0.2732,0.0772124342,0.1744704695,3.2324286442,-0.2623938537,0.4964,0.0793664917,0.1531093147,2.6088396915,0.5903120253,0.4964,0.0793664917,0.1531093147,2.6088396915,0.5903120253
