Instance,INF_avg,INF_sd,INF_r1,INF_kr,INF_sk,SUP_avg,SUP_sd,SUP_r1,SUP_kr,SUP_sk,INC_avg,INC_sd,INC_r1,INC_kr,INC_sk,IND_avg,IND_sd,IND_r1,IND_kr,IND_sk
202,0.21,0.13,-0.0771191842,3.1377402752,1.1797906236,0.34,0.12,-0.0472972973,1.5138888889,0.2361111111,0.45,0.1360147051,-0.2602739726,1.8882395909,-0.2384479855,0.45,0.1360147051,-0.2602739726,1.8882395909,-0.2384479855
