Instance,INF_avg,INF_sd,INF_r1,INF_kr,INF_sk,SUP_avg,SUP_sd,SUP_r1,SUP_kr,SUP_sk,INC_avg,INC_sd,INC_r1,INC_kr,INC_sk,IND_avg,IND_sd,IND_r1,IND_kr,IND_sk
41,0.3916129032,0.0764999167,0.7256007922,2.7130963772,-0.3145112981,0.1041935484,0.0795054956,0.847822995,2.9293382007,0.9038472152,0.5041935484,0.0491064803,0.2314231958,2.725458667,0.0441983333,0.5041935484,0.0491064803,0.2314231958,2.725458667,0.0441983333
