Instance,INF_avg,INF_sd,INF_r1,INF_kr,INF_sk,SUP_avg,SUP_sd,SUP_r1,SUP_kr,SUP_sk,INC_avg,INC_sd,INC_r1,INC_kr,INC_sk,IND_avg,IND_sd,IND_r1,IND_kr,IND_sk
264,0.252,0.144554488,0.0075237365,2.2824870019,-0.1193083287,0.226,0.12776541,-0.1172045316,2.6562583667,0.3112479648,0.522,0.146,-0.0212170053,2.7638253017,0.5406241887,0.522,0.146,-0.0212170053,2.7638253017,0.5406241887
