Instance,INF_avg,INF_sd,INF_r1,INF_kr,INF_sk,SUP_avg,SUP_sd,SUP_r1,SUP_kr,SUP_sk,INC_avg,INC_sd,INC_r1,INC_kr,INC_sk,IND_avg,IND_sd,IND_r1,IND_kr,IND_sk
117,0.292,0.0295972972,-0.6406463982,1.3500187652,0.4410806312,0.173,0.0211187121,-0.7162032598,1.6378873494,0.2159477386,0.535,0.0316227766,-0.7539267016,2.0905,0.2134537421,0.535,0.0316227766,-0.7539267016,2.0905,0.2134537421
