Instance,INF_avg,INF_sd,INF_r1,INF_kr,INF_sk,SUP_avg,SUP_sd,SUP_r1,SUP_kr,SUP_sk,INC_avg,INC_sd,INC_r1,INC_kr,INC_sk,IND_avg,IND_sd,IND_r1,IND_kr,IND_sk
261,0.2386,0.0461306839,-0.0258558017,2.3271085457,0.1776599559,0.271,0.0412431813,0.0589562211,2.4527568076,0.1082750731,0.4904,0.0451202837,-0.0209398754,2.7571509373,0.4506637741,0.4904,0.0451202837,-0.0209398754,2.7571509373,0.4506637741
