Instance,INF_avg,INF_sd,INF_r1,INF_kr,INF_sk,SUP_avg,SUP_sd,SUP_r1,SUP_kr,SUP_sk,INC_avg,INC_sd,INC_r1,INC_kr,INC_sk,IND_avg,IND_sd,IND_r1,IND_kr,IND_sk
195,0.2426,0.020838426,-0.1445773999,2.5798874283,-0.1966705679,0.2386,0.03176539,-0.1236108128,3.5863898217,-0.4528278845,0.5188,0.0356168499,-0.1297100966,2.3608051117,0.2564852261,0.5188,0.0356168499,-0.1297100966,2.3608051117,0.2564852261
