Instance,INF_avg,INF_sd,INF_r1,INF_kr,INF_sk,SUP_avg,SUP_sd,SUP_r1,SUP_kr,SUP_sk,INC_avg,INC_sd,INC_r1,INC_kr,INC_sk,IND_avg,IND_sd,IND_r1,IND_kr,IND_sk
174,0.2379,0.029733651,0.082885527,3.218145063,-0.2160164235,0.24565,0.0328759411,0.1497400037,3.2609906598,-0.4130399036,0.51645,0.0360020486,0.0757923049,3.0637849659,0.0163393691,0.51645,0.0360020486,0.0757923049,3.0637849659,0.0163393691
