Instance,INF_avg,INF_sd,INF_r1,INF_kr,INF_sk,SUP_avg,SUP_sd,SUP_r1,SUP_kr,SUP_sk,INC_avg,INC_sd,INC_r1,INC_kr,INC_sk,IND_avg,IND_sd,IND_r1,IND_kr,IND_sk
183,0.281,0.0273678644,-0.3353906579,2.887511787,0.7147829482,0.26,0.0357770876,-0.1370967742,2.5317382813,0.1703254905,0.459,0.040607881,-0.3407709266,1.5752042604,0.0007168202,0.459,0.040607881,-0.3407709266,1.5752042604,0.0007168202
