Instance,INF_avg,INF_sd,INF_r1,INF_kr,INF_sk,SUP_avg,SUP_sd,SUP_r1,SUP_kr,SUP_sk,INC_avg,INC_sd,INC_r1,INC_kr,INC_sk,IND_avg,IND_sd,IND_r1,IND_kr,IND_sk
202,0.242,0.0435430821,0.0549348231,1.9197511083,-0.5279217882,0.282,0.0487442304,0.8162475822,2.3128082168,0.9457736782,0.476,0.028,-0.3482532751,2.9376301541,1.2332361516,0.476,0.028,-0.3482532751,2.9376301541,1.2332361516
