Instance,INF_avg,INF_sd,INF_r1,INF_kr,INF_sk,SUP_avg,SUP_sd,SUP_r1,SUP_kr,SUP_sk,INC_avg,INC_sd,INC_r1,INC_kr,INC_sk,IND_avg,IND_sd,IND_r1,IND_kr,IND_sk
115,0.25565,0.0350760246,0.0303214115,3.1922220633,0.2051173036,0.2321,0.0296410189,-0.0702674376,2.6144585204,0.0978454948,0.51225,0.0375790833,-0.1663834129,2.2859725618,-0.0514409746,0.51225,0.0375790833,-0.1663834129,2.2859725618,-0.0514409746
