Instance,INF_avg,INF_sd,INF_r1,INF_kr,INF_sk,SUP_avg,SUP_sd,SUP_r1,SUP_kr,SUP_sk,INC_avg,INC_sd,INC_r1,INC_kr,INC_sk,IND_avg,IND_sd,IND_r1,IND_kr,IND_sk
172,0.3787878788,0.0968522015,0.4573236649,2.5645260796,0.2910434824,0.1187878788,0.0688032288,0.5683719382,2.7988721337,0.5351652532,0.5024242424,0.0747398303,-0.0156331535,2.7355764574,-0.0729537766,0.5024242424,0.0747398303,-0.0156331535,2.7355764574,-0.0729537766
