Instance,INF_avg,INF_sd,INF_r1,INF_kr,INF_sk,SUP_avg,SUP_sd,SUP_r1,SUP_kr,SUP_sk,INC_avg,INC_sd,INC_r1,INC_kr,INC_sk,IND_avg,IND_sd,IND_r1,IND_kr,IND_sk
284,0.2223,0.0448074771,0.0177292866,2.6952298906,0.1625674273,0.2764,0.0436009174,0.0583566556,3.2184017038,-0.1744796728,0.5013,0.0487781713,-0.0367647458,2.6728409325,-0.1393393953,0.5013,0.0487781713,-0.0367647458,2.6728409325,-0.1393393953
