Instance,INF_avg,INF_sd,INF_r1,INF_kr,INF_sk,SUP_avg,SUP_sd,SUP_r1,SUP_kr,SUP_sk,INC_avg,INC_sd,INC_r1,INC_kr,INC_sk,IND_avg,IND_sd,IND_r1,IND_kr,IND_sk
133,0.252,0.0546991773,-0.145783197,2.5564714461,0.1378468072,0.208,0.0469893605,0.156098268,3.1752126654,0.2715693389,0.54,0.0485798312,-0.213559322,3.2138753232,-0.2553895177,0.54,0.0485798312,-0.213559322,3.2138753232,-0.2553895177
