Instance,INF_avg,INF_sd,INF_r1,INF_kr,INF_sk,SUP_avg,SUP_sd,SUP_r1,SUP_kr,SUP_sk,INC_avg,INC_sd,INC_r1,INC_kr,INC_sk,IND_avg,IND_sd,IND_r1,IND_kr,IND_sk
191,0.404516129,0.1013936874,0.5813764447,2.4514236519,0.0675632969,0.1623655914,0.0755680687,0.4737730114,2.5708774179,0.3519781144,0.4331182796,0.0801876629,0.2453420346,3.3399728561,-0.0305300491,0.4331182796,0.0801876629,0.2453420346,3.3399728561,-0.0305300491
