Instance,INF_avg,INF_sd,INF_r1,INF_kr,INF_sk,SUP_avg,SUP_sd,SUP_r1,SUP_kr,SUP_sk,INC_avg,INC_sd,INC_r1,INC_kr,INC_sk,IND_avg,IND_sd,IND_r1,IND_kr,IND_sk
1,0.3077,0.0512221632,0.0946515911,2.6700089905,0.0902267756,0.2054,0.0430678534,0.2024766381,2.3386188323,0.1446363638,0.4869,0.0503725123,0.0023215475,2.6681612941,-0.2996719413,0.4869,0.0503725123,0.0023215475,2.6681612941,-0.2996719413
