Instance,INF_avg,INF_sd,INF_r1,INF_kr,INF_sk,SUP_avg,SUP_sd,SUP_r1,SUP_kr,SUP_sk,INC_avg,INC_sd,INC_r1,INC_kr,INC_sk,IND_avg,IND_sd,IND_r1,IND_kr,IND_sk
13,0.416993007,0.0894273543,0.6835393551,2.1934340568,-0.2394907368,0.107972028,0.0769575257,0.8503608197,2.6354427546,0.7444849692,0.475034965,0.0506444362,-0.0653912057,2.920714725,-0.0556846345,0.475034965,0.0506444362,-0.0653912057,2.920714725,-0.0556846345
