Instance,INF_avg,INF_sd,INF_r1,INF_kr,INF_sk,SUP_avg,SUP_sd,SUP_r1,SUP_kr,SUP_sk,INC_avg,INC_sd,INC_r1,INC_kr,INC_sk,IND_avg,IND_sd,IND_r1,IND_kr,IND_sk
31,0.2,0.0334664011,-0.6428571429,2.5,-0.7683612489,0.3,0.0438178046,-0.1739130435,1.5625,-0.1141088661,0.5,0.0715541753,-0.380952381,2.3486328125,0.3930588242,0.5,0.0715541753,-0.380952381,2.3486328125,0.3930588242
