Instance,INF_avg,INF_sd,INF_r1,INF_kr,INF_sk,SUP_avg,SUP_sd,SUP_r1,SUP_kr,SUP_sk,INC_avg,INC_sd,INC_r1,INC_kr,INC_sk,IND_avg,IND_sd,IND_r1,IND_kr,IND_sk
241,0.2744,0.059738095,-0.4759640025,3.253582941,0.6678218406,0.2448,0.050368244,0.2237351282,2.980763043,0.3743649463,0.4808,0.067759575,-0.221448059,2.7034192643,0.4346399395,0.4808,0.067759575,-0.221448059,2.7034192643,0.4346399395
