Instance,INF_avg,INF_sd,INF_r1,INF_kr,INF_sk,SUP_avg,SUP_sd,SUP_r1,SUP_kr,SUP_sk,INC_avg,INC_sd,INC_r1,INC_kr,INC_sk,IND_avg,IND_sd,IND_r1,IND_kr,IND_sk
84,0.26,0.0704272674,-0.5849056604,2.1253902185,-0.577122509,0.296,0.0527636238,-0.8314321926,1.2063020214,0.3476794476,0.444,0.0463033476,0.3611987382,1.1963689018,0.3365218792,0.444,0.0463033476,0.3611987382,1.1963689018,0.3365218792
