Instance,INF_avg,INF_sd,INF_r1,INF_kr,INF_sk,SUP_avg,SUP_sd,SUP_r1,SUP_kr,SUP_sk,INC_avg,INC_sd,INC_r1,INC_kr,INC_sk,IND_avg,IND_sd,IND_r1,IND_kr,IND_sk
45,0.261,0.047381431,-0.1901165788,2.8879049211,0.1429332744,0.2188,0.0441651446,0.1282492043,2.5799005253,0.0439220674,0.5202,0.0515941857,-0.0648696175,3.0253199216,0.0951118265,0.5202,0.0515941857,-0.0648696175,3.0253199216,0.0951118265
