Instance,INF_avg,INF_sd,INF_r1,INF_kr,INF_sk,SUP_avg,SUP_sd,SUP_r1,SUP_kr,SUP_sk,INC_avg,INC_sd,INC_r1,INC_kr,INC_sk,IND_avg,IND_sd,IND_r1,IND_kr,IND_sk
197,0.25,0.15594288,-0.3365853659,4.2533845751,0.8630047057,0.2727272727,0.1571965133,0.2212046495,2.1025156318,0.2448651184,0.4772727273,0.1807354123,0.3494258949,3.3056912794,-0.2598014474,0.4772727273,0.1807354123,0.3494258949,3.3056912794,-0.2598014474
