Instance,INF_avg,INF_sd,INF_r1,INF_kr,INF_sk,SUP_avg,SUP_sd,SUP_r1,SUP_kr,SUP_sk,INC_avg,INC_sd,INC_r1,INC_kr,INC_sk,IND_avg,IND_sd,IND_r1,IND_kr,IND_sk
120,0.2664,0.0624102556,-0.0180044034,2.4956855938,-0.0276724661,0.2496,0.0657559123,-0.0469486189,2.9255926184,0.1869338692,0.484,0.0667532771,0.1293022922,2.6066997799,-0.0196871702,0.484,0.0667532771,0.1293022922,2.6066997799,-0.0196871702
