Instance,INF_avg,INF_sd,INF_r1,INF_kr,INF_sk,SUP_avg,SUP_sd,SUP_r1,SUP_kr,SUP_sk,INC_avg,INC_sd,INC_r1,INC_kr,INC_sk,IND_avg,IND_sd,IND_r1,IND_kr,IND_sk
7,0.23,0.0678232998,-0.3053097345,2.3638941399,0.7500308204,0.29,0.0734846923,-0.5598290598,1.5781893004,0.3477670622,0.48,0.081240384,0.0601503759,1.4421487603,0.3804646085,0.48,0.081240384,0.0601503759,1.4421487603,0.3804646085
