Instance,INF_avg,INF_sd,INF_r1,INF_kr,INF_sk,SUP_avg,SUP_sd,SUP_r1,SUP_kr,SUP_sk,INC_avg,INC_sd,INC_r1,INC_kr,INC_sk,IND_avg,IND_sd,IND_r1,IND_kr,IND_sk
255,0.255,0.085,-0.8155927376,2.2597550317,-0.278444942,0.3,0.1,0.2258064516,1.825,-0.225,0.445,0.135,-0.274050962,1.752550142,-0.1682670325,0.445,0.135,-0.274050962,1.752550142,-0.1682670325
