Instance,INF_avg,INF_sd,INF_r1,INF_kr,INF_sk,SUP_avg,SUP_sd,SUP_r1,SUP_kr,SUP_sk,INC_avg,INC_sd,INC_r1,INC_kr,INC_sk,IND_avg,IND_sd,IND_r1,IND_kr,IND_sk
141,0.2416,0.062204823,0.0686157755,2.9576396267,0.1887120959,0.284,0.0585149554,0.2425668047,3.8353131278,-0.7148903293,0.4744,0.0602713862,-0.1110835061,2.0128075335,-0.0990025184,0.4744,0.0602713862,-0.1110835061,2.0128075335,-0.0990025184
