Instance,INF_avg,INF_sd,INF_r1,INF_kr,INF_sk,SUP_avg,SUP_sd,SUP_r1,SUP_kr,SUP_sk,INC_avg,INC_sd,INC_r1,INC_kr,INC_sk,IND_avg,IND_sd,IND_r1,IND_kr,IND_sk
123,0.28,0.045607017,-0.2307692308,1.4349112426,-0.0,0.228,0.0601331855,-0.3782337199,2.5084579842,-0.7841001948,0.492,0.0391918359,-0.6454352442,2.4361979167,0.5677202789,0.492,0.0391918359,-0.6454352442,2.4361979167,0.5677202789
