Instance,INF_avg,INF_sd,INF_r1,INF_kr,INF_sk,SUP_avg,SUP_sd,SUP_r1,SUP_kr,SUP_sk,INC_avg,INC_sd,INC_r1,INC_kr,INC_sk,IND_avg,IND_sd,IND_r1,IND_kr,IND_sk
51,0.17,0.0678232998,0.0265486726,2.9310018904,1.1731251294,0.39,0.1280624847,-0.5665236052,1.6140690065,-0.2056922718,0.44,0.0969535971,-0.5167095116,1.4081032141,-0.3752617726,0.44,0.0969535971,-0.5167095116,1.4081032141,-0.3752617726
