Instance,INF_avg,INF_sd,INF_r1,INF_kr,INF_sk,SUP_avg,SUP_sd,SUP_r1,SUP_kr,SUP_sk,INC_avg,INC_sd,INC_r1,INC_kr,INC_sk,IND_avg,IND_sd,IND_r1,IND_kr,IND_sk
284,0.2666666667,0.1490711985,0.1157894737,1.635,0.2795084972,0.1666666667,0.0745355992,-0.2,4.2,-1.788854382,0.5666666667,0.1972026594,0.1818181818,2.04,0.3380617019,0.5666666667,0.1972026594,0.1818181818,2.04,0.3380617019
