Instance,INF_avg,INF_sd,INF_r1,INF_kr,INF_sk,SUP_avg,SUP_sd,SUP_r1,SUP_kr,SUP_sk,INC_avg,INC_sd,INC_r1,INC_kr,INC_sk,IND_avg,IND_sd,IND_r1,IND_kr,IND_sk
112,0.2398,0.063276852,0.0825604291,3.0467445194,0.4373352759,0.268,0.0649307323,0.0053804472,2.5472961052,0.1960343322,0.4922,0.0808898016,0.0127931203,2.2680514192,0.0620934322,0.4922,0.0808898016,0.0127931203,2.2680514192,0.0620934322
