Instance,INF_avg,INF_sd,INF_r1,INF_kr,INF_sk,SUP_avg,SUP_sd,SUP_r1,SUP_kr,SUP_sk,INC_avg,INC_sd,INC_r1,INC_kr,INC_sk,IND_avg,IND_sd,IND_r1,IND_kr,IND_sk
219,0.3554676259,0.0675173628,0.5084657915,2.4318237328,-0.0508231138,0.1269784173,0.0696719412,0.7121733777,2.4251221829,0.4952178835,0.5175539568,0.0512553451,0.1049427245,2.8305617179,0.2373097889,0.5175539568,0.0512553451,0.1049427245,2.8305617179,0.2373097889
