Instance,INF_avg,INF_sd,INF_r1,INF_kr,INF_sk,SUP_avg,SUP_sd,SUP_r1,SUP_kr,SUP_sk,INC_avg,INC_sd,INC_r1,INC_kr,INC_sk,IND_avg,IND_sd,IND_r1,IND_kr,IND_sk
117,0.271,0.1140570033,0.0946092188,2.5244339348,-0.0177440192,0.328,0.1136485812,0.0646442983,3.110905917,0.0906773986,0.401,0.1065316854,-9.02896e-05,3.4080262049,-0.2370068988,0.401,0.1065316854,-9.02896e-05,3.4080262049,-0.2370068988
