Instance,INF_avg,INF_sd,INF_r1,INF_kr,INF_sk,SUP_avg,SUP_sd,SUP_r1,SUP_kr,SUP_sk,INC_avg,INC_sd,INC_r1,INC_kr,INC_sk,IND_avg,IND_sd,IND_r1,IND_kr,IND_sk
28,0.31,0.0424264069,-0.5,1.7,0.0,0.324,0.0588557559,0.4121318023,1.9087546469,-0.3729319479,0.366,0.0422374242,0.0713536201,1.5292987995,0.4070519321,0.366,0.0422374242,0.0713536201,1.5292987995,0.4070519321
