Instance,INF_avg,INF_sd,INF_r1,INF_kr,INF_sk,SUP_avg,SUP_sd,SUP_r1,SUP_kr,SUP_sk,INC_avg,INC_sd,INC_r1,INC_kr,INC_sk,IND_avg,IND_sd,IND_r1,IND_kr,IND_sk
246,0.249,0.0780320447,0.3060321552,2.0633212861,-0.3014540307,0.205,0.0387943295,-0.2778702163,1.5516936899,-0.2363601933,0.546,0.0770973411,-0.26636473,1.8351459744,-0.122653496,0.546,0.0770973411,-0.26636473,1.8351459744,-0.122653496
