Instance,INF_avg,INF_sd,INF_r1,INF_kr,INF_sk,SUP_avg,SUP_sd,SUP_r1,SUP_kr,SUP_sk,INC_avg,INC_sd,INC_r1,INC_kr,INC_sk,IND_avg,IND_sd,IND_r1,IND_kr,IND_sk
131,0.238,0.0222710575,-0.25,2.0793444329,-0.6170311183,0.274,0.0717216843,-0.3532830663,2.4331670895,-0.54370355,0.488,0.0746726188,-0.2604256543,1.9944268221,-0.222722561,0.488,0.0746726188,-0.2604256543,1.9944268221,-0.222722561
