Instance,INF_avg,INF_sd,INF_r1,INF_kr,INF_sk,SUP_avg,SUP_sd,SUP_r1,SUP_kr,SUP_sk,INC_avg,INC_sd,INC_r1,INC_kr,INC_sk,IND_avg,IND_sd,IND_r1,IND_kr,IND_sk
238,0.3592857143,0.089039661,0.1474978153,2.8507813789,0.3126500034,0.1292857143,0.0684485506,0.3668863334,3.9359987702,0.76208517,0.5114285714,0.085678564,-0.1485993433,2.8662371084,0.2861353725,0.5114285714,0.085678564,-0.1485993433,2.8662371084,0.2861353725
