Instance,INF_avg,INF_sd,INF_r1,INF_kr,INF_sk,SUP_avg,SUP_sd,SUP_r1,SUP_kr,SUP_sk,INC_avg,INC_sd,INC_r1,INC_kr,INC_sk,IND_avg,IND_sd,IND_r1,IND_kr,IND_sk
262,0.24,0.0328633535,0.38,1.183127572,-0.3719103786,0.232,0.0354400903,-0.741108354,1.232930342,0.4011434619,0.528,0.0607947366,-0.0942048161,1.3174087817,-0.0516962046,0.528,0.0607947366,-0.0942048161,1.3174087817,-0.0516962046
