Instance,INF_avg,INF_sd,INF_r1,INF_kr,INF_sk,SUP_avg,SUP_sd,SUP_r1,SUP_kr,SUP_sk,INC_avg,INC_sd,INC_r1,INC_kr,INC_sk,IND_avg,IND_sd,IND_r1,IND_kr,IND_sk
166,0.254,0.0335261092,-0.4865621501,2.3957016755,-0.173869907,0.257,0.0469148164,0.1708484876,1.831164885,-0.1478217344,0.489,0.0506853036,0.6387683622,2.3416631299,-0.3516765868,0.489,0.0506853036,0.6387683622,2.3416631299,-0.3516765868
