Instance,INF_avg,INF_sd,INF_r1,INF_kr,INF_sk,SUP_avg,SUP_sd,SUP_r1,SUP_kr,SUP_sk,INC_avg,INC_sd,INC_r1,INC_kr,INC_sk,IND_avg,IND_sd,IND_r1,IND_kr,IND_sk
282,0.26,0.12,-0.2977099237,1.3981481481,0.1111111111,0.22,0.16,-0.783919598,1.4189453125,-0.03515625,0.52,0.1166190379,-0.3311688312,1.6280276817,0.3631734744,0.52,0.1166190379,-0.3311688312,1.6280276817,0.3631734744
