Instance,INF_avg,INF_sd,INF_r1,INF_kr,INF_sk,SUP_avg,SUP_sd,SUP_r1,SUP_kr,SUP_sk,INC_avg,INC_sd,INC_r1,INC_kr,INC_sk,IND_avg,IND_sd,IND_r1,IND_kr,IND_sk
33,0.26,0.0632455532,-0.3333333333,2.92,1.0056042959,0.298,0.0766550716,-0.3399399819,2.8880118779,0.4175254842,0.442,0.0712460525,0.4647636039,1.892629665,-0.4005696608,0.442,0.0712460525,0.4647636039,1.892629665,-0.4005696608
