Instance,INF_avg,INF_sd,INF_r1,INF_kr,INF_sk,SUP_avg,SUP_sd,SUP_r1,SUP_kr,SUP_sk,INC_avg,INC_sd,INC_r1,INC_kr,INC_sk,IND_avg,IND_sd,IND_r1,IND_kr,IND_sk
55,0.2522,0.0878587503,0.52935546,3.2216494388,0.1796279258,0.2576,0.0913577583,0.380522452,2.6484387236,-0.0816967298,0.4902,0.066782932,-0.1729567853,2.7909679567,0.008004104,0.4902,0.066782932,-0.1729567853,2.7909679567,0.008004104
