Instance,INF_avg,INF_sd,INF_r1,INF_kr,INF_sk,SUP_avg,SUP_sd,SUP_r1,SUP_kr,SUP_sk,INC_avg,INC_sd,INC_r1,INC_kr,INC_sk,IND_avg,IND_sd,IND_r1,IND_kr,IND_sk
208,0.226,0.0514198405,-0.6862887158,2.1279293053,0.4780438391,0.232,0.0483321839,-0.7847993168,2.1674798274,0.3877276903,0.542,0.0509509568,-0.8754815842,1.6441010349,-0.2932213345,0.542,0.0509509568,-0.8754815842,1.6441010349,-0.2932213345
