Instance,INF_avg,INF_sd,INF_r1,INF_kr,INF_sk,SUP_avg,SUP_sd,SUP_r1,SUP_kr,SUP_sk,INC_avg,INC_sd,INC_r1,INC_kr,INC_sk,IND_avg,IND_sd,IND_r1,IND_kr,IND_sk
201,0.27515,0.0346442997,0.0668550099,2.8344206888,0.0944214993,0.2287,0.0350472538,0.1029515093,3.472880472,-0.0275824519,0.49615,0.0385542151,0.1654439715,3.0375259833,-0.0442511296,0.49615,0.0385542151,0.1654439715,3.0375259833,-0.0442511296
