Instance,INF_avg,INF_sd,INF_r1,INF_kr,INF_sk,SUP_avg,SUP_sd,SUP_r1,SUP_kr,SUP_sk,INC_avg,INC_sd,INC_r1,INC_kr,INC_sk,IND_avg,IND_sd,IND_r1,IND_kr,IND_sk
81,0.2612,0.0327499618,-0.0814007127,2.9397073811,0.7329851617,0.229,0.0221359436,-0.1952224746,3.2868721366,0.6118039228,0.5098,0.0304460178,0.1528501072,1.8078379079,-0.0336194426,0.5098,0.0304460178,0.1528501072,1.8078379079,-0.0336194426
