Instance,INF_avg,INF_sd,INF_r1,INF_kr,INF_sk,SUP_avg,SUP_sd,SUP_r1,SUP_kr,SUP_sk,INC_avg,INC_sd,INC_r1,INC_kr,INC_sk,IND_avg,IND_sd,IND_r1,IND_kr,IND_sk
14,0.168,0.0530659966,-0.5811965812,2.3622159091,0.5936004596,0.344,0.085229103,-0.974789916,2.2016825477,0.202822076,0.488,0.0545527268,-0.4434180139,3.1437738467,-1.4286267334,0.488,0.0545527268,-0.4434180139,3.1437738467,-1.4286267334
