Instance,INF_avg,INF_sd,INF_r1,INF_kr,INF_sk,SUP_avg,SUP_sd,SUP_r1,SUP_kr,SUP_sk,INC_avg,INC_sd,INC_r1,INC_kr,INC_sk,IND_avg,IND_sd,IND_r1,IND_kr,IND_sk
273,0.24,0.0275680975,0.2258064516,2.3670360111,-0.1947330987,0.2656,0.0423395796,-0.310603308,2.4849805324,-0.0597100191,0.4944,0.0432740107,-0.0569412455,2.0078799205,-0.4102345633,0.4944,0.0432740107,-0.0569412455,2.0078799205,-0.4102345633
