Instance,INF_avg,INF_sd,INF_r1,INF_kr,INF_sk,SUP_avg,SUP_sd,SUP_r1,SUP_kr,SUP_sk,INC_avg,INC_sd,INC_r1,INC_kr,INC_sk,IND_avg,IND_sd,IND_r1,IND_kr,IND_sk
48,0.241,0.1470340097,0.0467871667,2.0974027171,0.2145329658,0.241,0.1562657992,0.0909832273,2.9522120402,0.4658306485,0.518,0.1796552254,0.0734004575,2.5800862191,-0.001506583,0.518,0.1796552254,0.0734004575,2.5800862191,-0.001506583
