Instance,INF_avg,INF_sd,INF_r1,INF_kr,INF_sk,SUP_avg,SUP_sd,SUP_r1,SUP_kr,SUP_sk,INC_avg,INC_sd,INC_r1,INC_kr,INC_sk,IND_avg,IND_sd,IND_r1,IND_kr,IND_sk
156,0.4709574468,0.1083342851,0.7813051028,2.3001568117,-0.3965823416,0.1077659574,0.0706979529,0.8348595642,3.1327452287,0.8505192356,0.4212765957,0.0594341052,0.2947735632,2.6513653866,0.1599265777,0.4212765957,0.0594341052,0.2947735632,2.6513653866,0.1599265777
