Instance,INF_avg,INF_sd,INF_r1,INF_kr,INF_sk,SUP_avg,SUP_sd,SUP_r1,SUP_kr,SUP_sk,INC_avg,INC_sd,INC_r1,INC_kr,INC_sk,IND_avg,IND_sd,IND_r1,IND_kr,IND_sk
107,0.268,0.0271293199,0.0331491713,1.2296786389,0.2115471545,0.26,0.0357770876,-0.75,1.953125,0.6288941187,0.472,0.0530659966,-0.5566835871,2.3622159091,-0.5936004596,0.472,0.0530659966,-0.5566835871,2.3622159091,-0.5936004596
