Instance,INF_avg,INF_sd,INF_r1,INF_kr,INF_sk,SUP_avg,SUP_sd,SUP_r1,SUP_kr,SUP_sk,INC_avg,INC_sd,INC_r1,INC_kr,INC_sk,IND_avg,IND_sd,IND_r1,IND_kr,IND_sk
20,0.295,0.0878919792,-0.1977454204,2.0994438684,0.1524377808,0.22,0.0979795897,-0.1506276151,3.5592447917,0.9472636115,0.485,0.1073545528,-0.0306622005,1.5873113716,0.0278841682,0.485,0.1073545528,-0.0306622005,1.5873113716,0.0278841682
