Instance,INF_avg,INF_sd,INF_r1,INF_kr,INF_sk,SUP_avg,SUP_sd,SUP_r1,SUP_kr,SUP_sk,INC_avg,INC_sd,INC_r1,INC_kr,INC_sk,IND_avg,IND_sd,IND_r1,IND_kr,IND_sk
229,0.262,0.046,-0.4402065952,2.0158840199,-0.3503739624,0.262,0.0351567917,-0.1282818212,3.0750306344,0.6346051092,0.476,0.0564269439,-0.3734041208,2.7796046817,0.367754389,0.476,0.0564269439,-0.3734041208,2.7796046817,0.367754389
