Instance,INF_avg,INF_sd,INF_r1,INF_kr,INF_sk,SUP_avg,SUP_sd,SUP_r1,SUP_kr,SUP_sk,INC_avg,INC_sd,INC_r1,INC_kr,INC_sk,IND_avg,IND_sd,IND_r1,IND_kr,IND_sk
247,0.243,0.0888875694,-0.0514511089,3.3072078162,0.6817080055,0.237,0.1021322672,0.044711491,2.5141381714,0.3322933919,0.52,0.1164044673,-0.0438505832,3.1975327133,-0.4983260646,0.52,0.1164044673,-0.0438505832,3.1975327133,-0.4983260646
