Instance,INF_avg,INF_sd,INF_r1,INF_kr,INF_sk,SUP_avg,SUP_sd,SUP_r1,SUP_kr,SUP_sk,INC_avg,INC_sd,INC_r1,INC_kr,INC_sk,IND_avg,IND_sd,IND_r1,IND_kr,IND_sk
56,0.3666666667,0.1699673171,0.3817567568,2.4186390533,-0.5921198696,0.2166666667,0.167497927,0.4765100671,3.2852661504,1.1191705427,0.4166666667,0.1818118686,0.0121168924,2.3589435774,0.5007176664,0.4166666667,0.1818118686,0.0121168924,2.3589435774,0.5007176664
