Instance,INF_avg,INF_sd,INF_r1,INF_kr,INF_sk,SUP_avg,SUP_sd,SUP_r1,SUP_kr,SUP_sk,INC_avg,INC_sd,INC_r1,INC_kr,INC_sk,IND_avg,IND_sd,IND_r1,IND_kr,IND_sk
249,0.216,0.14192956,-0.2698171463,2.2197647944,0.2200019614,0.204,0.1469149414,-0.008910436,2.4614488068,0.5363990894,0.58,0.1854723699,-0.2336601307,3.1576527853,-0.1579875514,0.58,0.1854723699,-0.2336601307,3.1576527853,-0.1579875514
