Instance,INF_avg,INF_sd,INF_r1,INF_kr,INF_sk,SUP_avg,SUP_sd,SUP_r1,SUP_kr,SUP_sk,INC_avg,INC_sd,INC_r1,INC_kr,INC_sk,IND_avg,IND_sd,IND_r1,IND_kr,IND_sk
176,0.164,0.0344093011,0.0257104195,2.323228634,-0.3110409793,0.304,0.0504380809,-0.3691232529,4.0428384953,-1.2359634147,0.532,0.036,-0.3732833958,3.1957018747,0.0946502058,0.532,0.036,-0.3732833958,3.1957018747,0.0946502058
