Instance,INF_avg,INF_sd,INF_r1,INF_kr,INF_sk,SUP_avg,SUP_sd,SUP_r1,SUP_kr,SUP_sk,INC_avg,INC_sd,INC_r1,INC_kr,INC_sk,IND_avg,IND_sd,IND_r1,IND_kr,IND_sk
32,0.272,0.0430813185,-1.0618556701,1.7636741974,0.403407114,0.236,0.0833306666,-0.6417910448,1.5411348723,0.2906636793,0.492,0.0699714227,-0.2352555701,2.5251185441,0.923626367,0.492,0.0699714227,-0.2352555701,2.5251185441,0.923626367
