Instance,INF_avg,INF_sd,INF_r1,INF_kr,INF_sk,SUP_avg,SUP_sd,SUP_r1,SUP_kr,SUP_sk,INC_avg,INC_sd,INC_r1,INC_kr,INC_sk,IND_avg,IND_sd,IND_r1,IND_kr,IND_sk
290,0.23725,0.0279228849,0.156974993,2.2658354175,0.1396100958,0.25775,0.0373655925,0.2465162558,3.3003260674,-0.1632297503,0.505,0.0391407716,0.2350623769,2.4764020308,-0.1357071887,0.505,0.0391407716,0.2350623769,2.4764020308,-0.1357071887
