Instance,INF_avg,INF_sd,INF_r1,INF_kr,INF_sk,SUP_avg,SUP_sd,SUP_r1,SUP_kr,SUP_sk,INC_avg,INC_sd,INC_r1,INC_kr,INC_sk,IND_avg,IND_sd,IND_r1,IND_kr,IND_sk
124,0.24515,0.035464454,0.2298397183,4.37113688,0.5106594273,0.23515,0.0359614724,0.1308406008,2.4966675406,0.1186782549,0.5197,0.0352691083,-0.1093685612,2.6717989005,-0.1685134481,0.5197,0.0352691083,-0.1093685612,2.6717989005,-0.1685134481
