Instance,INF_avg,INF_sd,INF_r1,INF_kr,INF_sk,SUP_avg,SUP_sd,SUP_r1,SUP_kr,SUP_sk,INC_avg,INC_sd,INC_r1,INC_kr,INC_sk,IND_avg,IND_sd,IND_r1,IND_kr,IND_sk
221,0.2615,0.1009591502,-0.2276952419,2.2044534805,0.1147457285,0.2805,0.1062767613,-0.1415458532,2.8213832067,-0.0838010747,0.458,0.1055272477,-0.2267645016,2.9849772716,-0.1980817059,0.458,0.1055272477,-0.2267645016,2.9849772716,-0.1980817059
