Instance,INF_avg,INF_sd,INF_r1,INF_kr,INF_sk,SUP_avg,SUP_sd,SUP_r1,SUP_kr,SUP_sk,INC_avg,INC_sd,INC_r1,INC_kr,INC_sk,IND_avg,IND_sd,IND_r1,IND_kr,IND_sk
142,0.19,0.0860232527,-0.5447154472,2.6519357195,1.017952296,0.26,0.0734846923,-0.6338582677,1.5781893004,-0.3477670622,0.55,0.0894427191,-0.2666666667,1.953125,0.6288941187,0.55,0.0894427191,-0.2666666667,1.953125,0.6288941187
