Instance,INF_avg,INF_sd,INF_r1,INF_kr,INF_sk,SUP_avg,SUP_sd,SUP_r1,SUP_kr,SUP_sk,INC_avg,INC_sd,INC_r1,INC_kr,INC_sk,IND_avg,IND_sd,IND_r1,IND_kr,IND_sk
115,0.262,0.1177115118,-0.1904136304,2.1579067639,0.3092904282,0.244,0.0998198377,-0.1053116365,3.4825906382,0.7083898604,0.494,0.1037496988,-0.2016294853,2.5332258691,0.0125075916,0.494,0.1037496988,-0.2016294853,2.5332258691,0.0125075916
