Instance,INF_avg,INF_sd,INF_r1,INF_kr,INF_sk,SUP_avg,SUP_sd,SUP_r1,SUP_kr,SUP_sk,INC_avg,INC_sd,INC_r1,INC_kr,INC_sk,IND_avg,IND_sd,IND_r1,IND_kr,IND_sk
176,0.2868,0.0732240398,0.5757639679,2.9349695561,0.3909369872,0.3872,0.0823781524,0.5285700913,2.6939306174,-0.4605722317,0.326,0.0522111099,0.2817320063,2.5812391099,0.386404634,0.326,0.0522111099,0.2817320063,2.5812391099,0.386404634
