Instance,INF_avg,INF_sd,INF_r1,INF_kr,INF_sk,SUP_avg,SUP_sd,SUP_r1,SUP_kr,SUP_sk,INC_avg,INC_sd,INC_r1,INC_kr,INC_sk,IND_avg,IND_sd,IND_r1,IND_kr,IND_sk
121,0.254,0.1410106379,0.0466660287,2.6440814782,0.3999236018,0.251,0.1499966666,0.1153613581,2.4620361208,0.2829824208,0.495,0.1430908802,0.0237800316,2.6865560162,-0.198905328,0.495,0.1430908802,0.0237800316,2.6865560162,-0.198905328
