Instance,INF_avg,INF_sd,INF_r1,INF_kr,INF_sk,SUP_avg,SUP_sd,SUP_r1,SUP_kr,SUP_sk,INC_avg,INC_sd,INC_r1,INC_kr,INC_sk,IND_avg,IND_sd,IND_r1,IND_kr,IND_sk
206,0.2464,0.0437154435,-0.0683048239,2.7093258997,-0.0985625892,0.2648,0.0409995122,-0.2786015123,2.1527149426,0.4307053515,0.4888,0.0433884777,-0.1633379106,3.5352815652,-0.056574144,0.4888,0.0433884777,-0.1633379106,3.5352815652,-0.056574144
