Instance,INF_avg,INF_sd,INF_r1,INF_kr,INF_sk,SUP_avg,SUP_sd,SUP_r1,SUP_kr,SUP_sk,INC_avg,INC_sd,INC_r1,INC_kr,INC_sk,IND_avg,IND_sd,IND_r1,IND_kr,IND_sk
39,0.366,0.0589236795,0.6811990149,2.1818026768,-0.3924665984,0.2668,0.0529694251,0.7811749581,2.9388661856,0.1288395179,0.3672,0.0260798773,-0.1603866985,5.9133309494,-1.3617114474,0.3672,0.0260798773,-0.1603866985,5.9133309494,-1.3617114474
