Instance,INF_avg,INF_sd,INF_r1,INF_kr,INF_sk,SUP_avg,SUP_sd,SUP_r1,SUP_kr,SUP_sk,INC_avg,INC_sd,INC_r1,INC_kr,INC_sk,IND_avg,IND_sd,IND_r1,IND_kr,IND_sk
226,0.4367164179,0.0815042909,0.8376632763,2.3551823786,-0.5115066939,0.0774626866,0.0772202372,0.8299979963,4.4202159778,1.4772638421,0.4858208955,0.0374922581,0.0711652981,2.5108172895,0.0451435272,0.4858208955,0.0374922581,0.0711652981,2.5108172895,0.0451435272
