Instance,INF_avg,INF_sd,INF_r1,INF_kr,INF_sk,SUP_avg,SUP_sd,SUP_r1,SUP_kr,SUP_sk,INC_avg,INC_sd,INC_r1,INC_kr,INC_sk,IND_avg,IND_sd,IND_r1,IND_kr,IND_sk
249,0.32,0.1646207763,-0.1289327576,2.4690159448,0.6872554843,0.19,0.1019803903,-0.7002369668,1.830806213,0.4836902756,0.49,0.1240967365,0.0415606446,2.0767414404,-0.1240130146,0.49,0.1240967365,0.0415606446,2.0767414404,-0.1240130146
