Instance,INF_avg,INF_sd,INF_r1,INF_kr,INF_sk,SUP_avg,SUP_sd,SUP_r1,SUP_kr,SUP_sk,INC_avg,INC_sd,INC_r1,INC_kr,INC_sk,IND_avg,IND_sd,IND_r1,IND_kr,IND_sk
103,0.3392857143,0.11523047,0.3696708901,3.6386510421,0.262241374,0.1821428571,0.1143415042,-0.4132266576,3.1460749554,0.693320084,0.4785714286,0.1359021256,-0.0695789682,2.044183633,-0.2273677698,0.4785714286,0.1359021256,-0.0695789682,2.044183633,-0.2273677698
