Instance,INF_avg,INF_sd,INF_r1,INF_kr,INF_sk,SUP_avg,SUP_sd,SUP_r1,SUP_kr,SUP_sk,INC_avg,INC_sd,INC_r1,INC_kr,INC_sk,IND_avg,IND_sd,IND_r1,IND_kr,IND_sk
73,0.273,0.0928493403,0.0209315662,2.940295371,0.2879415345,0.258,0.0910274684,0.0786157753,2.3643216278,0.1599249901,0.469,0.1041105182,0.1599321311,3.2191489166,0.0401593718,0.469,0.1041105182,0.1599321311,3.2191489166,0.0401593718
