Instance,INF_avg,INF_sd,INF_r1,INF_kr,INF_sk,SUP_avg,SUP_sd,SUP_r1,SUP_kr,SUP_sk,INC_avg,INC_sd,INC_r1,INC_kr,INC_sk,IND_avg,IND_sd,IND_r1,IND_kr,IND_sk
165,0.275,0.132947358,-0.0579345088,2.9495407613,0.5665268362,0.238,0.1419718282,0.0666065588,2.4533952495,0.2541752949,0.487,0.1665262742,-0.0562991732,2.8627581034,-0.2222406475,0.487,0.1665262742,-0.0562991732,2.8627581034,-0.2222406475
