Instance,INF_avg,INF_sd,INF_r1,INF_kr,INF_sk,SUP_avg,SUP_sd,SUP_r1,SUP_kr,SUP_sk,INC_avg,INC_sd,INC_r1,INC_kr,INC_sk,IND_avg,IND_sd,IND_r1,IND_kr,IND_sk
256,0.248,0.0877268488,0.354757085,2.3839022134,-0.1611740685,0.27,0.1029563014,0.0599769319,2.5544677821,-0.1044590456,0.482,0.1057166023,-0.0040275767,1.7862750684,0.2491229821,0.482,0.1057166023,-0.0040275767,1.7862750684,0.2491229821
