Instance,INF_avg,INF_sd,INF_r1,INF_kr,INF_sk,SUP_avg,SUP_sd,SUP_r1,SUP_kr,SUP_sk,INC_avg,INC_sd,INC_r1,INC_kr,INC_sk,IND_avg,IND_sd,IND_r1,IND_kr,IND_sk
71,0.275,0.116368667,-0.4980694981,2.2828402367,0.1784778609,0.2416666667,0.1320248293,0.2316904652,2.6204822146,0.2891926548,0.4833333333,0.1280190958,0.2207792208,3.16374605,-0.6399115963,0.4833333333,0.1280190958,0.2207792208,3.16374605,-0.6399115963
