Instance,INF_avg,INF_sd,INF_r1,INF_kr,INF_sk,SUP_avg,SUP_sd,SUP_r1,SUP_kr,SUP_sk,INC_avg,INC_sd,INC_r1,INC_kr,INC_sk,IND_avg,IND_sd,IND_r1,IND_kr,IND_sk
193,0.272,0.0483321839,0.0102389078,2.8430287108,-1.1427763503,0.22,0.0593295879,-0.0857142857,1.291322314,-0.2758090346,0.508,0.0515363949,0.2143727162,1.5489185658,-0.0252482701,0.508,0.0515363949,0.2143727162,1.5489185658,-0.0252482701
