Instance,INF_avg,INF_sd,INF_r1,INF_kr,INF_sk,SUP_avg,SUP_sd,SUP_r1,SUP_kr,SUP_sk,INC_avg,INC_sd,INC_r1,INC_kr,INC_sk,IND_avg,IND_sd,IND_r1,IND_kr,IND_sk
149,0.2515,0.0957744747,-0.0577942236,3.3922162762,0.2646160479,0.2825,0.0872854513,0.10934766,2.9391814455,0.2392365519,0.466,0.1012126474,0.014591698,2.7486436761,0.0378001107,0.466,0.1012126474,0.014591698,2.7486436761,0.0378001107
