Instance,INF_avg,INF_sd,INF_r1,INF_kr,INF_sk,SUP_avg,SUP_sd,SUP_r1,SUP_kr,SUP_sk,INC_avg,INC_sd,INC_r1,INC_kr,INC_sk,IND_avg,IND_sd,IND_r1,IND_kr,IND_sk
29,0.258,0.0422610932,-0.1242709201,2.9851319646,1.2761811549,0.236,0.0270924344,-0.1330049261,1.9464878349,-0.1095251321,0.506,0.0241660919,-0.4243845252,2.1490077876,-0.5369518342,0.506,0.0241660919,-0.4243845252,2.1490077876,-0.5369518342
