Instance,INF_avg,INF_sd,INF_r1,INF_kr,INF_sk,SUP_avg,SUP_sd,SUP_r1,SUP_kr,SUP_sk,INC_avg,INC_sd,INC_r1,INC_kr,INC_sk,IND_avg,IND_sd,IND_r1,IND_kr,IND_sk
133,0.2866666667,0.0782020176,0.4435483871,2.3647410763,-0.0286477273,0.1496,0.0758496759,0.4141006929,3.1317068733,0.6625104304,0.5637333333,0.0634722687,-0.0676911024,3.5579440456,0.6450975027,0.5637333333,0.0634722687,-0.0676911024,3.5579440456,0.6450975027
