Instance,INF_avg,INF_sd,INF_r1,INF_kr,INF_sk,SUP_avg,SUP_sd,SUP_r1,SUP_kr,SUP_sk,INC_avg,INC_sd,INC_r1,INC_kr,INC_sk,IND_avg,IND_sd,IND_r1,IND_kr,IND_sk
79,0.229,0.0318747549,0.0420239443,3.4097200694,-0.060398797,0.3388,0.0417439816,0.1772056901,2.0072264519,-0.1310815708,0.4322,0.0436137593,0.3970564538,1.9463819996,0.3768076751,0.4322,0.0436137593,0.3970564538,1.9463819996,0.3768076751
