Instance,INF_avg,INF_sd,INF_r1,INF_kr,INF_sk,SUP_avg,SUP_sd,SUP_r1,SUP_kr,SUP_sk,INC_avg,INC_sd,INC_r1,INC_kr,INC_sk,IND_avg,IND_sd,IND_r1,IND_kr,IND_sk
25,0.16,0.08,-0.5131578947,2.078125,0.84375,0.36,0.1019803903,-0.2121212121,1.9556213018,-0.2715454179,0.48,0.0748331477,-0.1764705882,1.8469387755,0.3436215967,0.48,0.0748331477,-0.1764705882,1.8469387755,0.3436215967
