Instance,INF_avg,INF_sd,INF_r1,INF_kr,INF_sk,SUP_avg,SUP_sd,SUP_r1,SUP_kr,SUP_sk,INC_avg,INC_sd,INC_r1,INC_kr,INC_sk,IND_avg,IND_sd,IND_r1,IND_kr,IND_sk
104,0.25,0.0959166305,-0.087431694,2.8946124764,0.203981492,0.231,0.0899388681,-0.2373511776,2.5697967358,0.0212119191,0.519,0.0994434513,-0.2221143734,3.9429019892,-0.2878107259,0.519,0.0994434513,-0.2221143734,3.9429019892,-0.2878107259
