Instance,INF_avg,INF_sd,INF_r1,INF_kr,INF_sk,SUP_avg,SUP_sd,SUP_r1,SUP_kr,SUP_sk,INC_avg,INC_sd,INC_r1,INC_kr,INC_sk,IND_avg,IND_sd,IND_r1,IND_kr,IND_sk
296,0.209,0.0291376046,-0.5107786547,2.1698735157,0.2717700385,0.2735,0.0350749198,-0.3879970363,2.0702212618,-0.0758500628,0.5175,0.0335596484,-0.2270227808,2.500742177,-0.7699114581,0.5175,0.0335596484,-0.2270227808,2.500742177,-0.7699114581
