Instance,INF_avg,INF_sd,INF_r1,INF_kr,INF_sk,SUP_avg,SUP_sd,SUP_r1,SUP_kr,SUP_sk,INC_avg,INC_sd,INC_r1,INC_kr,INC_sk,IND_avg,IND_sd,IND_r1,IND_kr,IND_sk
209,0.233,0.0363455637,0.044191626,1.8590835402,-0.1919500545,0.269,0.0452658812,0.334075901,3.303185427,0.1816500059,0.498,0.0597996656,-0.169544741,2.197401018,-0.6525142552,0.498,0.0597996656,-0.169544741,2.197401018,-0.6525142552
