Instance,INF_avg,INF_sd,INF_r1,INF_kr,INF_sk,SUP_avg,SUP_sd,SUP_r1,SUP_kr,SUP_sk,INC_avg,INC_sd,INC_r1,INC_kr,INC_sk,IND_avg,IND_sd,IND_r1,IND_kr,IND_sk
48,0.43,0.1813835715,0.006817763,2.4941473194,-0.2292409769,0.346,0.1651786911,-0.2375315846,2.5597358907,0.4698460877,0.224,0.1530490118,0.2275640582,3.7291218758,0.931556296,0.224,0.1530490118,0.2275640582,3.7291218758,0.931556296
