Instance,INF_avg,INF_sd,INF_r1,INF_kr,INF_sk,SUP_avg,SUP_sd,SUP_r1,SUP_kr,SUP_sk,INC_avg,INC_sd,INC_r1,INC_kr,INC_sk,IND_avg,IND_sd,IND_r1,IND_kr,IND_sk
46,0.2542,0.063516612,0.2711991075,2.7093353379,0.0596021183,0.2448,0.0709997183,0.1471925011,2.6844782692,0.2018950076,0.501,0.0696491206,0.1204412393,3.1490734335,0.0419276311,0.501,0.0696491206,0.1204412393,3.1490734335,0.0419276311
