Instance,INF_avg,INF_sd,INF_r1,INF_kr,INF_sk,SUP_avg,SUP_sd,SUP_r1,SUP_kr,SUP_sk,INC_avg,INC_sd,INC_r1,INC_kr,INC_sk,IND_avg,IND_sd,IND_r1,IND_kr,IND_sk
18,0.2,0.0670820393,0.3333333333,3.1481481481,0.7453559925,0.325,0.0955248659,0.1172413793,2.6243197598,0.129063433,0.475,0.075,-0.2134831461,3.8444444444,-0.8888888889,0.475,0.075,-0.2134831461,3.8444444444,-0.8888888889
