Instance,INF_avg,INF_sd,INF_r1,INF_kr,INF_sk,SUP_avg,SUP_sd,SUP_r1,SUP_kr,SUP_sk,INC_avg,INC_sd,INC_r1,INC_kr,INC_sk,IND_avg,IND_sd,IND_r1,IND_kr,IND_sk
268,0.2416,0.0477225314,-0.2352266597,3.3725355239,0.6207302453,0.2732,0.0516697203,-0.1796954765,4.2804301056,1.3960381701,0.4852,0.0529996226,-0.3378195129,2.6356374765,-0.301465926,0.4852,0.0529996226,-0.3378195129,2.6356374765,-0.301465926
