Instance,INF_avg,INF_sd,INF_r1,INF_kr,INF_sk,SUP_avg,SUP_sd,SUP_r1,SUP_kr,SUP_sk,INC_avg,INC_sd,INC_r1,INC_kr,INC_sk,IND_avg,IND_sd,IND_r1,IND_kr,IND_sk
289,0.2316,0.0286258624,0.0559548776,2.8335897374,0.2661271677,0.231,0.0327566787,0.2427427143,3.0382375498,-0.0192045524,0.5374,0.0375797818,0.2706828565,2.4125139952,-0.1016917669,0.5374,0.0375797818,0.2706828565,2.4125139952,-0.1016917669
