Instance,INF_avg,INF_sd,INF_r1,INF_kr,INF_sk,SUP_avg,SUP_sd,SUP_r1,SUP_kr,SUP_sk,INC_avg,INC_sd,INC_r1,INC_kr,INC_sk,IND_avg,IND_sd,IND_r1,IND_kr,IND_sk
116,0.288,0.1210619676,0.0904933976,2.6661519017,0.4505163272,0.222,0.0861162006,-0.193287689,2.0893633288,0.0546413054,0.49,0.1191637529,-0.3958451907,2.0923427891,0.1134667752,0.49,0.1191637529,-0.3958451907,2.0923427891,0.1134667752
