Instance,INF_avg,INF_sd,INF_r1,INF_kr,INF_sk,SUP_avg,SUP_sd,SUP_r1,SUP_kr,SUP_sk,INC_avg,INC_sd,INC_r1,INC_kr,INC_sk,IND_avg,IND_sd,IND_r1,IND_kr,IND_sk
277,0.4441304348,0.096218187,0.8925827949,2.4858743279,0.486376004,0.089673913,0.0674569281,0.899236621,2.9821631646,0.9618490255,0.4661956522,0.0560685216,0.6471618811,3.3975031148,-0.7085461378,0.4661956522,0.0560685216,0.6471618811,3.3975031148,-0.7085461378
