Instance,INF_avg,INF_sd,INF_r1,INF_kr,INF_sk,SUP_avg,SUP_sd,SUP_r1,SUP_kr,SUP_sk,INC_avg,INC_sd,INC_r1,INC_kr,INC_sk,IND_avg,IND_sd,IND_r1,IND_kr,IND_sk
272,0.2615,0.1026778944,0.0268684981,3.5587462498,0.6175516839,0.2605,0.0884010747,0.1485714119,3.2501210119,-0.0811662254,0.478,0.1239596709,0.0381585766,2.9575576295,-0.1562902033,0.478,0.1239596709,0.0381585766,2.9575576295,-0.1562902033
