Instance,INF_avg,INF_sd,INF_r1,INF_kr,INF_sk,SUP_avg,SUP_sd,SUP_r1,SUP_kr,SUP_sk,INC_avg,INC_sd,INC_r1,INC_kr,INC_sk,IND_avg,IND_sd,IND_r1,IND_kr,IND_sk
220,0.3241935484,0.1091543504,0.4917705771,1.7887820598,-0.2014552492,0.2532258065,0.1062069525,0.1722375577,2.921726922,-0.044025203,0.4225806452,0.1141862582,0.2149733276,3.6265772999,0.801940222,0.4225806452,0.1141862582,0.2149733276,3.6265772999,0.801940222
