Instance,INF_avg,INF_sd,INF_r1,INF_kr,INF_sk,SUP_avg,SUP_sd,SUP_r1,SUP_kr,SUP_sk,INC_avg,INC_sd,INC_r1,INC_kr,INC_sk,IND_avg,IND_sd,IND_r1,IND_kr,IND_sk
272,0.3282051282,0.1136768202,0.2613557327,3.3764774787,0.0607596664,0.1371794872,0.0860217241,0.3346696806,3.1624952314,0.9438791656,0.5346153846,0.1050969309,-0.1003047141,4.917833227,0.7404859638,0.5346153846,0.1050969309,-0.1003047141,4.917833227,0.7404859638
