Instance,INF_avg,INF_sd,INF_r1,INF_kr,INF_sk,SUP_avg,SUP_sd,SUP_r1,SUP_kr,SUP_sk,INC_avg,INC_sd,INC_r1,INC_kr,INC_sk,IND_avg,IND_sd,IND_r1,IND_kr,IND_sk
178,0.245,0.085,-0.2922748309,2.3746961842,0.1563199674,0.255,0.0934077085,-0.3119055428,1.6411770018,0.4987838653,0.5,0.1204159458,-0.7551020408,1.7776456599,-0.3865910269,0.5,0.1204159458,-0.7551020408,1.7776456599,-0.3865910269
