Instance,INF_avg,INF_sd,INF_r1,INF_kr,INF_sk,SUP_avg,SUP_sd,SUP_r1,SUP_kr,SUP_sk,INC_avg,INC_sd,INC_r1,INC_kr,INC_sk,IND_avg,IND_sd,IND_r1,IND_kr,IND_sk
8,0.25,0.0588897275,0.1211153064,3.1480106799,0.356069879,0.2414,0.0656204236,0.3175713067,2.6904307555,0.2777135129,0.5086,0.0716801228,0.0922616134,2.7347674701,0.0777704984,0.5086,0.0716801228,0.0922616134,2.7347674701,0.0777704984
