Instance,INF_avg,INF_sd,INF_r1,INF_kr,INF_sk,SUP_avg,SUP_sd,SUP_r1,SUP_kr,SUP_sk,INC_avg,INC_sd,INC_r1,INC_kr,INC_sk,IND_avg,IND_sd,IND_r1,IND_kr,IND_sk
12,0.295,0.1221679172,0.1662054043,2.3786857234,0.2599601818,0.2275,0.0944391338,0.3991216631,2.4685623001,0.1272217957,0.4775,0.1261695288,0.1335499,2.7785269443,0.0906944337,0.4775,0.1261695288,0.1335499,2.7785269443,0.0906944337
