Instance,INF_avg,INF_sd,INF_r1,INF_kr,INF_sk,SUP_avg,SUP_sd,SUP_r1,SUP_kr,SUP_sk,INC_avg,INC_sd,INC_r1,INC_kr,INC_sk,IND_avg,IND_sd,IND_r1,IND_kr,IND_sk
246,0.24,0.049959984,-0.0093457944,3.7968441815,-0.692862204,0.228,0.0674091982,-0.1634466225,3.3778516167,0.4864133275,0.532,0.0692820323,0.0240889438,2.4152,0.1535751716,0.532,0.0692820323,0.0240889438,2.4152,0.1535751716
