Instance,INF_avg,INF_sd,INF_r1,INF_kr,INF_sk,SUP_avg,SUP_sd,SUP_r1,SUP_kr,SUP_sk,INC_avg,INC_sd,INC_r1,INC_kr,INC_sk,IND_avg,IND_sd,IND_r1,IND_kr,IND_sk
211,0.2848,0.0778264736,0.2937289668,2.1486426474,-0.0223398353,0.3112,0.0688371992,-0.268476505,2.2324261624,0.1629099191,0.404,0.0775628777,0.2092054677,2.5196921684,0.8278801386,0.404,0.0775628777,0.2092054677,2.5196921684,0.8278801386
