Instance,INF_avg,INF_sd,INF_r1,INF_kr,INF_sk,SUP_avg,SUP_sd,SUP_r1,SUP_kr,SUP_sk,INC_avg,INC_sd,INC_r1,INC_kr,INC_sk,IND_avg,IND_sd,IND_r1,IND_kr,IND_sk
45,0.3201960784,0.0876823634,0.9090281091,2.1699481752,0.1398077993,0.1242156863,0.1063769313,0.9260136014,2.2642634395,0.7208410299,0.5555882353,0.0473374107,0.4781884347,2.1704865051,-0.1425063311,0.5555882353,0.0473374107,0.4781884347,2.1704865051,-0.1425063311
