Instance,INF_avg,INF_sd,INF_r1,INF_kr,INF_sk,SUP_avg,SUP_sd,SUP_r1,SUP_kr,SUP_sk,INC_avg,INC_sd,INC_r1,INC_kr,INC_sk,IND_avg,IND_sd,IND_r1,IND_kr,IND_sk
81,0.2477,0.0285693892,0.1390562391,3.3868495099,-0.3348604509,0.2667,0.0360778325,0.1653827555,2.629659115,0.3832976305,0.4856,0.0368597341,0.194614763,2.5195110112,0.043415948,0.4856,0.0368597341,0.194614763,2.5195110112,0.043415948
