Instance,INF_avg,INF_sd,INF_r1,INF_kr,INF_sk,SUP_avg,SUP_sd,SUP_r1,SUP_kr,SUP_sk,INC_avg,INC_sd,INC_r1,INC_kr,INC_sk,IND_avg,IND_sd,IND_r1,IND_kr,IND_sk
279,0.245,0.0327414111,-0.162464986,3.0285837603,-0.5692503494,0.2572,0.0377380445,-0.0779793911,2.8579815941,0.1636411537,0.4978,0.033349063,0.0547827836,2.4845215758,-0.6008196307,0.4978,0.033349063,0.0547827836,2.4845215758,-0.6008196307
