Instance,INF_avg,INF_sd,INF_r1,INF_kr,INF_sk,SUP_avg,SUP_sd,SUP_r1,SUP_kr,SUP_sk,INC_avg,INC_sd,INC_r1,INC_kr,INC_sk,IND_avg,IND_sd,IND_r1,IND_kr,IND_sk
47,0.264,0.1024890238,0.0597351496,3.2391456865,0.3934699578,0.283,0.0980357078,0.1683949455,2.9751229497,-0.0848272158,0.453,0.1163658025,0.2192651324,2.5616265041,0.0368748213,0.453,0.1163658025,0.2192651324,2.5616265041,0.0368748213
