Instance,INF_avg,INF_sd,INF_r1,INF_kr,INF_sk,SUP_avg,SUP_sd,SUP_r1,SUP_kr,SUP_sk,INC_avg,INC_sd,INC_r1,INC_kr,INC_sk,IND_avg,IND_sd,IND_r1,IND_kr,IND_sk
103,0.3866666667,0.1075302877,0.4363916192,2.8982778479,-0.1308747242,0.1331531532,0.0812290941,0.6478721099,2.9044505956,0.751824186,0.4801801802,0.0779232931,-0.0178039811,2.960836134,0.2153022266,0.4801801802,0.0779232931,-0.0178039811,2.960836134,0.2153022266
