Instance,INF_avg,INF_sd,INF_r1,INF_kr,INF_sk,SUP_avg,SUP_sd,SUP_r1,SUP_kr,SUP_sk,INC_avg,INC_sd,INC_r1,INC_kr,INC_sk,IND_avg,IND_sd,IND_r1,IND_kr,IND_sk
239,0.20625,0.1477698802,0.1946547884,2.09819157,0.4734976708,0.225,0.1677050983,-0.3458528951,4.4962962963,1.2720742272,0.56875,0.1792998536,-0.268030965,2.1549306172,-0.436845005,0.56875,0.1792998536,-0.268030965,2.1549306172,-0.436845005
