Instance,INF_avg,INF_sd,INF_r1,INF_kr,INF_sk,SUP_avg,SUP_sd,SUP_r1,SUP_kr,SUP_sk,INC_avg,INC_sd,INC_r1,INC_kr,INC_sk,IND_avg,IND_sd,IND_r1,IND_kr,IND_sk
6,0.2772,0.0597340774,0.2323260788,2.7140454219,0.3133821074,0.2232,0.0624,0.0139096839,2.4960743542,0.3570272594,0.4996,0.0705963172,0.0727516645,2.8750760818,-0.2099226088,0.4996,0.0705963172,0.0727516645,2.8750760818,-0.2099226088
