Instance,INF_avg,INF_sd,INF_r1,INF_kr,INF_sk,SUP_avg,SUP_sd,SUP_r1,SUP_kr,SUP_sk,INC_avg,INC_sd,INC_r1,INC_kr,INC_sk,IND_avg,IND_sd,IND_r1,IND_kr,IND_sk
118,0.3,0.1095445115,0.4347826087,1.5625,0.1141088661,0.27,0.0979795897,0.1295116773,2.4361979167,-0.5677202789,0.43,0.0678232998,-0.3053097345,2.9310018904,-1.1731251294,0.43,0.0678232998,-0.3053097345,2.9310018904,-1.1731251294
