Instance,INF_avg,INF_sd,INF_r1,INF_kr,INF_sk,SUP_avg,SUP_sd,SUP_r1,SUP_kr,SUP_sk,INC_avg,INC_sd,INC_r1,INC_kr,INC_sk,IND_avg,IND_sd,IND_r1,IND_kr,IND_sk
61,0.3621052632,0.0995205496,0.5904232949,2.5916039555,0.0305051946,0.1119298246,0.0725340476,0.6753256212,2.9803298888,0.7437636143,0.5259649123,0.0686680203,0.2656252894,2.7790467043,-0.2174735757,0.5259649123,0.0686680203,0.2656252894,2.7790467043,-0.2174735757
