Instance,INF_avg,INF_sd,INF_r1,INF_kr,INF_sk,SUP_avg,SUP_sd,SUP_r1,SUP_kr,SUP_sk,INC_avg,INC_sd,INC_r1,INC_kr,INC_sk,IND_avg,IND_sd,IND_r1,IND_kr,IND_sk
255,0.2734,0.0755806854,0.1409950595,2.8651540676,0.3310104571,0.1916,0.0751627567,0.3502582609,3.0484466027,0.6904842545,0.535,0.074101282,0.1684429066,3.0154250523,-0.3436554155,0.535,0.074101282,0.1684429066,3.0154250523,-0.3436554155
