Instance,INF_avg,INF_sd,INF_r1,INF_kr,INF_sk,SUP_avg,SUP_sd,SUP_r1,SUP_kr,SUP_sk,INC_avg,INC_sd,INC_r1,INC_kr,INC_sk,IND_avg,IND_sd,IND_r1,IND_kr,IND_sk
283,0.272,0.1587954659,-0.1577587814,2.5963178644,0.584412344,0.248,0.1627759196,-0.0617011472,3.6321194777,0.7034655167,0.48,0.1959591794,0.0038071066,2.3138020833,0.3125650974,0.48,0.1959591794,0.0038071066,2.3138020833,0.3125650974
