Instance,INF_avg,INF_sd,INF_r1,INF_kr,INF_sk,SUP_avg,SUP_sd,SUP_r1,SUP_kr,SUP_sk,INC_avg,INC_sd,INC_r1,INC_kr,INC_sk,IND_avg,IND_sd,IND_r1,IND_kr,IND_sk
141,0.31,0.1240967365,0.501312336,1.754174397,0.2417468892,0.26,0.0888819442,0.2015209125,3.289056241,0.4443385128,0.43,0.0714142843,0.1916167665,2.2479815456,-0.0988433,0.43,0.0714142843,0.1916167665,2.2479815456,-0.0988433
