Instance,INF_avg,INF_sd,INF_r1,INF_kr,INF_sk,SUP_avg,SUP_sd,SUP_r1,SUP_kr,SUP_sk,INC_avg,INC_sd,INC_r1,INC_kr,INC_sk,IND_avg,IND_sd,IND_r1,IND_kr,IND_sk
264,0.2756,0.0674436061,0.117071101,2.9391793406,0.329514064,0.2374,0.0587642749,0.0676118802,2.4516414094,-0.0828235771,0.487,0.0737766901,-0.0016705536,3.4008032877,-0.1530157429,0.487,0.0737766901,-0.0016705536,3.4008032877,-0.1530157429
