Instance,INF_avg,INF_sd,INF_r1,INF_kr,INF_sk,SUP_avg,SUP_sd,SUP_r1,SUP_kr,SUP_sk,INC_avg,INC_sd,INC_r1,INC_kr,INC_sk,IND_avg,IND_sd,IND_r1,IND_kr,IND_sk
101,0.298,0.0244131112,-0.0409057706,3.5695238953,-1.2519403242,0.216,0.0261533937,-0.0668229777,1.9040730481,0.2052667093,0.486,0.0335261092,0.2313517607,2.0233659655,0.1101812964,0.486,0.0335261092,0.2313517607,2.0233659655,0.1101812964
