Instance,INF_avg,INF_sd,INF_r1,INF_kr,INF_sk,SUP_avg,SUP_sd,SUP_r1,SUP_kr,SUP_sk,INC_avg,INC_sd,INC_r1,INC_kr,INC_sk,IND_avg,IND_sd,IND_r1,IND_kr,IND_sk
211,0.253,0.0252190404,-0.865942029,1.662839682,0.0576084642,0.277,0.0215870331,0.0349781387,2.4290463998,0.6656356441,0.47,0.0387298335,-0.4810996564,2.9646666667,-1.2651745598,0.47,0.0387298335,-0.4810996564,2.9646666667,-1.2651745598
