Instance,INF_avg,INF_sd,INF_r1,INF_kr,INF_sk,SUP_avg,SUP_sd,SUP_r1,SUP_kr,SUP_sk,INC_avg,INC_sd,INC_r1,INC_kr,INC_sk,IND_avg,IND_sd,IND_r1,IND_kr,IND_sk
137,0.4377651515,0.1099867664,0.9012255419,2.0153126894,-0.1994064664,0.0945075758,0.078337024,0.9131823914,2.7013089973,0.8884971895,0.4677272727,0.0479439526,0.5582397211,2.9191747908,-0.4081022047,0.4677272727,0.0479439526,0.5582397211,2.9191747908,-0.4081022047
