Instance,INF_avg,INF_sd,INF_r1,INF_kr,INF_sk,SUP_avg,SUP_sd,SUP_r1,SUP_kr,SUP_sk,INC_avg,INC_sd,INC_r1,INC_kr,INC_sk,IND_avg,IND_sd,IND_r1,IND_kr,IND_sk
165,0.2322,0.0289855136,0.0520128571,2.7547349489,0.6697183729,0.2388,0.0288541158,0.1092711443,2.6706270003,0.528204587,0.529,0.0360277671,-0.2630984501,2.1453094841,-0.2360788249,0.529,0.0360277671,-0.2630984501,2.1453094841,-0.2360788249
