Instance,INF_avg,INF_sd,INF_r1,INF_kr,INF_sk,SUP_avg,SUP_sd,SUP_r1,SUP_kr,SUP_sk,INC_avg,INC_sd,INC_r1,INC_kr,INC_sk,IND_avg,IND_sd,IND_r1,IND_kr,IND_sk
198,0.256,0.1329059818,-0.3458112137,2.2704838138,0.1775527765,0.254,0.1186760296,-0.4747523088,2.6562075996,0.2996996827,0.49,0.1590597372,-0.3202624713,3.1289506163,-0.0745487684,0.49,0.1590597372,-0.3202624713,3.1289506163,-0.0745487684
