Instance,INF_avg,INF_sd,INF_r1,INF_kr,INF_sk,SUP_avg,SUP_sd,SUP_r1,SUP_kr,SUP_sk,INC_avg,INC_sd,INC_r1,INC_kr,INC_sk,IND_avg,IND_sd,IND_r1,IND_kr,IND_sk
216,0.2192,0.050471378,-0.0992172381,2.7820347586,-0.0240013497,0.2562,0.0550959164,0.0946329355,2.7628397035,0.7036316599,0.5246,0.0477162446,0.0762996592,3.0452719269,-0.5266618253,0.5246,0.0477162446,0.0762996592,3.0452719269,-0.5266618253
