Instance,INF_avg,INF_sd,INF_r1,INF_kr,INF_sk,SUP_avg,SUP_sd,SUP_r1,SUP_kr,SUP_sk,INC_avg,INC_sd,INC_r1,INC_kr,INC_sk,IND_avg,IND_sd,IND_r1,IND_kr,IND_sk
20,0.2816,0.0629717397,0.1790026571,2.8183141334,0.0877887728,0.234,0.054,0.1978242356,2.3833482927,0.1975308642,0.4844,0.0816127441,0.2654436265,2.4018320178,-0.2345975881,0.4844,0.0816127441,0.2654436265,2.4018320178,-0.2345975881
