Instance,INF_avg,INF_sd,INF_r1,INF_kr,INF_sk,SUP_avg,SUP_sd,SUP_r1,SUP_kr,SUP_sk,INC_avg,INC_sd,INC_r1,INC_kr,INC_sk,IND_avg,IND_sd,IND_r1,IND_kr,IND_sk
238,0.252,0.1330263132,0.0708234755,3.0464620073,0.4158037439,0.288,0.1210619676,-0.2546841542,2.5717377624,-0.1750880724,0.46,0.1549193338,0.1297935103,2.3633333333,0.2323790008,0.46,0.1549193338,0.1297935103,2.3633333333,0.2323790008
