Instance,INF_avg,INF_sd,INF_r1,INF_kr,INF_sk,SUP_avg,SUP_sd,SUP_r1,SUP_kr,SUP_sk,INC_avg,INC_sd,INC_r1,INC_kr,INC_sk,IND_avg,IND_sd,IND_r1,IND_kr,IND_sk
261,0.276,0.0949947367,0.0791553851,3.8552418138,0.844055722,0.206,0.0875442745,0.1245540697,2.1967335829,0.5318394517,0.518,0.1182201336,-0.3042693103,3.2873544934,-0.5601688798,0.518,0.1182201336,-0.3042693103,3.2873544934,-0.5601688798
