Instance,INF_avg,INF_sd,INF_r1,INF_kr,INF_sk,SUP_avg,SUP_sd,SUP_r1,SUP_kr,SUP_sk,INC_avg,INC_sd,INC_r1,INC_kr,INC_sk,IND_avg,IND_sd,IND_r1,IND_kr,IND_sk
229,0.28,0.1562049935,0.2151366503,2.9720505241,0.1448286019,0.224,0.1364697769,0.1463372465,3.5789182343,0.6473243249,0.496,0.1611955334,0.1978269444,3.1704322781,-0.1929394975,0.496,0.1611955334,0.1978269444,3.1704322781,-0.1929394975
