Instance,INF_avg,INF_sd,INF_r1,INF_kr,INF_sk,SUP_avg,SUP_sd,SUP_r1,SUP_kr,SUP_sk,INC_avg,INC_sd,INC_r1,INC_kr,INC_sk,IND_avg,IND_sd,IND_r1,IND_kr,IND_sk
280,0.3,0.1048808848,-0.0952380952,2.8305785124,1.1701586323,0.16,0.0734846923,-0.3197026022,2.8127572016,1.1642636432,0.54,0.08,-0.338028169,2.078125,-0.84375,0.54,0.08,-0.338028169,2.078125,-0.84375
