Instance,INF_avg,INF_sd,INF_r1,INF_kr,INF_sk,SUP_avg,SUP_sd,SUP_r1,SUP_kr,SUP_sk,INC_avg,INC_sd,INC_r1,INC_kr,INC_sk,IND_avg,IND_sd,IND_r1,IND_kr,IND_sk
263,0.25,0.1802775638,-0.219047619,1.624852071,0.3584216653,0.16,0.0916515139,0.0049751244,4.8231292517,1.6522211689,0.59,0.1577973384,-0.3809300141,1.5821841583,0.1649210098,0.59,0.1577973384,-0.3809300141,1.5821841583,0.1649210098
