Instance,INF_avg,INF_sd,INF_r1,INF_kr,INF_sk,SUP_avg,SUP_sd,SUP_r1,SUP_kr,SUP_sk,INC_avg,INC_sd,INC_r1,INC_kr,INC_sk,IND_avg,IND_sd,IND_r1,IND_kr,IND_sk
268,0.33,0.0979795897,0.6125186289,1.8502604167,0.248776302,0.15,0.0836660027,0.3214285714,1.887755102,-0.2561204163,0.52,0.0748331477,-0.0147601476,3.1383928571,-0.8805303417,0.52,0.0748331477,-0.0147601476,3.1383928571,-0.8805303417
