Instance,INF_avg,INF_sd,INF_r1,INF_kr,INF_sk,SUP_avg,SUP_sd,SUP_r1,SUP_kr,SUP_sk,INC_avg,INC_sd,INC_r1,INC_kr,INC_sk,IND_avg,IND_sd,IND_r1,IND_kr,IND_sk
212,0.254,0.0338230691,-0.5101156069,2.3981857304,-0.0980007258,0.247,0.0460543158,0.0630340315,5.5595849947,1.5562461784,0.499,0.0564712316,0.0859609005,2.7754681766,-0.447184463,0.499,0.0564712316,0.0859609005,2.7754681766,-0.447184463
