Instance,INF_avg,INF_sd,INF_r1,INF_kr,INF_sk,SUP_avg,SUP_sd,SUP_r1,SUP_kr,SUP_sk,INC_avg,INC_sd,INC_r1,INC_kr,INC_sk,IND_avg,IND_sd,IND_r1,IND_kr,IND_sk
192,0.238,0.0622575297,-0.156062832,2.9564774256,0.0732003914,0.314,0.0632771681,-0.0711775926,1.9382186245,0.3137331909,0.448,0.0844748483,-0.080754352,3.0947837278,0.9147520727,0.448,0.0844748483,-0.080754352,3.0947837278,0.9147520727
