Instance,INF_avg,INF_sd,INF_r1,INF_kr,INF_sk,SUP_avg,SUP_sd,SUP_r1,SUP_kr,SUP_sk,INC_avg,INC_sd,INC_r1,INC_kr,INC_sk,IND_avg,IND_sd,IND_r1,IND_kr,IND_sk
222,0.45,0.0836660027,-0.4615384615,1.2755102041,-0.2561204163,0.22,0.0244948974,-0.6666666667,1.1666666667,0.4082482905,0.33,0.081240384,-0.1842105263,1.4421487603,0.3804646085,0.33,0.081240384,-0.1842105263,1.4421487603,0.3804646085
