Instance,INF_avg,INF_sd,INF_r1,INF_kr,INF_sk,SUP_avg,SUP_sd,SUP_r1,SUP_kr,SUP_sk,INC_avg,INC_sd,INC_r1,INC_kr,INC_sk,IND_avg,IND_sd,IND_r1,IND_kr,IND_sk
115,0.27,0.1187434209,0.0330378727,2.1757959861,0.5948817825,0.22,0.0979795897,0.2892156863,1.9479166667,0.2296396634,0.51,0.0943398113,-0.361079865,2.365484156,0.5145158249,0.51,0.0943398113,-0.361079865,2.365484156,0.5145158249
