Instance,INF_avg,INF_sd,INF_r1,INF_kr,INF_sk,SUP_avg,SUP_sd,SUP_r1,SUP_kr,SUP_sk,INC_avg,INC_sd,INC_r1,INC_kr,INC_sk,IND_avg,IND_sd,IND_r1,IND_kr,IND_sk
250,0.242,0.1146123903,0.0807172129,2.4157962943,0.4754254462,0.244,0.1227354879,-0.4260777657,2.5043074844,-0.0722769817,0.514,0.1220819397,0.0410951547,2.0654300243,0.4651188279,0.514,0.1220819397,0.0410951547,2.0654300243,0.4651188279
