Instance,INF_avg,INF_sd,INF_r1,INF_kr,INF_sk,SUP_avg,SUP_sd,SUP_r1,SUP_kr,SUP_sk,INC_avg,INC_sd,INC_r1,INC_kr,INC_sk,IND_avg,IND_sd,IND_r1,IND_kr,IND_sk
124,0.17,0.09,-0.0452418097,2.2583447645,-0.1975308642,0.27,0.155241747,-0.0287380258,2.8280676986,0.9878850171,0.56,0.1907878403,0.1784869976,2.0295857988,-0.628970902,0.56,0.1907878403,0.1784869976,2.0295857988,-0.628970902
