Instance,INF_avg,INF_sd,INF_r1,INF_kr,INF_sk,SUP_avg,SUP_sd,SUP_r1,SUP_kr,SUP_sk,INC_avg,INC_sd,INC_r1,INC_kr,INC_sk,IND_avg,IND_sd,IND_r1,IND_kr,IND_sk
21,0.11,0.0943398113,-0.1023622047,2.365484156,0.5145158249,0.24,0.1428285686,-0.6467065868,2.2479815456,0.0988433,0.65,0.1431782106,-0.6296296296,2.2278405711,0.1022093116,0.65,0.1431782106,-0.6296296296,2.2278405711,0.1022093116
