Instance,INF_avg,INF_sd,INF_r1,INF_kr,INF_sk,SUP_avg,SUP_sd,SUP_r1,SUP_kr,SUP_sk,INC_avg,INC_sd,INC_r1,INC_kr,INC_sk,IND_avg,IND_sd,IND_r1,IND_kr,IND_sk
190,0.28,0.1673320053,-0.1978273299,2.7302040816,0.5224856492,0.236,0.1352922762,-0.1386824078,2.1710199765,0.3943288697,0.484,0.1591979899,0.0299027323,2.2400185568,0.0844193695,0.484,0.1591979899,0.0299027323,2.2400185568,0.0844193695
