Instance,INF_avg,INF_sd,INF_r1,INF_kr,INF_sk,SUP_avg,SUP_sd,SUP_r1,SUP_kr,SUP_sk,INC_avg,INC_sd,INC_r1,INC_kr,INC_sk,IND_avg,IND_sd,IND_r1,IND_kr,IND_sk
7,0.2665,0.0251047804,0.1222570533,2.1731579288,0.164198757,0.231,0.0330756708,-0.0899669846,2.223564465,-0.0858924572,0.5025,0.037433274,-0.5557545902,2.2086697792,-0.135119999,0.5025,0.037433274,-0.5557545902,2.2086697792,-0.135119999
