Instance,INF_avg,INF_sd,INF_r1,INF_kr,INF_sk,SUP_avg,SUP_sd,SUP_r1,SUP_kr,SUP_sk,INC_avg,INC_sd,INC_r1,INC_kr,INC_sk,IND_avg,IND_sd,IND_r1,IND_kr,IND_sk
83,0.4098571429,0.1039985282,0.8945286139,1.9545768337,-0.0270428804,0.1096309524,0.0766472718,0.9167919831,2.2071715176,0.5688118696,0.4805119048,0.0459869272,0.4166075434,2.9315606203,-0.0010031689,0.4805119048,0.0459869272,0.4166075434,2.9315606203,-0.0010031689
