Instance,INF_avg,INF_sd,INF_r1,INF_kr,INF_sk,SUP_avg,SUP_sd,SUP_r1,SUP_kr,SUP_sk,INC_avg,INC_sd,INC_r1,INC_kr,INC_sk,IND_avg,IND_sd,IND_r1,IND_kr,IND_sk
59,0.3391489362,0.0817840901,0.278654243,2.3560763356,0.3610508423,0.1455319149,0.0798618091,0.460734366,2.0383619161,0.0628782573,0.5153191489,0.073827028,0.0453844373,1.9750324566,-0.1289054084,0.5153191489,0.073827028,0.0453844373,1.9750324566,-0.1289054084
