Instance,INF_avg,INF_sd,INF_r1,INF_kr,INF_sk,SUP_avg,SUP_sd,SUP_r1,SUP_kr,SUP_sk,INC_avg,INC_sd,INC_r1,INC_kr,INC_sk,IND_avg,IND_sd,IND_r1,IND_kr,IND_sk
170,0.2,0.0894427191,0.0,1.953125,0.6288941187,0.24,0.08,0.1373239437,1.4189453125,0.03515625,0.56,0.1392838828,-0.0070671378,1.3296312042,0.2931045678,0.56,0.1392838828,-0.0070671378,1.3296312042,0.2931045678
