Instance,INF_avg,INF_sd,INF_r1,INF_kr,INF_sk,SUP_avg,SUP_sd,SUP_r1,SUP_kr,SUP_sk,INC_avg,INC_sd,INC_r1,INC_kr,INC_sk,IND_avg,IND_sd,IND_r1,IND_kr,IND_sk
13,0.2477,0.0312283525,0.0254316003,2.6539862651,-0.0396130562,0.2252,0.0267387359,-0.1949797199,5.166429863,0.9311554149,0.5271,0.0353848838,0.2348295032,2.3639999487,0.1184982506,0.5271,0.0353848838,0.2348295032,2.3639999487,0.1184982506
