Instance,INF_avg,INF_sd,INF_r1,INF_kr,INF_sk,SUP_avg,SUP_sd,SUP_r1,SUP_kr,SUP_sk,INC_avg,INC_sd,INC_r1,INC_kr,INC_sk,IND_avg,IND_sd,IND_r1,IND_kr,IND_sk
31,0.4055555556,0.1331341104,0.8709124168,2.1194743011,0.1949233681,0.1688888889,0.0932671723,0.7554738194,2.6952822654,0.5294563198,0.4255555556,0.0709633882,0.2942308409,2.5969906915,-0.2776283993,0.4255555556,0.0709633882,0.2942308409,2.5969906915,-0.2776283993
