Instance,INF_avg,INF_sd,INF_r1,INF_kr,INF_sk,SUP_avg,SUP_sd,SUP_r1,SUP_kr,SUP_sk,INC_avg,INC_sd,INC_r1,INC_kr,INC_sk,IND_avg,IND_sd,IND_r1,IND_kr,IND_sk
136,0.26,0.1356465997,-0.326754386,1.7967863894,0.269241833,0.22,0.12489996,-0.3700564972,1.6351084813,0.5419722129,0.52,0.1720465053,-0.6643646409,2.323228634,-0.3110409793,0.52,0.1720465053,-0.6643646409,2.323228634,-0.3110409793
