Instance,INF_avg,INF_sd,INF_r1,INF_kr,INF_sk,SUP_avg,SUP_sd,SUP_r1,SUP_kr,SUP_sk,INC_avg,INC_sd,INC_r1,INC_kr,INC_sk,IND_avg,IND_sd,IND_r1,IND_kr,IND_sk
13,0.2272,0.0637193848,0.0025108495,3.2142302842,0.9175001841,0.312,0.0829457654,0.1184727681,2.5989075176,0.1769719008,0.4608,0.0749357058,-0.0887900104,2.6431071941,-0.0130168574,0.4608,0.0749357058,-0.0887900104,2.6431071941,-0.0130168574
