Instance,INF_avg,INF_sd,INF_r1,INF_kr,INF_sk,SUP_avg,SUP_sd,SUP_r1,SUP_kr,SUP_sk,INC_avg,INC_sd,INC_r1,INC_kr,INC_sk,IND_avg,IND_sd,IND_r1,IND_kr,IND_sk
78,0.2336,0.0485699496,-0.0756525845,1.9516633894,0.2747088214,0.2224,0.0474366947,-0.2615905325,2.7635111261,0.4146787609,0.544,0.049959984,-0.1238414006,2.7006903353,-0.505019562,0.544,0.049959984,-0.1238414006,2.7006903353,-0.505019562
