Instance,INF_avg,INF_sd,INF_r1,INF_kr,INF_sk,SUP_avg,SUP_sd,SUP_r1,SUP_kr,SUP_sk,INC_avg,INC_sd,INC_r1,INC_kr,INC_sk,IND_avg,IND_sd,IND_r1,IND_kr,IND_sk
115,0.268,0.0391918359,-0.0318331504,1.9967447917,0.4688476461,0.25,0.0594978991,-0.2158054711,1.5929330652,-0.1481322778,0.482,0.0554616985,-0.2115206764,2.5886336772,0.6279946312,0.482,0.0554616985,-0.2115206764,2.5886336772,0.6279946312
