Instance,INF_avg,INF_sd,INF_r1,INF_kr,INF_sk,SUP_avg,SUP_sd,SUP_r1,SUP_kr,SUP_sk,INC_avg,INC_sd,INC_r1,INC_kr,INC_sk,IND_avg,IND_sd,IND_r1,IND_kr,IND_sk
165,0.2439,0.034326229,0.0620768279,2.2344556976,0.1307213322,0.2937,0.0311578241,0.0145983637,2.6438599061,0.1395401463,0.4624,0.0310844012,-0.0083880712,2.8500177107,-0.3869071135,0.4624,0.0310844012,-0.0083880712,2.8500177107,-0.3869071135
