Instance,INF_avg,INF_sd,INF_r1,INF_kr,INF_sk,SUP_avg,SUP_sd,SUP_r1,SUP_kr,SUP_sk,INC_avg,INC_sd,INC_r1,INC_kr,INC_sk,IND_avg,IND_sd,IND_r1,IND_kr,IND_sk
196,0.2576,0.0476889924,-0.0590862373,2.1194072123,0.0028431013,0.2132,0.0370642685,0.0406513923,3.6715651061,-0.6210226386,0.5292,0.0414651661,-0.0328330352,3.0084619283,-0.7915586416,0.5292,0.0414651661,-0.0328330352,3.0084619283,-0.7915586416
