Instance,INF_avg,INF_sd,INF_r1,INF_kr,INF_sk,SUP_avg,SUP_sd,SUP_r1,SUP_kr,SUP_sk,INC_avg,INC_sd,INC_r1,INC_kr,INC_sk,IND_avg,IND_sd,IND_r1,IND_kr,IND_sk
254,0.28,0.1913112647,0.7084367246,1.8385290692,0.6932312691,0.21,0.0916515139,0.3143812709,1.2091836735,-0.296152851,0.51,0.1113552873,0.7206703911,2.7036940687,-1.1210847078,0.51,0.1113552873,0.7206703911,2.7036940687,-1.1210847078
