Instance,INF_avg,INF_sd,INF_r1,INF_kr,INF_sk,SUP_avg,SUP_sd,SUP_r1,SUP_kr,SUP_sk,INC_avg,INC_sd,INC_r1,INC_kr,INC_sk,IND_avg,IND_sd,IND_r1,IND_kr,IND_sk
37,0.247,0.1479560746,0.0394582995,2.7003745249,0.3086060132,0.286,0.1442359179,0.1272011654,3.2232903682,0.4853933246,0.467,0.1470068026,0.2249711819,3.607701519,0.4109036161,0.467,0.1470068026,0.2249711819,3.607701519,0.4109036161
