Instance,INF_avg,INF_sd,INF_r1,INF_kr,INF_sk,SUP_avg,SUP_sd,SUP_r1,SUP_kr,SUP_sk,INC_avg,INC_sd,INC_r1,INC_kr,INC_sk,IND_avg,IND_sd,IND_r1,IND_kr,IND_sk
117,0.338,0.1151347037,0.0766991996,3.552526379,0.2351840988,0.29,0.1058300524,0.1973886329,2.7008928571,0.6175669514,0.372,0.096,0.0649606299,2.7601928711,0.0747070313,0.372,0.096,0.0649606299,2.7601928711,0.0747070313
