Instance,INF_avg,INF_sd,INF_r1,INF_kr,INF_sk,SUP_avg,SUP_sd,SUP_r1,SUP_kr,SUP_sk,INC_avg,INC_sd,INC_r1,INC_kr,INC_sk,IND_avg,IND_sd,IND_r1,IND_kr,IND_sk
22,0.245,0.1105667219,-0.041112702,2.0622906395,0.6258886288,0.24,0.1220655562,0.2147552958,1.9479753164,-0.0148451422,0.515,0.1119151464,-0.4327159116,2.1908159728,0.3713249507,0.515,0.1119151464,-0.4327159116,2.1908159728,0.3713249507
