Instance,INF_avg,INF_sd,INF_r1,INF_kr,INF_sk,SUP_avg,SUP_sd,SUP_r1,SUP_kr,SUP_sk,INC_avg,INC_sd,INC_r1,INC_kr,INC_sk,IND_avg,IND_sd,IND_r1,IND_kr,IND_sk
103,0.288,0.0587877538,-0.4484126984,2.0122170782,0.4791247298,0.226,0.0551724569,-0.1400608385,4.1434121712,1.0014709653,0.486,0.0916733331,-0.3208821968,2.0420223275,-0.0315255512,0.486,0.0916733331,-0.3208821968,2.0420223275,-0.0315255512
