Instance,INF_avg,INF_sd,INF_r1,INF_kr,INF_sk,SUP_avg,SUP_sd,SUP_r1,SUP_kr,SUP_sk,INC_avg,INC_sd,INC_r1,INC_kr,INC_sk,IND_avg,IND_sd,IND_r1,IND_kr,IND_sk
2,0.25,0.0632455532,-0.8,1.5625,-0.0,0.19,0.06244998,0.3315508021,1.7337278107,0.3818440591,0.56,0.0768114575,0.1341256367,3.2194771617,-0.1721141535,0.56,0.0768114575,0.1341256367,3.2194771617,-0.1721141535
