Instance,INF_avg,INF_sd,INF_r1,INF_kr,INF_sk,SUP_avg,SUP_sd,SUP_r1,SUP_kr,SUP_sk,INC_avg,INC_sd,INC_r1,INC_kr,INC_sk,IND_avg,IND_sd,IND_r1,IND_kr,IND_sk
261,0.258,0.1099363452,-0.0612013213,3.5473633181,0.5188747211,0.228,0.0944245731,0.0330214096,2.6739377604,0.1206856729,0.514,0.1032182154,-0.1552442242,3.1502647098,-0.2479905945,0.514,0.1032182154,-0.1552442242,3.1502647098,-0.2479905945
