Instance,INF_avg,INF_sd,INF_r1,INF_kr,INF_sk,SUP_avg,SUP_sd,SUP_r1,SUP_kr,SUP_sk,INC_avg,INC_sd,INC_r1,INC_kr,INC_sk,IND_avg,IND_sd,IND_r1,IND_kr,IND_sk
273,0.266,0.0966643678,0.1682086075,3.8489027462,0.1908612938,0.229,0.0849058302,-0.0193134562,2.9173443839,0.0341912665,0.505,0.1040432602,0.2893043356,2.0916480434,-0.0932282306,0.505,0.1040432602,0.2893043356,2.0916480434,-0.0932282306
