Instance,INF_avg,INF_sd,INF_r1,INF_kr,INF_sk,SUP_avg,SUP_sd,SUP_r1,SUP_kr,SUP_sk,INC_avg,INC_sd,INC_r1,INC_kr,INC_sk,IND_avg,IND_sd,IND_r1,IND_kr,IND_sk
23,0.2532,0.047050611,0.1882269307,3.1899764607,0.5222329416,0.246,0.0347562944,-0.0508066799,3.5626288321,0.377272175,0.5008,0.0544,-0.0769574004,3.3859313825,0.6943138739,0.5008,0.0544,-0.0769574004,3.3859313825,0.6943138739
