Instance,INF_avg,INF_sd,INF_r1,INF_kr,INF_sk,SUP_avg,SUP_sd,SUP_r1,SUP_kr,SUP_sk,INC_avg,INC_sd,INC_r1,INC_kr,INC_sk,IND_avg,IND_sd,IND_r1,IND_kr,IND_sk
234,0.24685,0.0521807196,0.5889494442,3.1315944574,0.6308332949,0.2942,0.0492479441,0.6132725372,2.3895921052,-0.2413359023,0.45895,0.0386736021,0.0236403484,2.8736770905,-0.003782761,0.45895,0.0386736021,0.0236403484,2.8736770905,-0.003782761
