Instance,INF_avg,INF_sd,INF_r1,INF_kr,INF_sk,SUP_avg,SUP_sd,SUP_r1,SUP_kr,SUP_sk,INC_avg,INC_sd,INC_r1,INC_kr,INC_sk,IND_avg,IND_sd,IND_r1,IND_kr,IND_sk
242,0.24775,0.0363618963,0.3422094435,2.65904621,0.0135699592,0.2814,0.0443174909,0.4455437066,2.6993086648,-0.1359321222,0.47085,0.0440741137,0.2270942612,2.8487066407,0.1148708791,0.47085,0.0440741137,0.2270942612,2.8487066407,0.1148708791
