Instance,INF_avg,INF_sd,INF_r1,INF_kr,INF_sk,SUP_avg,SUP_sd,SUP_r1,SUP_kr,SUP_sk,INC_avg,INC_sd,INC_r1,INC_kr,INC_sk,IND_avg,IND_sd,IND_r1,IND_kr,IND_sk
197,0.252,0.0416653333,-0.2406015038,1.7513750557,0.605217524,0.202,0.0263818119,-0.5153538051,2.3953626635,0.9593861448,0.546,0.0624819974,-0.4678423237,1.1941010481,-0.3652199526,0.546,0.0624819974,-0.4678423237,1.1941010481,-0.3652199526
