Instance,INF_avg,INF_sd,INF_r1,INF_kr,INF_sk,SUP_avg,SUP_sd,SUP_r1,SUP_kr,SUP_sk,INC_avg,INC_sd,INC_r1,INC_kr,INC_sk,IND_avg,IND_sd,IND_r1,IND_kr,IND_sk
230,0.282,0.0493558507,-0.5063710944,4.0817863412,0.9230243139,0.182,0.0384187454,-0.4963404717,2.6469914293,0.3656751498,0.536,0.0668131724,-0.5042451089,2.5497745404,-0.3405419526,0.536,0.0668131724,-0.5042451089,2.5497745404,-0.3405419526
