Instance,INF_avg,INF_sd,INF_r1,INF_kr,INF_sk,SUP_avg,SUP_sd,SUP_r1,SUP_kr,SUP_sk,INC_avg,INC_sd,INC_r1,INC_kr,INC_sk,IND_avg,IND_sd,IND_r1,IND_kr,IND_sk
108,0.262,0.161728167,-0.0825673755,2.7305536831,0.3869015004,0.223,0.1455025773,0.0459430696,4.4590498724,0.8430737692,0.515,0.1669580786,-0.072915449,2.6874403266,-0.1606697462,0.515,0.1669580786,-0.072915449,2.6874403266,-0.1606697462
