Instance,INF_avg,INF_sd,INF_r1,INF_kr,INF_sk,SUP_avg,SUP_sd,SUP_r1,SUP_kr,SUP_sk,INC_avg,INC_sd,INC_r1,INC_kr,INC_sk,IND_avg,IND_sd,IND_r1,IND_kr,IND_sk
3,0.242,0.1415485782,0.1933190685,2.3153475272,0.1203694984,0.223,0.1455025773,-0.0219831983,2.9774270588,0.4340406378,0.535,0.1409787218,-0.0613306806,2.8813622879,0.1357089583,0.535,0.1409787218,-0.0613306806,2.8813622879,0.1357089583
