Instance,INF_avg,INF_sd,INF_r1,INF_kr,INF_sk,SUP_avg,SUP_sd,SUP_r1,SUP_kr,SUP_sk,INC_avg,INC_sd,INC_r1,INC_kr,INC_sk,IND_avg,IND_sd,IND_r1,IND_kr,IND_sk
69,0.3947933884,0.0911301782,0.8707253845,1.9837877677,0.0097064078,0.0949173554,0.0725052961,0.9247807632,2.7328502764,0.809174617,0.5102892562,0.0428253107,0.3953172312,2.8021282188,-0.083778874,0.5102892562,0.0428253107,0.3953172312,2.8021282188,-0.083778874
