Instance,INF_avg,INF_sd,INF_r1,INF_kr,INF_sk,SUP_avg,SUP_sd,SUP_r1,SUP_kr,SUP_sk,INC_avg,INC_sd,INC_r1,INC_kr,INC_sk,IND_avg,IND_sd,IND_r1,IND_kr,IND_sk
100,0.4366857143,0.0916617295,0.8082233232,2.166559105,-0.2148309942,0.0792857143,0.0548887558,0.8649786839,2.8381645924,0.8553755282,0.4840285714,0.051307747,0.425175577,2.3590331962,-0.1004379659,0.4840285714,0.051307747,0.425175577,2.3590331962,-0.1004379659
