Instance,INF_avg,INF_sd,INF_r1,INF_kr,INF_sk,SUP_avg,SUP_sd,SUP_r1,SUP_kr,SUP_sk,INC_avg,INC_sd,INC_r1,INC_kr,INC_sk,IND_avg,IND_sd,IND_r1,IND_kr,IND_sk
241,0.306,0.0930806102,0.1037908396,3.0563595532,0.643352642,0.182,0.0926066952,-0.1593318587,2.1047090805,-0.221688623,0.512,0.0886340792,-0.2276969369,2.5369097938,0.1083656317,0.512,0.0886340792,-0.2276969369,2.5369097938,0.1083656317
