Instance,INF_avg,INF_sd,INF_r1,INF_kr,INF_sk,SUP_avg,SUP_sd,SUP_r1,SUP_kr,SUP_sk,INC_avg,INC_sd,INC_r1,INC_kr,INC_sk,IND_avg,IND_sd,IND_r1,IND_kr,IND_sk
14,0.296,0.0585149554,-0.6610004857,2.2657437331,0.2932391967,0.418,0.0596322061,-0.446002965,5.117334602,-1.6913577282,0.286,0.0657571289,0.0419106031,2.6952953248,0.4429722699,0.286,0.0657571289,0.0419106031,2.6952953248,0.4429722699
