Instance,INF_avg,INF_sd,INF_r1,INF_kr,INF_sk,SUP_avg,SUP_sd,SUP_r1,SUP_kr,SUP_sk,INC_avg,INC_sd,INC_r1,INC_kr,INC_sk,IND_avg,IND_sd,IND_r1,IND_kr,IND_sk
46,0.206,0.0397994975,0.0378548896,2.7093663912,-0.1301980806,0.3272,0.0459147035,0.0791922706,2.6177322045,-0.5164442833,0.4668,0.0531954885,0.09479026,2.4979410514,0.6632442382,0.4668,0.0531954885,0.09479026,2.4979410514,0.6632442382
