Instance,INF_avg,INF_sd,INF_r1,INF_kr,INF_sk,SUP_avg,SUP_sd,SUP_r1,SUP_kr,SUP_sk,INC_avg,INC_sd,INC_r1,INC_kr,INC_sk,IND_avg,IND_sd,IND_r1,IND_kr,IND_sk
88,0.284,0.1046135746,0.1618644577,1.9784949856,-0.0703927297,0.268,0.0968297475,-0.2391371396,2.7745831343,0.4437435592,0.448,0.1410531815,-0.1443376639,2.7074531836,-0.2906277491,0.448,0.1410531815,-0.1443376639,2.7074531836,-0.2906277491
