Instance,INF_avg,INF_sd,INF_r1,INF_kr,INF_sk,SUP_avg,SUP_sd,SUP_r1,SUP_kr,SUP_sk,INC_avg,INC_sd,INC_r1,INC_kr,INC_sk,IND_avg,IND_sd,IND_r1,IND_kr,IND_sk
285,0.2516,0.0504126968,0.315011753,5.7263666049,1.2903208143,0.2516,0.0453148982,-0.0541011511,3.0622112634,0.3161627254,0.4968,0.0661344086,0.1131995741,2.5590119305,-0.1279805157,0.4968,0.0661344086,0.1131995741,2.5590119305,-0.1279805157
