Instance,INF_avg,INF_sd,INF_r1,INF_kr,INF_sk,SUP_avg,SUP_sd,SUP_r1,SUP_kr,SUP_sk,INC_avg,INC_sd,INC_r1,INC_kr,INC_sk,IND_avg,IND_sd,IND_r1,IND_kr,IND_sk
116,0.16,0.0734846923,-0.5476190476,1.5781893004,-0.3477670622,0.305,0.0687386354,-0.7081260365,1.6275300244,-0.4110347562,0.535,0.0502493781,-0.3986013986,2.2249779433,-0.55564453,0.535,0.0502493781,-0.3986013986,2.2249779433,-0.55564453
