Instance,INF_avg,INF_sd,INF_r1,INF_kr,INF_sk,SUP_avg,SUP_sd,SUP_r1,SUP_kr,SUP_sk,INC_avg,INC_sd,INC_r1,INC_kr,INC_sk,IND_avg,IND_sd,IND_r1,IND_kr,IND_sk
235,0.16,0.1019803903,0.1975308642,1.9556213018,-0.2715454179,0.18,0.1166190379,-0.8181818182,1.6280276817,-0.3631734744,0.66,0.1356465997,-0.2443438914,2.3638941399,0.7500308204,0.66,0.1356465997,-0.2443438914,2.3638941399,0.7500308204
