Instance,INF_avg,INF_sd,INF_r1,INF_kr,INF_sk,SUP_avg,SUP_sd,SUP_r1,SUP_kr,SUP_sk,INC_avg,INC_sd,INC_r1,INC_kr,INC_sk,IND_avg,IND_sd,IND_r1,IND_kr,IND_sk
266,0.3526315789,0.122982331,-0.1943068105,3.0522682446,0.1091064113,0.1736842105,0.0908561921,0.0319265253,1.8700283771,0.1212998304,0.4736842105,0.140832507,-0.4204789684,2.0841499953,-0.2054402601,0.4736842105,0.140832507,-0.4204789684,2.0841499953,-0.2054402601
