Instance,INF_avg,INF_sd,INF_r1,INF_kr,INF_sk,SUP_avg,SUP_sd,SUP_r1,SUP_kr,SUP_sk,INC_avg,INC_sd,INC_r1,INC_kr,INC_sk,IND_avg,IND_sd,IND_r1,IND_kr,IND_sk
175,0.29,0.0969535971,-0.8691588785,1.815527388,0.6122692079,0.25,0.1303840481,-0.5,1.6003460208,0.4060402882,0.46,0.08,0.1373239437,1.4189453125,-0.03515625,0.46,0.08,0.1373239437,1.4189453125,-0.03515625
