Instance,INF_avg,INF_sd,INF_r1,INF_kr,INF_sk,SUP_avg,SUP_sd,SUP_r1,SUP_kr,SUP_sk,INC_avg,INC_sd,INC_r1,INC_kr,INC_sk,IND_avg,IND_sd,IND_r1,IND_kr,IND_sk
202,0.3969491525,0.1037803129,0.7885866401,2.1418381805,0.0666239103,0.1205649718,0.0748536615,0.7758376936,2.4656926571,0.5475409255,0.4824858757,0.0545296382,0.2749890826,2.9346552878,-0.1190173979,0.4824858757,0.0545296382,0.2749890826,2.9346552878,-0.1190173979
