Instance,INF_avg,INF_sd,INF_r1,INF_kr,INF_sk,SUP_avg,SUP_sd,SUP_r1,SUP_kr,SUP_sk,INC_avg,INC_sd,INC_r1,INC_kr,INC_sk,IND_avg,IND_sd,IND_r1,IND_kr,IND_sk
93,0.259,0.0931074648,-0.0330299636,2.7557353998,0.2945033868,0.2245,0.0887397881,-0.2136620218,3.3117436468,0.4833256833,0.5165,0.1122619704,-0.0297996014,2.7620781016,-0.2294148004,0.5165,0.1122619704,-0.0297996014,2.7620781016,-0.2294148004
