Instance,INF_avg,INF_sd,INF_r1,INF_kr,INF_sk,SUP_avg,SUP_sd,SUP_r1,SUP_kr,SUP_sk,INC_avg,INC_sd,INC_r1,INC_kr,INC_sk,IND_avg,IND_sd,IND_r1,IND_kr,IND_sk
178,0.234,0.0283548938,0.0952059419,1.8934432316,0.5390103811,0.252,0.042142615,0.0150801131,2.0036523009,-0.107742259,0.514,0.0529528092,0.4593157242,1.797100535,0.098922629,0.514,0.0529528092,0.4593157242,1.797100535,0.098922629
