Instance,INF_avg,INF_sd,INF_r1,INF_kr,INF_sk,SUP_avg,SUP_sd,SUP_r1,SUP_kr,SUP_sk,INC_avg,INC_sd,INC_r1,INC_kr,INC_sk,IND_avg,IND_sd,IND_r1,IND_kr,IND_sk
284,0.2668,0.0512031249,-0.0899987906,2.1882349442,-0.2812700219,0.2608,0.0529089784,-0.2549405477,2.9329649638,0.6762552145,0.4724,0.0524808537,-0.0819519023,3.4507278094,-0.044307018,0.4724,0.0524808537,-0.0819519023,3.4507278094,-0.044307018
