Instance,INF_avg,INF_sd,INF_r1,INF_kr,INF_sk,SUP_avg,SUP_sd,SUP_r1,SUP_kr,SUP_sk,INC_avg,INC_sd,INC_r1,INC_kr,INC_sk,IND_avg,IND_sd,IND_r1,IND_kr,IND_sk
133,0.2434,0.0427836417,-0.0021663396,2.8629786271,0.6128008876,0.2554,0.0444616689,-0.0110906602,3.4335758984,0.2038570143,0.5012,0.0458972766,-0.1930767874,4.3397882757,-0.9050526125,0.5012,0.0458972766,-0.1930767874,4.3397882757,-0.9050526125
