Instance,INF_avg,INF_sd,INF_r1,INF_kr,INF_sk,SUP_avg,SUP_sd,SUP_r1,SUP_kr,SUP_sk,INC_avg,INC_sd,INC_r1,INC_kr,INC_sk,IND_avg,IND_sd,IND_r1,IND_kr,IND_sk
139,0.2554,0.0522191536,0.4144636651,3.0451658427,0.2014682762,0.2475,0.0477571984,0.3847009426,2.625781714,0.3438347701,0.4971,0.0532032894,0.2324536247,3.1371157811,-0.011948987,0.4971,0.0532032894,0.2324536247,3.1371157811,-0.011948987
