Instance,INF_avg,INF_sd,INF_r1,INF_kr,INF_sk,SUP_avg,SUP_sd,SUP_r1,SUP_kr,SUP_sk,INC_avg,INC_sd,INC_r1,INC_kr,INC_sk,IND_avg,IND_sd,IND_r1,IND_kr,IND_sk
267,0.2511,0.0323154762,0.0833304247,2.7442936853,0.2413570837,0.2472,0.0393593699,0.2314606952,4.624041467,0.3646621518,0.5017,0.0397568862,-0.0051608448,3.3924222233,-0.0980826076,0.5017,0.0397568862,-0.0051608448,3.3924222233,-0.0980826076
