Instance,INF_avg,INF_sd,INF_r1,INF_kr,INF_sk,SUP_avg,SUP_sd,SUP_r1,SUP_kr,SUP_sk,INC_avg,INC_sd,INC_r1,INC_kr,INC_sk,IND_avg,IND_sd,IND_r1,IND_kr,IND_sk
237,0.2302,0.0287047034,-0.1756587653,3.1472853521,0.4137413966,0.2742,0.0332619903,0.2932677753,2.8403222907,-0.1497082495,0.4956,0.0352085217,0.0414644011,3.2724500719,0.0880594218,0.4956,0.0352085217,0.0414644011,3.2724500719,0.0880594218
