Instance,INF_avg,INF_sd,INF_r1,INF_kr,INF_sk,SUP_avg,SUP_sd,SUP_r1,SUP_kr,SUP_sk,INC_avg,INC_sd,INC_r1,INC_kr,INC_sk,IND_avg,IND_sd,IND_r1,IND_kr,IND_sk
16,0.26695,0.0410359294,0.3515607198,2.5145285061,-0.1441305202,0.28845,0.050118335,0.5377937963,2.5218476279,0.2457316666,0.4446,0.0458349212,0.3727290526,3.4221476489,-0.4659421811,0.4446,0.0458349212,0.3727290526,3.4221476489,-0.4659421811
