Instance,INF_avg,INF_sd,INF_r1,INF_kr,INF_sk,SUP_avg,SUP_sd,SUP_r1,SUP_kr,SUP_sk,INC_avg,INC_sd,INC_r1,INC_kr,INC_sk,IND_avg,IND_sd,IND_r1,IND_kr,IND_sk
207,0.265,0.0776208735,-0.1468094601,1.8363492364,0.2950825376,0.37,0.0871779789,0.4839449541,3.3798476454,0.1675338583,0.365,0.0708872344,0.4733288319,1.8934432316,-0.5390103811,0.365,0.0708872344,0.4733288319,1.8934432316,-0.5390103811
