Instance,INF_avg,INF_sd,INF_r1,INF_kr,INF_sk,SUP_avg,SUP_sd,SUP_r1,SUP_kr,SUP_sk,INC_avg,INC_sd,INC_r1,INC_kr,INC_sk,IND_avg,IND_sd,IND_r1,IND_kr,IND_sk
115,0.255,0.0391024296,-0.0631337913,2.0459154408,-0.0180639419,0.2556,0.0389953843,-0.0742682062,4.8994682994,0.8465324587,0.4894,0.0420195193,-0.2335499747,3.6049314042,-0.5305421074,0.4894,0.0420195193,-0.2335499747,3.6049314042,-0.5305421074
