Instance,INF_avg,INF_sd,INF_r1,INF_kr,INF_sk,SUP_avg,SUP_sd,SUP_r1,SUP_kr,SUP_sk,INC_avg,INC_sd,INC_r1,INC_kr,INC_sk,IND_avg,IND_sd,IND_r1,IND_kr,IND_sk
186,0.2807692308,0.1010301964,-0.2451156524,2.5183238815,0.6432064856,0.1923076923,0.1034894157,-0.1397569444,2.8781935838,0.2060485292,0.5269230769,0.10490909,-0.195307546,2.9132414152,0.0709582815,0.5269230769,0.10490909,-0.195307546,2.9132414152,0.0709582815
