Instance,INF_avg,INF_sd,INF_r1,INF_kr,INF_sk,SUP_avg,SUP_sd,SUP_r1,SUP_kr,SUP_sk,INC_avg,INC_sd,INC_r1,INC_kr,INC_sk,IND_avg,IND_sd,IND_r1,IND_kr,IND_sk
263,0.2416,0.0649726096,0.1435614744,3.7256371909,0.5759594553,0.2644,0.063282225,0.0912289447,3.1293756009,0.4723083154,0.494,0.0777946014,0.0393608988,2.5632292767,0.3857837995,0.494,0.0777946014,0.0393608988,2.5632292767,0.3857837995
