Instance,INF_avg,INF_sd,INF_r1,INF_kr,INF_sk,SUP_avg,SUP_sd,SUP_r1,SUP_kr,SUP_sk,INC_avg,INC_sd,INC_r1,INC_kr,INC_sk,IND_avg,IND_sd,IND_r1,IND_kr,IND_sk
284,0.34,0.0663324958,-0.1111111111,2.2169421488,0.3700366502,0.18,0.081240384,-0.2883435583,2.2685950413,-0.1790421687,0.48,0.092736185,-0.2835249042,1.509194159,-0.1579875514,0.48,0.092736185,-0.2835249042,1.509194159,-0.1579875514
