Instance,INF_avg,INF_sd,INF_r1,INF_kr,INF_sk,SUP_avg,SUP_sd,SUP_r1,SUP_kr,SUP_sk,INC_avg,INC_sd,INC_r1,INC_kr,INC_sk,IND_avg,IND_sd,IND_r1,IND_kr,IND_sk
15,0.3297297297,0.1291654394,0.1982715431,2.4994548232,0.4699595907,0.2081081081,0.1199738223,0.2648832852,2.2438806383,0.278208986,0.4621621622,0.112949047,-0.0414909827,2.2710383755,-0.2609804029,0.4621621622,0.112949047,-0.0414909827,2.2710383755,-0.2609804029
