Instance,INF_avg,INF_sd,INF_r1,INF_kr,INF_sk,SUP_avg,SUP_sd,SUP_r1,SUP_kr,SUP_sk,INC_avg,INC_sd,INC_r1,INC_kr,INC_sk,IND_avg,IND_sd,IND_r1,IND_kr,IND_sk
104,0.2549,0.0347489568,-0.1373392843,2.8995952486,0.1958994375,0.2797,0.0331422691,-0.1002804879,2.7223260164,-0.3999281417,0.4654,0.0300805585,0.1017595886,2.9024244572,0.6989515507,0.4654,0.0300805585,0.1017595886,2.9024244572,0.6989515507
