Instance,INF_avg,INF_sd,INF_r1,INF_kr,INF_sk,SUP_avg,SUP_sd,SUP_r1,SUP_kr,SUP_sk,INC_avg,INC_sd,INC_r1,INC_kr,INC_sk,IND_avg,IND_sd,IND_r1,IND_kr,IND_sk
44,0.26,0.0473286383,-0.3214285714,2.6658163265,-0.5885895703,0.224,0.052,-0.2007168459,3.0852211057,0.8384160218,0.516,0.0463033476,-0.4350453172,3.4017598574,0.7271967045,0.516,0.0463033476,-0.4350453172,3.4017598574,0.7271967045
