Instance,INF_avg,INF_sd,INF_r1,INF_kr,INF_sk,SUP_avg,SUP_sd,SUP_r1,SUP_kr,SUP_sk,INC_avg,INC_sd,INC_r1,INC_kr,INC_sk,IND_avg,IND_sd,IND_r1,IND_kr,IND_sk
61,0.2394,0.0286817015,0.1631170073,2.5479283501,0.3545695734,0.3224,0.0297025251,0.0580253792,3.2943974493,0.3672634112,0.4382,0.0294237999,0.1392857432,2.3092803522,-0.3821183752,0.4382,0.0294237999,0.1392857432,2.3092803522,-0.3821183752
