Instance,INF_avg,INF_sd,INF_r1,INF_kr,INF_sk,SUP_avg,SUP_sd,SUP_r1,SUP_kr,SUP_sk,INC_avg,INC_sd,INC_r1,INC_kr,INC_sk,IND_avg,IND_sd,IND_r1,IND_kr,IND_sk
171,0.268,0.0422374242,0.0209586213,3.0946178286,0.4046631297,0.2556,0.0481522585,-0.0105054521,2.6704459524,0.288686796,0.4764,0.0512936643,0.2051394195,3.1259491942,-0.1816752843,0.4764,0.0512936643,0.2051394195,3.1259491942,-0.1816752843
