Instance,INF_avg,INF_sd,INF_r1,INF_kr,INF_sk,SUP_avg,SUP_sd,SUP_r1,SUP_kr,SUP_sk,INC_avg,INC_sd,INC_r1,INC_kr,INC_sk,IND_avg,IND_sd,IND_r1,IND_kr,IND_sk
296,0.256,0.1022936948,0.0722626163,2.1125483966,-0.2462329026,0.234,0.0659090282,-0.2951767354,2.3957703774,0.0789636872,0.51,0.1148912529,0.1845293569,2.6480716253,0.0316504829,0.51,0.1148912529,0.1845293569,2.6480716253,0.0316504829
