Instance,INF_avg,INF_sd,INF_r1,INF_kr,INF_sk,SUP_avg,SUP_sd,SUP_r1,SUP_kr,SUP_sk,INC_avg,INC_sd,INC_r1,INC_kr,INC_sk,IND_avg,IND_sd,IND_r1,IND_kr,IND_sk
229,0.244,0.121095004,-0.1079340433,3.3500981729,0.6640442293,0.281,0.145392572,0.081210949,2.4002695863,0.1177118803,0.475,0.1409787218,-0.1223655237,2.4700367865,-0.0655792796,0.475,0.1409787218,-0.1223655237,2.4700367865,-0.0655792796
