Instance,INF_avg,INF_sd,INF_r1,INF_kr,INF_sk,SUP_avg,SUP_sd,SUP_r1,SUP_kr,SUP_sk,INC_avg,INC_sd,INC_r1,INC_kr,INC_sk,IND_avg,IND_sd,IND_r1,IND_kr,IND_sk
285,0.2805,0.052141634,0.3126761513,2.6710690702,0.094326634,0.2523,0.054751347,0.3380856157,3.8410973113,0.6879580549,0.4672,0.0528408933,0.0341650873,2.4130112413,-0.0392022166,0.4672,0.0528408933,0.0341650873,2.4130112413,-0.0392022166
