Instance,INF_avg,INF_sd,INF_r1,INF_kr,INF_sk,SUP_avg,SUP_sd,SUP_r1,SUP_kr,SUP_sk,INC_avg,INC_sd,INC_r1,INC_kr,INC_sk,IND_avg,IND_sd,IND_r1,IND_kr,IND_sk
188,0.197,0.0419642705,0.0510865203,1.7025898054,0.3000849251,0.245,0.039306488,-0.3095623987,2.1502183681,0.3556812941,0.558,0.0315594677,0.1572352466,1.7200851599,0.1840090896,0.558,0.0315594677,0.1572352466,1.7200851599,0.1840090896
