Instance,INF_avg,INF_sd,INF_r1,INF_kr,INF_sk,SUP_avg,SUP_sd,SUP_r1,SUP_kr,SUP_sk,INC_avg,INC_sd,INC_r1,INC_kr,INC_sk,IND_avg,IND_sd,IND_r1,IND_kr,IND_sk
236,0.25,0.0894427191,-0.0714285714,1.953125,-0.0,0.165,0.0895823643,-0.0742260351,2.1329082598,-0.3505362846,0.585,0.1245993579,-0.0853088212,3.1292756735,-1.091033142,0.585,0.1245993579,-0.0853088212,3.1292756735,-1.091033142
