Instance,INF_avg,INF_sd,INF_r1,INF_kr,INF_sk,SUP_avg,SUP_sd,SUP_r1,SUP_kr,SUP_sk,INC_avg,INC_sd,INC_r1,INC_kr,INC_sk,IND_avg,IND_sd,IND_r1,IND_kr,IND_sk
274,0.21,0.0340587727,-0.1845794393,2.1702214625,-0.0360684833,0.28,0.0438178046,0.5193370166,1.6973876953,-0.343218074,0.51,0.0533385414,-0.0331125828,2.8174332301,-0.7210961041,0.51,0.0533385414,-0.0331125828,2.8174332301,-0.7210961041
