Instance,INF_avg,INF_sd,INF_r1,INF_kr,INF_sk,SUP_avg,SUP_sd,SUP_r1,SUP_kr,SUP_sk,INC_avg,INC_sd,INC_r1,INC_kr,INC_sk,IND_avg,IND_sd,IND_r1,IND_kr,IND_sk
193,0.255,0.0906917857,-0.3963810174,1.4724272688,0.1528273179,0.24,0.08,-0.3701923077,2.1879882813,0.474609375,0.505,0.0687386354,0.0842283776,3.1056521374,-0.8728715609,0.505,0.0687386354,0.0842283776,3.1056521374,-0.8728715609
