Instance,INF_avg,INF_sd,INF_r1,INF_kr,INF_sk,SUP_avg,SUP_sd,SUP_r1,SUP_kr,SUP_sk,INC_avg,INC_sd,INC_r1,INC_kr,INC_sk,IND_avg,IND_sd,IND_r1,IND_kr,IND_sk
254,0.28,0.0871779789,0.0872328134,2.824099723,0.4437383274,0.26,0.1104536102,-0.0811721118,2.0592582639,0.0356206214,0.46,0.1067707825,-0.2191249118,3.2673130194,-0.014788197,0.46,0.1067707825,-0.2191249118,3.2673130194,-0.014788197
