Instance,INF_avg,INF_sd,INF_r1,INF_kr,INF_sk,SUP_avg,SUP_sd,SUP_r1,SUP_kr,SUP_sk,INC_avg,INC_sd,INC_r1,INC_kr,INC_sk,IND_avg,IND_sd,IND_r1,IND_kr,IND_sk
114,0.262,0.074,-0.2770960394,1.9597126394,0.3354589067,0.198,0.0315594677,0.1116645911,2.2789471138,0.6230349258,0.54,0.0753657747,-0.3309859155,2.1116841896,-0.3027488471,0.54,0.0753657747,-0.3309859155,2.1116841896,-0.3027488471
