Instance,INF_avg,INF_sd,INF_r1,INF_kr,INF_sk,SUP_avg,SUP_sd,SUP_r1,SUP_kr,SUP_sk,INC_avg,INC_sd,INC_r1,INC_kr,INC_sk,IND_avg,IND_sd,IND_r1,IND_kr,IND_sk
276,0.172,0.0872696969,-0.3232514178,2.2852023162,-0.1479042953,0.276,0.1449965517,0.0719935978,2.7664039532,0.7372872551,0.552,0.144554488,-0.0423175727,2.1747559268,-0.159035396,0.552,0.144554488,-0.0423175727,2.1747559268,-0.159035396
