Instance,INF_avg,INF_sd,INF_r1,INF_kr,INF_sk,SUP_avg,SUP_sd,SUP_r1,SUP_kr,SUP_sk,INC_avg,INC_sd,INC_r1,INC_kr,INC_sk,IND_avg,IND_sd,IND_r1,IND_kr,IND_sk
9,0.243,0.0842674314,0.113122794,2.0926439072,-0.1053438964,0.358,0.1006777036,-0.1322193884,2.4641640851,0.0746950518,0.399,0.1007422454,-0.0325469062,2.8693163266,0.0566765717,0.399,0.1007422454,-0.0325469062,2.8693163266,0.0566765717
