Instance,INF_avg,INF_sd,INF_r1,INF_kr,INF_sk,SUP_avg,SUP_sd,SUP_r1,SUP_kr,SUP_sk,INC_avg,INC_sd,INC_r1,INC_kr,INC_sk,IND_avg,IND_sd,IND_r1,IND_kr,IND_sk
21,0.215,0.0706753139,0.2055994763,3.3118012908,0.3592115263,0.2726,0.0859606887,0.4155406257,3.2039427172,0.4869868801,0.5124,0.0722650676,0.015059736,2.9198764857,0.2055882976,0.5124,0.0722650676,0.015059736,2.9198764857,0.2055882976
