Instance,INF_avg,INF_sd,INF_r1,INF_kr,INF_sk,SUP_avg,SUP_sd,SUP_r1,SUP_kr,SUP_sk,INC_avg,INC_sd,INC_r1,INC_kr,INC_sk,IND_avg,IND_sd,IND_r1,IND_kr,IND_sk
60,0.2744,0.0638798873,0.2580144525,4.0624823385,0.8406401808,0.2448,0.0655512014,0.4839641063,2.9434749206,-0.2541505654,0.4808,0.0599946664,-0.0965785387,4.0536880019,0.9172863766,0.4808,0.0599946664,-0.0965785387,4.0536880019,0.9172863766
