Instance,INF_avg,INF_sd,INF_r1,INF_kr,INF_sk,SUP_avg,SUP_sd,SUP_r1,SUP_kr,SUP_sk,INC_avg,INC_sd,INC_r1,INC_kr,INC_sk,IND_avg,IND_sd,IND_r1,IND_kr,IND_sk
244,0.232,0.0401995025,-0.5723663645,1.6799946084,0.2693250415,0.255,0.0294108823,-0.3855072464,1.3079287647,-0.0,0.513,0.0560446251,-0.4107898325,1.9948808424,0.2329294066,0.513,0.0560446251,-0.4107898325,1.9948808424,0.2329294066
