Instance,INF_avg,INF_sd,INF_r1,INF_kr,INF_sk,SUP_avg,SUP_sd,SUP_r1,SUP_kr,SUP_sk,INC_avg,INC_sd,INC_r1,INC_kr,INC_sk,IND_avg,IND_sd,IND_r1,IND_kr,IND_sk
247,0.27,0.0483735465,-0.1567567568,1.8836291913,0.0848100749,0.24,0.0626099034,-0.3414634146,1.5389421075,0.0195574459,0.49,0.0621288983,-0.412987013,1.9282396843,-0.1300989037,0.49,0.0621288983,-0.412987013,1.9282396843,-0.1300989037
