Instance,INF_avg,INF_sd,INF_r1,INF_kr,INF_sk,SUP_avg,SUP_sd,SUP_r1,SUP_kr,SUP_sk,INC_avg,INC_sd,INC_r1,INC_kr,INC_sk,IND_avg,IND_sd,IND_r1,IND_kr,IND_sk
195,0.2595,0.0862249964,0.0342525744,2.3077192402,0.17315388,0.2445,0.0982076881,0.0754524819,2.8785724108,0.3278700251,0.496,0.1167647207,-0.0862538603,2.998906663,-0.0730717195,0.496,0.1167647207,-0.0862538603,2.998906663,-0.0730717195
