Instance,INF_avg,INF_sd,INF_r1,INF_kr,INF_sk,SUP_avg,SUP_sd,SUP_r1,SUP_kr,SUP_sk,INC_avg,INC_sd,INC_r1,INC_kr,INC_sk,IND_avg,IND_sd,IND_r1,IND_kr,IND_sk
64,0.2378,0.0274255355,-0.0259743014,2.8388318987,0.2021439305,0.2646,0.0394187773,-0.058226275,2.270705433,-0.0329030603,0.4976,0.0438889508,-0.3600460592,2.7034435462,0.1911831943,0.4976,0.0438889508,-0.3600460592,2.7034435462,0.1911831943
