Instance,INF_avg,INF_sd,INF_r1,INF_kr,INF_sk,SUP_avg,SUP_sd,SUP_r1,SUP_kr,SUP_sk,INC_avg,INC_sd,INC_r1,INC_kr,INC_sk,IND_avg,IND_sd,IND_r1,IND_kr,IND_sk
228,0.24,0.0969535971,-0.2511101243,2.7492077863,-0.1283790275,0.276,0.1006180898,-0.307888866,2.1662818428,-0.080741561,0.484,0.1124455424,-0.1316473372,4.4971819733,0.6231762773,0.484,0.1124455424,-0.1316473372,4.4971819733,0.6231762773
