Instance,INF_avg,INF_sd,INF_r1,INF_kr,INF_sk,SUP_avg,SUP_sd,SUP_r1,SUP_kr,SUP_sk,INC_avg,INC_sd,INC_r1,INC_kr,INC_sk,IND_avg,IND_sd,IND_r1,IND_kr,IND_sk
184,0.2607142857,0.0941981917,-0.102935336,2.4484481821,0.0098100385,0.2357142857,0.0847164137,0.0805146296,3.0819388603,-0.2823151034,0.5035714286,0.112542509,0.0478073065,3.0747041983,0.5248740041,0.5035714286,0.112542509,0.0478073065,3.0747041983,0.5248740041
