Instance,INF_avg,INF_sd,INF_r1,INF_kr,INF_sk,SUP_avg,SUP_sd,SUP_r1,SUP_kr,SUP_sk,INC_avg,INC_sd,INC_r1,INC_kr,INC_sk,IND_avg,IND_sd,IND_r1,IND_kr,IND_sk
278,0.3132,0.0565133613,0.0510126072,2.3182271132,-0.1629610818,0.2996,0.0493947366,-0.0067558349,2.4241243983,0.0866933575,0.3872,0.0610258961,-0.0561812874,3.5354777466,0.3118090078,0.3872,0.0610258961,-0.0561812874,3.5354777466,0.3118090078
