Instance,INF_avg,INF_sd,INF_r1,INF_kr,INF_sk,SUP_avg,SUP_sd,SUP_r1,SUP_kr,SUP_sk,INC_avg,INC_sd,INC_r1,INC_kr,INC_sk,IND_avg,IND_sd,IND_r1,IND_kr,IND_sk
276,0.272,0.0299332591,-0.3768115942,1.8469387755,0.3436215967,0.276,0.0512249939,-0.162178892,2.4610815735,0.9995358831,0.452,0.0411825206,0.052026013,1.8732867569,-0.0914016649,0.452,0.0411825206,0.052026013,1.8732867569,-0.0914016649
