Instance,INF_avg,INF_sd,INF_r1,INF_kr,INF_sk,SUP_avg,SUP_sd,SUP_r1,SUP_kr,SUP_sk,INC_avg,INC_sd,INC_r1,INC_kr,INC_sk,IND_avg,IND_sd,IND_r1,IND_kr,IND_sk
31,0.216,0.0542586399,0.2073170732,2.5366847826,0.0613005959,0.284,0.0605309838,0.8080043267,1.3753932991,-0.2346050315,0.5,0.0638748777,0.1397849462,2.9123414072,0.7367344601,0.5,0.0638748777,0.1397849462,2.9123414072,0.7367344601
