Instance,INF_avg,INF_sd,INF_r1,INF_kr,INF_sk,SUP_avg,SUP_sd,SUP_r1,SUP_kr,SUP_sk,INC_avg,INC_sd,INC_r1,INC_kr,INC_sk,IND_avg,IND_sd,IND_r1,IND_kr,IND_sk
38,0.245,0.0928708781,0.1851937737,3.3535223693,0.3988707657,0.3045,0.1081884929,0.2798960118,2.0652258081,0.1623956581,0.4505,0.1194769852,0.3756766618,2.8604835776,-0.3548289634,0.4505,0.1194769852,0.3756766618,2.8604835776,-0.3548289634
