Instance,INF_avg,INF_sd,INF_r1,INF_kr,INF_sk,SUP_avg,SUP_sd,SUP_r1,SUP_kr,SUP_sk,INC_avg,INC_sd,INC_r1,INC_kr,INC_sk,IND_avg,IND_sd,IND_r1,IND_kr,IND_sk
18,0.2896,0.0415191522,0.165643877,3.541478242,0.6252226755,0.1956,0.046825634,0.0716480021,2.2382295606,-0.1119292024,0.5148,0.0544147039,0.465585877,3.0449716543,0.7744027345,0.5148,0.0544147039,0.465585877,3.0449716543,0.7744027345
