Instance,INF_avg,INF_sd,INF_r1,INF_kr,INF_sk,SUP_avg,SUP_sd,SUP_r1,SUP_kr,SUP_sk,INC_avg,INC_sd,INC_r1,INC_kr,INC_sk,IND_avg,IND_sd,IND_r1,IND_kr,IND_sk
111,0.39,0.1813835715,-0.4459333126,1.9602276402,0.0482612583,0.18,0.1661324773,0.0421792619,1.3793320731,0.3192842191,0.43,0.2368543856,-0.1376585187,2.2646629872,-0.3142796046,0.43,0.2368543856,-0.1376585187,2.2646629872,-0.3142796046
