Instance,INF_avg,INF_sd,INF_r1,INF_kr,INF_sk,SUP_avg,SUP_sd,SUP_r1,SUP_kr,SUP_sk,INC_avg,INC_sd,INC_r1,INC_kr,INC_sk,IND_avg,IND_sd,IND_r1,IND_kr,IND_sk
268,0.35,0.1284523258,0.0153846154,5.7162534435,1.8400884135,0.15,0.1360147051,0.5342465753,1.8882395909,0.4768959711,0.5,0.1264911064,-0.125,2.03125,-0.2964635306,0.5,0.1264911064,-0.125,2.03125,-0.2964635306
