Instance,INF_avg,INF_sd,INF_r1,INF_kr,INF_sk,SUP_avg,SUP_sd,SUP_r1,SUP_kr,SUP_sk,INC_avg,INC_sd,INC_r1,INC_kr,INC_sk,IND_avg,IND_sd,IND_r1,IND_kr,IND_sk
200,0.3112,0.0662311105,0.121074945,2.5099199367,-0.0209045956,0.1472,0.0694849624,0.4533179552,3.6237423376,0.6351962186,0.5416,0.0688,0.1378283158,3.1991762609,-0.1326675639,0.5416,0.0688,0.1378283158,3.1991762609,-0.1326675639
