Instance,INF_avg,INF_sd,INF_r1,INF_kr,INF_sk,SUP_avg,SUP_sd,SUP_r1,SUP_kr,SUP_sk,INC_avg,INC_sd,INC_r1,INC_kr,INC_sk,IND_avg,IND_sd,IND_r1,IND_kr,IND_sk
185,0.2780555556,0.0629955662,0.1248828848,2.5510875182,-0.0358189022,0.1941666667,0.0679409466,0.0703637799,3.6836954785,-0.1276156413,0.5277777778,0.0779284255,0.0087256281,2.366470384,0.0442496688,0.5277777778,0.0779284255,0.0087256281,2.366470384,0.0442496688
