Instance,INF_avg,INF_sd,INF_r1,INF_kr,INF_sk,SUP_avg,SUP_sd,SUP_r1,SUP_kr,SUP_sk,INC_avg,INC_sd,INC_r1,INC_kr,INC_sk,IND_avg,IND_sd,IND_r1,IND_kr,IND_sk
18,0.2777,0.0439739696,0.2128757633,2.6655777459,-0.1892824202,0.257,0.0455960525,0.2441712243,2.5353396537,0.1419707217,0.4653,0.0503081504,-0.0021108349,2.3341381697,-0.0312612092,0.4653,0.0503081504,-0.0021108349,2.3341381697,-0.0312612092
