Instance,INF_avg,INF_sd,INF_r1,INF_kr,INF_sk,SUP_avg,SUP_sd,SUP_r1,SUP_kr,SUP_sk,INC_avg,INC_sd,INC_r1,INC_kr,INC_sk,IND_avg,IND_sd,IND_r1,IND_kr,IND_sk
164,0.2364,0.0265902238,-0.043350357,2.1831909845,-0.0373563222,0.2722,0.0273342276,0.0598067451,2.3725757147,-0.0637468224,0.4914,0.0323734459,-0.1639648293,2.7232752967,-0.4307423078,0.4914,0.0323734459,-0.1639648293,2.7232752967,-0.4307423078
