Instance,INF_avg,INF_sd,INF_r1,INF_kr,INF_sk,SUP_avg,SUP_sd,SUP_r1,SUP_kr,SUP_sk,INC_avg,INC_sd,INC_r1,INC_kr,INC_sk,IND_avg,IND_sd,IND_r1,IND_kr,IND_sk
76,0.2196,0.0539058438,0.1622228018,3.1257985763,0.2974115767,0.276,0.0556956013,0.0863390238,3.091996553,0.3343679494,0.5044,0.0529966037,-0.1012110273,2.8002469218,-0.0451414517,0.5044,0.0529966037,-0.1012110273,2.8002469218,-0.0451414517
