Instance,INF_avg,INF_sd,INF_r1,INF_kr,INF_sk,SUP_avg,SUP_sd,SUP_r1,SUP_kr,SUP_sk,INC_avg,INC_sd,INC_r1,INC_kr,INC_sk,IND_avg,IND_sd,IND_r1,IND_kr,IND_sk
192,0.4345035461,0.1186587349,0.8853823586,2.0997417844,-0.2508466265,0.0917021277,0.0769240894,0.9111526175,2.7982640998,0.9461737273,0.4737943262,0.056452141,0.5095867636,2.4049365196,-0.3959046996,0.4737943262,0.056452141,0.5095867636,2.4049365196,-0.3959046996
