Instance,INF_avg,INF_sd,INF_r1,INF_kr,INF_sk,SUP_avg,SUP_sd,SUP_r1,SUP_kr,SUP_sk,INC_avg,INC_sd,INC_r1,INC_kr,INC_sk,IND_avg,IND_sd,IND_r1,IND_kr,IND_sk
49,0.2884,0.0577012998,0.1344392572,2.8612416244,0.1523343325,0.2076,0.0599853315,0.0357010482,4.3553432195,0.7083024694,0.504,0.066693328,0.0659699543,3.2556027121,0.3236115884,0.504,0.066693328,0.0659699543,3.2556027121,0.3236115884
