Instance,INF_avg,INF_sd,INF_r1,INF_kr,INF_sk,SUP_avg,SUP_sd,SUP_r1,SUP_kr,SUP_sk,INC_avg,INC_sd,INC_r1,INC_kr,INC_sk,IND_avg,IND_sd,IND_r1,IND_kr,IND_sk
250,0.236,0.038,-0.6001388407,2.015692022,-0.4010788745,0.283,0.0249198716,-0.1686414543,2.1210841171,0.2768293047,0.481,0.0413400532,-0.7996858404,2.3627561517,0.5233109838,0.481,0.0413400532,-0.7996858404,2.3627561517,0.5233109838
