Instance,INF_avg,INF_sd,INF_r1,INF_kr,INF_sk,SUP_avg,SUP_sd,SUP_r1,SUP_kr,SUP_sk,INC_avg,INC_sd,INC_r1,INC_kr,INC_sk,IND_avg,IND_sd,IND_r1,IND_kr,IND_sk
228,0.31,0.1113552873,-0.8918918919,2.0793444329,0.6170311183,0.27,0.1077032961,-0.8384879725,1.7636741974,-0.403407114,0.42,0.0509901951,0.126984127,1.9556213018,0.2715454179,0.42,0.0509901951,0.126984127,1.9556213018,0.2715454179
