Instance,INF_avg,INF_sd,INF_r1,INF_kr,INF_sk,SUP_avg,SUP_sd,SUP_r1,SUP_kr,SUP_sk,INC_avg,INC_sd,INC_r1,INC_kr,INC_sk,IND_avg,IND_sd,IND_r1,IND_kr,IND_sk
246,0.273,0.1310381624,-0.2004710844,2.3580675434,0.2135653241,0.296,0.1427725464,-0.0506084049,2.4037056798,-0.1564552863,0.431,0.1487918008,0.2369108921,3.049982266,0.4982487367,0.431,0.1487918008,0.2369108921,3.049982266,0.4982487367
