Instance,INF_avg,INF_sd,INF_r1,INF_kr,INF_sk,SUP_avg,SUP_sd,SUP_r1,SUP_kr,SUP_sk,INC_avg,INC_sd,INC_r1,INC_kr,INC_sk,IND_avg,IND_sd,IND_r1,IND_kr,IND_sk
23,0.36,0.1624807681,-0.1370716511,1.4421487603,0.3804646085,0.22,0.0979795897,-0.0924369748,2.7291666667,0.8675276172,0.42,0.1720465053,-0.0310734463,1.9945215486,0.3958703373,0.42,0.1720465053,-0.0310734463,1.9945215486,0.3958703373
