Instance,INF_avg,INF_sd,INF_r1,INF_kr,INF_sk,SUP_avg,SUP_sd,SUP_r1,SUP_kr,SUP_sk,INC_avg,INC_sd,INC_r1,INC_kr,INC_sk,IND_avg,IND_sd,IND_r1,IND_kr,IND_sk
57,0.2712,0.0343155941,0.0173758354,2.7313785175,0.1986963639,0.2374,0.0338856902,0.1866114835,2.9361172134,-0.135345675,0.4914,0.0344244099,0.0166440814,3.2305110204,-0.0167894033,0.4914,0.0344244099,0.0166440814,3.2305110204,-0.0167894033
