Instance,INF_avg,INF_sd,INF_r1,INF_kr,INF_sk,SUP_avg,SUP_sd,SUP_r1,SUP_kr,SUP_sk,INC_avg,INC_sd,INC_r1,INC_kr,INC_sk,IND_avg,IND_sd,IND_r1,IND_kr,IND_sk
98,0.332,0.0487442304,-0.1716857044,2.7515389586,-1.1057511715,0.266,0.0387814389,0.1860465116,1.2447091444,-0.2312468379,0.402,0.0426145515,0.3726474279,1.2759902191,0.0167467769,0.402,0.0426145515,0.3726474279,1.2759902191,0.0167467769
