Instance,INF_avg,INF_sd,INF_r1,INF_kr,INF_sk,SUP_avg,SUP_sd,SUP_r1,SUP_kr,SUP_sk,INC_avg,INC_sd,INC_r1,INC_kr,INC_sk,IND_avg,IND_sd,IND_r1,IND_kr,IND_sk
106,0.272,0.0724430811,-0.2332423039,3.0961853064,-0.5747152897,0.2432,0.0666165145,-0.0011429666,2.7275730238,0.3082411144,0.4848,0.0467435557,-0.1525020885,2.5265175031,-0.2151514118,0.4848,0.0467435557,-0.1525020885,2.5265175031,-0.2151514118
