Instance,INF_avg,INF_sd,INF_r1,INF_kr,INF_sk,SUP_avg,SUP_sd,SUP_r1,SUP_kr,SUP_sk,INC_avg,INC_sd,INC_r1,INC_kr,INC_sk,IND_avg,IND_sd,IND_r1,IND_kr,IND_sk
262,0.2607,0.0432031249,0.0589771353,2.2108698938,0.1933304419,0.2868,0.0412038833,0.1356457622,2.4505453303,0.0333255259,0.4525,0.0495252461,-0.0385316391,3.4001586773,0.1117840566,0.4525,0.0495252461,-0.0385316391,3.4001586773,0.1117840566
