Instance,INF_avg,INF_sd,INF_r1,INF_kr,INF_sk,SUP_avg,SUP_sd,SUP_r1,SUP_kr,SUP_sk,INC_avg,INC_sd,INC_r1,INC_kr,INC_sk,IND_avg,IND_sd,IND_r1,IND_kr,IND_sk
70,0.29,0.0943398113,-0.144343303,2.365484156,-0.5145158249,0.26,0.1428285686,0.0217391304,2.2479815456,-0.0988433,0.45,0.1565247584,-0.3707865169,3.325697626,0.7040680512,0.45,0.1565247584,-0.3707865169,3.325697626,0.7040680512
