Instance,INF_avg,INF_sd,INF_r1,INF_kr,INF_sk,SUP_avg,SUP_sd,SUP_r1,SUP_kr,SUP_sk,INC_avg,INC_sd,INC_r1,INC_kr,INC_sk,IND_avg,IND_sd,IND_r1,IND_kr,IND_sk
220,0.226,0.0405462699,0.0245555498,2.7618058146,-0.1555400624,0.2632,0.0429157314,0.2292174379,2.576557325,-0.2079145336,0.5108,0.0442646586,-0.0118172941,3.0031200981,-0.4005859009,0.5108,0.0442646586,-0.0118172941,3.0031200981,-0.4005859009
