Instance,INF_avg,INF_sd,INF_r1,INF_kr,INF_sk,SUP_avg,SUP_sd,SUP_r1,SUP_kr,SUP_sk,INC_avg,INC_sd,INC_r1,INC_kr,INC_sk,IND_avg,IND_sd,IND_r1,IND_kr,IND_sk
11,0.3186,0.0387432575,0.3176452513,2.3839671996,0.3363778131,0.2958,0.0474274182,0.3025623175,2.8521777531,0.3652093695,0.3856,0.043916284,-0.0144949288,2.4218649074,-0.2515595576,0.3856,0.043916284,-0.0144949288,2.4218649074,-0.2515595576
