Instance,INF_avg,INF_sd,INF_r1,INF_kr,INF_sk,SUP_avg,SUP_sd,SUP_r1,SUP_kr,SUP_sk,INC_avg,INC_sd,INC_r1,INC_kr,INC_sk,IND_avg,IND_sd,IND_r1,IND_kr,IND_sk
158,0.2598,0.0441130366,0.2418190367,2.6988629243,0.1196099754,0.2402,0.0458471373,0.0609223654,2.9948026655,0.1913358543,0.5,0.0539629503,-0.0219931271,3.1402834803,0.2229857148,0.5,0.0539629503,-0.0219931271,3.1402834803,0.2229857148
