Instance,INF_avg,INF_sd,INF_r1,INF_kr,INF_sk,SUP_avg,SUP_sd,SUP_r1,SUP_kr,SUP_sk,INC_avg,INC_sd,INC_r1,INC_kr,INC_sk,IND_avg,IND_sd,IND_r1,IND_kr,IND_sk
165,0.244,0.0708801806,-0.1719939117,2.8759990263,1.2099004415,0.24,0.0505964426,-0.4285714286,1.5625,0.5929270613,0.516,0.0708801806,-0.4653243848,1.7075946286,0.0841107259,0.516,0.0708801806,-0.4653243848,1.7075946286,0.0841107259
