Instance,INF_avg,INF_sd,INF_r1,INF_kr,INF_sk,SUP_avg,SUP_sd,SUP_r1,SUP_kr,SUP_sk,INC_avg,INC_sd,INC_r1,INC_kr,INC_sk,IND_avg,IND_sd,IND_r1,IND_kr,IND_sk
246,0.276,0.1096540013,-0.0889238347,2.4452804305,0.0072447076,0.244,0.0682934843,-0.0963933976,2.3298650442,0.1229684173,0.48,0.1086278049,0.0661405487,1.8751795461,-0.2527679459,0.48,0.1086278049,0.0661405487,1.8751795461,-0.2527679459
