Instance,INF_avg,INF_sd,INF_r1,INF_kr,INF_sk,SUP_avg,SUP_sd,SUP_r1,SUP_kr,SUP_sk,INC_avg,INC_sd,INC_r1,INC_kr,INC_sk,IND_avg,IND_sd,IND_r1,IND_kr,IND_sk
275,0.27,0.0979795897,0.3194385368,4.0052083333,0.4210060495,0.24,0.0894427191,0.083503055,3.441875,-0.49473004,0.49,0.1095445115,0.0163387796,3.62,-0.3377622438,0.49,0.1095445115,0.0163387796,3.62,-0.3377622438
