Instance,INF_avg,INF_sd,INF_r1,INF_kr,INF_sk,SUP_avg,SUP_sd,SUP_r1,SUP_kr,SUP_sk,INC_avg,INC_sd,INC_r1,INC_kr,INC_sk,IND_avg,IND_sd,IND_r1,IND_kr,IND_sk
122,0.2912,0.0664722498,0.1776833491,2.010939214,0.145623981,0.2072,0.0527272226,0.3212302056,2.6346373483,-0.0127205303,0.5016,0.0671523641,-0.1697682604,2.1229334839,-0.2976340399,0.5016,0.0671523641,-0.1697682604,2.1229334839,-0.2976340399
