Instance,INF_avg,INF_sd,INF_r1,INF_kr,INF_sk,SUP_avg,SUP_sd,SUP_r1,SUP_kr,SUP_sk,INC_avg,INC_sd,INC_r1,INC_kr,INC_sk,IND_avg,IND_sd,IND_r1,IND_kr,IND_sk
205,0.254,0.0958331884,-0.0679752084,2.2652260711,0.0394577176,0.268,0.1177964346,0.0709515708,2.868288089,0.1712184654,0.478,0.1196494881,0.0397703227,2.8050863435,0.1141361221,0.478,0.1196494881,0.0397703227,2.8050863435,0.1141361221
