Instance,INF_avg,INF_sd,INF_r1,INF_kr,INF_sk,SUP_avg,SUP_sd,SUP_r1,SUP_kr,SUP_sk,INC_avg,INC_sd,INC_r1,INC_kr,INC_sk,IND_avg,IND_sd,IND_r1,IND_kr,IND_sk
101,0.28,0.1341640786,-0.2059620596,4.0162962963,0.4173993558,0.294,0.142,0.1850408564,3.167340917,0.1477909313,0.426,0.1585055204,-0.0299170259,2.8868654682,-0.4312209402,0.426,0.1585055204,-0.0299170259,2.8868654682,-0.4312209402
