Instance,INF_avg,INF_sd,INF_r1,INF_kr,INF_sk,SUP_avg,SUP_sd,SUP_r1,SUP_kr,SUP_sk,INC_avg,INC_sd,INC_r1,INC_kr,INC_sk,IND_avg,IND_sd,IND_r1,IND_kr,IND_sk
256,0.29,0.0860232527,-0.4498644986,1.9945215486,-0.3958703373,0.26,0.0663324958,0.0647482014,2.2169421488,-0.3700366502,0.45,0.1095445115,-0.25,1.5625,-0.1141088661,0.45,0.1095445115,-0.25,1.5625,-0.1141088661
