Instance,INF_avg,INF_sd,INF_r1,INF_kr,INF_sk,SUP_avg,SUP_sd,SUP_r1,SUP_kr,SUP_sk,INC_avg,INC_sd,INC_r1,INC_kr,INC_sk,IND_avg,IND_sd,IND_r1,IND_kr,IND_sk
266,0.2466,0.0307480081,0.2168293518,2.0684919916,-0.1161734403,0.2213,0.0330879132,0.4417340882,3.6034684138,0.8220997068,0.5321,0.0350583799,0.0899406188,3.0945319733,-0.2625911621,0.5321,0.0350583799,0.0899406188,3.0945319733,-0.2625911621
