Instance,INF_avg,INF_sd,INF_r1,INF_kr,INF_sk,SUP_avg,SUP_sd,SUP_r1,SUP_kr,SUP_sk,INC_avg,INC_sd,INC_r1,INC_kr,INC_sk,IND_avg,IND_sd,IND_r1,IND_kr,IND_sk
128,0.2483,0.0434293679,0.0234223635,3.0816665302,0.2509269971,0.239,0.0409023227,0.0150940879,2.648870693,-0.0078913235,0.5127,0.0516692365,-0.0570725137,3.2763077,0.1451746662,0.5127,0.0516692365,-0.0570725137,3.2763077,0.1451746662
