Instance,INF_avg,INF_sd,INF_r1,INF_kr,INF_sk,SUP_avg,SUP_sd,SUP_r1,SUP_kr,SUP_sk,INC_avg,INC_sd,INC_r1,INC_kr,INC_sk,IND_avg,IND_sd,IND_r1,IND_kr,IND_sk
5,0.216,0.088,-0.0458300027,2.9656956492,-0.3166791886,0.224,0.1241933976,0.2428071949,2.2243849107,-0.2110882555,0.56,0.144222051,0.1859567901,2.6908284024,0.480029016,0.56,0.144222051,0.1859567901,2.6908284024,0.480029016
