Instance,INF_avg,INF_sd,INF_r1,INF_kr,INF_sk,SUP_avg,SUP_sd,SUP_r1,SUP_kr,SUP_sk,INC_avg,INC_sd,INC_r1,INC_kr,INC_sk,IND_avg,IND_sd,IND_r1,IND_kr,IND_sk
229,0.212,0.0563560112,0.6299810247,2.8679231516,1.2019664594,0.264,0.0402988834,-0.4757878555,2.1138707564,0.3674514165,0.524,0.050039984,0.6147438567,1.2649970909,-0.2275496624,0.524,0.050039984,0.6147438567,1.2649970909,-0.2275496624
