Instance,INF_avg,INF_sd,INF_r1,INF_kr,INF_sk,SUP_avg,SUP_sd,SUP_r1,SUP_kr,SUP_sk,INC_avg,INC_sd,INC_r1,INC_kr,INC_sk,IND_avg,IND_sd,IND_r1,IND_kr,IND_sk
241,0.2552,0.0460538815,-0.0103055488,2.2963769905,0.4342044753,0.2272,0.0426633332,-0.2791775069,1.7105447585,0.0297639947,0.5176,0.0532375807,-0.0319872543,2.8140816865,0.5059402414,0.5176,0.0532375807,-0.0319872543,2.8140816865,0.5059402414
