Instance,INF_avg,INF_sd,INF_r1,INF_kr,INF_sk,SUP_avg,SUP_sd,SUP_r1,SUP_kr,SUP_sk,INC_avg,INC_sd,INC_r1,INC_kr,INC_sk,IND_avg,IND_sd,IND_r1,IND_kr,IND_sk
222,0.25,0.1264911064,0.28125,1.884765625,-0.111173824,0.255,0.1011187421,0.0400604686,2.1799068633,0.6615476434,0.495,0.1619413474,0.4743948307,2.9055744224,-0.2458256824,0.495,0.1619413474,0.4743948307,2.9055744224,-0.2458256824
