Instance,INF_avg,INF_sd,INF_r1,INF_kr,INF_sk,SUP_avg,SUP_sd,SUP_r1,SUP_kr,SUP_sk,INC_avg,INC_sd,INC_r1,INC_kr,INC_sk,IND_avg,IND_sd,IND_r1,IND_kr,IND_sk
145,0.2409,0.046884859,0.0362724982,3.257403401,0.0218719,0.2297,0.045419269,0.1079252605,2.5239646304,-0.1085784744,0.5294,0.0501760899,0.122143021,2.5389795901,-0.0956896919,0.5294,0.0501760899,0.122143021,2.5389795901,-0.0956896919
