Instance,INF_avg,INF_sd,INF_r1,INF_kr,INF_sk,SUP_avg,SUP_sd,SUP_r1,SUP_kr,SUP_sk,INC_avg,INC_sd,INC_r1,INC_kr,INC_sk,IND_avg,IND_sd,IND_r1,IND_kr,IND_sk
180,0.24,0.0854400375,-0.0961907372,3.023268906,0.120247754,0.245,0.0855862138,-0.322401295,3.187468695,0.5383470451,0.515,0.1092016483,-0.0707088032,2.877351898,-0.1785399364,0.515,0.1092016483,-0.0707088032,2.877351898,-0.1785399364
