Instance,INF_avg,INF_sd,INF_r1,INF_kr,INF_sk,SUP_avg,SUP_sd,SUP_r1,SUP_kr,SUP_sk,INC_avg,INC_sd,INC_r1,INC_kr,INC_sk,IND_avg,IND_sd,IND_r1,IND_kr,IND_sk
110,0.288,0.0723325653,0.0046665848,2.3038745336,-0.1826426192,0.2044,0.0548875214,0.0069607216,3.4324726181,0.8204582062,0.5076,0.077757572,-0.1155880172,2.6669637338,0.4351604673,0.5076,0.077757572,-0.1155880172,2.6669637338,0.4351604673
