Instance,INF_avg,INF_sd,INF_r1,INF_kr,INF_sk,SUP_avg,SUP_sd,SUP_r1,SUP_kr,SUP_sk,INC_avg,INC_sd,INC_r1,INC_kr,INC_sk,IND_avg,IND_sd,IND_r1,IND_kr,IND_sk
118,0.5032673267,0.1129979314,0.9035728238,2.2193513561,-0.079275363,0.076980198,0.0592029535,0.8615409387,2.8773583982,0.9038624685,0.4197524752,0.0667393936,0.7009695336,2.622663338,-0.4012148225,0.4197524752,0.0667393936,0.7009695336,2.622663338,-0.4012148225
