Instance,INF_avg,INF_sd,INF_r1,INF_kr,INF_sk,SUP_avg,SUP_sd,SUP_r1,SUP_kr,SUP_sk,INC_avg,INC_sd,INC_r1,INC_kr,INC_sk,IND_avg,IND_sd,IND_r1,IND_kr,IND_sk
297,0.2208,0.0788882754,0.0727028906,2.4562274177,0.4121465877,0.3664,0.0712673838,0.1966996265,2.7138687118,0.2885883328,0.4128,0.0732950203,0.2185927722,3.0902767949,0.4931317678,0.4128,0.0732950203,0.2185927722,3.0902767949,0.4931317678
