Instance,INF_avg,INF_sd,INF_r1,INF_kr,INF_sk,SUP_avg,SUP_sd,SUP_r1,SUP_kr,SUP_sk,INC_avg,INC_sd,INC_r1,INC_kr,INC_sk,IND_avg,IND_sd,IND_r1,IND_kr,IND_sk
163,0.292,0.1055272477,-0.0135232237,4.7732130029,1.308576887,0.22,0.0959166305,-0.2456445993,4.2741020794,1.1898920367,0.488,0.0972419662,-0.1479073547,2.601686035,-0.1172959763,0.488,0.0972419662,-0.1479073547,2.601686035,-0.1172959763
