Instance,INF_avg,INF_sd,INF_r1,INF_kr,INF_sk,SUP_avg,SUP_sd,SUP_r1,SUP_kr,SUP_sk,INC_avg,INC_sd,INC_r1,INC_kr,INC_sk,IND_avg,IND_sd,IND_r1,IND_kr,IND_sk
147,0.3296132597,0.0697300607,0.5539178546,2.5331838411,0.0552423908,0.1174585635,0.0597800267,0.7217226915,2.665267489,0.6901548174,0.5529281768,0.0519640795,-0.0379757531,2.591517121,-0.0223238536,0.5529281768,0.0519640795,-0.0379757531,2.591517121,-0.0223238536
