Instance,INF_avg,INF_sd,INF_r1,INF_kr,INF_sk,SUP_avg,SUP_sd,SUP_r1,SUP_kr,SUP_sk,INC_avg,INC_sd,INC_r1,INC_kr,INC_sk,IND_avg,IND_sd,IND_r1,IND_kr,IND_sk
17,0.246,0.0811418511,0.0902006383,3.4947204387,0.0731359503,0.224,0.104995238,-0.2501636816,2.7622661521,0.0798709249,0.53,0.1113552873,0.1501976285,2.9268990635,-0.2085738991,0.53,0.1113552873,0.1501976285,2.9268990635,-0.2085738991
