Instance,INF_avg,INF_sd,INF_r1,INF_kr,INF_sk,SUP_avg,SUP_sd,SUP_r1,SUP_kr,SUP_sk,INC_avg,INC_sd,INC_r1,INC_kr,INC_sk,IND_avg,IND_sd,IND_r1,IND_kr,IND_sk
126,0.226,0.0895767827,-0.0814109362,4.3175910951,0.9064893419,0.314,0.087772433,-0.1235835844,2.7187996364,0.4565047868,0.46,0.12,-0.217675476,1.7482638889,0.0590277778,0.46,0.12,-0.217675476,1.7482638889,0.0590277778
