Instance,INF_avg,INF_sd,INF_r1,INF_kr,INF_sk,SUP_avg,SUP_sd,SUP_r1,SUP_kr,SUP_sk,INC_avg,INC_sd,INC_r1,INC_kr,INC_sk,IND_avg,IND_sd,IND_r1,IND_kr,IND_sk
204,0.2568,0.0535701409,-0.0506628343,2.1460351445,-0.1786048282,0.224,0.0606630036,0.002087138,2.9366351607,0.5874219956,0.5192,0.0589182484,-0.0182023767,3.3662534344,0.3254922564,0.5192,0.0589182484,-0.0182023767,3.3662534344,0.3254922564
