Instance,INF_avg,INF_sd,INF_r1,INF_kr,INF_sk,SUP_avg,SUP_sd,SUP_r1,SUP_kr,SUP_sk,INC_avg,INC_sd,INC_r1,INC_kr,INC_sk,IND_avg,IND_sd,IND_r1,IND_kr,IND_sk
12,0.268,0.0968297475,-0.0712326889,2.1944402381,-0.3823607078,0.312,0.1305986217,-0.579339601,2.3977362728,-0.1148126319,0.42,0.1624807681,-0.3444857497,2.0922865014,-0.1566618976,0.42,0.1624807681,-0.3444857497,2.0922865014,-0.1566618976
