Instance,INF_avg,INF_sd,INF_r1,INF_kr,INF_sk,SUP_avg,SUP_sd,SUP_r1,SUP_kr,SUP_sk,INC_avg,INC_sd,INC_r1,INC_kr,INC_sk,IND_avg,IND_sd,IND_r1,IND_kr,IND_sk
135,0.3259259259,0.1133418055,0.2779530249,4.7272613122,0.395599403,0.2074074074,0.1199565536,-0.0955651725,2.9314006894,0.6942397474,0.4666666667,0.1298146827,-0.0273189327,2.6469629272,-0.0634886445,0.4666666667,0.1298146827,-0.0273189327,2.6469629272,-0.0634886445
