Instance,INF_avg,INF_sd,INF_r1,INF_kr,INF_sk,SUP_avg,SUP_sd,SUP_r1,SUP_kr,SUP_sk,INC_avg,INC_sd,INC_r1,INC_kr,INC_sk,IND_avg,IND_sd,IND_r1,IND_kr,IND_sk
266,0.3754347826,0.0868020367,0.7865824613,2.0321362468,0.0023656641,0.0941304348,0.0722864497,0.890982577,2.4087944163,0.7545155754,0.5304347826,0.0447070912,0.1775811467,2.063053939,0.0488568988,0.5304347826,0.0447070912,0.1775811467,2.063053939,0.0488568988
