Instance,INF_avg,INF_sd,INF_r1,INF_kr,INF_sk,SUP_avg,SUP_sd,SUP_r1,SUP_kr,SUP_sk,INC_avg,INC_sd,INC_r1,INC_kr,INC_sk,IND_avg,IND_sd,IND_r1,IND_kr,IND_sk
44,0.2715,0.0458993464,0.1613734181,2.6223296569,-0.1387173246,0.2435,0.0477990586,0.3155931338,2.832357369,-0.1998257485,0.485,0.0577321401,0.2527241302,2.846767575,0.0311815917,0.485,0.0577321401,0.2527241302,2.846767575,0.0311815917
