Instance,INF_avg,INF_sd,INF_r1,INF_kr,INF_sk,SUP_avg,SUP_sd,SUP_r1,SUP_kr,SUP_sk,INC_avg,INC_sd,INC_r1,INC_kr,INC_sk,IND_avg,IND_sd,IND_r1,IND_kr,IND_sk
124,0.2465,0.0350035712,-0.0620655515,2.619584442,0.8287958367,0.2565,0.0228089895,-0.5507628209,2.179398235,-0.0364053838,0.497,0.0309192497,-0.0715072719,3.6129904063,-0.8954692883,0.497,0.0309192497,-0.0715072719,3.6129904063,-0.8954692883
