Instance,INF_avg,INF_sd,INF_r1,INF_kr,INF_sk,SUP_avg,SUP_sd,SUP_r1,SUP_kr,SUP_sk,INC_avg,INC_sd,INC_r1,INC_kr,INC_sk,IND_avg,IND_sd,IND_r1,IND_kr,IND_sk
23,0.29,0.0374165739,-0.4814814815,1.8469387755,0.3436215967,0.31,0.0583095189,-0.0946745562,2.6660899654,-1.1500493357,0.4,0.0707106781,-0.5555555556,1.7,0.0,0.4,0.0707106781,-0.5555555556,1.7,0.0
