Instance,INF_avg,INF_sd,INF_r1,INF_kr,INF_sk,SUP_avg,SUP_sd,SUP_r1,SUP_kr,SUP_sk,INC_avg,INC_sd,INC_r1,INC_kr,INC_sk,IND_avg,IND_sd,IND_r1,IND_kr,IND_sk
71,0.2615,0.0281646942,0.1291722074,3.0823047123,-0.0867438416,0.2304,0.0331034741,0.2236773078,2.9376384402,-0.3059884774,0.5081,0.0366863735,0.238280637,2.9615207369,0.1651806789,0.5081,0.0366863735,0.238280637,2.9615207369,0.1651806789
