Instance,INF_avg,INF_sd,INF_r1,INF_kr,INF_sk,SUP_avg,SUP_sd,SUP_r1,SUP_kr,SUP_sk,INC_avg,INC_sd,INC_r1,INC_kr,INC_sk,IND_avg,IND_sd,IND_r1,IND_kr,IND_sk
293,0.308,0.0391918359,-0.5720294427,1.9967447917,0.4688476461,0.186,0.0537028863,0.1581683663,2.092518674,0.2677701093,0.506,0.058685603,-0.151525599,2.7978932203,0.2978132799,0.506,0.058685603,-0.151525599,2.7978932203,0.2978132799
