Instance,INF_avg,INF_sd,INF_r1,INF_kr,INF_sk,SUP_avg,SUP_sd,SUP_r1,SUP_kr,SUP_sk,INC_avg,INC_sd,INC_r1,INC_kr,INC_sk,IND_avg,IND_sd,IND_r1,IND_kr,IND_sk
32,0.26,0.12,-0.6959064327,1.3981481481,0.1111111111,0.28,0.1166190379,-0.1194029851,1.6280276817,-0.3631734744,0.46,0.1019803903,-0.5289256198,1.9556213018,-0.2715454179,0.46,0.1019803903,-0.5289256198,1.9556213018,-0.2715454179
