Instance,INF_avg,INF_sd,INF_r1,INF_kr,INF_sk,SUP_avg,SUP_sd,SUP_r1,SUP_kr,SUP_sk,INC_avg,INC_sd,INC_r1,INC_kr,INC_sk,IND_avg,IND_sd,IND_r1,IND_kr,IND_sk
149,0.25,0.1118033989,0.0144927536,2.7371428571,-0.4599911268,0.2571428571,0.1635074735,-0.1682119205,4.4923372764,1.0984660926,0.4928571429,0.1579524599,-0.0980849292,2.3778463623,0.3351389466,0.4928571429,0.1579524599,-0.0980849292,2.3778463623,0.3351389466
