Instance,INF_avg,INF_sd,INF_r1,INF_kr,INF_sk,SUP_avg,SUP_sd,SUP_r1,SUP_kr,SUP_sk,INC_avg,INC_sd,INC_r1,INC_kr,INC_sk,IND_avg,IND_sd,IND_r1,IND_kr,IND_sk
1,0.3829508197,0.1050112291,0.6424205457,2.5191546086,-0.1349467716,0.1193442623,0.0749178534,0.6861106998,2.6422250099,0.6450525826,0.497704918,0.0683384404,-0.056272343,2.444062338,0.3420043525,0.497704918,0.0683384404,-0.056272343,2.444062338,0.3420043525
