Instance,INF_avg,INF_sd,INF_r1,INF_kr,INF_sk,SUP_avg,SUP_sd,SUP_r1,SUP_kr,SUP_sk,INC_avg,INC_sd,INC_r1,INC_kr,INC_sk,IND_avg,IND_sd,IND_r1,IND_kr,IND_sk
114,0.2678,0.031339432,-0.1541909646,2.1275531734,-0.0111141085,0.2484,0.0412,-0.1975720199,3.2382716378,0.8718412742,0.4838,0.0333850266,-0.3447598648,2.6646069824,-0.437141204,0.4838,0.0333850266,-0.3447598648,2.6646069824,-0.437141204
