Instance,INF_avg,INF_sd,INF_r1,INF_kr,INF_sk,SUP_avg,SUP_sd,SUP_r1,SUP_kr,SUP_sk,INC_avg,INC_sd,INC_r1,INC_kr,INC_sk,IND_avg,IND_sd,IND_r1,IND_kr,IND_sk
286,0.5454666667,0.1204247298,0.8211838088,2.2198178038,-0.2946904852,0.0873333333,0.0760058477,0.8701405153,2.8792999887,1.019882762,0.3672,0.0623871782,0.5773057115,2.2304839619,-0.0940771817,0.3672,0.0623871782,0.5773057115,2.2304839619,-0.0940771817
