Instance,INF_avg,INF_sd,INF_r1,INF_kr,INF_sk,SUP_avg,SUP_sd,SUP_r1,SUP_kr,SUP_sk,INC_avg,INC_sd,INC_r1,INC_kr,INC_sk,IND_avg,IND_sd,IND_r1,IND_kr,IND_sk
283,0.2576,0.0630732907,-0.2080828086,2.6572231705,0.1792484803,0.2584,0.067390207,0.2253291403,2.453549382,-0.0531843406,0.484,0.0606630036,0.1509764428,2.6496786389,-0.0662247345,0.484,0.0606630036,0.1509764428,2.6496786389,-0.0662247345
