Instance,INF_avg,INF_sd,INF_r1,INF_kr,INF_sk,SUP_avg,SUP_sd,SUP_r1,SUP_kr,SUP_sk,INC_avg,INC_sd,INC_r1,INC_kr,INC_sk,IND_avg,IND_sd,IND_r1,IND_kr,IND_sk
69,0.286,0.0573061951,0.2086619436,3.4454536148,1.0493027283,0.226,0.0429418211,-0.3330247628,1.8357574075,0.0327335888,0.488,0.056,0.210704607,1.8170033319,-0.6045918367,0.488,0.056,0.210704607,1.8170033319,-0.6045918367
