Instance,INF_avg,INF_sd,INF_r1,INF_kr,INF_sk,SUP_avg,SUP_sd,SUP_r1,SUP_kr,SUP_sk,INC_avg,INC_sd,INC_r1,INC_kr,INC_sk,IND_avg,IND_sd,IND_r1,IND_kr,IND_sk
154,0.2472,0.0616778729,0.2096395139,2.1770908244,0.0614445833,0.2544,0.0646887935,0.2001697236,2.7872645484,0.3176866877,0.4984,0.0738474102,0.1209814565,2.6044703462,0.1110953989,0.4984,0.0738474102,0.1209814565,2.6044703462,0.1110953989
