Instance,INF_avg,INF_sd,INF_r1,INF_kr,INF_sk,SUP_avg,SUP_sd,SUP_r1,SUP_kr,SUP_sk,INC_avg,INC_sd,INC_r1,INC_kr,INC_sk,IND_avg,IND_sd,IND_r1,IND_kr,IND_sk
43,0.2548,0.0690866123,0.0345876271,2.5069929144,0.1398608476,0.3102,0.0714699937,0.139990377,2.6812162522,0.2454220556,0.435,0.0679043445,-0.0020087953,2.7991075907,0.1014669326,0.435,0.0679043445,-0.0020087953,2.7991075907,0.1014669326
