Instance,INF_avg,INF_sd,INF_r1,INF_kr,INF_sk,SUP_avg,SUP_sd,SUP_r1,SUP_kr,SUP_sk,INC_avg,INC_sd,INC_r1,INC_kr,INC_sk,IND_avg,IND_sd,IND_r1,IND_kr,IND_sk
179,0.4066666667,0.1000504923,0.4071040132,2.5385592431,0.2494266991,0.1187878788,0.0619754387,0.524000155,2.5543667771,0.3713297071,0.4745454545,0.0748773101,-0.0129657535,3.1049469201,0.0015104755,0.4745454545,0.0748773101,-0.0129657535,3.1049469201,0.0015104755
