Instance,INF_avg,INF_sd,INF_r1,INF_kr,INF_sk,SUP_avg,SUP_sd,SUP_r1,SUP_kr,SUP_sk,INC_avg,INC_sd,INC_r1,INC_kr,INC_sk,IND_avg,IND_sd,IND_r1,IND_kr,IND_sk
52,0.7633333333,0.1849023766,0.5604865895,4.2407729293,-1.3491178506,0.0816666667,0.0585709446,0.6840325308,1.9701466997,0.3957045301,0.155,0.1385941317,0.3732926967,5.2044018238,1.6596471352,0.155,0.1385941317,0.3732926967,5.2044018238,1.6596471352
