Instance,INF_avg,INF_sd,INF_r1,INF_kr,INF_sk,SUP_avg,SUP_sd,SUP_r1,SUP_kr,SUP_sk,INC_avg,INC_sd,INC_r1,INC_kr,INC_sk,IND_avg,IND_sd,IND_r1,IND_kr,IND_sk
194,0.234,0.0662117814,-0.6403390484,2.2287848314,0.754215566,0.268,0.0132664992,0.3165467626,2.2169421488,0.3700366502,0.498,0.071944423,-0.6353123921,1.7653956317,-0.6260628579,0.498,0.071944423,-0.6353123921,1.7653956317,-0.6260628579
