Instance,INF_avg,INF_sd,INF_r1,INF_kr,INF_sk,SUP_avg,SUP_sd,SUP_r1,SUP_kr,SUP_sk,INC_avg,INC_sd,INC_r1,INC_kr,INC_sk,IND_avg,IND_sd,IND_r1,IND_kr,IND_sk
147,0.242,0.0218174242,-0.2482065997,1.3345279288,0.176791853,0.256,0.0146287388,-0.1750483559,1.5975631059,-0.0057497882,0.502,0.0252190404,0.0248962656,1.662839682,-0.0576084642,0.502,0.0252190404,0.0248962656,1.662839682,-0.0576084642
