Instance,INF_avg,INF_sd,INF_r1,INF_kr,INF_sk,SUP_avg,SUP_sd,SUP_r1,SUP_kr,SUP_sk,INC_avg,INC_sd,INC_r1,INC_kr,INC_sk,IND_avg,IND_sd,IND_r1,IND_kr,IND_sk
98,0.2578,0.0496100796,0.0979579261,2.8550631412,-0.1075010161,0.2754,0.0471682096,0.1701195567,2.7214007304,0.1964912343,0.4668,0.0558010753,-0.1155582383,2.3189666222,0.0364018528,0.4668,0.0558010753,-0.1155582383,2.3189666222,0.0364018528
