Instance,INF_avg,INF_sd,INF_r1,INF_kr,INF_sk,SUP_avg,SUP_sd,SUP_r1,SUP_kr,SUP_sk,INC_avg,INC_sd,INC_r1,INC_kr,INC_sk,IND_avg,IND_sd,IND_r1,IND_kr,IND_sk
4,0.292,0.0466476152,0.1487786825,3.9231185121,-0.977920241,0.228,0.0474973683,-0.3295729251,2.2437000151,0.5500864676,0.48,0.0438178046,-0.4772727273,3.4895833333,-0.74170763,0.48,0.0438178046,-0.4772727273,3.4895833333,-0.74170763
