Instance,INF_avg,INF_sd,INF_r1,INF_kr,INF_sk,SUP_avg,SUP_sd,SUP_r1,SUP_kr,SUP_sk,INC_avg,INC_sd,INC_r1,INC_kr,INC_sk,IND_avg,IND_sd,IND_r1,IND_kr,IND_sk
104,0.265,0.049244289,-0.1825677267,2.4529067914,-0.381853898,0.263,0.0464865572,0.0241192537,3.3691227325,0.8184957902,0.472,0.036,0.2082683307,1.6053383631,0.2103909465,0.472,0.036,0.2082683307,1.6053383631,0.2103909465
