Instance,INF_avg,INF_sd,INF_r1,INF_kr,INF_sk,SUP_avg,SUP_sd,SUP_r1,SUP_kr,SUP_sk,INC_avg,INC_sd,INC_r1,INC_kr,INC_sk,IND_avg,IND_sd,IND_r1,IND_kr,IND_sk
264,0.3,0.1549193338,0.25,2.2916666667,-0.4841229183,0.26,0.1356465997,-0.326754386,1.2296786389,-0.2115471545,0.44,0.1685229955,-0.0835694051,2.4850228129,-0.3911364902,0.44,0.1685229955,-0.0835694051,2.4850228129,-0.3911364902
