Instance,INF_avg,INF_sd,INF_r1,INF_kr,INF_sk,SUP_avg,SUP_sd,SUP_r1,SUP_kr,SUP_sk,INC_avg,INC_sd,INC_r1,INC_kr,INC_sk,IND_avg,IND_sd,IND_r1,IND_kr,IND_sk
277,0.23,0.0678232998,-0.5707964602,2.3638941399,0.7500308204,0.26,0.0583095189,0.2910447761,1.6280276817,0.3631734744,0.51,0.1113552873,-0.2334437086,2.7036940687,-1.1210847078,0.51,0.1113552873,-0.2334437086,2.7036940687,-1.1210847078
