Instance,INF_avg,INF_sd,INF_r1,INF_kr,INF_sk,SUP_avg,SUP_sd,SUP_r1,SUP_kr,SUP_sk,INC_avg,INC_sd,INC_r1,INC_kr,INC_sk,IND_avg,IND_sd,IND_r1,IND_kr,IND_sk
166,0.249,0.0263438797,0.2032705838,2.256978299,0.0387252341,0.265,0.0409878031,-0.1443452381,4.5182291667,-1.4867227674,0.486,0.0363180396,-0.2264314884,2.251525928,0.7852663069,0.486,0.0363180396,-0.2264314884,2.251525928,0.7852663069
