Instance,INF_avg,INF_sd,INF_r1,INF_kr,INF_sk,SUP_avg,SUP_sd,SUP_r1,SUP_kr,SUP_sk,INC_avg,INC_sd,INC_r1,INC_kr,INC_sk,IND_avg,IND_sd,IND_r1,IND_kr,IND_sk
225,0.2489,0.0393673723,0.1149891165,2.6373913395,0.2502105849,0.2453,0.0470628303,-0.2299473885,3.3463157977,0.4163860482,0.5058,0.0546475983,-0.0218096594,2.7152462706,-0.2792800347,0.5058,0.0546475983,-0.0218096594,2.7152462706,-0.2792800347
