Instance,INF_avg,INF_sd,INF_r1,INF_kr,INF_sk,SUP_avg,SUP_sd,SUP_r1,SUP_kr,SUP_sk,INC_avg,INC_sd,INC_r1,INC_kr,INC_sk,IND_avg,IND_sd,IND_r1,IND_kr,IND_sk
279,0.292,0.0722218803,-0.4594894562,2.1690880349,-0.0825676396,0.18,0.0758946638,0.5277777778,1.9328703704,-0.2415628768,0.528,0.0466476152,-0.0804769001,2.8445069204,-1.05547291,0.528,0.0466476152,-0.0804769001,2.8445069204,-1.05547291
