Instance,INF_avg,INF_sd,INF_r1,INF_kr,INF_sk,SUP_avg,SUP_sd,SUP_r1,SUP_kr,SUP_sk,INC_avg,INC_sd,INC_r1,INC_kr,INC_sk,IND_avg,IND_sd,IND_r1,IND_kr,IND_sk
275,0.2648,0.0424377191,-0.1956189379,2.7033074424,0.1679420819,0.2576,0.0352454252,-0.0945191726,2.9513820375,0.2374868375,0.4776,0.0440254472,-0.3054071478,2.1375223719,0.1665163306,0.4776,0.0440254472,-0.3054071478,2.1375223719,0.1665163306
