Instance,INF_avg,INF_sd,INF_r1,INF_kr,INF_sk,SUP_avg,SUP_sd,SUP_r1,SUP_kr,SUP_sk,INC_avg,INC_sd,INC_r1,INC_kr,INC_sk,IND_avg,IND_sd,IND_r1,IND_kr,IND_sk
139,0.308,0.1647300823,0.3091580208,1.9914546436,0.3016083133,0.212,0.175088549,0.2916419051,2.6196364207,0.6659797492,0.48,0.129614814,-0.1557059961,3.0442176871,0.0440866714,0.48,0.129614814,-0.1557059961,3.0442176871,0.0440866714
