Instance,INF_avg,INF_sd,INF_r1,INF_kr,INF_sk,SUP_avg,SUP_sd,SUP_r1,SUP_kr,SUP_sk,INC_avg,INC_sd,INC_r1,INC_kr,INC_sk,IND_avg,IND_sd,IND_r1,IND_kr,IND_sk
47,0.214,0.0381575681,0.0291318477,3.0277442338,0.2661030739,0.3212,0.0560942065,0.1309153757,2.3548491735,0.0262354485,0.4648,0.054119867,-0.0874720769,2.2603791733,0.1753297609,0.4648,0.054119867,-0.0874720769,2.2603791733,0.1753297609
