Instance,INF_avg,INF_sd,INF_r1,INF_kr,INF_sk,SUP_avg,SUP_sd,SUP_r1,SUP_kr,SUP_sk,INC_avg,INC_sd,INC_r1,INC_kr,INC_sk,IND_avg,IND_sd,IND_r1,IND_kr,IND_sk
280,0.3677435897,0.0911579969,0.7002946432,2.4072714214,0.1419315837,0.1077948718,0.0827213982,0.7829116325,2.9325013357,0.7838084378,0.5244615385,0.0555632447,0.0664086039,2.8654990052,-0.4176401139,0.5244615385,0.0555632447,0.0664086039,2.8654990052,-0.4176401139
