Instance,INF_avg,INF_sd,INF_r1,INF_kr,INF_sk,SUP_avg,SUP_sd,SUP_r1,SUP_kr,SUP_sk,INC_avg,INC_sd,INC_r1,INC_kr,INC_sk,IND_avg,IND_sd,IND_r1,IND_kr,IND_sk
98,0.2535,0.097019328,-0.0279383386,3.0158882823,0.1887535307,0.2445,0.1076789209,0.1867133739,2.4864370676,0.1844035843,0.502,0.1137804904,-0.0700635565,2.3225433749,-0.2071850225,0.502,0.1137804904,-0.0700635565,2.3225433749,-0.2071850225
