Instance,INF_avg,INF_sd,INF_r1,INF_kr,INF_sk,SUP_avg,SUP_sd,SUP_r1,SUP_kr,SUP_sk,INC_avg,INC_sd,INC_r1,INC_kr,INC_sk,IND_avg,IND_sd,IND_r1,IND_kr,IND_sk
267,0.264,0.0527636238,0.0527577938,2.1575505351,-0.2169728883,0.256,0.0233238076,-0.3311688312,1.6280276817,-0.3631734744,0.48,0.0632455532,0.1086956522,1.828,-0.3794733192,0.48,0.0632455532,0.1086956522,1.828,-0.3794733192
