Instance,INF_avg,INF_sd,INF_r1,INF_kr,INF_sk,SUP_avg,SUP_sd,SUP_r1,SUP_kr,SUP_sk,INC_avg,INC_sd,INC_r1,INC_kr,INC_sk,IND_avg,IND_sd,IND_r1,IND_kr,IND_sk
287,0.3284,0.0559056348,0.0804756342,2.4654477272,-0.2330101313,0.1928,0.040892053,0.0203017541,2.0981291088,-0.2858825963,0.4788,0.0507006903,0.1289688115,3.3173640961,0.6160995741,0.4788,0.0507006903,0.1289688115,3.3173640961,0.6160995741
