Instance,INF_avg,INF_sd,INF_r1,INF_kr,INF_sk,SUP_avg,SUP_sd,SUP_r1,SUP_kr,SUP_sk,INC_avg,INC_sd,INC_r1,INC_kr,INC_sk,IND_avg,IND_sd,IND_r1,IND_kr,IND_sk
142,0.302,0.0453431362,-0.4060874089,2.9726490939,0.5133360095,0.252,0.0378945906,-0.2253798537,2.3879159845,0.7934338875,0.446,0.0412795349,-0.4202724359,2.5023804801,0.4565233227,0.446,0.0412795349,-0.4202724359,2.5023804801,0.4565233227
