Instance,INF_avg,INF_sd,INF_r1,INF_kr,INF_sk,SUP_avg,SUP_sd,SUP_r1,SUP_kr,SUP_sk,INC_avg,INC_sd,INC_r1,INC_kr,INC_sk,IND_avg,IND_sd,IND_r1,IND_kr,IND_sk
135,0.274,0.0228910463,-1.1155595996,2.3686411048,-0.4711999359,0.274,0.0339705755,0.0799739922,2.3378873574,0.8797500428,0.452,0.0419046537,0.024920313,2.5281015042,0.5484301801,0.452,0.0419046537,0.024920313,2.5281015042,0.5484301801
