Instance,INF_avg,INF_sd,INF_r1,INF_kr,INF_sk,SUP_avg,SUP_sd,SUP_r1,SUP_kr,SUP_sk,INC_avg,INC_sd,INC_r1,INC_kr,INC_sk,IND_avg,IND_sd,IND_r1,IND_kr,IND_sk
125,0.241,0.0485695378,0.2218159477,2.1871154118,0.1815570764,0.2786,0.0535727543,0.3288316049,2.7314781099,0.3545678254,0.4804,0.0473058136,0.0299925142,2.9487733848,0.2385589462,0.4804,0.0473058136,0.0299925142,2.9487733848,0.2385589462
