Instance,INF_avg,INF_sd,INF_r1,INF_kr,INF_sk,SUP_avg,SUP_sd,SUP_r1,SUP_kr,SUP_sk,INC_avg,INC_sd,INC_r1,INC_kr,INC_sk,IND_avg,IND_sd,IND_r1,IND_kr,IND_sk
210,0.23,0.0301662063,0.0845070423,1.9239826108,0.1147488826,0.3455,0.0255391856,0.385421079,2.4071314013,-0.4722074237,0.4245,0.0350321281,0.0802191713,2.4611903646,-0.8192346004,0.4245,0.0350321281,0.0802191713,2.4611903646,-0.8192346004
