Instance,INF_avg,INF_sd,INF_r1,INF_kr,INF_sk,SUP_avg,SUP_sd,SUP_r1,SUP_kr,SUP_sk,INC_avg,INC_sd,INC_r1,INC_kr,INC_sk,IND_avg,IND_sd,IND_r1,IND_kr,IND_sk
143,0.22,0.0407921561,-0.3106796117,2.2928994083,-0.0565719621,0.2464,0.060058638,-0.0360366835,2.9225715403,-0.0786456378,0.5336,0.0634274389,-0.2896768477,4.7154381725,1.2869187835,0.5336,0.0634274389,-0.2896768477,4.7154381725,1.2869187835
