Instance,INF_avg,INF_sd,INF_r1,INF_kr,INF_sk,SUP_avg,SUP_sd,SUP_r1,SUP_kr,SUP_sk,INC_avg,INC_sd,INC_r1,INC_kr,INC_sk,IND_avg,IND_sd,IND_r1,IND_kr,IND_sk
148,0.261,0.0485901225,0.0609397384,2.9305325258,-0.0263595387,0.2252,0.0463568765,0.4986429039,2.6147797127,0.4213612372,0.5138,0.0506316107,0.1467387437,2.4179001139,0.1434587806,0.5138,0.0506316107,0.1467387437,2.4179001139,0.1434587806
