Instance,INF_avg,INF_sd,INF_r1,INF_kr,INF_sk,SUP_avg,SUP_sd,SUP_r1,SUP_kr,SUP_sk,INC_avg,INC_sd,INC_r1,INC_kr,INC_sk,IND_avg,IND_sd,IND_r1,IND_kr,IND_sk
19,0.2256,0.0412872862,-0.0385831312,2.0035034623,-0.2275302247,0.2596,0.0616752787,-0.2395678792,3.3721809079,0.660710832,0.5148,0.0595395667,-0.3831192736,2.8661406043,0.1271737871,0.5148,0.0595395667,-0.3831192736,2.8661406043,0.1271737871
