Instance,INF_avg,INF_sd,INF_r1,INF_kr,INF_sk,SUP_avg,SUP_sd,SUP_r1,SUP_kr,SUP_sk,INC_avg,INC_sd,INC_r1,INC_kr,INC_sk,IND_avg,IND_sd,IND_r1,IND_kr,IND_sk
208,0.27,0.0781024968,0.0515806988,1.8642837947,0.5793144076,0.25,0.2202271555,0.1783783784,2.3280901265,0.8707036011,0.48,0.1777638883,-0.0411140584,2.6160871655,-0.8715870827,0.48,0.1777638883,-0.0411140584,2.6160871655,-0.8715870827
