Instance,INF_avg,INF_sd,INF_r1,INF_kr,INF_sk,SUP_avg,SUP_sd,SUP_r1,SUP_kr,SUP_sk,INC_avg,INC_sd,INC_r1,INC_kr,INC_sk,IND_avg,IND_sd,IND_r1,IND_kr,IND_sk
245,0.2,0.0316227766,0.0,2.5,-0.0,0.24,0.0860232527,0.4578313253,1.9945215486,-0.3958703373,0.56,0.0583095189,0.5149253731,1.6280276817,0.3631734744,0.56,0.0583095189,0.5149253731,1.6280276817,0.3631734744
