Instance,INF_avg,INF_sd,INF_r1,INF_kr,INF_sk,SUP_avg,SUP_sd,SUP_r1,SUP_kr,SUP_sk,INC_avg,INC_sd,INC_r1,INC_kr,INC_sk,IND_avg,IND_sd,IND_r1,IND_kr,IND_sk
213,0.4548571429,0.1131717135,0.2613977944,2.4077894552,0.4112789835,0.1171428571,0.0815763071,0.7533797624,2.7820189703,0.7270008224,0.428,0.0926066952,-0.2201209029,2.4446583713,0.281263771,0.428,0.0926066952,-0.2201209029,2.4446583713,0.281263771
