Instance,INF_avg,INF_sd,INF_r1,INF_kr,INF_sk,SUP_avg,SUP_sd,SUP_r1,SUP_kr,SUP_sk,INC_avg,INC_sd,INC_r1,INC_kr,INC_sk,IND_avg,IND_sd,IND_r1,IND_kr,IND_sk
60,0.22,0.0304959014,-0.4891304348,3.0619146722,-0.5712031473,0.3095,0.0322063658,0.2790810714,1.6118492517,0.2886752294,0.4705,0.0333504123,-0.3949507916,1.9041758496,-0.4449776715,0.4705,0.0333504123,-0.3949507916,1.9041758496,-0.4449776715
