Instance,INF_avg,INF_sd,INF_r1,INF_kr,INF_sk,SUP_avg,SUP_sd,SUP_r1,SUP_kr,SUP_sk,INC_avg,INC_sd,INC_r1,INC_kr,INC_sk,IND_avg,IND_sd,IND_r1,IND_kr,IND_sk
206,0.3944117647,0.093880055,0.8640038784,2.1434840037,-0.1178219689,0.1022634271,0.0811556849,0.9276575793,2.4073804601,0.766257362,0.5033248082,0.0413727906,0.2076958585,3.1111168087,-0.202376443,0.5033248082,0.0413727906,0.2076958585,3.1111168087,-0.202376443
