Instance,INF_avg,INF_sd,INF_r1,INF_kr,INF_sk,SUP_avg,SUP_sd,SUP_r1,SUP_kr,SUP_sk,INC_avg,INC_sd,INC_r1,INC_kr,INC_sk,IND_avg,IND_sd,IND_r1,IND_kr,IND_sk
297,0.2586,0.0586518542,0.4732219597,2.8726544615,-0.2169313199,0.1968,0.0425412741,0.4058939145,3.7052706428,0.2655747214,0.5446,0.0577307544,0.4481423537,2.7699679841,-0.010761168,0.5446,0.0577307544,0.4481423537,2.7699679841,-0.010761168
