Instance,INF_avg,INF_sd,INF_r1,INF_kr,INF_sk,SUP_avg,SUP_sd,SUP_r1,SUP_kr,SUP_sk,INC_avg,INC_sd,INC_r1,INC_kr,INC_sk,IND_avg,IND_sd,IND_r1,IND_kr,IND_sk
81,0.2376,0.0405245605,0.1924042344,3.1940378072,0.2788528632,0.2248,0.0474232011,0.1231900995,2.7171306643,-0.7187392817,0.5376,0.0617919089,-0.029419988,2.7512812295,0.1043720192,0.5376,0.0617919089,-0.029419988,2.7512812295,0.1043720192
