Instance,INF_avg,INF_sd,INF_r1,INF_kr,INF_sk,SUP_avg,SUP_sd,SUP_r1,SUP_kr,SUP_sk,INC_avg,INC_sd,INC_r1,INC_kr,INC_sk,IND_avg,IND_sd,IND_r1,IND_kr,IND_sk
34,0.2588,0.0398316457,0.3521234694,2.5625330631,-0.4811537885,0.2384,0.0397673233,-0.1444950316,2.8864485253,0.2861363052,0.5028,0.0573773474,0.2389535562,2.3419479715,-0.5617717076,0.5028,0.0573773474,0.2389535562,2.3419479715,-0.5617717076
