Instance,INF_avg,INF_sd,INF_r1,INF_kr,INF_sk,SUP_avg,SUP_sd,SUP_r1,SUP_kr,SUP_sk,INC_avg,INC_sd,INC_r1,INC_kr,INC_sk,IND_avg,IND_sd,IND_r1,IND_kr,IND_sk
169,0.296,0.088,-0.4241422075,2.3074414316,-0.7674680691,0.284,0.048,-0.9532554257,1.615162037,0.5451388889,0.42,0.0521536192,0.1666666667,1.6003460208,0.4060402882,0.42,0.0521536192,0.1666666667,1.6003460208,0.4060402882
