Instance,INF_avg,INF_sd,INF_r1,INF_kr,INF_sk,SUP_avg,SUP_sd,SUP_r1,SUP_kr,SUP_sk,INC_avg,INC_sd,INC_r1,INC_kr,INC_sk,IND_avg,IND_sd,IND_r1,IND_kr,IND_sk
234,0.2616,0.0571090186,0.0513157419,2.8510622731,-0.1631020795,0.2248,0.0598076918,-0.1235120645,3.1124782433,-0.3220628512,0.5136,0.0693328205,-0.1682141588,2.2728106353,0.1260099649,0.5136,0.0693328205,-0.1682141588,2.2728106353,0.1260099649
