Instance,INF_avg,INF_sd,INF_r1,INF_kr,INF_sk,SUP_avg,SUP_sd,SUP_r1,SUP_kr,SUP_sk,INC_avg,INC_sd,INC_r1,INC_kr,INC_sk,IND_avg,IND_sd,IND_r1,IND_kr,IND_sk
16,0.2296,0.0721376462,0.0657427608,3.003948291,0.4704530472,0.2856,0.0808,0.0697194114,2.5526044917,0.0616916804,0.4848,0.0760589245,0.0907661613,2.5782632673,0.0940595171,0.4848,0.0760589245,0.0907661613,2.5782632673,0.0940595171
