Instance,INF_avg,INF_sd,INF_r1,INF_kr,INF_sk,SUP_avg,SUP_sd,SUP_r1,SUP_kr,SUP_sk,INC_avg,INC_sd,INC_r1,INC_kr,INC_sk,IND_avg,IND_sd,IND_r1,IND_kr,IND_sk
187,0.2,0.1095445115,0.2,2.1666666667,0.3651483717,0.332,0.1156546584,-0.0827318157,2.7054268446,0.2864492194,0.468,0.1567673435,-0.0271769719,2.2833557129,-0.3342931558,0.468,0.1567673435,-0.0271769719,2.2833557129,-0.3342931558
