Instance,INF_avg,INF_sd,INF_r1,INF_kr,INF_sk,SUP_avg,SUP_sd,SUP_r1,SUP_kr,SUP_sk,INC_avg,INC_sd,INC_r1,INC_kr,INC_sk,IND_avg,IND_sd,IND_r1,IND_kr,IND_sk
270,0.2672,0.0271691001,0.0814289931,2.8832713773,-0.1060827144,0.2617,0.0294552203,-0.0374079219,2.3882003462,0.087173543,0.4711,0.0321448285,-0.0429699728,2.2784475119,0.4901805324,0.4711,0.0321448285,-0.0429699728,2.2784475119,0.4901805324
