Instance,INF_avg,INF_sd,INF_r1,INF_kr,INF_sk,SUP_avg,SUP_sd,SUP_r1,SUP_kr,SUP_sk,INC_avg,INC_sd,INC_r1,INC_kr,INC_sk,IND_avg,IND_sd,IND_r1,IND_kr,IND_sk
117,0.3541666667,0.1499421185,0.1870001528,4.2536449963,0.9579415051,0.2291666667,0.1274073738,-0.1014164306,8.4162280877,1.7389865928,0.4166666667,0.1433720878,-0.0454262601,2.6784149014,-0.2937609249,0.4166666667,0.1433720878,-0.0454262601,2.6784149014,-0.2937609249
