Instance,INF_avg,INF_sd,INF_r1,INF_kr,INF_sk,SUP_avg,SUP_sd,SUP_r1,SUP_kr,SUP_sk,INC_avg,INC_sd,INC_r1,INC_kr,INC_sk,IND_avg,IND_sd,IND_r1,IND_kr,IND_sk
139,0.232,0.0494368284,-0.1494962301,3.5296407113,-0.0621732796,0.333,0.049244289,-0.0005691144,2.8092444256,0.1330459371,0.435,0.0425793377,-0.0922425952,2.6362356931,0.086273521,0.435,0.0425793377,-0.0922425952,2.6362356931,0.086273521
