Instance,INF_avg,INF_sd,INF_r1,INF_kr,INF_sk,SUP_avg,SUP_sd,SUP_r1,SUP_kr,SUP_sk,INC_avg,INC_sd,INC_r1,INC_kr,INC_sk,IND_avg,IND_sd,IND_r1,IND_kr,IND_sk
37,0.31,0.0583095189,-0.2686567164,1.6280276817,0.3631734744,0.18,0.0509901951,0.3181818182,1.9556213018,-0.2715454179,0.51,0.0860232527,-0.3793103448,1.9945215486,0.3958703373,0.51,0.0860232527,-0.3793103448,1.9945215486,0.3958703373
