Instance,INF_avg,INF_sd,INF_r1,INF_kr,INF_sk,SUP_avg,SUP_sd,SUP_r1,SUP_kr,SUP_sk,INC_avg,INC_sd,INC_r1,INC_kr,INC_sk,IND_avg,IND_sd,IND_r1,IND_kr,IND_sk
20,0.267,0.0547813837,0.0710532115,2.4111763923,-0.078978615,0.2614,0.0498802566,0.2322470269,3.2235058285,0.4632199919,0.4716,0.0559771382,-0.0245809705,2.9214974159,-0.1053848472,0.4716,0.0559771382,-0.0245809705,2.9214974159,-0.1053848472
