Instance,INF_avg,INF_sd,INF_r1,INF_kr,INF_sk,SUP_avg,SUP_sd,SUP_r1,SUP_kr,SUP_sk,INC_avg,INC_sd,INC_r1,INC_kr,INC_sk,IND_avg,IND_sd,IND_r1,IND_kr,IND_sk
164,0.28,0.0619677335,0.0,3.1484375,0.5204321371,0.2228,0.0575513684,0.1102892534,2.0738697209,0.0008178813,0.4972,0.0656060973,-0.0412497829,2.5550553924,-0.0968311754,0.4972,0.0656060973,-0.0412497829,2.5550553924,-0.0968311754
