Instance,INF_avg,INF_sd,INF_r1,INF_kr,INF_sk,SUP_avg,SUP_sd,SUP_r1,SUP_kr,SUP_sk,INC_avg,INC_sd,INC_r1,INC_kr,INC_sk,IND_avg,IND_sd,IND_r1,IND_kr,IND_sk
44,0.283,0.0492036584,0.5169848477,1.6167185413,0.6353483302,0.211,0.0544885309,0.3973583888,2.2557124189,0.3572337051,0.506,0.0581721583,-0.1505478799,2.4157654712,0.2289608866,0.506,0.0581721583,-0.1505478799,2.4157654712,0.2289608866
