Instance,INF_avg,INF_sd,INF_r1,INF_kr,INF_sk,SUP_avg,SUP_sd,SUP_r1,SUP_kr,SUP_sk,INC_avg,INC_sd,INC_r1,INC_kr,INC_sk,IND_avg,IND_sd,IND_r1,IND_kr,IND_sk
287,0.4718518519,0.1380696828,0.8646710008,1.8044648583,-0.1023936825,0.1005555556,0.0704066671,0.8284837148,2.1621636723,0.656818305,0.4275925926,0.0845233955,0.6106296302,2.16847238,-0.0897327079,0.4275925926,0.0845233955,0.6106296302,2.16847238,-0.0897327079
