Instance,INF_avg,INF_sd,INF_r1,INF_kr,INF_sk,SUP_avg,SUP_sd,SUP_r1,SUP_kr,SUP_sk,INC_avg,INC_sd,INC_r1,INC_kr,INC_sk,IND_avg,IND_sd,IND_r1,IND_kr,IND_sk
268,0.216,0.0512249939,-0.445035461,1.6140690065,-0.2056922718,0.276,0.0463033476,-0.529535865,1.3968589886,0.2436882574,0.508,0.0574108004,-0.5155945419,2.6779621076,-1.114096383,0.508,0.0574108004,-0.5155945419,2.6779621076,-1.114096383
