Instance,INF_avg,INF_sd,INF_r1,INF_kr,INF_sk,SUP_avg,SUP_sd,SUP_r1,SUP_kr,SUP_sk,INC_avg,INC_sd,INC_r1,INC_kr,INC_sk,IND_avg,IND_sd,IND_r1,IND_kr,IND_sk
163,0.25,0.0608276253,0.2132963989,2.9284149014,-0.6291593676,0.268,0.0430813185,0.1732283465,2.3544887039,0.3769935529,0.482,0.0729109045,0.0430766901,1.8976894999,0.4398825521,0.482,0.0729109045,0.0430766901,1.8976894999,0.4398825521
