Instance,INF_avg,INF_sd,INF_r1,INF_kr,INF_sk,SUP_avg,SUP_sd,SUP_r1,SUP_kr,SUP_sk,INC_avg,INC_sd,INC_r1,INC_kr,INC_sk,IND_avg,IND_sd,IND_r1,IND_kr,IND_sk
81,0.3,0.1341640786,-0.4,1.6203703704,0.1242259987,0.22,0.1029563014,-0.4163498099,2.0685297259,-0.4068404933,0.48,0.1029563014,-0.650671785,2.2821288715,-0.6927284075,0.48,0.1029563014,-0.650671785,2.2821288715,-0.6927284075
