Instance,INF_avg,INF_sd,INF_r1,INF_kr,INF_sk,SUP_avg,SUP_sd,SUP_r1,SUP_kr,SUP_sk,INC_avg,INC_sd,INC_r1,INC_kr,INC_sk,IND_avg,IND_sd,IND_r1,IND_kr,IND_sk
25,0.4106382979,0.120290504,0.7521890812,2.1384871356,-0.0094281929,0.1240425532,0.097318507,0.8205815292,2.3625326223,0.6312963059,0.4653191489,0.0571988344,-0.1772385694,2.5352344832,-0.3356103768,0.4653191489,0.0571988344,-0.1772385694,2.5352344832,-0.3356103768
