Instance,INF_avg,INF_sd,INF_r1,INF_kr,INF_sk,SUP_avg,SUP_sd,SUP_r1,SUP_kr,SUP_sk,INC_avg,INC_sd,INC_r1,INC_kr,INC_sk,IND_avg,IND_sd,IND_r1,IND_kr,IND_sk
138,0.266,0.0422374242,0.1990975747,2.0871724748,-0.2602202101,0.259,0.050009999,-0.2534308509,3.9414236704,0.5341115011,0.475,0.0527730992,-0.0185355111,2.5793249938,0.2147331996,0.475,0.0527730992,-0.0185355111,2.5793249938,0.2147331996
