Instance,INF_avg,INF_sd,INF_r1,INF_kr,INF_sk,SUP_avg,SUP_sd,SUP_r1,SUP_kr,SUP_sk,INC_avg,INC_sd,INC_r1,INC_kr,INC_sk,IND_avg,IND_sd,IND_r1,IND_kr,IND_sk
241,0.3015,0.1209245633,0.2001357885,3.4788638232,0.3296730456,0.25,0.1007472084,0.0592592593,2.8525322138,0.3667179805,0.4485,0.1227711285,0.0876568292,2.6003531732,0.1156881493,0.4485,0.1227711285,0.0876568292,2.6003531732,0.1156881493
