Instance,INF_avg,INF_sd,INF_r1,INF_kr,INF_sk,SUP_avg,SUP_sd,SUP_r1,SUP_kr,SUP_sk,INC_avg,INC_sd,INC_r1,INC_kr,INC_sk,IND_avg,IND_sd,IND_r1,IND_kr,IND_sk
200,0.256,0.0538887743,-0.2700449006,2.392675819,-0.2088783515,0.241,0.0372692903,-0.2764283607,1.5962802457,-0.2176674401,0.503,0.03318132,0.1982547041,1.9276481376,0.3439116987,0.503,0.03318132,0.1982547041,1.9276481376,0.3439116987
