Instance,INF_avg,INF_sd,INF_r1,INF_kr,INF_sk,SUP_avg,SUP_sd,SUP_r1,SUP_kr,SUP_sk,INC_avg,INC_sd,INC_r1,INC_kr,INC_sk,IND_avg,IND_sd,IND_r1,IND_kr,IND_sk
148,0.252,0.0470744092,-0.7132867133,1.6245552529,0.0469339142,0.318,0.0231516738,-0.3379204893,2.5997995099,0.8238983939,0.43,0.0316227766,-0.6086956522,1.828,0.3794733192,0.43,0.0316227766,-0.6086956522,1.828,0.3794733192
