Instance,INF_avg,INF_sd,INF_r1,INF_kr,INF_sk,SUP_avg,SUP_sd,SUP_r1,SUP_kr,SUP_sk,INC_avg,INC_sd,INC_r1,INC_kr,INC_sk,IND_avg,IND_sd,IND_r1,IND_kr,IND_sk
187,0.23,0.0320936131,0.0947368421,1.5951079272,-0.4946088922,0.384,0.0222261108,-0.1878565607,1.9998770673,0.3786989157,0.386,0.0485180379,0.0724335591,2.3267761665,0.2338819565,0.386,0.0485180379,0.0724335591,2.3267761665,0.2338819565
