Instance,INF_avg,INF_sd,INF_r1,INF_kr,INF_sk,SUP_avg,SUP_sd,SUP_r1,SUP_kr,SUP_sk,INC_avg,INC_sd,INC_r1,INC_kr,INC_sk,IND_avg,IND_sd,IND_r1,IND_kr,IND_sk
10,0.4,0.1095445115,-0.0869565217,1.5625,0.1141088661,0.17,0.0678232998,-1.131147541,2.9310018904,1.1731251294,0.43,0.1288409873,-0.5404699739,1.984395413,0.7265891066,0.43,0.1288409873,-0.5404699739,1.984395413,0.7265891066
