Instance,INF_avg,INF_sd,INF_r1,INF_kr,INF_sk,SUP_avg,SUP_sd,SUP_r1,SUP_kr,SUP_sk,INC_avg,INC_sd,INC_r1,INC_kr,INC_sk,IND_avg,IND_sd,IND_r1,IND_kr,IND_sk
298,0.228,0.1265543362,0.227713118,2.180883053,0.0556042823,0.254,0.1374190671,-0.0892871549,4.3350532248,0.4945346,0.518,0.1505855239,0.0232684879,3.4507851109,0.0789720296,0.518,0.1505855239,0.0232684879,3.4507851109,0.0789720296
