Instance,INF_avg,INF_sd,INF_r1,INF_kr,INF_sk,SUP_avg,SUP_sd,SUP_r1,SUP_kr,SUP_sk,INC_avg,INC_sd,INC_r1,INC_kr,INC_sk,IND_avg,IND_sd,IND_r1,IND_kr,IND_sk
239,0.22,0.0197484177,-0.2597402597,2.1449704142,0.0194757571,0.256,0.0091651514,-0.3985148515,1.2091836735,-0.296152851,0.524,0.0210713075,-0.2347904461,2.6108473338,-0.9825067902,0.524,0.0210713075,-0.2347904461,2.6108473338,-0.9825067902
