Instance,INF_avg,INF_sd,INF_r1,INF_kr,INF_sk,SUP_avg,SUP_sd,SUP_r1,SUP_kr,SUP_sk,INC_avg,INC_sd,INC_r1,INC_kr,INC_sk,IND_avg,IND_sd,IND_r1,IND_kr,IND_sk
140,0.253,0.0234733892,0.1448452664,2.18591836,0.0436065477,0.2295,0.0315792653,-0.0653791779,2.1607764923,0.7139336484,0.5175,0.0207665597,-0.0015600624,2.4175173283,-0.7662821257,0.5175,0.0207665597,-0.0015600624,2.4175173283,-0.7662821257
