Instance,INF_avg,INF_sd,INF_r1,INF_kr,INF_sk,SUP_avg,SUP_sd,SUP_r1,SUP_kr,SUP_sk,INC_avg,INC_sd,INC_r1,INC_kr,INC_sk,IND_avg,IND_sd,IND_r1,IND_kr,IND_sk
94,0.238,0.0444522215,0.1558916809,1.5794472947,-0.1131178579,0.274,0.037469988,0.0306269864,1.8165193464,-0.0971717856,0.488,0.036,-0.0056584362,2.2569158665,0.6640946502,0.488,0.036,-0.0056584362,2.2569158665,0.6640946502
