Instance,INF_avg,INF_sd,INF_r1,INF_kr,INF_sk,SUP_avg,SUP_sd,SUP_r1,SUP_kr,SUP_sk,INC_avg,INC_sd,INC_r1,INC_kr,INC_sk,IND_avg,IND_sd,IND_r1,IND_kr,IND_sk
59,0.266,0.0885663593,0.0933189701,1.9424382288,0.0926884323,0.203,0.0770778827,0.1007017342,2.807896484,0.7184753118,0.531,0.1090366911,-0.1600182469,2.194561172,-0.5384154595,0.531,0.1090366911,-0.1600182469,2.194561172,-0.5384154595
