Instance,INF_avg,INF_sd,INF_r1,INF_kr,INF_sk,SUP_avg,SUP_sd,SUP_r1,SUP_kr,SUP_sk,INC_avg,INC_sd,INC_r1,INC_kr,INC_sk,IND_avg,IND_sd,IND_r1,IND_kr,IND_sk
268,0.282,0.1430943745,0.0396280813,2.779616451,0.4612750206,0.246,0.1506120845,0.1107028069,2.8137002145,0.489471557,0.472,0.1543243338,0.0329847253,2.9554812176,0.0170039175,0.472,0.1543243338,0.0329847253,2.9554812176,0.0170039175
