Instance,INF_avg,INF_sd,INF_r1,INF_kr,INF_sk,SUP_avg,SUP_sd,SUP_r1,SUP_kr,SUP_sk,INC_avg,INC_sd,INC_r1,INC_kr,INC_sk,IND_avg,IND_sd,IND_r1,IND_kr,IND_sk
48,0.6188888889,0.1728804625,0.838201372,2.0193397532,-0.3121386125,0.1466666667,0.1002219759,0.7381076843,2.7610032109,0.7100757207,0.2344444444,0.0888958331,0.6106786105,2.2393236186,0.0308287117,0.2344444444,0.0888958331,0.6106786105,2.2393236186,0.0308287117
