Instance,INF_avg,INF_sd,INF_r1,INF_kr,INF_sk,SUP_avg,SUP_sd,SUP_r1,SUP_kr,SUP_sk,INC_avg,INC_sd,INC_r1,INC_kr,INC_sk,IND_avg,IND_sd,IND_r1,IND_kr,IND_sk
34,0.2268,0.040911612,0.2532731778,2.8340061452,0.0131558664,0.268,0.0564977876,0.2150136212,3.0825748582,0.1470547969,0.5052,0.0497288649,0.0093840945,2.2831675853,-0.0198311409,0.5052,0.0497288649,0.0093840945,2.2831675853,-0.0198311409
