Instance,INF_avg,INF_sd,INF_r1,INF_kr,INF_sk,SUP_avg,SUP_sd,SUP_r1,SUP_kr,SUP_sk,INC_avg,INC_sd,INC_r1,INC_kr,INC_sk,IND_avg,IND_sd,IND_r1,IND_kr,IND_sk
289,0.22,0.1720465053,-0.3323353293,1.9945215486,0.3958703373,0.22,0.1469693846,-0.3888888889,2.8127572016,1.1642636432,0.56,0.1743559577,0.0889830508,1.7957063712,-0.0543353054,0.56,0.1743559577,0.0889830508,1.7957063712,-0.0543353054
