Instance,INF_avg,INF_sd,INF_r1,INF_kr,INF_sk,SUP_avg,SUP_sd,SUP_r1,SUP_kr,SUP_sk,INC_avg,INC_sd,INC_r1,INC_kr,INC_sk,IND_avg,IND_sd,IND_r1,IND_kr,IND_sk
205,0.226,0.0224499443,-0.8954248366,2.3760393046,-0.1315095,0.274,0.0392937654,-0.4122533749,2.9421058283,1.2627087222,0.5,0.0424264069,-0.0675675676,2.737037037,-1.0999438818,0.5,0.0424264069,-0.0675675676,2.737037037,-1.0999438818
