Instance,INF_avg,INF_sd,INF_r1,INF_kr,INF_sk,SUP_avg,SUP_sd,SUP_r1,SUP_kr,SUP_sk,INC_avg,INC_sd,INC_r1,INC_kr,INC_sk,IND_avg,IND_sd,IND_r1,IND_kr,IND_sk
119,0.294,0.019078784,-0.4975845411,2.4643159039,0.1105882905,0.239,0.0221133444,-0.3591244591,2.0622906395,0.6258886288,0.467,0.0214709106,0.0176048685,2.5359235087,0.815915009,0.467,0.0214709106,0.0176048685,2.5359235087,0.815915009
