Instance,INF_avg,INF_sd,INF_r1,INF_kr,INF_sk,SUP_avg,SUP_sd,SUP_r1,SUP_kr,SUP_sk,INC_avg,INC_sd,INC_r1,INC_kr,INC_sk,IND_avg,IND_sd,IND_r1,IND_kr,IND_sk
126,0.42375,0.0943081425,0.6693391234,2.143572711,-0.1486231625,0.1069117647,0.0658933486,0.7419556461,2.7949155479,0.7891203064,0.4693382353,0.05415395,0.0672478871,2.8631419559,-0.046537108,0.4693382353,0.05415395,0.0672478871,2.8631419559,-0.046537108
