Instance,INF_avg,INF_sd,INF_r1,INF_kr,INF_sk,SUP_avg,SUP_sd,SUP_r1,SUP_kr,SUP_sk,INC_avg,INC_sd,INC_r1,INC_kr,INC_sk,IND_avg,IND_sd,IND_r1,IND_kr,IND_sk
256,0.26,0.1624807681,-0.1559139785,1.4421487603,0.3804646085,0.22,0.04,-0.0526315789,3.25,1.5,0.52,0.1833030278,-0.0869565217,1.2091836735,-0.296152851,0.52,0.1833030278,-0.0869565217,1.2091836735,-0.296152851
