Instance,INF_avg,INF_sd,INF_r1,INF_kr,INF_sk,SUP_avg,SUP_sd,SUP_r1,SUP_kr,SUP_sk,INC_avg,INC_sd,INC_r1,INC_kr,INC_sk,IND_avg,IND_sd,IND_r1,IND_kr,IND_sk
248,0.3086,0.0543326789,0.1732522566,2.5513515461,-0.1697007769,0.2042,0.046393534,0.3040899416,3.4470497419,0.6103431754,0.4872,0.0479599833,0.2229121518,2.0941872491,0.2010893193,0.4872,0.0479599833,0.2229121518,2.0941872491,0.2010893193
