Instance,INF_avg,INF_sd,INF_r1,INF_kr,INF_sk,SUP_avg,SUP_sd,SUP_r1,SUP_kr,SUP_sk,INC_avg,INC_sd,INC_r1,INC_kr,INC_sk,IND_avg,IND_sd,IND_r1,IND_kr,IND_sk
80,0.254,0.1139473563,0.0293740832,4.3551352269,0.7834632623,0.269,0.1094942921,0.1863848458,2.1388091933,-0.1468180285,0.477,0.1257815567,0.1108509685,2.831438015,0.4579500381,0.477,0.1257815567,0.1108509685,2.831438015,0.4579500381
