Instance,INF_avg,INF_sd,INF_r1,INF_kr,INF_sk,SUP_avg,SUP_sd,SUP_r1,SUP_kr,SUP_sk,INC_avg,INC_sd,INC_r1,INC_kr,INC_sk,IND_avg,IND_sd,IND_r1,IND_kr,IND_sk
102,0.2943,0.0334067358,0.1869920162,2.4868078711,0.1267751769,0.2139,0.0256961087,-0.0500438891,2.651605464,0.2285503982,0.4918,0.0379046171,0.0901371898,2.5469092837,-0.2499885525,0.4918,0.0379046171,0.0901371898,2.5469092837,-0.2499885525
