Instance,INF_avg,INF_sd,INF_r1,INF_kr,INF_sk,SUP_avg,SUP_sd,SUP_r1,SUP_kr,SUP_sk,INC_avg,INC_sd,INC_r1,INC_kr,INC_sk,IND_avg,IND_sd,IND_r1,IND_kr,IND_sk
82,0.304,0.1455472432,0.193672365,2.3494742655,0.3975412101,0.196,0.1427725464,-0.2326394784,3.5716269602,0.7300586964,0.5,0.1549193338,0.1016949153,2.4166666667,0.0,0.5,0.1549193338,0.1016949153,2.4166666667,0.0
