Instance,INF_avg,INF_sd,INF_r1,INF_kr,INF_sk,SUP_avg,SUP_sd,SUP_r1,SUP_kr,SUP_sk,INC_avg,INC_sd,INC_r1,INC_kr,INC_sk,IND_avg,IND_sd,IND_r1,IND_kr,IND_sk
271,0.214,0.1216716894,-0.0745265428,2.6121960655,0.3972224078,0.218,0.1227843638,0.0317296412,2.8796464236,0.8859956765,0.568,0.1515783626,-0.0290636507,2.1761654162,-0.1727229273,0.568,0.1515783626,-0.0290636507,2.1761654162,-0.1727229273
