Instance,INF_avg,INF_sd,INF_r1,INF_kr,INF_sk,SUP_avg,SUP_sd,SUP_r1,SUP_kr,SUP_sk,INC_avg,INC_sd,INC_r1,INC_kr,INC_sk,IND_avg,IND_sd,IND_r1,IND_kr,IND_sk
193,0.232,0.0693974063,0.0256797583,2.2013774682,0.2947059312,0.22,0.0619677335,-0.6421052632,2.3697916667,0.847215107,0.548,0.0877268488,-0.5082087724,2.3232826622,0.2138560203,0.548,0.0877268488,-0.5082087724,2.3232826622,0.2138560203
