Instance,INF_avg,INF_sd,INF_r1,INF_kr,INF_sk,SUP_avg,SUP_sd,SUP_r1,SUP_kr,SUP_sk,INC_avg,INC_sd,INC_r1,INC_kr,INC_sk,IND_avg,IND_sd,IND_r1,IND_kr,IND_sk
226,0.34,0.1019803903,0.2578125,3.7307692308,-0.8598938233,0.14,0.12,-0.4245014245,2.787037037,0.5833333333,0.52,0.1469693846,0.0630797774,2.9670781893,-0.5367709004,0.52,0.1469693846,0.0630797774,2.9670781893,-0.5367709004
