Instance,INF_avg,INF_sd,INF_r1,INF_kr,INF_sk,SUP_avg,SUP_sd,SUP_r1,SUP_kr,SUP_sk,INC_avg,INC_sd,INC_r1,INC_kr,INC_sk,IND_avg,IND_sd,IND_r1,IND_kr,IND_sk
275,0.273,0.1377352533,-0.0850679073,3.1273606602,0.3545130842,0.266,0.1282341608,0.0285555482,2.2939822859,0.0268376102,0.461,0.1535545506,0.007679535,2.7691500958,0.2231806872,0.461,0.1535545506,0.007679535,2.7691500958,0.2231806872
