Instance,INF_avg,INF_sd,INF_r1,INF_kr,INF_sk,SUP_avg,SUP_sd,SUP_r1,SUP_kr,SUP_sk,INC_avg,INC_sd,INC_r1,INC_kr,INC_sk,IND_avg,IND_sd,IND_r1,IND_kr,IND_sk
201,0.2672,0.0587550849,0.2237507238,2.6495073626,0.3168144604,0.2176,0.0602182697,0.1736648475,2.0562545159,-0.2276786276,0.5152,0.0596737798,-0.1520104314,2.5470142608,0.2689388568,0.5152,0.0596737798,-0.1520104314,2.5470142608,0.2689388568
