Instance,INF_avg,INF_sd,INF_r1,INF_kr,INF_sk,SUP_avg,SUP_sd,SUP_r1,SUP_kr,SUP_sk,INC_avg,INC_sd,INC_r1,INC_kr,INC_sk,IND_avg,IND_sd,IND_r1,IND_kr,IND_sk
131,0.2404,0.0650525941,0.1218130096,2.3185685399,0.0588528472,0.2628,0.0564283617,-0.2898194827,4.1874610032,0.2045399127,0.4968,0.0682770825,0.0519706406,2.7293235744,-0.5238418333,0.4968,0.0682770825,0.0519706406,2.7293235744,-0.5238418333
