Instance,INF_avg,INF_sd,INF_r1,INF_kr,INF_sk,SUP_avg,SUP_sd,SUP_r1,SUP_kr,SUP_sk,INC_avg,INC_sd,INC_r1,INC_kr,INC_sk,IND_avg,IND_sd,IND_r1,IND_kr,IND_sk
161,0.2666666667,0.1333333333,-0.3006993007,1.828125,0.34375,0.1888888889,0.1369869778,-0.0926784059,3.4648545706,0.9786647577,0.5444444444,0.1257078722,-0.1673640167,2.3195800781,-0.5455218331,0.5444444444,0.1257078722,-0.1673640167,2.3195800781,-0.5455218331
