Instance,INF_avg,INF_sd,INF_r1,INF_kr,INF_sk,SUP_avg,SUP_sd,SUP_r1,SUP_kr,SUP_sk,INC_avg,INC_sd,INC_r1,INC_kr,INC_sk,IND_avg,IND_sd,IND_r1,IND_kr,IND_sk
86,0.4886904762,0.0925148606,0.6416395789,2.457655084,-0.2249799571,0.0805952381,0.0604615421,0.7894667655,3.5492492601,1.0029463871,0.4307142857,0.0572543555,0.062301006,2.6762839225,-0.08652378,0.4307142857,0.0572543555,0.062301006,2.6762839225,-0.08652378
