Instance,INF_avg,INF_sd,INF_r1,INF_kr,INF_sk,SUP_avg,SUP_sd,SUP_r1,SUP_kr,SUP_sk,INC_avg,INC_sd,INC_r1,INC_kr,INC_sk,IND_avg,IND_sd,IND_r1,IND_kr,IND_sk
176,0.25,0.1095445115,0.3913043478,1.5625,0.1141088661,0.26,0.0860232527,0.0119760479,1.9945215486,0.3958703373,0.49,0.1280624847,0.2632331903,1.6140690065,-0.2056922718,0.49,0.1280624847,0.2632331903,1.6140690065,-0.2056922718
