Instance,INF_avg,INF_sd,INF_r1,INF_kr,INF_sk,SUP_avg,SUP_sd,SUP_r1,SUP_kr,SUP_sk,INC_avg,INC_sd,INC_r1,INC_kr,INC_sk,IND_avg,IND_sd,IND_r1,IND_kr,IND_sk
48,0.5080882353,0.1526530799,0.9259407217,1.729909338,-0.1883637619,0.0652941176,0.0613325216,0.8383864887,3.1581488084,0.9952066376,0.4266176471,0.0988962661,0.9017974467,1.7649910101,-0.0310171192,0.4266176471,0.0988962661,0.9017974467,1.7649910101,-0.0310171192
