Instance,INF_avg,INF_sd,INF_r1,INF_kr,INF_sk,SUP_avg,SUP_sd,SUP_r1,SUP_kr,SUP_sk,INC_avg,INC_sd,INC_r1,INC_kr,INC_sk,IND_avg,IND_sd,IND_r1,IND_kr,IND_sk
130,0.31325,0.0398457965,0.4148455408,3.4321824501,0.2385604025,0.27935,0.0380897296,0.1712557178,2.4634718097,0.0399126548,0.4074,0.0446737059,0.4127323348,2.3396386979,-0.2336678915,0.4074,0.0446737059,0.4127323348,2.3396386979,-0.2336678915
