Instance,INF_avg,INF_sd,INF_r1,INF_kr,INF_sk,SUP_avg,SUP_sd,SUP_r1,SUP_kr,SUP_sk,INC_avg,INC_sd,INC_r1,INC_kr,INC_sk,IND_avg,IND_sd,IND_r1,IND_kr,IND_sk
25,0.252,0.106282642,0.321406098,2.8263498222,0.3475152996,0.296,0.1103811578,0.0094745909,3.3446339753,-0.4563426941,0.452,0.1315142578,0.1530941312,2.5538392947,0.1016481242,0.452,0.1315142578,0.1530941312,2.5538392947,0.1016481242
