Instance,INF_avg,INF_sd,INF_r1,INF_kr,INF_sk,SUP_avg,SUP_sd,SUP_r1,SUP_kr,SUP_sk,INC_avg,INC_sd,INC_r1,INC_kr,INC_sk,IND_avg,IND_sd,IND_r1,IND_kr,IND_sk
227,0.258,0.1266333289,-0.1307405939,2.6671254954,0.5882841726,0.212,0.1290581264,0.0272093157,3.1561012881,0.4459711105,0.53,0.1431782106,-0.0601345246,2.7029863177,-0.4129256188,0.53,0.1431782106,-0.0601345246,2.7029863177,-0.4129256188
