Instance,INF_avg,INF_sd,INF_r1,INF_kr,INF_sk,SUP_avg,SUP_sd,SUP_r1,SUP_kr,SUP_sk,INC_avg,INC_sd,INC_r1,INC_kr,INC_sk,IND_avg,IND_sd,IND_r1,IND_kr,IND_sk
294,0.236,0.0326190129,-0.2087912088,2.4066086268,-0.5061857103,0.276,0.0198494332,-0.8819599109,3.0871833853,1.3671451224,0.488,0.0201494417,-0.3756461804,2.7326676212,-1.1008873776,0.488,0.0201494417,-0.3756461804,2.7326676212,-1.1008873776
