Instance,INF_avg,INF_sd,INF_r1,INF_kr,INF_sk,SUP_avg,SUP_sd,SUP_r1,SUP_kr,SUP_sk,INC_avg,INC_sd,INC_r1,INC_kr,INC_sk,IND_avg,IND_sd,IND_r1,IND_kr,IND_sk
125,0.24,0.1356465997,-0.0180995475,2.3638941399,-0.7500308204,0.28,0.1833030278,-0.1209439528,1.2091836735,0.296152851,0.48,0.0979795897,-0.130952381,2.7291666667,-0.8675276172,0.48,0.0979795897,-0.130952381,2.7291666667,-0.8675276172
