Instance,INF_avg,INF_sd,INF_r1,INF_kr,INF_sk,SUP_avg,SUP_sd,SUP_r1,SUP_kr,SUP_sk,INC_avg,INC_sd,INC_r1,INC_kr,INC_sk,IND_avg,IND_sd,IND_r1,IND_kr,IND_sk
193,0.255,0.0448664685,-0.0212548015,1.8439569031,0.1534608389,0.2332,0.0397210272,0.1078058503,2.9249179661,-0.0839196298,0.5118,0.04922154,0.0875395192,2.7577552323,0.247972943,0.5118,0.04922154,0.0875395192,2.7577552323,0.247972943
