Instance,INF_avg,INF_sd,INF_r1,INF_kr,INF_sk,SUP_avg,SUP_sd,SUP_r1,SUP_kr,SUP_sk,INC_avg,INC_sd,INC_r1,INC_kr,INC_sk,IND_avg,IND_sd,IND_r1,IND_kr,IND_sk
135,0.292,0.0354400903,-0.287094548,1.7075946286,-0.0841107259,0.232,0.0299332591,0.8648648649,2.1339285714,-0.7301958931,0.476,0.0449888875,-0.4857881137,1.9858223062,0.4870768025,0.476,0.0449888875,-0.4857881137,1.9858223062,0.4870768025
