Instance,INF_avg,INF_sd,INF_r1,INF_kr,INF_sk,SUP_avg,SUP_sd,SUP_r1,SUP_kr,SUP_sk,INC_avg,INC_sd,INC_r1,INC_kr,INC_sk,IND_avg,IND_sd,IND_r1,IND_kr,IND_sk
137,0.272,0.03906405,-0.2518258837,2.2396082581,-0.5655597347,0.218,0.0287402157,-0.9528250137,1.4101653876,-0.1278885597,0.51,0.0296647939,0.5789473684,2.0351239669,-0.5516180693,0.51,0.0296647939,0.5789473684,2.0351239669,-0.5516180693
