Instance,INF_avg,INF_sd,INF_r1,INF_kr,INF_sk,SUP_avg,SUP_sd,SUP_r1,SUP_kr,SUP_sk,INC_avg,INC_sd,INC_r1,INC_kr,INC_sk,IND_avg,IND_sd,IND_r1,IND_kr,IND_sk
246,0.224,0.1192644121,-0.2066127705,3.5036864768,0.378472982,0.274,0.1797887649,-0.1900782656,2.2635378266,0.2888841607,0.502,0.1974740489,0.1257178388,2.6975526267,0.1124594158,0.502,0.1974740489,0.1257178388,2.6975526267,0.1124594158
