Instance,INF_avg,INF_sd,INF_r1,INF_kr,INF_sk,SUP_avg,SUP_sd,SUP_r1,SUP_kr,SUP_sk,INC_avg,INC_sd,INC_r1,INC_kr,INC_sk,IND_avg,IND_sd,IND_r1,IND_kr,IND_sk
174,0.224,0.0884533775,-0.1847816925,2.2104896684,-0.0103343756,0.25,0.0948683298,0.1685393258,2.462962963,0.316227766,0.526,0.0849941174,0.1585925548,1.8208169152,0.2344504643,0.526,0.0849941174,0.1585925548,1.8208169152,0.2344504643
