Instance,INF_avg,INF_sd,INF_r1,INF_kr,INF_sk,SUP_avg,SUP_sd,SUP_r1,SUP_kr,SUP_sk,INC_avg,INC_sd,INC_r1,INC_kr,INC_sk,IND_avg,IND_sd,IND_r1,IND_kr,IND_sk
284,0.3834615385,0.1060043341,0.8079951269,2.3984846149,0.0478140261,0.1101648352,0.0780917696,0.8756962832,2.5039376072,0.6381194045,0.5063736264,0.0546721795,0.2826886358,3.8966694338,-0.4476832566,0.5063736264,0.0546721795,0.2826886358,3.8966694338,-0.4476832566
