Instance,INF_avg,INF_sd,INF_r1,INF_kr,INF_sk,SUP_avg,SUP_sd,SUP_r1,SUP_kr,SUP_sk,INC_avg,INC_sd,INC_r1,INC_kr,INC_sk,IND_avg,IND_sd,IND_r1,IND_kr,IND_sk
110,0.268,0.0711055553,0.0180878553,2.0317457138,-0.5837283587,0.252,0.0688186021,0.1540055249,4.0129884953,1.2388620825,0.48,0.0619677335,0.21875,2.4869791667,-0.0605153648,0.48,0.0619677335,0.21875,2.4869791667,-0.0605153648
