Instance,INF_avg,INF_sd,INF_r1,INF_kr,INF_sk,SUP_avg,SUP_sd,SUP_r1,SUP_kr,SUP_sk,INC_avg,INC_sd,INC_r1,INC_kr,INC_sk,IND_avg,IND_sd,IND_r1,IND_kr,IND_sk
31,0.2583333333,0.1255543264,-0.2182289737,2.0609171534,0.3163650322,0.2833333333,0.1572330189,0.2451861361,2.5311198081,0.1476850979,0.4583333333,0.1037491633,0.3876349362,3.3953381894,0.4487664121,0.4583333333,0.1037491633,0.3876349362,3.3953381894,0.4487664121
