Instance,INF_avg,INF_sd,INF_r1,INF_kr,INF_sk,SUP_avg,SUP_sd,SUP_r1,SUP_kr,SUP_sk,INC_avg,INC_sd,INC_r1,INC_kr,INC_sk,IND_avg,IND_sd,IND_r1,IND_kr,IND_sk
179,0.27,0.0748331477,-0.9117647059,1.8469387755,-0.3436215967,0.24,0.0734846923,-0.2453531599,2.8127572016,-1.1642636432,0.49,0.0860232527,-0.7871485944,1.9945215486,-0.3958703373,0.49,0.0860232527,-0.7871485944,1.9945215486,-0.3958703373
