Instance,INF_avg,INF_sd,INF_r1,INF_kr,INF_sk,SUP_avg,SUP_sd,SUP_r1,SUP_kr,SUP_sk,INC_avg,INC_sd,INC_r1,INC_kr,INC_sk,IND_avg,IND_sd,IND_r1,IND_kr,IND_sk
94,0.2508,0.041320213,0.0763682981,2.5565878709,0.5332761901,0.1938,0.0324893829,-0.0885922026,3.4491181237,-0.3309060729,0.5554,0.0481335642,-0.1657832908,2.5236822386,0.2113540171,0.5554,0.0481335642,-0.1657832908,2.5236822386,0.2113540171
