Instance,INF_avg,INF_sd,INF_r1,INF_kr,INF_sk,SUP_avg,SUP_sd,SUP_r1,SUP_kr,SUP_sk,INC_avg,INC_sd,INC_r1,INC_kr,INC_sk,IND_avg,IND_sd,IND_r1,IND_kr,IND_sk
247,0.231,0.046141088,-0.4407988588,2.618821345,0.9621071925,0.249,0.0403608721,0.6515450362,1.7489845085,-0.2283268206,0.52,0.0479583152,-0.2522123894,2.7383742911,0.0108790129,0.52,0.0479583152,-0.2522123894,2.7383742911,0.0108790129
