Instance,INF_avg,INF_sd,INF_r1,INF_kr,INF_sk,SUP_avg,SUP_sd,SUP_r1,SUP_kr,SUP_sk,INC_avg,INC_sd,INC_r1,INC_kr,INC_sk,IND_avg,IND_sd,IND_r1,IND_kr,IND_sk
186,0.276,0.0344093011,-0.678200692,2.6519357195,1.017952296,0.252,0.049959984,-1.1314741036,2.5103550296,-1.0038803489,0.472,0.0785875308,-1.201986755,2.2414158769,0.280074491,0.472,0.0785875308,-1.201986755,2.2414158769,0.280074491
