Instance,INF_avg,INF_sd,INF_r1,INF_kr,INF_sk,SUP_avg,SUP_sd,SUP_r1,SUP_kr,SUP_sk,INC_avg,INC_sd,INC_r1,INC_kr,INC_sk,IND_avg,IND_sd,IND_r1,IND_kr,IND_sk
285,0.268,0.1348183964,-0.1490163993,2.7865347897,0.69279424,0.252,0.1330263132,0.1714273713,2.4639905954,-0.0939595749,0.48,0.1743559577,0.2056074766,1.8393351801,0.1720618004,0.48,0.1743559577,0.2056074766,1.8393351801,0.1720618004
