Instance,INF_avg,INF_sd,INF_r1,INF_kr,INF_sk,SUP_avg,SUP_sd,SUP_r1,SUP_kr,SUP_sk,INC_avg,INC_sd,INC_r1,INC_kr,INC_sk,IND_avg,IND_sd,IND_r1,IND_kr,IND_sk
103,0.2664,0.0474029535,0.1444914413,1.9579639784,-0.073653606,0.275,0.041,0.4671860953,2.5537280046,0.4979614341,0.4586,0.0443174909,0.099929898,2.4215056776,0.1414467441,0.4586,0.0443174909,0.099929898,2.4215056776,0.1414467441
