Instance,INF_avg,INF_sd,INF_r1,INF_kr,INF_sk,SUP_avg,SUP_sd,SUP_r1,SUP_kr,SUP_sk,INC_avg,INC_sd,INC_r1,INC_kr,INC_sk,IND_avg,IND_sd,IND_r1,IND_kr,IND_sk
135,0.2642,0.030254917,-0.1654842722,2.6108344294,-0.1986927142,0.2168,0.0293216643,-0.0410407092,2.0247321796,0.0137433391,0.519,0.0330756708,0.1759422737,2.1362843364,0.3860186107,0.519,0.0330756708,0.1759422737,2.1362843364,0.3860186107
