Instance,INF_avg,INF_sd,INF_r1,INF_kr,INF_sk,SUP_avg,SUP_sd,SUP_r1,SUP_kr,SUP_sk,INC_avg,INC_sd,INC_r1,INC_kr,INC_sk,IND_avg,IND_sd,IND_r1,IND_kr,IND_sk
281,0.3495283019,0.0782157403,0.5384408475,2.6106855584,0.2103399619,0.1308490566,0.0707255915,0.7545414826,2.6420484246,0.5307777516,0.5196226415,0.0484655982,-0.1746602348,2.6900896921,-0.270329816,0.5196226415,0.0484655982,-0.1746602348,2.6900896921,-0.270329816
