Instance,INF_avg,INF_sd,INF_r1,INF_kr,INF_sk,SUP_avg,SUP_sd,SUP_r1,SUP_kr,SUP_sk,INC_avg,INC_sd,INC_r1,INC_kr,INC_sk,IND_avg,IND_sd,IND_r1,IND_kr,IND_sk
155,0.28,0.2039607805,-0.6666666667,1.9556213018,0.2715454179,0.32,0.1833030278,-1.005899705,1.2091836735,-0.296152851,0.4,0.1264911064,-0.4285714286,1.5625,0.5929270613,0.4,0.1264911064,-0.4285714286,1.5625,0.5929270613
