Instance,INF_avg,INF_sd,INF_r1,INF_kr,INF_sk,SUP_avg,SUP_sd,SUP_r1,SUP_kr,SUP_sk,INC_avg,INC_sd,INC_r1,INC_kr,INC_sk,IND_avg,IND_sd,IND_r1,IND_kr,IND_sk
267,0.2697,0.0344152582,-0.1522300755,2.550889727,-0.3059607608,0.2517,0.0309129423,-0.0850773605,3.110377211,0.0652988895,0.4786,0.0345765817,-0.1826985247,2.5867176017,-0.011393671,0.4786,0.0345765817,-0.1826985247,2.5867176017,-0.011393671
