Instance,INF_avg,INF_sd,INF_r1,INF_kr,INF_sk,SUP_avg,SUP_sd,SUP_r1,SUP_kr,SUP_sk,INC_avg,INC_sd,INC_r1,INC_kr,INC_sk,IND_avg,IND_sd,IND_r1,IND_kr,IND_sk
117,0.2902,0.0488053276,0.1931012085,2.9462088495,-0.0513467866,0.2202,0.0440676752,0.0403080515,3.2439027478,-0.01899075,0.4896,0.0572698874,0.2533000642,2.1357032926,0.242423474,0.4896,0.0572698874,0.2533000642,2.1357032926,0.242423474
