Instance,INF_avg,INF_sd,INF_r1,INF_kr,INF_sk,SUP_avg,SUP_sd,SUP_r1,SUP_kr,SUP_sk,INC_avg,INC_sd,INC_r1,INC_kr,INC_sk,IND_avg,IND_sd,IND_r1,IND_kr,IND_sk
98,0.2946428571,0.0838145122,-0.0457981325,2.4037615112,-0.6041182437,0.1982142857,0.0940005156,0.3144468108,2.4436779549,0.0193739141,0.5071428571,0.0970219836,-0.3189257239,4.0336219622,0.0329199671,0.5071428571,0.0970219836,-0.3189257239,4.0336219622,0.0329199671
