Instance,INF_avg,INF_sd,INF_r1,INF_kr,INF_sk,SUP_avg,SUP_sd,SUP_r1,SUP_kr,SUP_sk,INC_avg,INC_sd,INC_r1,INC_kr,INC_sk,IND_avg,IND_sd,IND_r1,IND_kr,IND_sk
222,0.25,0.1284523258,-0.2307692308,3.0716253444,0.1415452626,0.23,0.155241747,-0.3074520303,1.8363492364,0.2950825376,0.52,0.2271563338,-0.1248966088,3.3007030827,0.2641352719,0.52,0.2271563338,-0.1248966088,3.3007030827,0.2641352719
