Instance,INF_avg,INF_sd,INF_r1,INF_kr,INF_sk,SUP_avg,SUP_sd,SUP_r1,SUP_kr,SUP_sk,INC_avg,INC_sd,INC_r1,INC_kr,INC_sk,IND_avg,IND_sd,IND_r1,IND_kr,IND_sk
257,0.2533333333,0.1857118437,-0.1931652225,2.0068418535,0.1972534529,0.2733333333,0.1691810339,-0.220077704,3.6121580958,0.7521314529,0.4733333333,0.1436043949,0.0776209677,2.2128232759,-0.2019036597,0.4733333333,0.1436043949,0.0776209677,2.2128232759,-0.2019036597
