Instance,INF_avg,INF_sd,INF_r1,INF_kr,INF_sk,SUP_avg,SUP_sd,SUP_r1,SUP_kr,SUP_sk,INC_avg,INC_sd,INC_r1,INC_kr,INC_sk,IND_avg,IND_sd,IND_r1,IND_kr,IND_sk
37,0.246,0.0203469899,-0.1692969871,2.118847581,0.4964591471,0.224,0.0253771551,-0.1088977424,2.2700995332,-0.6542295391,0.53,0.0054772256,0.0,2.5,0.9128709292,0.53,0.0054772256,0.0,2.5,0.9128709292
