Instance,INF_avg,INF_sd,INF_r1,INF_kr,INF_sk,SUP_avg,SUP_sd,SUP_r1,SUP_kr,SUP_sk,INC_avg,INC_sd,INC_r1,INC_kr,INC_sk,IND_avg,IND_sd,IND_r1,IND_kr,IND_sk
125,0.2384,0.034087241,0.2923057373,3.0388924457,0.0760947049,0.2641,0.0391942598,0.3026324435,2.6898997472,0.0422429693,0.4975,0.0369222155,0.0732087942,2.4190859059,-0.0661577877,0.4975,0.0369222155,0.0732087942,2.4190859059,-0.0661577877
