Instance,INF_avg,INF_sd,INF_r1,INF_kr,INF_sk,SUP_avg,SUP_sd,SUP_r1,SUP_kr,SUP_sk,INC_avg,INC_sd,INC_r1,INC_kr,INC_sk,IND_avg,IND_sd,IND_r1,IND_kr,IND_sk
113,0.236,0.1410815367,0.2286985396,2.2906685208,0.0298110432,0.276,0.1141227409,-0.2969633298,2.8048192262,-0.3286258742,0.488,0.1727888885,0.1753150482,1.9896523678,0.0458526567,0.488,0.1727888885,0.1753150482,1.9896523678,0.0458526567
