Instance,INF_avg,INF_sd,INF_r1,INF_kr,INF_sk,SUP_avg,SUP_sd,SUP_r1,SUP_kr,SUP_sk,INC_avg,INC_sd,INC_r1,INC_kr,INC_sk,IND_avg,IND_sd,IND_r1,IND_kr,IND_sk
32,0.35,0.1284523258,0.8823529412,5.7162534435,1.8400884135,0.17,0.11,-0.444082519,2.7441431596,0.6130728775,0.48,0.12489996,0.5631067961,3.2130177515,-1.1578497275,0.48,0.12489996,0.5631067961,3.2130177515,-1.1578497275
