Instance,INF_avg,INF_sd,INF_r1,INF_kr,INF_sk,SUP_avg,SUP_sd,SUP_r1,SUP_kr,SUP_sk,INC_avg,INC_sd,INC_r1,INC_kr,INC_sk,IND_avg,IND_sd,IND_r1,IND_kr,IND_sk
272,0.22,0.0678232998,-0.6022099448,2.9310018904,1.1731251294,0.26,0.0583095189,-0.7415730337,1.6280276817,0.3631734744,0.52,0.0509901951,0.0079365079,1.9556213018,0.2715454179,0.52,0.0509901951,0.0079365079,1.9556213018,0.2715454179
