Instance,INF_avg,INF_sd,INF_r1,INF_kr,INF_sk,SUP_avg,SUP_sd,SUP_r1,SUP_kr,SUP_sk,INC_avg,INC_sd,INC_r1,INC_kr,INC_sk,IND_avg,IND_sd,IND_r1,IND_kr,IND_sk
13,0.4012628866,0.0883384889,0.8394523316,2.1261909417,-0.0777213909,0.0859278351,0.0672598052,0.89990901,2.7595177306,0.8468437569,0.5128092784,0.0407528345,0.3640146087,3.5641946606,-0.397501735,0.5128092784,0.0407528345,0.3640146087,3.5641946606,-0.397501735
