Instance,INF_avg,INF_sd,INF_r1,INF_kr,INF_sk,SUP_avg,SUP_sd,SUP_r1,SUP_kr,SUP_sk,INC_avg,INC_sd,INC_r1,INC_kr,INC_sk,IND_avg,IND_sd,IND_r1,IND_kr,IND_sk
260,0.3272727273,0.1222211787,0.3476971734,2.3374081025,-0.1577119874,0.1386363636,0.0916165653,0.7678353992,2.7261610414,0.7803883855,0.5340909091,0.1080681221,0.2566759906,3.3900310654,-0.5050669913,0.5340909091,0.1080681221,0.2566759906,3.3900310654,-0.5050669913
