Instance,INF_avg,INF_sd,INF_r1,INF_kr,INF_sk,SUP_avg,SUP_sd,SUP_r1,SUP_kr,SUP_sk,INC_avg,INC_sd,INC_r1,INC_kr,INC_sk,IND_avg,IND_sd,IND_r1,IND_kr,IND_sk
140,0.2395,0.0251644591,-0.2488057545,3.1011603798,0.0908355342,0.2469,0.0348696143,-0.0733312065,3.0469026225,0.4438944942,0.5136,0.0321875752,-0.1347355918,3.2573189348,-0.1259726653,0.5136,0.0321875752,-0.1347355918,3.2573189348,-0.1259726653
