Instance,INF_avg,INF_sd,INF_r1,INF_kr,INF_sk,SUP_avg,SUP_sd,SUP_r1,SUP_kr,SUP_sk,INC_avg,INC_sd,INC_r1,INC_kr,INC_sk,IND_avg,IND_sd,IND_r1,IND_kr,IND_sk
116,0.2754,0.0357049016,0.3060425497,2.1686672412,-0.1085255944,0.2726,0.040610836,0.1931113054,2.1986531568,0.2316966793,0.452,0.0346987031,0.2028556445,2.8497850465,0.1135307206,0.452,0.0346987031,0.2028556445,2.8497850465,0.1135307206
