Instance,INF_avg,INF_sd,INF_r1,INF_kr,INF_sk,SUP_avg,SUP_sd,SUP_r1,SUP_kr,SUP_sk,INC_avg,INC_sd,INC_r1,INC_kr,INC_sk,IND_avg,IND_sd,IND_r1,IND_kr,IND_sk
158,0.248,0.094318609,0.1119444594,3.5479877788,-0.3356333937,0.274,0.1407977273,0.1273636876,3.4566368058,0.7304624843,0.478,0.1140876856,-0.0246208809,2.7254246015,0.3062051317,0.478,0.1140876856,-0.0246208809,2.7254246015,0.3062051317
