Instance,INF_avg,INF_sd,INF_r1,INF_kr,INF_sk,SUP_avg,SUP_sd,SUP_r1,SUP_kr,SUP_sk,INC_avg,INC_sd,INC_r1,INC_kr,INC_sk,IND_avg,IND_sd,IND_r1,IND_kr,IND_sk
174,0.236,0.032,0.057437408,2.8114624023,0.0278320312,0.2572,0.0393466644,-0.3090083452,2.1587463157,0.0752934601,0.5068,0.0488851716,-0.3306732518,3.4608370827,0.3089649152,0.5068,0.0488851716,-0.3306732518,3.4608370827,0.3089649152
