Instance,INF_avg,INF_sd,INF_r1,INF_kr,INF_sk,SUP_avg,SUP_sd,SUP_r1,SUP_kr,SUP_sk,INC_avg,INC_sd,INC_r1,INC_kr,INC_sk,IND_avg,IND_sd,IND_r1,IND_kr,IND_sk
112,0.24,0.1019803903,-0.0714285714,1.7337278107,-0.2941742027,0.28,0.1077032961,-0.1614173228,2.0535077289,-0.5570860145,0.48,0.16,0.3018018018,2.7739257813,0.181640625,0.48,0.16,0.3018018018,2.7739257813,0.181640625
