Instance,INF_avg,INF_sd,INF_r1,INF_kr,INF_sk,SUP_avg,SUP_sd,SUP_r1,SUP_kr,SUP_sk,INC_avg,INC_sd,INC_r1,INC_kr,INC_sk,IND_avg,IND_sd,IND_r1,IND_kr,IND_sk
232,0.4802222222,0.123026445,0.8223990523,2.0036160521,0.1330770974,0.0848888889,0.0658490605,0.7310888419,4.2344719244,1.2509312077,0.4348888889,0.0795437608,0.6073281371,2.3635191483,-0.2901448863,0.4348888889,0.0795437608,0.6073281371,2.3635191483,-0.2901448863
