Instance,INF_avg,INF_sd,INF_r1,INF_kr,INF_sk,SUP_avg,SUP_sd,SUP_r1,SUP_kr,SUP_sk,INC_avg,INC_sd,INC_r1,INC_kr,INC_sk,IND_avg,IND_sd,IND_r1,IND_kr,IND_sk
203,0.262,0.0472440472,0.0871673433,3.2833468224,-0.2037009205,0.246,0.0400499688,-0.0034013605,2.7250887743,0.2570355146,0.492,0.0452106182,-0.1842729501,3.1250607956,0.109597931,0.492,0.0452106182,-0.1842729501,3.1250607956,0.109597931
