Instance,INF_avg,INF_sd,INF_r1,INF_kr,INF_sk,SUP_avg,SUP_sd,SUP_r1,SUP_kr,SUP_sk,INC_avg,INC_sd,INC_r1,INC_kr,INC_sk,IND_avg,IND_sd,IND_r1,IND_kr,IND_sk
77,0.2586,0.0347424812,-0.0964941529,3.1409652054,0.2166970233,0.2206,0.032444414,-0.1749409811,1.9947810632,-0.1630920894,0.5208,0.0327926821,0.1259492764,3.8190366096,-1.1011638944,0.5208,0.0327926821,0.1259492764,3.8190366096,-1.1011638944
