Instance,INF_avg,INF_sd,INF_r1,INF_kr,INF_sk,SUP_avg,SUP_sd,SUP_r1,SUP_kr,SUP_sk,INC_avg,INC_sd,INC_r1,INC_kr,INC_sk,IND_avg,IND_sd,IND_r1,IND_kr,IND_sk
214,0.2166666667,0.219215774,-0.3165991903,3.0106251462,1.0687950061,0.2666666667,0.1312334646,0.3360655738,2.6659729448,-0.254000254,0.5166666667,0.1404358296,-0.5988286969,1.5990874826,-0.2975311763,0.5166666667,0.1404358296,-0.5988286969,1.5990874826,-0.2975311763
