Instance,INF_avg,INF_sd,INF_r1,INF_kr,INF_sk,SUP_avg,SUP_sd,SUP_r1,SUP_kr,SUP_sk,INC_avg,INC_sd,INC_r1,INC_kr,INC_sk,IND_avg,IND_sd,IND_r1,IND_kr,IND_sk
273,0.24,0.08,-0.0563380282,2.078125,-0.84375,0.36,0.1019803903,0.3181818182,1.9556213018,-0.2715454179,0.4,0.0894427191,0.6666666667,1.25,0.0,0.4,0.0894427191,0.6666666667,1.25,0.0
