Instance,INF_avg,INF_sd,INF_r1,INF_kr,INF_sk,SUP_avg,SUP_sd,SUP_r1,SUP_kr,SUP_sk,INC_avg,INC_sd,INC_r1,INC_kr,INC_sk,IND_avg,IND_sd,IND_r1,IND_kr,IND_sk
49,0.2512,0.0647654229,-0.1220624435,2.351570237,-0.3378536241,0.216,0.0617089945,-0.1657421415,2.0133818233,-0.3268254068,0.5328,0.0637193848,0.050425784,2.5413118849,-0.3757371528,0.5328,0.0637193848,0.050425784,2.5413118849,-0.3757371528
