Instance,INF_avg,INF_sd,INF_r1,INF_kr,INF_sk,SUP_avg,SUP_sd,SUP_r1,SUP_kr,SUP_sk,INC_avg,INC_sd,INC_r1,INC_kr,INC_sk,IND_avg,IND_sd,IND_r1,IND_kr,IND_sk
145,0.2152,0.0691155554,-0.1857220332,2.294034086,-0.2274675117,0.2584,0.0603774792,0.1815080999,2.2133778583,-0.1240231017,0.5264,0.0754124658,0.0901047342,3.0767185611,0.1044286162,0.5264,0.0754124658,0.0901047342,3.0767185611,0.1044286162
