Instance,INF_avg,INF_sd,INF_r1,INF_kr,INF_sk,SUP_avg,SUP_sd,SUP_r1,SUP_kr,SUP_sk,INC_avg,INC_sd,INC_r1,INC_kr,INC_sk,IND_avg,IND_sd,IND_r1,IND_kr,IND_sk
113,0.2576,0.072734036,0.1620468461,2.8151450948,-0.1005675893,0.2372,0.0723336713,0.2925385408,2.9272272755,0.2958613832,0.5052,0.0711966291,0.186386768,3.5010412158,-0.1738365871,0.5052,0.0711966291,0.186386768,3.5010412158,-0.1738365871
