Instance,INF_avg,INF_sd,INF_r1,INF_kr,INF_sk,SUP_avg,SUP_sd,SUP_r1,SUP_kr,SUP_sk,INC_avg,INC_sd,INC_r1,INC_kr,INC_sk,IND_avg,IND_sd,IND_r1,IND_kr,IND_sk
202,0.2442,0.0353462869,0.1646789076,2.3388018536,-0.1112091857,0.2842,0.0423716887,0.2915970228,2.5164121551,0.4641546708,0.4716,0.0354039546,0.1336739507,2.9315293798,0.2830175004,0.4716,0.0354039546,0.1336739507,2.9315293798,0.2830175004
