Instance,INF_avg,INF_sd,INF_r1,INF_kr,INF_sk,SUP_avg,SUP_sd,SUP_r1,SUP_kr,SUP_sk,INC_avg,INC_sd,INC_r1,INC_kr,INC_sk,IND_avg,IND_sd,IND_r1,IND_kr,IND_sk
199,0.25,0.0219089023,0.05,1.5625,0.1141088661,0.276,0.0338230691,-0.8211440985,1.8186952907,0.346103829,0.474,0.028,-0.4254703329,2.0005206164,0.4067055394,0.474,0.028,-0.4254703329,2.0005206164,0.4067055394
