Instance,INF_avg,INF_sd,INF_r1,INF_kr,INF_sk,SUP_avg,SUP_sd,SUP_r1,SUP_kr,SUP_sk,INC_avg,INC_sd,INC_r1,INC_kr,INC_sk,IND_avg,IND_sd,IND_r1,IND_kr,IND_sk
200,0.2614,0.0420956055,-0.1133062394,3.0903713583,-0.5869730576,0.2422,0.0421563756,-0.1074308749,2.473405559,0.2578810831,0.4964,0.0536939475,-0.0391318588,3.0662915637,-0.1202603083,0.4964,0.0536939475,-0.0391318588,3.0662915637,-0.1202603083
