Instance,INF_avg,INF_sd,INF_r1,INF_kr,INF_sk,SUP_avg,SUP_sd,SUP_r1,SUP_kr,SUP_sk,INC_avg,INC_sd,INC_r1,INC_kr,INC_sk,IND_avg,IND_sd,IND_r1,IND_kr,IND_sk
180,0.2748,0.0644744911,0.1737411994,3.233889545,0.1809923425,0.2372,0.0491544505,0.1975935121,2.4104166484,0.1778107437,0.488,0.0626099034,0.2535186175,4.3135860058,-0.4154001502,0.488,0.0626099034,0.2535186175,4.3135860058,-0.4154001502
