Instance,INF_avg,INF_sd,INF_r1,INF_kr,INF_sk,SUP_avg,SUP_sd,SUP_r1,SUP_kr,SUP_sk,INC_avg,INC_sd,INC_r1,INC_kr,INC_sk,IND_avg,IND_sd,IND_r1,IND_kr,IND_sk
242,0.28,0.1166190379,-0.2831858407,2.1470588235,0.3934379306,0.27,0.1004987562,-0.6088765603,2.2249779433,-0.55564453,0.45,0.174642492,-0.3097345133,2.5651706531,0.2252845905,0.45,0.174642492,-0.3097345133,2.5651706531,0.2252845905
