Instance,INF_avg,INF_sd,INF_r1,INF_kr,INF_sk,SUP_avg,SUP_sd,SUP_r1,SUP_kr,SUP_sk,INC_avg,INC_sd,INC_r1,INC_kr,INC_sk,IND_avg,IND_sd,IND_r1,IND_kr,IND_sk
30,0.268,0.0466476152,-0.2277377795,2.202814122,-0.4525481966,0.232,0.0435430821,-0.3179571664,1.7755434492,0.2569839542,0.5,0.0419523539,-0.0634920635,2.0170454545,0.5363227065,0.5,0.0419523539,-0.0634920635,2.0170454545,0.5363227065
