Instance,INF_avg,INF_sd,INF_r1,INF_kr,INF_sk,SUP_avg,SUP_sd,SUP_r1,SUP_kr,SUP_sk,INC_avg,INC_sd,INC_r1,INC_kr,INC_sk,IND_avg,IND_sd,IND_r1,IND_kr,IND_sk
36,0.373125,0.095604573,0.3375949964,2.4499482141,0.212957221,0.12375,0.0602987355,0.4989406616,2.680957959,0.3194772455,0.503125,0.0672884416,-0.1156632318,2.3247111205,0.4653384849,0.503125,0.0672884416,-0.1156632318,2.3247111205,0.4653384849
