Instance,INF_avg,INF_sd,INF_r1,INF_kr,INF_sk,SUP_avg,SUP_sd,SUP_r1,SUP_kr,SUP_sk,INC_avg,INC_sd,INC_r1,INC_kr,INC_sk,IND_avg,IND_sd,IND_r1,IND_kr,IND_sk
261,0.26,0.0969535971,-0.0981308411,2.3587596197,-0.2830922144,0.27,0.1122497216,-0.1594202899,1.8469387755,0.3436215967,0.47,0.1166190379,-0.6340508806,1.5469290657,-0.1097086537,0.47,0.1166190379,-0.6340508806,1.5469290657,-0.1097086537
