Instance,INF_avg,INF_sd,INF_r1,INF_kr,INF_sk,SUP_avg,SUP_sd,SUP_r1,SUP_kr,SUP_sk,INC_avg,INC_sd,INC_r1,INC_kr,INC_sk,IND_avg,IND_sd,IND_r1,IND_kr,IND_sk
239,0.2156,0.0324058637,0.2308407177,2.2136665123,0.063678749,0.2597,0.0352194549,0.2517365073,2.2126750298,0.1677036446,0.5247,0.0388961438,0.066960603,2.9428165498,0.2976674267,0.5247,0.0388961438,0.066960603,2.9428165498,0.2976674267
