Instance,INF_avg,INF_sd,INF_r1,INF_kr,INF_sk,SUP_avg,SUP_sd,SUP_r1,SUP_kr,SUP_sk,INC_avg,INC_sd,INC_r1,INC_kr,INC_sk,IND_avg,IND_sd,IND_r1,IND_kr,IND_sk
32,0.266,0.0694838111,0.4040226388,2.7515143985,0.0822731622,0.2554,0.0773488203,0.3513864049,2.7419717782,0.0999653527,0.4786,0.0746327006,0.1358894174,2.3670178614,0.2408352066,0.4786,0.0746327006,0.1358894174,2.3670178614,0.2408352066
