Instance,INF_avg,INF_sd,INF_r1,INF_kr,INF_sk,SUP_avg,SUP_sd,SUP_r1,SUP_kr,SUP_sk,INC_avg,INC_sd,INC_r1,INC_kr,INC_sk,IND_avg,IND_sd,IND_r1,IND_kr,IND_sk
258,0.25985,0.0316658728,0.0524526014,2.455363098,-0.0725939066,0.2101,0.0343,-0.0091817143,2.4178040966,0.0814562128,0.53005,0.0386813586,0.1711331472,2.499992849,0.0611956343,0.53005,0.0386813586,0.1711331472,2.499992849,0.0611956343
