Instance,INF_avg,INF_sd,INF_r1,INF_kr,INF_sk,SUP_avg,SUP_sd,SUP_r1,SUP_kr,SUP_sk,INC_avg,INC_sd,INC_r1,INC_kr,INC_sk,IND_avg,IND_sd,IND_r1,IND_kr,IND_sk
155,0.255,0.0384707681,0.6233660131,2.1318480643,-0.3709380126,0.2492,0.0408333197,0.3194416569,4.674710113,-0.8527401011,0.4958,0.0364054941,0.2541761777,2.5526254614,0.0762403026,0.4958,0.0364054941,0.2541761777,2.5526254614,0.0762403026
