Instance,INF_avg,INF_sd,INF_r1,INF_kr,INF_sk,SUP_avg,SUP_sd,SUP_r1,SUP_kr,SUP_sk,INC_avg,INC_sd,INC_r1,INC_kr,INC_sk,IND_avg,IND_sd,IND_r1,IND_kr,IND_sk
48,0.5522727273,0.1675201974,0.6330821068,2.0499169492,-0.4963487247,0.1772727273,0.1276779264,0.3519605986,2.2468495039,0.6433889003,0.2704545455,0.1083545222,0.1555270181,3.2721513805,0.6194475713,0.2704545455,0.1083545222,0.1555270181,3.2721513805,0.6194475713
