Instance,INF_avg,INF_sd,INF_r1,INF_kr,INF_sk,SUP_avg,SUP_sd,SUP_r1,SUP_kr,SUP_sk,INC_avg,INC_sd,INC_r1,INC_kr,INC_sk,IND_avg,IND_sd,IND_r1,IND_kr,IND_sk
127,0.28,0.0989949494,0.0311347808,3.4600166597,0.624645349,0.256,0.080399005,0.2503006313,1.9043522081,-0.1377104379,0.464,0.0932952303,-0.1154348586,3.0021423551,-0.7799008499,0.464,0.0932952303,-0.1154348586,3.0021423551,-0.7799008499
