Instance,INF_avg,INF_sd,INF_r1,INF_kr,INF_sk,SUP_avg,SUP_sd,SUP_r1,SUP_kr,SUP_sk,INC_avg,INC_sd,INC_r1,INC_kr,INC_sk,IND_avg,IND_sd,IND_r1,IND_kr,IND_sk
181,0.242,0.0913016977,0.0001742194,2.0954903644,0.1978423205,0.244,0.080399005,-0.3439030138,2.320786565,-0.1509180788,0.514,0.0932952303,0.1537086146,1.9076278317,-0.0779664409,0.514,0.0932952303,0.1537086146,1.9076278317,-0.0779664409
