Instance,INF_avg,INF_sd,INF_r1,INF_kr,INF_sk,SUP_avg,SUP_sd,SUP_r1,SUP_kr,SUP_sk,INC_avg,INC_sd,INC_r1,INC_kr,INC_sk,IND_avg,IND_sd,IND_r1,IND_kr,IND_sk
152,0.2579,0.0231536174,0.0236632978,2.3968573092,-0.0045012969,0.246,0.0239374184,-0.1611888897,2.740120428,-0.2187204153,0.4961,0.0318479199,0.0522685662,1.9408916173,0.2389563085,0.4961,0.0318479199,0.0522685662,1.9408916173,0.2389563085
