Instance,INF_avg,INF_sd,INF_r1,INF_kr,INF_sk,SUP_avg,SUP_sd,SUP_r1,SUP_kr,SUP_sk,INC_avg,INC_sd,INC_r1,INC_kr,INC_sk,IND_avg,IND_sd,IND_r1,IND_kr,IND_sk
262,0.232,0.0177763888,-0.6039952996,1.7238022753,-0.2499404134,0.242,0.0297657521,-0.7359351242,2.1966506836,0.9034425784,0.526,0.041521079,-0.7132979579,2.6420952191,-0.876584921,0.526,0.041521079,-0.7132979579,2.6420952191,-0.876584921
