Instance,INF_avg,INF_sd,INF_r1,INF_kr,INF_sk,SUP_avg,SUP_sd,SUP_r1,SUP_kr,SUP_sk,INC_avg,INC_sd,INC_r1,INC_kr,INC_sk,IND_avg,IND_sd,IND_r1,IND_kr,IND_sk
80,0.258,0.1342981757,0.3194737775,3.1557228561,0.4486100029,0.278,0.1360735095,-0.1929100922,3.4175286491,0.4495682952,0.464,0.1493452376,-0.0182638925,3.7181752499,0.3769106694,0.464,0.1493452376,-0.0182638925,3.7181752499,0.3769106694
