Instance,INF_avg,INF_sd,INF_r1,INF_kr,INF_sk,SUP_avg,SUP_sd,SUP_r1,SUP_kr,SUP_sk,INC_avg,INC_sd,INC_r1,INC_kr,INC_sk,IND_avg,IND_sd,IND_r1,IND_kr,IND_sk
276,0.4379487179,0.1274036486,0.8138793001,2.1380528256,0.0015615679,0.1192307692,0.0748120591,0.8289921835,2.8657219916,0.7070981805,0.4428205128,0.0702723171,0.466436063,2.6898111359,-0.2158666633,0.4428205128,0.0702723171,0.466436063,2.6898111359,-0.2158666633
