Instance,INF_avg,INF_sd,INF_r1,INF_kr,INF_sk,SUP_avg,SUP_sd,SUP_r1,SUP_kr,SUP_sk,INC_avg,INC_sd,INC_r1,INC_kr,INC_sk,IND_avg,IND_sd,IND_r1,IND_kr,IND_sk
207,0.264,0.0399249296,0.6516325584,1.7215955693,0.5685544939,0.3625,0.0443987612,0.151758794,2.7634665083,-0.790524035,0.3735,0.0294151322,-0.6284251034,1.833893934,0.531777312,0.3735,0.0294151322,-0.6284251034,1.833893934,0.531777312
