Instance,INF_avg,INF_sd,INF_r1,INF_kr,INF_sk,SUP_avg,SUP_sd,SUP_r1,SUP_kr,SUP_sk,INC_avg,INC_sd,INC_r1,INC_kr,INC_sk,IND_avg,IND_sd,IND_r1,IND_kr,IND_sk
203,0.254,0.0174355958,-0.5889830508,1.7957063712,0.0543353054,0.232,0.0146969385,-0.3758389262,1.5781893004,-0.3477670622,0.514,0.0293938769,-0.4337568058,2.2147633745,0.0774915737,0.514,0.0293938769,-0.4337568058,2.2147633745,0.0774915737
