Instance,INF_avg,INF_sd,INF_r1,INF_kr,INF_sk,SUP_avg,SUP_sd,SUP_r1,SUP_kr,SUP_sk,INC_avg,INC_sd,INC_r1,INC_kr,INC_sk,IND_avg,IND_sd,IND_r1,IND_kr,IND_sk
45,0.2088,0.0586051192,0.1130091984,3.9032277747,0.3052727035,0.2748,0.0642258515,0.2203700445,2.7590839295,0.092439777,0.5164,0.0687825559,0.197929586,2.9557006465,0.1556848815,0.5164,0.0687825559,0.197929586,2.9557006465,0.1556848815
