Instance,INF_avg,INF_sd,INF_r1,INF_kr,INF_sk,SUP_avg,SUP_sd,SUP_r1,SUP_kr,SUP_sk,INC_avg,INC_sd,INC_r1,INC_kr,INC_sk,IND_avg,IND_sd,IND_r1,IND_kr,IND_sk
233,0.2338,0.0285054381,-0.1496308294,3.8735906085,-0.8074756134,0.255,0.0220454077,-0.1680497925,2.9905248184,0.4088083018,0.5112,0.0305705741,-0.1022044088,4.0915491478,-0.8812079988,0.5112,0.0305705741,-0.1022044088,4.0915491478,-0.8812079988
