Instance,INF_avg,INF_sd,INF_r1,INF_kr,INF_sk,SUP_avg,SUP_sd,SUP_r1,SUP_kr,SUP_sk,INC_avg,INC_sd,INC_r1,INC_kr,INC_sk,IND_avg,IND_sd,IND_r1,IND_kr,IND_sk
185,0.2647058824,0.1678275602,0.1361813808,3.8765492095,1.3121783136,0.2294117647,0.1015451559,-0.4194640339,2.8513355254,-0.2752573074,0.5058823529,0.1862022564,0.2420531168,1.7822976801,-0.2497029075,0.5058823529,0.1862022564,0.2420531168,1.7822976801,-0.2497029075
