Instance,INF_avg,INF_sd,INF_r1,INF_kr,INF_sk,SUP_avg,SUP_sd,SUP_r1,SUP_kr,SUP_sk,INC_avg,INC_sd,INC_r1,INC_kr,INC_sk,IND_avg,IND_sd,IND_r1,IND_kr,IND_sk
130,0.28,0.14,-0.5525672372,3.1640982924,1.0145772595,0.32,0.12489996,0.4786096257,2.0295857988,-0.0739053018,0.4,0.1732050808,-0.3448275862,1.6666666667,-0.4618802154,0.4,0.1732050808,-0.3448275862,1.6666666667,-0.4618802154
