Instance,INF_avg,INF_sd,INF_r1,INF_kr,INF_sk,SUP_avg,SUP_sd,SUP_r1,SUP_kr,SUP_sk,INC_avg,INC_sd,INC_r1,INC_kr,INC_sk,IND_avg,IND_sd,IND_r1,IND_kr,IND_sk
155,0.2804,0.0648678657,-0.0523078016,2.6714255104,0.5676808366,0.2934,0.0698028653,0.2114511959,2.4559204742,0.1384310083,0.4262,0.0802344066,0.1035652888,2.4615642036,-0.1103880347,0.4262,0.0802344066,0.1035652888,2.4615642036,-0.1103880347
