Instance,INF_avg,INF_sd,INF_r1,INF_kr,INF_sk,SUP_avg,SUP_sd,SUP_r1,SUP_kr,SUP_sk,INC_avg,INC_sd,INC_r1,INC_kr,INC_sk,IND_avg,IND_sd,IND_r1,IND_kr,IND_sk
212,0.2412,0.0577456492,-0.0379858877,3.4838497285,0.7976567399,0.2808,0.0639949998,-0.0138751174,2.1072172186,0.223786823,0.478,0.0753923073,0.0763357569,2.5590253962,0.0262105413,0.478,0.0753923073,0.0763357569,2.5590253962,0.0262105413
