Instance,INF_avg,INF_sd,INF_r1,INF_kr,INF_sk,SUP_avg,SUP_sd,SUP_r1,SUP_kr,SUP_sk,INC_avg,INC_sd,INC_r1,INC_kr,INC_sk,IND_avg,IND_sd,IND_r1,IND_kr,IND_sk
245,0.2386,0.0628811578,0.0368908832,2.3263063402,0.1282593426,0.2466,0.0674717719,0.0635859805,2.273855231,0.0361184689,0.5148,0.0625216762,0.0882348178,2.804225661,0.3201394052,0.5148,0.0625216762,0.0882348178,2.804225661,0.3201394052
