Instance,INF_avg,INF_sd,INF_r1,INF_kr,INF_sk,SUP_avg,SUP_sd,SUP_r1,SUP_kr,SUP_sk,INC_avg,INC_sd,INC_r1,INC_kr,INC_sk,IND_avg,IND_sd,IND_r1,IND_kr,IND_sk
60,0.2596,0.0297966441,0.3458170492,2.8260533111,-0.4579356315,0.2648,0.0530938791,0.3929684712,2.0049612302,-0.1436739811,0.4756,0.0505632277,-0.0244746594,2.4899112032,-0.502407194,0.4756,0.0505632277,-0.0244746594,2.4899112032,-0.502407194
