Instance,INF_avg,INF_sd,INF_r1,INF_kr,INF_sk,SUP_avg,SUP_sd,SUP_r1,SUP_kr,SUP_sk,INC_avg,INC_sd,INC_r1,INC_kr,INC_sk,IND_avg,IND_sd,IND_r1,IND_kr,IND_sk
17,0.249,0.1260912368,-0.1055888021,2.5850939457,0.0375103897,0.226,0.1353661701,0.038804844,2.9523069219,0.4648963451,0.525,0.1505822035,-0.1288069293,2.8011035083,0.0450291948,0.525,0.1505822035,-0.1288069293,2.8011035083,0.0450291948
