Instance,INF_avg,INF_sd,INF_r1,INF_kr,INF_sk,SUP_avg,SUP_sd,SUP_r1,SUP_kr,SUP_sk,INC_avg,INC_sd,INC_r1,INC_kr,INC_sk,IND_avg,IND_sd,IND_r1,IND_kr,IND_sk
14,0.2498,0.0380914689,0.5575188706,2.0521817218,-0.3414997286,0.2604,0.0558197098,0.4875497391,2.4600847071,0.4706672076,0.4898,0.0457925758,0.4151019796,2.4811084213,-0.5127489046,0.4898,0.0457925758,0.4151019796,2.4811084213,-0.5127489046
