Instance,INF_avg,INF_sd,INF_r1,INF_kr,INF_sk,SUP_avg,SUP_sd,SUP_r1,SUP_kr,SUP_sk,INC_avg,INC_sd,INC_r1,INC_kr,INC_sk,IND_avg,IND_sd,IND_r1,IND_kr,IND_sk
40,0.3,0.1673320053,-0.6,2.5,0.7683612489,0.16,0.1019803903,-0.3636363636,1.9556213018,-0.2715454179,0.54,0.2059126028,-0.5512465374,2.0685297259,-0.4068404933,0.54,0.2059126028,-0.5512465374,2.0685297259,-0.4068404933
