Instance,INF_avg,INF_sd,INF_r1,INF_kr,INF_sk,SUP_avg,SUP_sd,SUP_r1,SUP_kr,SUP_sk,INC_avg,INC_sd,INC_r1,INC_kr,INC_sk,IND_avg,IND_sd,IND_r1,IND_kr,IND_sk
181,0.2775,0.094174041,0.0443715041,2.5616095067,0.0165004197,0.2435,0.0999137128,-0.1999253328,3.0186150628,-0.1141068742,0.479,0.1086692229,-0.0162257711,2.7473520317,0.3473363473,0.479,0.1086692229,-0.0162257711,2.7473520317,0.3473363473
