Instance,INF_avg,INF_sd,INF_r1,INF_kr,INF_sk,SUP_avg,SUP_sd,SUP_r1,SUP_kr,SUP_sk,INC_avg,INC_sd,INC_r1,INC_kr,INC_sk,IND_avg,IND_sd,IND_r1,IND_kr,IND_sk
71,0.3606370656,0.0787503725,0.7952090561,1.9921672143,-0.0246223753,0.0898262548,0.0720096835,0.9366678351,3.2835701022,1.0596747797,0.5495366795,0.041617601,0.2563775943,2.7020872152,-0.0499986181,0.5495366795,0.041617601,0.2563775943,2.7020872152,-0.0499986181
