Instance,INF_avg,INF_sd,INF_r1,INF_kr,INF_sk,SUP_avg,SUP_sd,SUP_r1,SUP_kr,SUP_sk,INC_avg,INC_sd,INC_r1,INC_kr,INC_sk,IND_avg,IND_sd,IND_r1,IND_kr,IND_sk
258,0.232,0.0711055553,0.2097802977,1.6276638359,-0.497744584,0.268,0.0448998886,-1.008797654,2.3760393046,0.1315095,0.5,0.0704272674,0.8076923077,1.9380853278,0.7420146544,0.5,0.0704272674,0.8076923077,1.9380853278,0.7420146544
