Instance,INF_avg,INF_sd,INF_r1,INF_kr,INF_sk,SUP_avg,SUP_sd,SUP_r1,SUP_kr,SUP_sk,INC_avg,INC_sd,INC_r1,INC_kr,INC_sk,IND_avg,IND_sd,IND_r1,IND_kr,IND_sk
170,0.2138,0.0348074705,-0.1085365037,2.8341239106,-0.0267161544,0.2842,0.0481285778,0.1464893768,1.9702548608,0.0771397193,0.502,0.052,0.1294831542,2.6538023879,0.3604915794,0.502,0.052,0.1294831542,2.6538023879,0.3604915794
