Instance,INF_avg,INF_sd,INF_r1,INF_kr,INF_sk,SUP_avg,SUP_sd,SUP_r1,SUP_kr,SUP_sk,INC_avg,INC_sd,INC_r1,INC_kr,INC_sk,IND_avg,IND_sd,IND_r1,IND_kr,IND_sk
291,0.3304545455,0.0815555549,0.2191655218,2.3347402224,-0.0967444721,0.1466666667,0.07964568,0.6169100022,2.4909785387,0.5042769671,0.5228787879,0.0724937856,0.0128054686,2.5972269455,0.1167195374,0.5228787879,0.0724937856,0.0128054686,2.5972269455,0.1167195374
