Instance,INF_avg,INF_sd,INF_r1,INF_kr,INF_sk,SUP_avg,SUP_sd,SUP_r1,SUP_kr,SUP_sk,INC_avg,INC_sd,INC_r1,INC_kr,INC_sk,IND_avg,IND_sd,IND_r1,IND_kr,IND_sk
83,0.244,0.030724583,-0.5222125436,2.5811907498,-0.5237897075,0.279,0.0375366488,-0.1492611892,3.924208714,-0.8975756026,0.477,0.050009999,-0.152197428,1.9558585202,-0.3451049163,0.477,0.050009999,-0.152197428,1.9558585202,-0.3451049163
