Instance,INF_avg,INF_sd,INF_r1,INF_kr,INF_sk,SUP_avg,SUP_sd,SUP_r1,SUP_kr,SUP_sk,INC_avg,INC_sd,INC_r1,INC_kr,INC_sk,IND_avg,IND_sd,IND_r1,IND_kr,IND_sk
118,0.2314,0.0466694761,0.0668007676,3.0521302572,0.6421129502,0.2795,0.0514465742,0.145535354,2.4781531256,0.1036986263,0.4891,0.0521746107,0.2109078768,2.33074571,0.1503961261,0.4891,0.0521746107,0.2109078768,2.33074571,0.1503961261
