Instance,INF_avg,INF_sd,INF_r1,INF_kr,INF_sk,SUP_avg,SUP_sd,SUP_r1,SUP_kr,SUP_sk,INC_avg,INC_sd,INC_r1,INC_kr,INC_sk,IND_avg,IND_sd,IND_r1,IND_kr,IND_sk
259,0.3117333333,0.0650819654,0.4734875777,2.8667727219,-0.1071492359,0.1413333333,0.0682218603,0.4722441306,2.8883054437,0.6626173911,0.5469333333,0.063118372,0.146692647,2.9163236652,0.0364843396,0.5469333333,0.063118372,0.146692647,2.9163236652,0.0364843396
