Instance,INF_avg,INF_sd,INF_r1,INF_kr,INF_sk,SUP_avg,SUP_sd,SUP_r1,SUP_kr,SUP_sk,INC_avg,INC_sd,INC_r1,INC_kr,INC_sk,IND_avg,IND_sd,IND_r1,IND_kr,IND_sk
235,0.2804,0.0513404324,-0.2531703398,2.1550995061,0.2890587859,0.2184,0.0443332832,0.0663545749,3.0818279499,0.2882696805,0.5012,0.0495838683,0.0390396083,3.9252736166,-0.8709455537,0.5012,0.0495838683,0.0390396083,3.9252736166,-0.8709455537
