Instance,INF_avg,INF_sd,INF_r1,INF_kr,INF_sk,SUP_avg,SUP_sd,SUP_r1,SUP_kr,SUP_sk,INC_avg,INC_sd,INC_r1,INC_kr,INC_sk,IND_avg,IND_sd,IND_r1,IND_kr,IND_sk
209,0.24405,0.0376941308,0.2192291569,3.0023147218,0.1250340064,0.2611,0.0440827631,0.476609054,3.9123366115,0.1924729812,0.49485,0.0385321619,0.2097697288,2.9318271483,0.1193743988,0.49485,0.0385321619,0.2097697288,2.9318271483,0.1193743988
