Instance,INF_avg,INF_sd,INF_r1,INF_kr,INF_sk,SUP_avg,SUP_sd,SUP_r1,SUP_kr,SUP_sk,INC_avg,INC_sd,INC_r1,INC_kr,INC_sk,IND_avg,IND_sd,IND_r1,IND_kr,IND_sk
154,0.25,0.0806225775,0.52,2.5147928994,0.0,0.25,0.1284523258,-0.6140350877,2.1900826446,0.7077263129,0.5,0.161245155,-0.28,1.9822485207,-0.7155850072,0.5,0.161245155,-0.28,1.9822485207,-0.7155850072
