Instance,INF_avg,INF_sd,INF_r1,INF_kr,INF_sk,SUP_avg,SUP_sd,SUP_r1,SUP_kr,SUP_sk,INC_avg,INC_sd,INC_r1,INC_kr,INC_sk,IND_avg,IND_sd,IND_r1,IND_kr,IND_sk
147,0.26,0.1854723699,-0.3661202186,2.4826933478,0.9704949588,0.3,0.228035085,0.0,2.5,0.6071940134,0.44,0.1496662955,0.4117647059,1.8469387755,-0.3436215967,0.44,0.1496662955,0.4117647059,1.8469387755,-0.3436215967
