Instance,INF_avg,INF_sd,INF_r1,INF_kr,INF_sk,SUP_avg,SUP_sd,SUP_r1,SUP_kr,SUP_sk,INC_avg,INC_sd,INC_r1,INC_kr,INC_sk,IND_avg,IND_sd,IND_r1,IND_kr,IND_sk
296,0.2642,0.0615334056,0.2868808581,3.4909366217,-0.2761615509,0.2326,0.061556803,0.1309804379,2.9712519224,0.2138718258,0.5032,0.0630377665,0.0075244496,2.3157539356,-0.0016801162,0.5032,0.0630377665,0.0075244496,2.3157539356,-0.0016801162
