Instance,INF_avg,INF_sd,INF_r1,INF_kr,INF_sk,SUP_avg,SUP_sd,SUP_r1,SUP_kr,SUP_sk,INC_avg,INC_sd,INC_r1,INC_kr,INC_sk,IND_avg,IND_sd,IND_r1,IND_kr,IND_sk
248,0.223,0.0254165301,0.0760425184,1.9299571548,0.5075802545,0.314,0.0200997512,-0.9529478458,1.3629301049,-0.4078667295,0.463,0.0326496554,-0.3835325877,2.9648120835,-1.2267367695,0.463,0.0326496554,-0.3835325877,2.9648120835,-1.2267367695
