Instance,INF_avg,INF_sd,INF_r1,INF_kr,INF_sk,SUP_avg,SUP_sd,SUP_r1,SUP_kr,SUP_sk,INC_avg,INC_sd,INC_r1,INC_kr,INC_sk,IND_avg,IND_sd,IND_r1,IND_kr,IND_sk
220,0.27,0.068556546,-0.0423564825,2.9987324581,-0.0618219283,0.25,0.0632139225,0.0114942529,3.3828873919,-0.018052054,0.48,0.0727736216,-0.0476190476,2.5768749829,0.069744072,0.48,0.0727736216,-0.0476190476,2.5768749829,0.069744072
