Instance,INF_avg,INF_sd,INF_r1,INF_kr,INF_sk,SUP_avg,SUP_sd,SUP_r1,SUP_kr,SUP_sk,INC_avg,INC_sd,INC_r1,INC_kr,INC_sk,IND_avg,IND_sd,IND_r1,IND_kr,IND_sk
273,0.23,0.081240384,-0.6397849462,2.2685950413,-0.1790421687,0.38,0.0509901951,-0.4682539683,1.9556213018,-0.2715454179,0.39,0.12,-0.536259542,2.3096064815,0.6701388889,0.39,0.12,-0.536259542,2.3096064815,0.6701388889
