Instance,INF_avg,INF_sd,INF_r1,INF_kr,INF_sk,SUP_avg,SUP_sd,SUP_r1,SUP_kr,SUP_sk,INC_avg,INC_sd,INC_r1,INC_kr,INC_sk,IND_avg,IND_sd,IND_r1,IND_kr,IND_sk
257,0.26,0.0207364414,-0.5243902439,2.0781503515,-0.588784841,0.262,0.0193907194,0.1589861751,1.815527388,-0.6122692079,0.478,0.0261916017,0.305838425,1.7321906689,-0.6581906387,0.478,0.0261916017,0.305838425,1.7321906689,-0.6581906387
