Instance,INF_avg,INF_sd,INF_r1,INF_kr,INF_sk,SUP_avg,SUP_sd,SUP_r1,SUP_kr,SUP_sk,INC_avg,INC_sd,INC_r1,INC_kr,INC_sk,IND_avg,IND_sd,IND_r1,IND_kr,IND_sk
45,0.24,0.0374165739,-0.1594202899,1.8469387755,0.3436215967,0.21,0.0916515139,0.2772861357,1.2091836735,-0.296152851,0.55,0.0894427191,0.25,1.953125,0.6288941187,0.55,0.0894427191,0.25,1.953125,0.6288941187
