Instance,INF_avg,INF_sd,INF_r1,INF_kr,INF_sk,SUP_avg,SUP_sd,SUP_r1,SUP_kr,SUP_sk,INC_avg,INC_sd,INC_r1,INC_kr,INC_sk,IND_avg,IND_sd,IND_r1,IND_kr,IND_sk
122,0.2432,0.0479349559,-0.122027449,3.4142541191,0.5453703161,0.2974,0.0596928806,0.2468807029,2.1035205727,0.0821384253,0.4594,0.0573553834,0.3856837004,2.1370120276,-0.1336581727,0.4594,0.0573553834,0.3856837004,2.1370120276,-0.1336581727
