Instance,INF_avg,INF_sd,INF_r1,INF_kr,INF_sk,SUP_avg,SUP_sd,SUP_r1,SUP_kr,SUP_sk,INC_avg,INC_sd,INC_r1,INC_kr,INC_sk,IND_avg,IND_sd,IND_r1,IND_kr,IND_sk
25,0.4083333333,0.1381926996,-0.0984586348,1.6365619835,-0.1495496269,0.2,0.0912870929,-0.1666666667,2.64,-0.657267069,0.3916666667,0.1440968039,-0.1828019889,2.4683952081,-0.3554992792,0.3916666667,0.1440968039,-0.1828019889,2.4683952081,-0.3554992792
