Instance,INF_avg,INF_sd,INF_r1,INF_kr,INF_sk,SUP_avg,SUP_sd,SUP_r1,SUP_kr,SUP_sk,INC_avg,INC_sd,INC_r1,INC_kr,INC_sk,IND_avg,IND_sd,IND_r1,IND_kr,IND_sk
86,0.34,0.0734846923,0.4230769231,1.1666666667,-0.4082482905,0.21,0.0969535971,-0.6417910448,2.3587596197,-0.2830922144,0.45,0.1483239697,-0.2325581395,2.2830578512,0.4596817244,0.45,0.1483239697,-0.2325581395,2.2830578512,0.4596817244
