Instance,INF_avg,INF_sd,INF_r1,INF_kr,INF_sk,SUP_avg,SUP_sd,SUP_r1,SUP_kr,SUP_sk,INC_avg,INC_sd,INC_r1,INC_kr,INC_sk,IND_avg,IND_sd,IND_r1,IND_kr,IND_sk
157,0.206,0.0693108938,0.3900949159,2.249649716,-0.209893077,0.308,0.0530659966,-0.3667425968,2.604338843,0.9148128296,0.486,0.0748598691,0.1633774476,1.7446990296,0.4970314433,0.486,0.0748598691,0.1633774476,1.7446990296,0.4970314433
