Instance,INF_avg,INF_sd,INF_r1,INF_kr,INF_sk,SUP_avg,SUP_sd,SUP_r1,SUP_kr,SUP_sk,INC_avg,INC_sd,INC_r1,INC_kr,INC_sk,IND_avg,IND_sd,IND_r1,IND_kr,IND_sk
278,0.4196,0.090376103,0.4406330772,2.9039447938,0.2679592087,0.108,0.06,0.5470962836,2.1784296296,0.3546666667,0.4724,0.0675147391,-0.0212846437,3.6011457305,-0.6252937844,0.4724,0.0675147391,-0.0212846437,3.6011457305,-0.6252937844
