Instance,INF_avg,INF_sd,INF_r1,INF_kr,INF_sk,SUP_avg,SUP_sd,SUP_r1,SUP_kr,SUP_sk,INC_avg,INC_sd,INC_r1,INC_kr,INC_sk,IND_avg,IND_sd,IND_r1,IND_kr,IND_sk
200,0.2,0.0534522484,-0.5,3.5,-0.0,0.2285714286,0.1385051388,-0.9676616915,1.8467632413,-0.1975061961,0.5714285714,0.1484614978,-0.876,1.4866255144,0.2352167763,0.5714285714,0.1484614978,-0.876,1.4866255144,0.2352167763
