Instance,INF_avg,INF_sd,INF_r1,INF_kr,INF_sk,SUP_avg,SUP_sd,SUP_r1,SUP_kr,SUP_sk,INC_avg,INC_sd,INC_r1,INC_kr,INC_sk,IND_avg,IND_sd,IND_r1,IND_kr,IND_sk
120,0.22,0.1326649916,-0.1142061281,1.9070247934,0.1439031417,0.3,0.1843908891,-0.2058823529,3.0968858131,0.4785230687,0.48,0.1989974874,-0.4246424642,1.7138047138,-0.0274101222,0.48,0.1989974874,-0.4246424642,1.7138047138,-0.0274101222
