Instance,INF_avg,INF_sd,INF_r1,INF_kr,INF_sk,SUP_avg,SUP_sd,SUP_r1,SUP_kr,SUP_sk,INC_avg,INC_sd,INC_r1,INC_kr,INC_sk,IND_avg,IND_sd,IND_r1,IND_kr,IND_sk
123,0.2492,0.043282329,0.0232957532,2.9626388457,0.1491868671,0.2339,0.040960835,0.0246848866,2.9735611892,0.366984688,0.5169,0.0516854912,-0.0479559234,2.6411485799,0.0636168909,0.5169,0.0516854912,-0.0479559234,2.6411485799,0.0636168909
