Instance,INF_avg,INF_sd,INF_r1,INF_kr,INF_sk,SUP_avg,SUP_sd,SUP_r1,SUP_kr,SUP_sk,INC_avg,INC_sd,INC_r1,INC_kr,INC_sk,IND_avg,IND_sd,IND_r1,IND_kr,IND_sk
296,0.2673,0.0373391216,0.2441690086,2.8741201846,-0.0582942561,0.25905,0.0410590733,0.1508723015,2.6319396667,0.1674643735,0.47365,0.0386125303,-0.1613544969,2.5690132978,-0.1472252309,0.47365,0.0386125303,-0.1613544969,2.5690132978,-0.1472252309
