Instance,INF_avg,INF_sd,INF_r1,INF_kr,INF_sk,SUP_avg,SUP_sd,SUP_r1,SUP_kr,SUP_sk,INC_avg,INC_sd,INC_r1,INC_kr,INC_sk,IND_avg,IND_sd,IND_r1,IND_kr,IND_sk
225,0.248,0.0775628777,-0.4977973568,2.3587596197,-0.2830922144,0.236,0.0708801806,-0.6253101737,2.2187715526,0.7311163096,0.516,0.0344093011,0.016064257,1.9945215486,-0.3958703373,0.516,0.0344093011,0.016064257,1.9945215486,-0.3958703373
