Instance,INF_avg,INF_sd,INF_r1,INF_kr,INF_sk,SUP_avg,SUP_sd,SUP_r1,SUP_kr,SUP_sk,INC_avg,INC_sd,INC_r1,INC_kr,INC_sk,IND_avg,IND_sd,IND_r1,IND_kr,IND_sk
290,0.3578723404,0.0712483272,0.357026538,2.9293398426,0.0194923864,0.1485106383,0.0707100379,0.292819587,2.6148430889,0.4180851566,0.4936170213,0.0702707691,0.1851154733,3.0642717348,0.312984766,0.4936170213,0.0702707691,0.1851154733,3.0642717348,0.312984766
