Instance,INF_avg,INF_sd,INF_r1,INF_kr,INF_sk,SUP_avg,SUP_sd,SUP_r1,SUP_kr,SUP_sk,INC_avg,INC_sd,INC_r1,INC_kr,INC_sk,IND_avg,IND_sd,IND_r1,IND_kr,IND_sk
182,0.26,0.1019803903,-0.1728395062,1.9556213018,-0.2715454179,0.34,0.2059126028,-0.1501901141,2.0685297259,-0.4068404933,0.4,0.228035085,-0.48,2.5,0.6071940134,0.4,0.228035085,-0.48,2.5,0.6071940134
