Instance,INF_avg,INF_sd,INF_r1,INF_kr,INF_sk,SUP_avg,SUP_sd,SUP_r1,SUP_kr,SUP_sk,INC_avg,INC_sd,INC_r1,INC_kr,INC_sk,IND_avg,IND_sd,IND_r1,IND_kr,IND_sk
265,0.25,0.1024695077,-0.0303030303,1.8707482993,0.0,0.37,0.09,-0.3534822602,2.2583447645,-0.1975308642,0.38,0.1077032961,0.3613138686,2.7669441141,0.403407114,0.38,0.1077032961,0.3613138686,2.7669441141,0.403407114
