Instance,INF_avg,INF_sd,INF_r1,INF_kr,INF_sk,SUP_avg,SUP_sd,SUP_r1,SUP_kr,SUP_sk,INC_avg,INC_sd,INC_r1,INC_kr,INC_sk,IND_avg,IND_sd,IND_r1,IND_kr,IND_sk
16,0.248,0.0595986577,-0.2005203494,2.9779644509,0.5985986438,0.2472,0.0441379655,-0.0964364172,2.9400367108,0.8125162016,0.5048,0.0591350996,0.0104073008,2.8616065974,-0.2440449968,0.5048,0.0591350996,0.0104073008,2.8616065974,-0.2440449968
