Instance,INF_avg,INF_sd,INF_r1,INF_kr,INF_sk,SUP_avg,SUP_sd,SUP_r1,SUP_kr,SUP_sk,INC_avg,INC_sd,INC_r1,INC_kr,INC_sk,IND_avg,IND_sd,IND_r1,IND_kr,IND_sk
183,0.2008,0.0620915453,-0.0636896195,2.1115260075,0.1230928921,0.308,0.0619677335,0.0700808625,3.1570833333,0.0193649167,0.4912,0.0551594054,0.0600443026,2.2466169356,0.5074610448,0.4912,0.0551594054,0.0600443026,2.2466169356,0.5074610448
