Instance,INF_avg,INF_sd,INF_r1,INF_kr,INF_sk,SUP_avg,SUP_sd,SUP_r1,SUP_kr,SUP_sk,INC_avg,INC_sd,INC_r1,INC_kr,INC_sk,IND_avg,IND_sd,IND_r1,IND_kr,IND_sk
104,0.3224137931,0.1071465375,-0.2001696436,2.6883346774,0.5651906787,0.2155172414,0.1051300084,-0.0537219215,2.760050621,0.2996208023,0.4620689655,0.0979577428,0.0203375999,2.2397124602,-0.1467935694,0.4620689655,0.0979577428,0.0203375999,2.2397124602,-0.1467935694
