Instance,INF_avg,INF_sd,INF_r1,INF_kr,INF_sk,SUP_avg,SUP_sd,SUP_r1,SUP_kr,SUP_sk,INC_avg,INC_sd,INC_r1,INC_kr,INC_sk,IND_avg,IND_sd,IND_r1,IND_kr,IND_sk
158,0.2809,0.0327977133,0.0378392927,3.5999697589,-0.6021113459,0.2134,0.0341238919,-0.1255729428,4.8888842618,0.4829067443,0.5057,0.0369054197,0.0579973733,2.8833903594,0.0768306713,0.5057,0.0369054197,0.0579973733,2.8833903594,0.0768306713
