Instance,INF_avg,INF_sd,INF_r1,INF_kr,INF_sk,SUP_avg,SUP_sd,SUP_r1,SUP_kr,SUP_sk,INC_avg,INC_sd,INC_r1,INC_kr,INC_sk,IND_avg,IND_sd,IND_r1,IND_kr,IND_sk
124,0.25,0.1095445115,0.170212766,5.78125,1.8827962914,0.275,0.1209338662,-0.3875598086,3.3563445102,0.8481007493,0.475,0.1308625233,-0.4188679245,2.7057914646,-0.8199388746,0.475,0.1308625233,-0.4188679245,2.7057914646,-0.8199388746
