Instance,INF_avg,INF_sd,INF_r1,INF_kr,INF_sk,SUP_avg,SUP_sd,SUP_r1,SUP_kr,SUP_sk,INC_avg,INC_sd,INC_r1,INC_kr,INC_sk,IND_avg,IND_sd,IND_r1,IND_kr,IND_sk
42,0.4281746032,0.1022108837,0.8548999243,1.9750752071,-0.030923204,0.0665079365,0.0575673168,0.9190575647,2.9581190927,0.9545232906,0.5053174603,0.0580563015,0.5413825823,2.3588972838,-0.3332674985,0.5053174603,0.0580563015,0.5413825823,2.3588972838,-0.3332674985
