Instance,INF_avg,INF_sd,INF_r1,INF_kr,INF_sk,SUP_avg,SUP_sd,SUP_r1,SUP_kr,SUP_sk,INC_avg,INC_sd,INC_r1,INC_kr,INC_sk,IND_avg,IND_sd,IND_r1,IND_kr,IND_sk
111,0.292,0.1213919272,-0.2601631961,2.9251291791,0.5389976822,0.168,0.0835224521,0.0102436323,2.5785958147,0.1930206697,0.54,0.1183215957,-0.5486348123,3.7412244898,-0.9743421194,0.54,0.1183215957,-0.5486348123,3.7412244898,-0.9743421194
