Instance,INF_avg,INF_sd,INF_r1,INF_kr,INF_sk,SUP_avg,SUP_sd,SUP_r1,SUP_kr,SUP_sk,INC_avg,INC_sd,INC_r1,INC_kr,INC_sk,IND_avg,IND_sd,IND_r1,IND_kr,IND_sk
229,0.248,0.1417603612,-0.1101868441,3.0458208244,0.7145367915,0.248,0.1268700122,0.025259197,3.231250667,0.6912414651,0.504,0.1777188791,0.1899531905,1.9782814891,-0.3169515121,0.504,0.1777188791,0.1899531905,1.9782814891,-0.3169515121
