Instance,INF_avg,INF_sd,INF_r1,INF_kr,INF_sk,SUP_avg,SUP_sd,SUP_r1,SUP_kr,SUP_sk,INC_avg,INC_sd,INC_r1,INC_kr,INC_sk,IND_avg,IND_sd,IND_r1,IND_kr,IND_sk
253,0.2664,0.0356235877,0.3571030493,3.5202076169,0.0248251198,0.2684,0.0442203573,0.6426176128,2.0914951122,-0.3557268546,0.4652,0.0396605598,0.3093446613,2.2306246313,0.3792805238,0.4652,0.0396605598,0.3093446613,2.2306246313,0.3792805238
