Instance,INF_avg,INF_sd,INF_r1,INF_kr,INF_sk,SUP_avg,SUP_sd,SUP_r1,SUP_kr,SUP_sk,INC_avg,INC_sd,INC_r1,INC_kr,INC_sk,IND_avg,IND_sd,IND_r1,IND_kr,IND_sk
17,0.2368,0.0426820805,0.1023615945,2.8125614061,0.1872726097,0.2244,0.0411902901,0.2977653696,2.1072830249,0.3233760844,0.5388,0.0439381383,-0.1353060831,3.002360175,-0.7371423457,0.5388,0.0439381383,-0.1353060831,3.002360175,-0.7371423457
