Instance,INF_avg,INF_sd,INF_r1,INF_kr,INF_sk,SUP_avg,SUP_sd,SUP_r1,SUP_kr,SUP_sk,INC_avg,INC_sd,INC_r1,INC_kr,INC_sk,IND_avg,IND_sd,IND_r1,IND_kr,IND_sk
56,0.2106,0.0532319453,0.324176905,2.7977539408,-0.0346112579,0.3013,0.0631134692,0.2719446491,3.220938111,0.2067334444,0.4881,0.0582012886,0.109888259,3.3282957987,-0.0466395962,0.4881,0.0582012886,0.109888259,3.3282957987,-0.0466395962
