Instance,INF_avg,INF_sd,INF_r1,INF_kr,INF_sk,SUP_avg,SUP_sd,SUP_r1,SUP_kr,SUP_sk,INC_avg,INC_sd,INC_r1,INC_kr,INC_sk,IND_avg,IND_sd,IND_r1,IND_kr,IND_sk
246,0.2548,0.0439199271,0.1328307214,2.6714567805,-0.1648684116,0.2264,0.0327267475,0.0859035446,3.4420574628,0.5744061914,0.5188,0.0588774999,-0.0157382056,2.4694262199,-0.0229230833,0.5188,0.0588774999,-0.0157382056,2.4694262199,-0.0229230833
