Instance,INF_avg,INF_sd,INF_r1,INF_kr,INF_sk,SUP_avg,SUP_sd,SUP_r1,SUP_kr,SUP_sk,INC_avg,INC_sd,INC_r1,INC_kr,INC_sk,IND_avg,IND_sd,IND_r1,IND_kr,IND_sk
135,0.208,0.1197330364,0.3639538198,2.2378128986,0.2653224048,0.276,0.1477294825,-0.0524919294,2.3520674057,0.1939028067,0.516,0.1836954001,0.0944536844,2.5695060187,-0.2361507193,0.516,0.1836954001,0.0944536844,2.5695060187,-0.2361507193
