Instance,INF_avg,INF_sd,INF_r1,INF_kr,INF_sk,SUP_avg,SUP_sd,SUP_r1,SUP_kr,SUP_sk,INC_avg,INC_sd,INC_r1,INC_kr,INC_sk,IND_avg,IND_sd,IND_r1,IND_kr,IND_sk
109,0.248,0.0381575681,0.4192799071,2.0295857988,0.628970902,0.28,0.0593295879,-0.2619047619,1.7407024793,0.2987931209,0.472,0.0820731381,0.2259627646,2.083473914,-0.198652548,0.472,0.0820731381,0.2259627646,2.083473914,-0.198652548
