Instance,INF_avg,INF_sd,INF_r1,INF_kr,INF_sk,SUP_avg,SUP_sd,SUP_r1,SUP_kr,SUP_sk,INC_avg,INC_sd,INC_r1,INC_kr,INC_sk,IND_avg,IND_sd,IND_r1,IND_kr,IND_sk
181,0.186,0.1216716894,0.0974394245,2.5421097769,0.4022323242,0.328,0.1637559159,0.0129989369,2.4459347463,-0.3448872467,0.486,0.1743674282,-0.0832851783,3.169472262,0.1470747546,0.486,0.1743674282,-0.0832851783,3.169472262,0.1470747546
