Instance,INF_avg,INF_sd,INF_r1,INF_kr,INF_sk,SUP_avg,SUP_sd,SUP_r1,SUP_kr,SUP_sk,INC_avg,INC_sd,INC_r1,INC_kr,INC_sk,IND_avg,IND_sd,IND_r1,IND_kr,IND_sk
255,0.24,0.0663324958,-0.0730593607,2.2169421488,0.3700366502,0.3,0.1303840481,-0.4,1.6003460208,-0.4060402882,0.46,0.1743559577,-0.2195969423,2.0002164127,0.5399570973,0.46,0.1743559577,-0.2195969423,2.0002164127,0.5399570973
