Instance,INF_avg,INF_sd,INF_r1,INF_kr,INF_sk,SUP_avg,SUP_sd,SUP_r1,SUP_kr,SUP_sk,INC_avg,INC_sd,INC_r1,INC_kr,INC_sk,IND_avg,IND_sd,IND_r1,IND_kr,IND_sk
122,0.2993,0.0389616478,0.1248640121,2.7186674403,-0.1269666287,0.2577,0.0351170899,0.1184757606,3.3340008676,-0.2465247309,0.443,0.0375898923,0.2731849232,2.9690709412,0.2890170267,0.443,0.0375898923,0.2731849232,2.9690709412,0.2890170267
