Instance,INF_avg,INF_sd,INF_r1,INF_kr,INF_sk,SUP_avg,SUP_sd,SUP_r1,SUP_kr,SUP_sk,INC_avg,INC_sd,INC_r1,INC_kr,INC_sk,IND_avg,IND_sd,IND_r1,IND_kr,IND_sk
17,0.35,0.1303840481,0.2058823529,2.223183391,0.0,0.19,0.08,0.1692789969,1.4189453125,0.03515625,0.46,0.0860232527,-0.4498644986,1.9945215486,0.3958703373,0.46,0.0860232527,-0.4498644986,1.9945215486,0.3958703373
