Instance,INF_avg,INF_sd,INF_r1,INF_kr,INF_sk,SUP_avg,SUP_sd,SUP_r1,SUP_kr,SUP_sk,INC_avg,INC_sd,INC_r1,INC_kr,INC_sk,IND_avg,IND_sd,IND_r1,IND_kr,IND_sk
175,0.252,0.0411825206,-0.846473029,2.0685297259,0.4068404933,0.292,0.0483321839,0.0249433107,1.8297053856,-0.1224403232,0.456,0.0708801806,0.5169082126,2.8759990263,-1.2099004415,0.456,0.0708801806,0.5169082126,2.8759990263,-1.2099004415
