Instance,INF_avg,INF_sd,INF_r1,INF_kr,INF_sk,SUP_avg,SUP_sd,SUP_r1,SUP_kr,SUP_sk,INC_avg,INC_sd,INC_r1,INC_kr,INC_sk,IND_avg,IND_sd,IND_r1,IND_kr,IND_sk
135,0.4229104478,0.0894495991,0.7074482978,2.647933479,-0.4121772364,0.1004477612,0.0650816442,0.7148994729,3.685443498,0.8558413826,0.476641791,0.0486986473,0.1797180704,3.2397655678,0.1422651143,0.476641791,0.0486986473,0.1797180704,3.2397655678,0.1422651143
