Instance,INF_avg,INF_sd,INF_r1,INF_kr,INF_sk,SUP_avg,SUP_sd,SUP_r1,SUP_kr,SUP_sk,INC_avg,INC_sd,INC_r1,INC_kr,INC_sk,IND_avg,IND_sd,IND_r1,IND_kr,IND_sk
297,0.2524,0.0416922055,0.5484067337,2.5997780998,0.4894484549,0.2694,0.0441886863,0.1937988695,2.6233464386,0.0815900901,0.4782,0.0330115131,0.2570262484,3.5000357245,-0.6013811974,0.4782,0.0330115131,0.2570262484,3.5000357245,-0.6013811974
