Instance,INF_avg,INF_sd,INF_r1,INF_kr,INF_sk,SUP_avg,SUP_sd,SUP_r1,SUP_kr,SUP_sk,INC_avg,INC_sd,INC_r1,INC_kr,INC_sk,IND_avg,IND_sd,IND_r1,IND_kr,IND_sk
265,0.212,0.0483735465,0.105223523,3.1374183651,0.2020600035,0.275,0.0488364618,0.1380400421,3.3720580673,0.4698005422,0.513,0.0452658812,-0.1803756318,2.2205332459,-0.4675805707,0.513,0.0452658812,-0.1803756318,2.2205332459,-0.4675805707
