Instance,INF_avg,INF_sd,INF_r1,INF_kr,INF_sk,SUP_avg,SUP_sd,SUP_r1,SUP_kr,SUP_sk,INC_avg,INC_sd,INC_r1,INC_kr,INC_sk,IND_avg,IND_sd,IND_r1,IND_kr,IND_sk
122,0.2512,0.0446604971,0.1614376598,2.7493217747,0.0823755879,0.247,0.0515654923,0.2682992351,2.5819156268,0.3593979265,0.5018,0.0575913188,0.1605884858,2.4941629362,0.1072350041,0.5018,0.0575913188,0.1605884858,2.4941629362,0.1072350041
