Instance,INF_avg,INF_sd,INF_r1,INF_kr,INF_sk,SUP_avg,SUP_sd,SUP_r1,SUP_kr,SUP_sk,INC_avg,INC_sd,INC_r1,INC_kr,INC_sk,IND_avg,IND_sd,IND_r1,IND_kr,IND_sk
231,0.22,0.081240384,-0.6395112016,3.2327823691,-0.1007112199,0.315,0.109658561,-0.1825246797,1.6580884419,0.4686631935,0.465,0.1119151464,-0.1680693701,1.5597427899,-0.3242405189,0.465,0.1119151464,-0.1680693701,1.5597427899,-0.3242405189
