Instance,INF_avg,INF_sd,INF_r1,INF_kr,INF_sk,SUP_avg,SUP_sd,SUP_r1,SUP_kr,SUP_sk,INC_avg,INC_sd,INC_r1,INC_kr,INC_sk,IND_avg,IND_sd,IND_r1,IND_kr,IND_sk
172,0.233,0.1288836685,-0.0567654713,5.5450294719,0.9386643758,0.274,0.1361029022,-0.0222572643,2.9698330158,0.2389557077,0.493,0.162637634,0.0775225128,2.9165554844,-0.1381208593,0.493,0.162637634,0.0775225128,2.9165554844,-0.1381208593
