Instance,INF_avg,INF_sd,INF_r1,INF_kr,INF_sk,SUP_avg,SUP_sd,SUP_r1,SUP_kr,SUP_sk,INC_avg,INC_sd,INC_r1,INC_kr,INC_sk,IND_avg,IND_sd,IND_r1,IND_kr,IND_sk
5,0.2144,0.0611934637,0.0402464239,3.1589359132,0.4456761326,0.2756,0.0603045604,0.0539936859,3.0744818037,-0.5591784138,0.51,0.0695413546,0.161317929,4.1436024687,0.4424594681,0.51,0.0695413546,0.161317929,4.1436024687,0.4424594681
