Instance,INF_avg,INF_sd,INF_r1,INF_kr,INF_sk,SUP_avg,SUP_sd,SUP_r1,SUP_kr,SUP_sk,INC_avg,INC_sd,INC_r1,INC_kr,INC_sk,IND_avg,IND_sd,IND_r1,IND_kr,IND_sk
70,0.244,0.0512249939,-0.4713064713,2.4171624033,-0.2228332944,0.22,0.0565685425,-0.3076923077,2.2625,-0.7954951288,0.536,0.032,-0.0563380282,2.078125,-0.84375,0.536,0.032,-0.0563380282,2.078125,-0.84375
