Instance,INF_avg,INF_sd,INF_r1,INF_kr,INF_sk,SUP_avg,SUP_sd,SUP_r1,SUP_kr,SUP_sk,INC_avg,INC_sd,INC_r1,INC_kr,INC_sk,IND_avg,IND_sd,IND_r1,IND_kr,IND_sk
250,0.262,0.1440694277,-0.1449229948,3.9061289018,0.7628171602,0.23,0.1268857754,-0.106827509,2.6394429227,0.1879716745,0.508,0.1647300823,-0.0166605357,2.6172333904,-0.235290564,0.508,0.1647300823,-0.0166605357,2.6172333904,-0.235290564
