Instance,INF_avg,INF_sd,INF_r1,INF_kr,INF_sk,SUP_avg,SUP_sd,SUP_r1,SUP_kr,SUP_sk,INC_avg,INC_sd,INC_r1,INC_kr,INC_sk,IND_avg,IND_sd,IND_r1,IND_kr,IND_sk
288,0.337,0.0340734501,0.0718795952,2.1064194415,-0.2868859413,0.182,0.0382230297,-0.1669162539,2.4334672744,-0.4610892992,0.481,0.0456508488,0.4635084156,1.9932236655,0.3657591768,0.481,0.0456508488,0.4635084156,1.9932236655,0.3657591768
