Instance,INF_avg,INF_sd,INF_r1,INF_kr,INF_sk,SUP_avg,SUP_sd,SUP_r1,SUP_kr,SUP_sk,INC_avg,INC_sd,INC_r1,INC_kr,INC_sk,IND_avg,IND_sd,IND_r1,IND_kr,IND_sk
156,0.2597,0.0356778643,0.4975440998,2.4407379606,0.1135787496,0.22545,0.0360423015,0.4009236385,2.2568011161,0.0661021147,0.51485,0.038855212,0.0806097782,2.65294301,0.058312055,0.51485,0.038855212,0.0806097782,2.65294301,0.058312055
