Instance,INF_avg,INF_sd,INF_r1,INF_kr,INF_sk,SUP_avg,SUP_sd,SUP_r1,SUP_kr,SUP_sk,INC_avg,INC_sd,INC_r1,INC_kr,INC_sk,IND_avg,IND_sd,IND_r1,IND_kr,IND_sk
6,0.2604,0.0641859798,0.3111935809,2.9512021581,0.2142527307,0.2368,0.0749783969,0.2298904318,2.7289586537,0.2230114132,0.5028,0.072222988,-0.0460398137,3.2026027364,0.1439831835,0.5028,0.072222988,-0.0460398137,3.2026027364,0.1439831835
