Instance,INF_avg,INF_sd,INF_r1,INF_kr,INF_sk,SUP_avg,SUP_sd,SUP_r1,SUP_kr,SUP_sk,INC_avg,INC_sd,INC_r1,INC_kr,INC_sk,IND_avg,IND_sd,IND_r1,IND_kr,IND_sk
39,0.5859859155,0.1149973047,0.9171220568,2.1561991491,-0.4780820679,0.0750704225,0.0588713862,0.8366076115,2.6677650913,0.7992912749,0.338943662,0.0651969686,0.7524659216,2.4542331608,0.4898363821,0.338943662,0.0651969686,0.7524659216,2.4542331608,0.4898363821
