Instance,INF_avg,INF_sd,INF_r1,INF_kr,INF_sk,SUP_avg,SUP_sd,SUP_r1,SUP_kr,SUP_sk,INC_avg,INC_sd,INC_r1,INC_kr,INC_sk,IND_avg,IND_sd,IND_r1,IND_kr,IND_sk
194,0.233,0.0357910603,0.3686545517,2.4500381179,0.6312986417,0.285,0.0640702739,0.4023854363,2.1983603371,0.6250749158,0.482,0.0485386444,-0.0078111734,3.1663894662,-0.2583487505,0.482,0.0485386444,-0.0078111734,3.1663894662,-0.2583487505
