Instance,INF_avg,INF_sd,INF_r1,INF_kr,INF_sk,SUP_avg,SUP_sd,SUP_r1,SUP_kr,SUP_sk,INC_avg,INC_sd,INC_r1,INC_kr,INC_sk,IND_avg,IND_sd,IND_r1,IND_kr,IND_sk
214,0.4394632768,0.0847670124,0.8401946427,2.0280887141,-0.2391294971,0.0879661017,0.0591353803,0.8715655372,2.9215107003,0.8036383748,0.4725706215,0.0434952668,0.3271072608,2.8905557579,0.0806412281,0.4725706215,0.0434952668,0.3271072608,2.8905557579,0.0806412281
