Instance,INF_avg,INF_sd,INF_r1,INF_kr,INF_sk,SUP_avg,SUP_sd,SUP_r1,SUP_kr,SUP_sk,INC_avg,INC_sd,INC_r1,INC_kr,INC_sk,IND_avg,IND_sd,IND_r1,IND_kr,IND_sk
153,0.1655,0.0373798074,0.4446115562,2.5448902918,0.2458694551,0.3845,0.0444100214,0.4985646897,2.4073263746,0.168927897,0.45,0.0390512484,-0.5245901639,2.5331362537,-0.6422833649,0.45,0.0390512484,-0.5245901639,2.5331362537,-0.6422833649
