Instance,INF_avg,INF_sd,INF_r1,INF_kr,INF_sk,SUP_avg,SUP_sd,SUP_r1,SUP_kr,SUP_sk,INC_avg,INC_sd,INC_r1,INC_kr,INC_sk,IND_avg,IND_sd,IND_r1,IND_kr,IND_sk
83,0.266,0.0595315043,0.0836884928,1.7456929717,-0.1071572537,0.286,0.0326190129,-0.0792580101,1.5925433885,-0.0912793904,0.448,0.0649307323,-0.0710141564,1.3471783645,0.3547204419,0.448,0.0649307323,-0.0710141564,1.3471783645,0.3547204419
