Instance,INF_avg,INF_sd,INF_r1,INF_kr,INF_sk,SUP_avg,SUP_sd,SUP_r1,SUP_kr,SUP_sk,INC_avg,INC_sd,INC_r1,INC_kr,INC_sk,IND_avg,IND_sd,IND_r1,IND_kr,IND_sk
154,0.2633,0.0403622348,0.3331858183,2.8141659889,0.0955580539,0.2509,0.0452293047,0.5626135532,2.9801155944,0.2484017742,0.4858,0.0423480814,0.2807585951,2.9331395612,0.0684100295,0.4858,0.0423480814,0.2807585951,2.9331395612,0.0684100295
