Instance,INF_avg,INF_sd,INF_r1,INF_kr,INF_sk,SUP_avg,SUP_sd,SUP_r1,SUP_kr,SUP_sk,INC_avg,INC_sd,INC_r1,INC_kr,INC_sk,IND_avg,IND_sd,IND_r1,IND_kr,IND_sk
209,0.25,0.0894427191,-0.9166666667,1.953125,-0.6288941187,0.25,0.1048808848,0.2222222222,1.3429752066,0.3900528774,0.5,0.1048808848,0.6666666667,2.8305785124,-1.1701586323,0.5,0.1048808848,0.6666666667,2.8305785124,-1.1701586323
