Instance,INF_avg,INF_sd,INF_r1,INF_kr,INF_sk,SUP_avg,SUP_sd,SUP_r1,SUP_kr,SUP_sk,INC_avg,INC_sd,INC_r1,INC_kr,INC_sk,IND_avg,IND_sd,IND_r1,IND_kr,IND_sk
221,0.3429411765,0.0636409696,0.3272022379,2.8653698086,-0.4901924269,0.1464705882,0.062444439,0.69127964,2.8018946178,0.1624955167,0.5105882353,0.0640285403,0.0364002401,3.9610789104,-0.0058248938,0.5105882353,0.0640285403,0.0364002401,3.9610789104,-0.0058248938
