Instance,INF_avg,INF_sd,INF_r1,INF_kr,INF_sk,SUP_avg,SUP_sd,SUP_r1,SUP_kr,SUP_sk,INC_avg,INC_sd,INC_r1,INC_kr,INC_sk,IND_avg,IND_sd,IND_r1,IND_kr,IND_sk
147,0.27,0.1148912529,0.0433712704,2.1611570248,-0.2175970699,0.226,0.1379275172,0.1911864869,2.9995704598,0.7330796694,0.504,0.1199333148,-0.1774130612,2.607167957,-0.3551473033,0.504,0.1199333148,-0.1774130612,2.607167957,-0.3551473033
