Instance,INF_avg,INF_sd,INF_r1,INF_kr,INF_sk,SUP_avg,SUP_sd,SUP_r1,SUP_kr,SUP_sk,INC_avg,INC_sd,INC_r1,INC_kr,INC_sk,IND_avg,IND_sd,IND_r1,IND_kr,IND_sk
79,0.24,0.0491121166,0.1348314607,2.2010593797,-0.0435595863,0.2514,0.0509120811,-0.0485501305,2.5515553586,0.4495901995,0.5086,0.0556780028,0.1765201319,2.3156975753,-0.0108751107,0.5086,0.0556780028,0.1765201319,2.3156975753,-0.0108751107
