Instance,INF_avg,INF_sd,INF_r1,INF_kr,INF_sk,SUP_avg,SUP_sd,SUP_r1,SUP_kr,SUP_sk,INC_avg,INC_sd,INC_r1,INC_kr,INC_sk,IND_avg,IND_sd,IND_r1,IND_kr,IND_sk
265,0.3255,0.0611330516,0.4809178284,2.2869931021,0.2988648413,0.2948,0.0447209123,0.0978831548,3.1131040217,-0.1894008186,0.3797,0.0518402353,0.5791863599,2.5566087912,0.2762511496,0.3797,0.0518402353,0.5791863599,2.5566087912,0.2762511496
