Instance,INF_avg,INF_sd,INF_r1,INF_kr,INF_sk,SUP_avg,SUP_sd,SUP_r1,SUP_kr,SUP_sk,INC_avg,INC_sd,INC_r1,INC_kr,INC_sk,IND_avg,IND_sd,IND_r1,IND_kr,IND_sk
278,0.278,0.0331058907,-0.2594883329,6.0655219378,2.0259311569,0.225,0.0188414437,-0.615942029,1.74866098,0.0897033621,0.497,0.039,-0.3857924939,4.1456544602,-1.2746169018,0.497,0.039,-0.3857924939,4.1456544602,-1.2746169018
