Instance,INF_avg,INF_sd,INF_r1,INF_kr,INF_sk,SUP_avg,SUP_sd,SUP_r1,SUP_kr,SUP_sk,INC_avg,INC_sd,INC_r1,INC_kr,INC_sk,IND_avg,IND_sd,IND_r1,IND_kr,IND_sk
207,0.3530120482,0.1127288563,0.6033807145,2.1776230819,-0.1528347346,0.1525301205,0.0664204094,0.4456407939,2.4343974215,0.1213886846,0.4944578313,0.0831496403,0.2425816937,2.3212413621,0.075683203,0.4944578313,0.0831496403,0.2425816937,2.3212413621,0.075683203
