Instance,INF_avg,INF_sd,INF_r1,INF_kr,INF_sk,SUP_avg,SUP_sd,SUP_r1,SUP_kr,SUP_sk,INC_avg,INC_sd,INC_r1,INC_kr,INC_sk,IND_avg,IND_sd,IND_r1,IND_kr,IND_sk
79,0.247,0.0256124969,-0.7624579639,1.8922237507,0.0182123366,0.364,0.0235372046,-0.5284687673,1.6245552529,-0.0469339142,0.389,0.0239582971,-0.0822637106,2.5268062014,0.4288811212,0.389,0.0239582971,-0.0822637106,2.5268062014,0.4288811212
