Instance,INF_avg,INF_sd,INF_r1,INF_kr,INF_sk,SUP_avg,SUP_sd,SUP_r1,SUP_kr,SUP_sk,INC_avg,INC_sd,INC_r1,INC_kr,INC_sk,IND_avg,IND_sd,IND_r1,IND_kr,IND_sk
189,0.2396,0.0458240112,0.0950099899,3.9788774664,-0.5079875025,0.2844,0.0480066662,-0.1063839835,1.9897887563,-0.1459391878,0.476,0.0590592922,-0.1640700846,3.9926353001,0.0139806632,0.476,0.0590592922,-0.1640700846,3.9926353001,0.0139806632
