Instance,INF_avg,INF_sd,INF_r1,INF_kr,INF_sk,SUP_avg,SUP_sd,SUP_r1,SUP_kr,SUP_sk,INC_avg,INC_sd,INC_r1,INC_kr,INC_sk,IND_avg,IND_sd,IND_r1,IND_kr,IND_sk
13,0.231,0.0318590646,0.234160243,4.5745230411,0.1572968355,0.26275,0.0320731586,0.1118707464,2.9715831544,0.1102128601,0.50625,0.0414751432,0.2260460375,3.2004655115,0.0146975039,0.50625,0.0414751432,0.2260460375,3.2004655115,0.0146975039
