Instance,INF_avg,INF_sd,INF_r1,INF_kr,INF_sk,SUP_avg,SUP_sd,SUP_r1,SUP_kr,SUP_sk,INC_avg,INC_sd,INC_r1,INC_kr,INC_sk,IND_avg,IND_sd,IND_r1,IND_kr,IND_sk
68,0.4655833333,0.0792968666,0.6821291526,2.8761258896,-0.5819876492,0.1153333333,0.0736990879,0.7999848252,3.4289088414,1.0299176364,0.4190833333,0.0389870883,0.0101126095,2.8515868127,0.2293125339,0.4190833333,0.0389870883,0.0101126095,2.8515868127,0.2293125339
