Instance,INF_avg,INF_sd,INF_r1,INF_kr,INF_sk,SUP_avg,SUP_sd,SUP_r1,SUP_kr,SUP_sk,INC_avg,INC_sd,INC_r1,INC_kr,INC_sk,IND_avg,IND_sd,IND_r1,IND_kr,IND_sk
75,0.251,0.0910988474,-0.0123838141,2.7376286674,0.0497361654,0.2475,0.1061543687,0.0269312014,3.4106282467,0.2786103625,0.5015,0.1138979807,0.0270190258,2.7602588226,-0.1994022241,0.5015,0.1138979807,0.0270190258,2.7602588226,-0.1994022241
