Instance,INF_avg,INF_sd,INF_r1,INF_kr,INF_sk,SUP_avg,SUP_sd,SUP_r1,SUP_kr,SUP_sk,INC_avg,INC_sd,INC_r1,INC_kr,INC_sk,IND_avg,IND_sd,IND_r1,IND_kr,IND_sk
142,0.254,0.0482078832,0.3424904301,1.6655271195,-0.031704344,0.218,0.0328024389,-0.0471000389,3.706651373,-1.1994755935,0.528,0.0538144962,0.2656916514,1.5862458411,-0.4595282595,0.528,0.0538144962,0.2656916514,1.5862458411,-0.4595282595
