Instance,INF_avg,INF_sd,INF_r1,INF_kr,INF_sk,SUP_avg,SUP_sd,SUP_r1,SUP_kr,SUP_sk,INC_avg,INC_sd,INC_r1,INC_kr,INC_sk,IND_avg,IND_sd,IND_r1,IND_kr,IND_sk
142,0.2582,0.0416024038,0.0953793873,2.892038789,0.0390526184,0.2716,0.0384894791,-0.1816476199,2.6971770174,-0.3029647889,0.4702,0.0392677985,0.0458061303,3.2082872162,0.3814212146,0.4702,0.0392677985,0.0458061303,3.2082872162,0.3814212146
