Instance,INF_avg,INF_sd,INF_r1,INF_kr,INF_sk,SUP_avg,SUP_sd,SUP_r1,SUP_kr,SUP_sk,INC_avg,INC_sd,INC_r1,INC_kr,INC_sk,IND_avg,IND_sd,IND_r1,IND_kr,IND_sk
289,0.272,0.1510496607,0.1370141172,2.6092375814,0.2026770905,0.168,0.1047664068,0.0909656933,2.3256933761,0.2491173092,0.56,0.144222051,-0.0711430855,1.8920118343,0.160009672,0.56,0.144222051,-0.0711430855,1.8920118343,0.160009672
