Instance,INF_avg,INF_sd,INF_r1,INF_kr,INF_sk,SUP_avg,SUP_sd,SUP_r1,SUP_kr,SUP_sk,INC_avg,INC_sd,INC_r1,INC_kr,INC_sk,IND_avg,IND_sd,IND_r1,IND_kr,IND_sk
46,0.24425,0.033566166,0.2269876853,3.9027312381,0.4437427027,0.2862,0.0418217647,0.4959934378,2.3708828437,-0.1219889727,0.46955,0.0413103801,0.2932031876,2.4913450509,-0.1102486011,0.46955,0.0413103801,0.2932031876,2.4913450509,-0.1102486011
