Instance,INF_avg,INF_sd,INF_r1,INF_kr,INF_sk,SUP_avg,SUP_sd,SUP_r1,SUP_kr,SUP_sk,INC_avg,INC_sd,INC_r1,INC_kr,INC_sk,IND_avg,IND_sd,IND_r1,IND_kr,IND_sk
157,0.2782,0.0447968749,-0.1196100163,2.8214614141,0.1419668743,0.2221,0.0449732143,0.1790772501,2.5582292489,0.2295281138,0.4997,0.0462267239,0.0379917013,3.067367284,-0.1600159769,0.4997,0.0462267239,0.0379917013,3.067367284,-0.1600159769
