Instance,INF_avg,INF_sd,INF_r1,INF_kr,INF_sk,SUP_avg,SUP_sd,SUP_r1,SUP_kr,SUP_sk,INC_avg,INC_sd,INC_r1,INC_kr,INC_sk,IND_avg,IND_sd,IND_r1,IND_kr,IND_sk
88,0.196,0.0293938769,-0.6666666667,1.1666666667,-0.4082482905,0.296,0.0557135531,0.2086834734,1.3296312042,-0.2931045678,0.508,0.061449166,-0.0698496905,1.4904481471,0.4071161708,0.508,0.061449166,-0.0698496905,1.4904481471,0.4071161708
