Instance,INF_avg,INF_sd,INF_r1,INF_kr,INF_sk,SUP_avg,SUP_sd,SUP_r1,SUP_kr,SUP_sk,INC_avg,INC_sd,INC_r1,INC_kr,INC_sk,IND_avg,IND_sd,IND_r1,IND_kr,IND_sk
294,0.2538,0.0442669177,-0.2469731332,2.919572296,-0.1597102614,0.234,0.0425205833,-0.1039421755,2.5714425562,0.3808670772,0.5122,0.0448682516,-0.1594164289,4.0060737319,-0.6256991063,0.5122,0.0448682516,-0.1594164289,4.0060737319,-0.6256991063
