Instance,INF_avg,INF_sd,INF_r1,INF_kr,INF_sk,SUP_avg,SUP_sd,SUP_r1,SUP_kr,SUP_sk,INC_avg,INC_sd,INC_r1,INC_kr,INC_sk,IND_avg,IND_sd,IND_r1,IND_kr,IND_sk
95,0.299,0.036796739,-0.4558363234,1.8484822038,0.1849153972,0.2415,0.0346446244,0.2604040454,1.9805330687,-0.3328827365,0.4595,0.0388876587,-0.6221578599,1.6537478504,-0.2728206652,0.4595,0.0388876587,-0.6221578599,1.6537478504,-0.2728206652
