Instance,INF_avg,INF_sd,INF_r1,INF_kr,INF_sk,SUP_avg,SUP_sd,SUP_r1,SUP_kr,SUP_sk,INC_avg,INC_sd,INC_r1,INC_kr,INC_sk,IND_avg,IND_sd,IND_r1,IND_kr,IND_sk
230,0.3858064516,0.1300316139,0.7066074994,1.8764498603,0.219134616,0.1341935484,0.0868359296,0.4771054073,2.4099771932,0.6726629604,0.48,0.1075234408,0.1329545455,2.8032276387,-0.5268784675,0.48,0.1075234408,0.1329545455,2.8032276387,-0.5268784675
