Instance,INF_avg,INF_sd,INF_r1,INF_kr,INF_sk,SUP_avg,SUP_sd,SUP_r1,SUP_kr,SUP_sk,INC_avg,INC_sd,INC_r1,INC_kr,INC_sk,IND_avg,IND_sd,IND_r1,IND_kr,IND_sk
28,0.3,0.1673320053,-0.6,2.5,0.7683612489,0.22,0.16,-0.8341708543,2.5908203125,0.55078125,0.48,0.1326649916,0.1911764706,2.2169421488,0.3700366502,0.48,0.1326649916,0.1911764706,2.2169421488,0.3700366502
