Instance,INF_avg,INF_sd,INF_r1,INF_kr,INF_sk,SUP_avg,SUP_sd,SUP_r1,SUP_kr,SUP_sk,INC_avg,INC_sd,INC_r1,INC_kr,INC_sk,IND_avg,IND_sd,IND_r1,IND_kr,IND_sk
68,0.249,0.0974628134,-0.0054364173,2.7014772561,0.2873171433,0.2315,0.0945132266,0.000484639,2.5406014235,0.3000833183,0.5195,0.1086036371,-0.020686741,3.0465086956,0.0556946773,0.5195,0.1086036371,-0.020686741,3.0465086956,0.0556946773
