Instance,INF_avg,INF_sd,INF_r1,INF_kr,INF_sk,SUP_avg,SUP_sd,SUP_r1,SUP_kr,SUP_sk,INC_avg,INC_sd,INC_r1,INC_kr,INC_sk,IND_avg,IND_sd,IND_r1,IND_kr,IND_sk
166,0.17,0.081240384,-0.1963190184,2.2685950413,0.1790421687,0.3,0.0894427191,-0.8,1.953125,0.6288941187,0.53,0.1029563014,-0.7983367983,2.2821288715,-0.6927284075,0.53,0.1029563014,-0.7983367983,2.2821288715,-0.6927284075
