Instance,INF_avg,INF_sd,INF_r1,INF_kr,INF_sk,SUP_avg,SUP_sd,SUP_r1,SUP_kr,SUP_sk,INC_avg,INC_sd,INC_r1,INC_kr,INC_sk,IND_avg,IND_sd,IND_r1,IND_kr,IND_sk
86,0.288,0.1227028932,0.0470514968,2.7694631505,0.0994600693,0.272,0.1357055636,-0.0108519852,2.4781812514,0.2276354628,0.44,0.137113092,0.0815890645,2.3137166139,0.2793159412,0.44,0.137113092,0.0815890645,2.3137166139,0.2793159412
