Instance,INF_avg,INF_sd,INF_r1,INF_kr,INF_sk,SUP_avg,SUP_sd,SUP_r1,SUP_kr,SUP_sk,INC_avg,INC_sd,INC_r1,INC_kr,INC_sk,IND_avg,IND_sd,IND_r1,IND_kr,IND_sk
158,0.2563,0.0472579094,0.1132274785,2.5930803583,0.1272521819,0.2651,0.0464003233,0.0822263228,2.4861211237,-0.0496839461,0.4786,0.0630717052,0.0202682198,2.8361581137,0.2064174867,0.4786,0.0630717052,0.0202682198,2.8361581137,0.2064174867
