Instance,INF_avg,INF_sd,INF_r1,INF_kr,INF_sk,SUP_avg,SUP_sd,SUP_r1,SUP_kr,SUP_sk,INC_avg,INC_sd,INC_r1,INC_kr,INC_sk,IND_avg,IND_sd,IND_r1,IND_kr,IND_sk
237,0.3682051282,0.1016497706,0.7768767988,2.4481687093,0.043432365,0.1523076923,0.0857384675,0.8015140151,2.8861976689,0.4944447258,0.4794871795,0.0460183195,-0.2456730134,3.1734956921,-0.4833220223,0.4794871795,0.0460183195,-0.2456730134,3.1734956921,-0.4833220223
