Instance,INF_avg,INF_sd,INF_r1,INF_kr,INF_sk,SUP_avg,SUP_sd,SUP_r1,SUP_kr,SUP_sk,INC_avg,INC_sd,INC_r1,INC_kr,INC_sk,IND_avg,IND_sd,IND_r1,IND_kr,IND_sk
238,0.296,0.0598665182,-0.2377122431,1.5061383929,0.0590599619,0.208,0.0515363949,0.1860465116,2.3327768907,0.8163607337,0.496,0.0773563184,0.4590417311,1.4078326518,0.0273752306,0.496,0.0773563184,0.4590417311,1.4078326518,0.0273752306
