Instance,INF_avg,INF_sd,INF_r1,INF_kr,INF_sk,SUP_avg,SUP_sd,SUP_r1,SUP_kr,SUP_sk,INC_avg,INC_sd,INC_r1,INC_kr,INC_sk,IND_avg,IND_sd,IND_r1,IND_kr,IND_sk
296,0.2184,0.041921832,0.1384292045,2.9564681979,0.3697288005,0.3096,0.0386243447,-0.204587306,2.9381810106,0.0803568923,0.472,0.0493963561,0.2943844204,2.7969846815,-0.5499841534,0.472,0.0493963561,0.2943844204,2.7969846815,-0.5499841534
