Instance,INF_avg,INF_sd,INF_r1,INF_kr,INF_sk,SUP_avg,SUP_sd,SUP_r1,SUP_kr,SUP_sk,INC_avg,INC_sd,INC_r1,INC_kr,INC_sk,IND_avg,IND_sd,IND_r1,IND_kr,IND_sk
237,0.232,0.117371206,-0.1730563439,2.5846252838,0.2503151492,0.3,0.12,0.1111111111,2.1990740741,0.2083333333,0.468,0.1377534029,0.0115807955,2.467099295,-0.1015819163,0.468,0.1377534029,0.0115807955,2.467099295,-0.1015819163
