Instance,INF_avg,INF_sd,INF_r1,INF_kr,INF_sk,SUP_avg,SUP_sd,SUP_r1,SUP_kr,SUP_sk,INC_avg,INC_sd,INC_r1,INC_kr,INC_sk,IND_avg,IND_sd,IND_r1,IND_kr,IND_sk
153,0.266,0.0774854825,0.1247111547,1.9422525778,-0.3926892351,0.34,0.0692820323,-0.025862069,7.025,2.29496732,0.394,0.062,0.0335738939,1.8155916325,0.2005974959,0.394,0.062,0.0335738939,1.8155916325,0.2005974959
