Instance,INF_avg,INF_sd,INF_r1,INF_kr,INF_sk,SUP_avg,SUP_sd,SUP_r1,SUP_kr,SUP_sk,INC_avg,INC_sd,INC_r1,INC_kr,INC_sk,IND_avg,IND_sd,IND_r1,IND_kr,IND_sk
88,0.2462,0.0428900921,0.0344190507,4.1356204558,0.27003997,0.2394,0.0468576568,0.0183431486,2.7354744448,0.176632177,0.5144,0.0581432713,0.0755013724,2.4102194435,-0.1699704027,0.5144,0.0581432713,0.0755013724,2.4102194435,-0.1699704027
