Instance,INF_avg,INF_sd,INF_r1,INF_kr,INF_sk,SUP_avg,SUP_sd,SUP_r1,SUP_kr,SUP_sk,INC_avg,INC_sd,INC_r1,INC_kr,INC_sk,IND_avg,IND_sd,IND_r1,IND_kr,IND_sk
54,0.3181,0.0634459613,0.3337466238,2.9358316456,-0.0365646453,0.2892,0.0842220874,0.6283407515,2.9618377088,0.6369825481,0.3927,0.0628944354,0.3369159168,2.7600477619,0.1280951445,0.3927,0.0628944354,0.3369159168,2.7600477619,0.1280951445
