Instance,INF_avg,INF_sd,INF_r1,INF_kr,INF_sk,SUP_avg,SUP_sd,SUP_r1,SUP_kr,SUP_sk,INC_avg,INC_sd,INC_r1,INC_kr,INC_sk,IND_avg,IND_sd,IND_r1,IND_kr,IND_sk
5,0.2316,0.0279184527,-0.04524663,2.7837621315,0.3853078881,0.2972,0.0396252445,-0.0969735638,4.2891540194,1.1538674684,0.4712,0.0420780228,-0.0715150683,3.6927849993,-0.679927686,0.4712,0.0420780228,-0.0715150683,3.6927849993,-0.679927686
