Instance,INF_avg,INF_sd,INF_r1,INF_kr,INF_sk,SUP_avg,SUP_sd,SUP_r1,SUP_kr,SUP_sk,INC_avg,INC_sd,INC_r1,INC_kr,INC_sk,IND_avg,IND_sd,IND_r1,IND_kr,IND_sk
187,0.1888,0.0400319872,-0.1939354574,1.7077232339,-0.1064484216,0.3696,0.0655121363,0.1825665946,2.3544900032,0.349365537,0.4416,0.0789774651,0.0739626306,3.0899004844,-0.2933389414,0.4416,0.0789774651,0.0739626306,3.0899004844,-0.2933389414
