Instance,INF_avg,INF_sd,INF_r1,INF_kr,INF_sk,SUP_avg,SUP_sd,SUP_r1,SUP_kr,SUP_sk,INC_avg,INC_sd,INC_r1,INC_kr,INC_sk,IND_avg,IND_sd,IND_r1,IND_kr,IND_sk
239,0.2352,0.0667604673,-0.2824337287,3.5246421161,1.0936387234,0.2496,0.0706812564,0.2151390599,2.9533005711,0.2642646144,0.5152,0.0806533322,0.0976301558,2.8811901579,0.4129674617,0.5152,0.0806533322,0.0976301558,2.8811901579,0.4129674617
