Instance,INF_avg,INF_sd,INF_r1,INF_kr,INF_sk,SUP_avg,SUP_sd,SUP_r1,SUP_kr,SUP_sk,INC_avg,INC_sd,INC_r1,INC_kr,INC_sk,IND_avg,IND_sd,IND_r1,IND_kr,IND_sk
26,0.2495,0.0423939854,0.0377147888,1.5149676807,0.0854216922,0.25,0.0288963666,0.0424242424,2.5190935494,0.0062167234,0.5005,0.0282356158,0.235353272,1.8772724443,0.1340020794,0.5005,0.0282356158,0.235353272,1.8772724443,0.1340020794
