Instance,INF_avg,INF_sd,INF_r1,INF_kr,INF_sk,SUP_avg,SUP_sd,SUP_r1,SUP_kr,SUP_sk,INC_avg,INC_sd,INC_r1,INC_kr,INC_sk,IND_avg,IND_sd,IND_r1,IND_kr,IND_sk
136,0.226,0.1078146558,0.0124955176,3.2791331886,0.7985333611,0.328,0.1068456831,0.068146401,3.18100636,0.458375777,0.446,0.1094714575,-0.124766374,2.5603733327,0.4221888022,0.446,0.1094714575,-0.124766374,2.5603733327,0.4221888022
