Instance,INF_avg,INF_sd,INF_r1,INF_kr,INF_sk,SUP_avg,SUP_sd,SUP_r1,SUP_kr,SUP_sk,INC_avg,INC_sd,INC_r1,INC_kr,INC_sk,IND_avg,IND_sd,IND_r1,IND_kr,IND_sk
274,0.4535294118,0.1396399225,0.6652018381,2.3749614186,0.0282438031,0.1082352941,0.0801641914,0.3620932007,6.0075175407,1.4784083787,0.4382352941,0.0993351602,0.1993401939,2.611892922,0.0799466856,0.4382352941,0.0993351602,0.1993401939,2.611892922,0.0799466856
