Instance,INF_avg,INF_sd,INF_r1,INF_kr,INF_sk,SUP_avg,SUP_sd,SUP_r1,SUP_kr,SUP_sk,INC_avg,INC_sd,INC_r1,INC_kr,INC_sk,IND_avg,IND_sd,IND_r1,IND_kr,IND_sk
65,0.2645,0.0938869,-0.1587060677,3.9334380942,0.8546020768,0.2335,0.1070175219,-0.0155192756,3.1624587445,0.3897158472,0.502,0.1128981842,0.0979300414,3.1357831708,-0.2060347097,0.502,0.1128981842,0.0979300414,3.1357831708,-0.2060347097
