Instance,INF_avg,INF_sd,INF_r1,INF_kr,INF_sk,SUP_avg,SUP_sd,SUP_r1,SUP_kr,SUP_sk,INC_avg,INC_sd,INC_r1,INC_kr,INC_sk,IND_avg,IND_sd,IND_r1,IND_kr,IND_sk
43,0.23515,0.0501321005,0.6205031674,3.0359282237,0.4414342807,0.29715,0.0515764239,0.470922493,2.3089117624,0.0548906468,0.4677,0.0448520903,0.2363015635,2.9724926183,-0.1947761405,0.4677,0.0448520903,0.2363015635,2.9724926183,-0.1947761405
