Instance,INF_avg,INF_sd,INF_r1,INF_kr,INF_sk,SUP_avg,SUP_sd,SUP_r1,SUP_kr,SUP_sk,INC_avg,INC_sd,INC_r1,INC_kr,INC_sk,IND_avg,IND_sd,IND_r1,IND_kr,IND_sk
43,0.2202,0.0523637279,0.1916558959,2.1466717535,0.1194797738,0.2896,0.0603807916,0.2361287233,2.7604760705,0.3246819857,0.4902,0.0621285764,0.2104285648,2.6088649365,0.2378679264,0.4902,0.0621285764,0.2104285648,2.6088649365,0.2378679264
