Instance,INF_avg,INF_sd,INF_r1,INF_kr,INF_sk,SUP_avg,SUP_sd,SUP_r1,SUP_kr,SUP_sk,INC_avg,INC_sd,INC_r1,INC_kr,INC_sk,IND_avg,IND_sd,IND_r1,IND_kr,IND_sk
271,0.296,0.1754536976,0.2725114838,4.4768165335,1.1274364264,0.232,0.1462053351,-0.1136782338,2.7706443401,0.6639829133,0.472,0.1562561999,0.2677325061,3.6416495897,0.1554056292,0.472,0.1562561999,0.2677325061,3.6416495897,0.1554056292
