Instance,INF_avg,INF_sd,INF_r1,INF_kr,INF_sk,SUP_avg,SUP_sd,SUP_r1,SUP_kr,SUP_sk,INC_avg,INC_sd,INC_r1,INC_kr,INC_sk,IND_avg,IND_sd,IND_r1,IND_kr,IND_sk
210,0.3032,0.0348677501,-0.0652513674,2.5616288651,-0.1885800928,0.2488,0.0293011945,-0.1336607507,2.9728626296,-0.2741782261,0.448,0.0350998575,-0.2742386778,1.925082223,0.2761138967,0.448,0.0350998575,-0.2742386778,1.925082223,0.2761138967
