Instance,INF_avg,INF_sd,INF_r1,INF_kr,INF_sk,SUP_avg,SUP_sd,SUP_r1,SUP_kr,SUP_sk,INC_avg,INC_sd,INC_r1,INC_kr,INC_sk,IND_avg,IND_sd,IND_r1,IND_kr,IND_sk
115,0.234,0.0300665928,0.139336997,2.6012608662,0.4432638489,0.2844,0.0423395796,-0.0521924539,3.7733617539,-0.7687525834,0.4816,0.043788583,0.1708100611,4.0955581797,1.2671472408,0.4816,0.043788583,0.1708100611,4.0955581797,1.2671472408
