Instance,INF_avg,INF_sd,INF_r1,INF_kr,INF_sk,SUP_avg,SUP_sd,SUP_r1,SUP_kr,SUP_sk,INC_avg,INC_sd,INC_r1,INC_kr,INC_sk,IND_avg,IND_sd,IND_r1,IND_kr,IND_sk
92,0.2481,0.0481392771,-0.056024079,2.9562334265,0.1759270836,0.2403,0.0398862132,0.2075129007,3.0690334264,0.2171313922,0.5116,0.0502139423,-0.1387475015,4.0454000842,0.4373458737,0.5116,0.0502139423,-0.1387475015,4.0454000842,0.4373458737
