Instance,INF_avg,INF_sd,INF_r1,INF_kr,INF_sk,SUP_avg,SUP_sd,SUP_r1,SUP_kr,SUP_sk,INC_avg,INC_sd,INC_r1,INC_kr,INC_sk,IND_avg,IND_sd,IND_r1,IND_kr,IND_sk
224,0.2067,0.0290535712,0.1056090655,2.6828038288,-0.2605515893,0.2929,0.0306527323,0.0725508423,3.0254146409,0.3061066547,0.5004,0.0372939673,0.0236513882,2.8969661217,-0.1799032681,0.5004,0.0372939673,0.0236513882,2.8969661217,-0.1799032681
