Instance,INF_avg,INF_sd,INF_r1,INF_kr,INF_sk,SUP_avg,SUP_sd,SUP_r1,SUP_kr,SUP_sk,INC_avg,INC_sd,INC_r1,INC_kr,INC_sk,IND_avg,IND_sd,IND_r1,IND_kr,IND_sk
69,0.2945,0.0154029218,0.0623193433,3.2772526346,0.8738916483,0.215,0.0228035085,0.15625,3.0297707101,0.5755693252,0.4905,0.022961925,0.3030804091,2.5452247936,0.6233338241,0.4905,0.022961925,0.3030804091,2.5452247936,0.6233338241
