Instance,INF_avg,INF_sd,INF_r1,INF_kr,INF_sk,SUP_avg,SUP_sd,SUP_r1,SUP_kr,SUP_sk,INC_avg,INC_sd,INC_r1,INC_kr,INC_sk,IND_avg,IND_sd,IND_r1,IND_kr,IND_sk
199,0.2648,0.0338667979,0.2983539354,3.8015391339,-0.885257381,0.2342,0.0285895086,-0.1939985373,3.1834664486,0.3154827547,0.501,0.0376563408,0.1926180599,2.4449830011,0.1314688203,0.501,0.0376563408,0.1926180599,2.4449830011,0.1314688203
