Instance,INF_avg,INF_sd,INF_r1,INF_kr,INF_sk,SUP_avg,SUP_sd,SUP_r1,SUP_kr,SUP_sk,INC_avg,INC_sd,INC_r1,INC_kr,INC_sk,IND_avg,IND_sd,IND_r1,IND_kr,IND_sk
64,0.16,0.1019803903,-0.3636363636,1.9556213018,-0.2715454179,0.18,0.1166190379,-0.2337662338,2.6660899654,1.1500493357,0.66,0.08,-0.7741935484,2.078125,0.84375,0.66,0.08,-0.7741935484,2.078125,0.84375
