Instance,INF_avg,INF_sd,INF_r1,INF_kr,INF_sk,SUP_avg,SUP_sd,SUP_r1,SUP_kr,SUP_sk,INC_avg,INC_sd,INC_r1,INC_kr,INC_sk,IND_avg,IND_sd,IND_r1,IND_kr,IND_sk
299,0.3653623188,0.107663993,0.5148467359,2.2727235004,0.2415331986,0.1343478261,0.0724714489,0.6089342051,2.9972410675,0.5529163553,0.5002898551,0.0776833225,0.011561242,2.9527071299,0.1671232448,0.5002898551,0.0776833225,0.011561242,2.9527071299,0.1671232448
