Instance,INF_avg,INF_sd,INF_r1,INF_kr,INF_sk,SUP_avg,SUP_sd,SUP_r1,SUP_kr,SUP_sk,INC_avg,INC_sd,INC_r1,INC_kr,INC_sk,IND_avg,IND_sd,IND_r1,IND_kr,IND_sk
138,0.2454,0.0414106267,-0.0177574075,2.2698790384,0.0501619156,0.2499,0.040853274,0.13484797,2.6901460555,0.0687949994,0.5047,0.0486508993,0.1298210693,2.5017915592,0.2984981281,0.5047,0.0486508993,0.1298210693,2.5017915592,0.2984981281
