Instance,INF_avg,INF_sd,INF_r1,INF_kr,INF_sk,SUP_avg,SUP_sd,SUP_r1,SUP_kr,SUP_sk,INC_avg,INC_sd,INC_r1,INC_kr,INC_sk,IND_avg,IND_sd,IND_r1,IND_kr,IND_sk
154,0.296,0.1094714575,-0.1464963535,2.383234611,-0.2181010009,0.258,0.0868101377,0.1603295311,1.8979336552,0.3494704701,0.446,0.0968710483,-0.1200770806,4.7886013741,1.0369996477,0.446,0.0968710483,-0.1200770806,4.7886013741,1.0369996477
