Instance,INF_avg,INF_sd,INF_r1,INF_kr,INF_sk,SUP_avg,SUP_sd,SUP_r1,SUP_kr,SUP_sk,INC_avg,INC_sd,INC_r1,INC_kr,INC_sk,IND_avg,IND_sd,IND_r1,IND_kr,IND_sk
172,0.272,0.0365513338,0.0567765568,2.3080963821,0.1592379452,0.199,0.0273678644,-0.2966996147,3.0928590145,0.6901958197,0.529,0.0413400532,0.0934826759,2.7374632834,-0.8545204673,0.529,0.0413400532,0.0934826759,2.7374632834,-0.8545204673
