Instance,INF_avg,INF_sd,INF_r1,INF_kr,INF_sk,SUP_avg,SUP_sd,SUP_r1,SUP_kr,SUP_sk,INC_avg,INC_sd,INC_r1,INC_kr,INC_sk,IND_avg,IND_sd,IND_r1,IND_kr,IND_sk
2,0.25,0.162788206,0.4666666667,2.5720897116,0.834514121,0.18,0.1166190379,-0.5339233038,2.1470588235,0.3934379306,0.57,0.19,0.0197167453,1.549535378,-0.0909753608,0.57,0.19,0.0197167453,1.549535378,-0.0909753608
