Instance,INF_avg,INF_sd,INF_r1,INF_kr,INF_sk,SUP_avg,SUP_sd,SUP_r1,SUP_kr,SUP_sk,INC_avg,INC_sd,INC_r1,INC_kr,INC_sk,IND_avg,IND_sd,IND_r1,IND_kr,IND_sk
202,0.264,0.122898332,-0.0629703644,2.6444807527,-0.0657840154,0.296,0.1455472432,-0.001672186,3.6543980066,0.7700492802,0.44,0.129614814,0.2052980132,1.9761904762,0.1102166785,0.44,0.129614814,0.2052980132,1.9761904762,0.1102166785
