Instance,INF_avg,INF_sd,INF_r1,INF_kr,INF_sk,SUP_avg,SUP_sd,SUP_r1,SUP_kr,SUP_sk,INC_avg,INC_sd,INC_r1,INC_kr,INC_sk,IND_avg,IND_sd,IND_r1,IND_kr,IND_sk
157,0.24,0.08,0.0540540541,1.8950195313,-0.111328125,0.29,0.07,0.2433537832,3.3515201999,0.7959183673,0.47,0.1029563014,0.1245791246,5.0589177643,-1.5064093941,0.47,0.1029563014,0.1245791246,5.0589177643,-1.5064093941
