Instance,INF_avg,INF_sd,INF_r1,INF_kr,INF_sk,SUP_avg,SUP_sd,SUP_r1,SUP_kr,SUP_sk,INC_avg,INC_sd,INC_r1,INC_kr,INC_sk,IND_avg,IND_sd,IND_r1,IND_kr,IND_sk
149,0.3628378378,0.0842217195,0.7199311892,2.4647311907,0.1146736817,0.1282432432,0.06899585,0.792730328,2.5893587889,0.4659056746,0.5089189189,0.0500018261,0.0330601085,2.6906587485,-0.0245230074,0.5089189189,0.0500018261,0.0330601085,2.6906587485,-0.0245230074
