Instance,INF_avg,INF_sd,INF_r1,INF_kr,INF_sk,SUP_avg,SUP_sd,SUP_r1,SUP_kr,SUP_sk,INC_avg,INC_sd,INC_r1,INC_kr,INC_sk,IND_avg,IND_sd,IND_r1,IND_kr,IND_sk
147,0.295,0.0934077085,-0.1279311368,1.7594026322,0.0533753952,0.27,0.0678232998,-0.0635964912,2.0094517958,0.4519416482,0.435,0.0776208735,0.1401948327,2.580138083,0.6671431284,0.435,0.0776208735,0.1401948327,2.580138083,0.6671431284
