Instance,INF_avg,INF_sd,INF_r1,INF_kr,INF_sk,SUP_avg,SUP_sd,SUP_r1,SUP_kr,SUP_sk,INC_avg,INC_sd,INC_r1,INC_kr,INC_sk,IND_avg,IND_sd,IND_r1,IND_kr,IND_sk
86,0.228,0.0271293199,-0.686746988,1.2296786389,0.2115471545,0.252,0.056,-0.2885326757,2.9376301541,1.2332361516,0.52,0.0715541753,-0.4920634921,3.0517578125,-1.3364000022,0.52,0.0715541753,-0.4920634921,3.0517578125,-1.3364000022
