Instance,INF_avg,INF_sd,INF_r1,INF_kr,INF_sk,SUP_avg,SUP_sd,SUP_r1,SUP_kr,SUP_sk,INC_avg,INC_sd,INC_r1,INC_kr,INC_sk,IND_avg,IND_sd,IND_r1,IND_kr,IND_sk
49,0.2618,0.0445955155,0.1050113641,3.6320346001,-0.1678337284,0.2217,0.0526318345,0.2295854199,2.9158062579,-0.0887711362,0.5165,0.0580064652,0.3623108574,3.1510016515,0.3119356834,0.5165,0.0580064652,0.3623108574,3.1510016515,0.3119356834
