Instance,INF_avg,INF_sd,INF_r1,INF_kr,INF_sk,SUP_avg,SUP_sd,SUP_r1,SUP_kr,SUP_sk,INC_avg,INC_sd,INC_r1,INC_kr,INC_sk,IND_avg,IND_sd,IND_r1,IND_kr,IND_sk
32,0.262,0.0924986486,0.1918972724,2.7405808248,0.3478008432,0.294,0.1056598315,0.2236759448,2.4686128996,0.3740022903,0.444,0.1138595626,0.0423354965,2.4873910435,-0.0043575011,0.444,0.1138595626,0.0423354965,2.4873910435,-0.0043575011
