Instance,INF_avg,INF_sd,INF_r1,INF_kr,INF_sk,SUP_avg,SUP_sd,SUP_r1,SUP_kr,SUP_sk,INC_avg,INC_sd,INC_r1,INC_kr,INC_sk,IND_avg,IND_sd,IND_r1,IND_kr,IND_sk
140,0.2668,0.0457138929,-0.0483038947,2.9675488888,0.3451700668,0.2442,0.0472055082,0.1239031781,2.7932511361,0.320451549,0.489,0.0479270279,-0.0223859154,3.2953328801,-0.2315230663,0.489,0.0479270279,-0.0223859154,3.2953328801,-0.2315230663
