Instance,INF_avg,INF_sd,INF_r1,INF_kr,INF_sk,SUP_avg,SUP_sd,SUP_r1,SUP_kr,SUP_sk,INC_avg,INC_sd,INC_r1,INC_kr,INC_sk,IND_avg,IND_sd,IND_r1,IND_kr,IND_sk
267,0.233,0.0405092582,-0.2282116494,2.695350073,-0.3985817811,0.221,0.0380657326,-0.0451800958,3.7102749522,-1.0234013391,0.546,0.0512249939,-0.2376779847,2.4140253198,0.6647502845,0.546,0.0512249939,-0.2376779847,2.4140253198,0.6647502845
