Instance,INF_avg,INF_sd,INF_r1,INF_kr,INF_sk,SUP_avg,SUP_sd,SUP_r1,SUP_kr,SUP_sk,INC_avg,INC_sd,INC_r1,INC_kr,INC_sk,IND_avg,IND_sd,IND_r1,IND_kr,IND_sk
143,0.282,0.1018626526,0.192481899,2.6958216845,-0.5287631611,0.184,0.0997196069,-0.1877828054,3.0436999085,0.9897099134,0.534,0.1046135746,0.1735688363,2.7068841695,-0.1490028359,0.534,0.1046135746,0.1735688363,2.7068841695,-0.1490028359
