Instance,INF_avg,INF_sd,INF_r1,INF_kr,INF_sk,SUP_avg,SUP_sd,SUP_r1,SUP_kr,SUP_sk,INC_avg,INC_sd,INC_r1,INC_kr,INC_sk,IND_avg,IND_sd,IND_r1,IND_kr,IND_sk
118,0.36,0.1356465997,-0.5662650602,2.3638941399,0.7500308204,0.24,0.1356465997,-0.6515837104,2.3638941399,-0.7500308204,0.4,0.0632455532,-0.0,2.5,0.0,0.4,0.0632455532,-0.0,2.5,0.0
