Instance,INF_avg,INF_sd,INF_r1,INF_kr,INF_sk,SUP_avg,SUP_sd,SUP_r1,SUP_kr,SUP_sk,INC_avg,INC_sd,INC_r1,INC_kr,INC_sk,IND_avg,IND_sd,IND_r1,IND_kr,IND_sk
71,0.264,0.0398622629,-0.3735591474,2.9512555046,-0.3513830272,0.231,0.028618176,0.0785723138,2.632483105,0.9553599538,0.505,0.0329393382,-0.6105527638,1.650810168,0.29169666,0.505,0.0329393382,-0.6105527638,1.650810168,0.29169666
