Instance,INF_avg,INF_sd,INF_r1,INF_kr,INF_sk,SUP_avg,SUP_sd,SUP_r1,SUP_kr,SUP_sk,INC_avg,INC_sd,INC_r1,INC_kr,INC_sk,IND_avg,IND_sd,IND_r1,IND_kr,IND_sk
222,0.2184,0.0543915435,0.6465369867,2.8507371358,0.0747890127,0.2637,0.0537941447,0.5962444605,2.6100824583,-0.0592724481,0.5179,0.0381652984,0.09908845,2.7522718301,-0.0587183308,0.5179,0.0381652984,0.09908845,2.7522718301,-0.0587183308
