Instance,INF_avg,INF_sd,INF_r1,INF_kr,INF_sk,SUP_avg,SUP_sd,SUP_r1,SUP_kr,SUP_sk,INC_avg,INC_sd,INC_r1,INC_kr,INC_sk,IND_avg,IND_sd,IND_r1,IND_kr,IND_sk
232,0.2706,0.0659972727,0.224468672,3.2291029321,0.1950169124,0.276,0.0689927532,0.0761417905,2.6950695572,-0.2019941776,0.4534,0.0750495836,0.0451006581,2.8089546887,-0.0278917662,0.4534,0.0750495836,0.0451006581,2.8089546887,-0.0278917662
