Instance,INF_avg,INF_sd,INF_r1,INF_kr,INF_sk,SUP_avg,SUP_sd,SUP_r1,SUP_kr,SUP_sk,INC_avg,INC_sd,INC_r1,INC_kr,INC_sk,IND_avg,IND_sd,IND_r1,IND_kr,IND_sk
147,0.276,0.0906862724,-0.2670685505,3.4961240897,0.1286558028,0.24,0.0969535971,-0.0695986336,4.1785875962,0.4147630118,0.484,0.0987117014,0.07629437,2.470083396,-0.2996235933,0.484,0.0987117014,0.07629437,2.470083396,-0.2996235933
