Instance,INF_avg,INF_sd,INF_r1,INF_kr,INF_sk,SUP_avg,SUP_sd,SUP_r1,SUP_kr,SUP_sk,INC_avg,INC_sd,INC_r1,INC_kr,INC_sk,IND_avg,IND_sd,IND_r1,IND_kr,IND_sk
197,0.272,0.0170587221,-0.0069317767,2.7019874588,-0.9173890304,0.2205,0.0302034766,0.0674825476,3.1501512444,-0.4466281608,0.5075,0.0324229857,-0.25762104,2.4968647539,0.3707679241,0.5075,0.0324229857,-0.25762104,2.4968647539,0.3707679241
