Instance,INF_avg,INF_sd,INF_r1,INF_kr,INF_sk,SUP_avg,SUP_sd,SUP_r1,SUP_kr,SUP_sk,INC_avg,INC_sd,INC_r1,INC_kr,INC_sk,IND_avg,IND_sd,IND_r1,IND_kr,IND_sk
51,0.3576923077,0.1222326814,0.102457274,1.7597000294,-0.0521522912,0.1346153846,0.0631987566,-0.0070021882,2.8837037037,-0.3218715276,0.5076923077,0.1190445195,-0.2195983936,3.5337690299,0.8089948865,0.5076923077,0.1190445195,-0.2195983936,3.5337690299,0.8089948865
