Instance,INF_avg,INF_sd,INF_r1,INF_kr,INF_sk,SUP_avg,SUP_sd,SUP_r1,SUP_kr,SUP_sk,INC_avg,INC_sd,INC_r1,INC_kr,INC_sk,IND_avg,IND_sd,IND_r1,IND_kr,IND_sk
47,0.3615384615,0.117920844,-0.3076725686,2.056994115,-0.5935491499,0.1576923077,0.0873678207,0.1853988462,1.6842888048,-0.3224907389,0.4807692308,0.1047679882,-0.1937352499,2.5725147303,0.2642015731,0.4807692308,0.1047679882,-0.1937352499,2.5725147303,0.2642015731
