Instance,INF_avg,INF_sd,INF_r1,INF_kr,INF_sk,SUP_avg,SUP_sd,SUP_r1,SUP_kr,SUP_sk,INC_avg,INC_sd,INC_r1,INC_kr,INC_sk,IND_avg,IND_sd,IND_r1,IND_kr,IND_sk
48,0.3836,0.0709861958,0.4013700426,2.2575393405,-0.202929341,0.3124,0.0527090125,-0.1491874456,3.5681233739,0.6155688508,0.304,0.0656048779,0.2639631888,2.0143551084,-0.0244790937,0.304,0.0656048779,0.2639631888,2.0143551084,-0.0244790937
