Instance,INF_avg,INF_sd,INF_r1,INF_kr,INF_sk,SUP_avg,SUP_sd,SUP_r1,SUP_kr,SUP_sk,INC_avg,INC_sd,INC_r1,INC_kr,INC_sk,IND_avg,IND_sd,IND_r1,IND_kr,IND_sk
115,0.27,0.1187434209,0.1697281411,2.2135204467,0.3709052078,0.285,0.105,-0.2133605999,4.4336310488,1.306122449,0.445,0.1312440475,0.379524302,3.2573595859,-0.7537559347,0.445,0.1312440475,0.379524302,3.2573595859,-0.7537559347
