Instance,INF_avg,INF_sd,INF_r1,INF_kr,INF_sk,SUP_avg,SUP_sd,SUP_r1,SUP_kr,SUP_sk,INC_avg,INC_sd,INC_r1,INC_kr,INC_sk,IND_avg,IND_sd,IND_r1,IND_kr,IND_sk
255,0.4306976744,0.1298370239,0.9408941166,1.8833553089,0.0005662859,0.1027906977,0.0799731229,0.8353004924,2.1576712322,0.6317053959,0.4665116279,0.06146974,0.8325916877,2.2298562899,-0.5115780905,0.4665116279,0.06146974,0.8325916877,2.2298562899,-0.5115780905
