Instance,INF_avg,INF_sd,INF_r1,INF_kr,INF_sk,SUP_avg,SUP_sd,SUP_r1,SUP_kr,SUP_sk,INC_avg,INC_sd,INC_r1,INC_kr,INC_sk,IND_avg,IND_sd,IND_r1,IND_kr,IND_sk
107,0.29,0.1920937271,-0.0252147409,2.9642628947,1.1579713077,0.25,0.1204159458,0.0204081633,1.4565992866,0.0,0.46,0.1743559577,0.0679094541,2.5228531856,0.1720618004,0.46,0.1743559577,0.0679094541,2.5228531856,0.1720618004
