Instance,INF_avg,INF_sd,INF_r1,INF_kr,INF_sk,SUP_avg,SUP_sd,SUP_r1,SUP_kr,SUP_sk,INC_avg,INC_sd,INC_r1,INC_kr,INC_sk,IND_avg,IND_sd,IND_r1,IND_kr,IND_sk
114,0.2525,0.0855496932,0.0269771732,2.5973472205,-0.1735399004,0.262,0.1017644339,0.0628598234,2.8899694626,0.4416625447,0.4855,0.1096118151,-0.0916928903,3.1979268088,-0.6477498831,0.4855,0.1096118151,-0.0916928903,3.1979268088,-0.6477498831
