Instance,INF_avg,INF_sd,INF_r1,INF_kr,INF_sk,SUP_avg,SUP_sd,SUP_r1,SUP_kr,SUP_sk,INC_avg,INC_sd,INC_r1,INC_kr,INC_sk,IND_avg,IND_sd,IND_r1,IND_kr,IND_sk
298,0.282,0.0435430821,-0.3615123195,1.7755434492,0.2569839542,0.264,0.0326190129,-0.514004542,2.4066086268,0.5061857103,0.454,0.074993333,-0.420283627,2.0946816023,-0.4039050366,0.454,0.074993333,-0.420283627,2.0946816023,-0.4039050366
