Instance,INF_avg,INF_sd,INF_r1,INF_kr,INF_sk,SUP_avg,SUP_sd,SUP_r1,SUP_kr,SUP_sk,INC_avg,INC_sd,INC_r1,INC_kr,INC_sk,IND_avg,IND_sd,IND_r1,IND_kr,IND_sk
53,0.30435,0.0788151477,0.5706262854,2.673235592,0.1911350995,0.2885,0.0833021608,0.7128945777,3.637690577,0.8168649911,0.40715,0.0753666206,0.6759385988,3.1403605246,0.3636180636,0.40715,0.0753666206,0.6759385988,3.1403605246,0.3636180636
