Instance,INF_avg,INF_sd,INF_r1,INF_kr,INF_sk,SUP_avg,SUP_sd,SUP_r1,SUP_kr,SUP_sk,INC_avg,INC_sd,INC_r1,INC_kr,INC_sk,IND_avg,IND_sd,IND_r1,IND_kr,IND_sk
67,0.24,0.1166190379,-0.1260623229,2.5726643599,0.0907933686,0.208,0.1262378707,0.1679943353,1.8764334446,0.207296547,0.552,0.144554488,-0.2505383621,2.1439756197,0.3971435469,0.552,0.144554488,-0.2505383621,2.1439756197,0.3971435469
