Instance,INF_avg,INF_sd,INF_r1,INF_kr,INF_sk,SUP_avg,SUP_sd,SUP_r1,SUP_kr,SUP_sk,INC_avg,INC_sd,INC_r1,INC_kr,INC_sk,IND_avg,IND_sd,IND_r1,IND_kr,IND_sk
216,0.232,0.0595986577,0.0532790676,2.4136839542,-0.1587193374,0.2508,0.0533981273,0.1672325027,3.6109306049,0.718495831,0.5172,0.0677654779,-0.0112864475,2.4639959951,-0.0677525294,0.5172,0.0677654779,-0.0112864475,2.4639959951,-0.0677525294
