Instance,INF_avg,INF_sd,INF_r1,INF_kr,INF_sk,SUP_avg,SUP_sd,SUP_r1,SUP_kr,SUP_sk,INC_avg,INC_sd,INC_r1,INC_kr,INC_sk,IND_avg,IND_sd,IND_r1,IND_kr,IND_sk
28,0.28,0.0831384388,0.0966183575,2.2167566872,-0.3274324443,0.3076,0.0884434282,0.6839316967,3.1792018843,0.7131477425,0.4124,0.0692693294,-0.0284094397,2.710889996,-0.516294203,0.4124,0.0692693294,-0.0284094397,2.710889996,-0.516294203
