Instance,INF_avg,INF_sd,INF_r1,INF_kr,INF_sk,SUP_avg,SUP_sd,SUP_r1,SUP_kr,SUP_sk,INC_avg,INC_sd,INC_r1,INC_kr,INC_sk,IND_avg,IND_sd,IND_r1,IND_kr,IND_sk
260,0.14,0.1019803903,0.0909090909,1.9556213018,0.2715454179,0.2,0.1264911064,-1.0,2.5,0.0,0.66,0.1019803903,-0.5079365079,1.9556213018,-0.2715454179,0.66,0.1019803903,-0.5079365079,1.9556213018,-0.2715454179
