Instance,INF_avg,INF_sd,INF_r1,INF_kr,INF_sk,SUP_avg,SUP_sd,SUP_r1,SUP_kr,SUP_sk,INC_avg,INC_sd,INC_r1,INC_kr,INC_sk,IND_avg,IND_sd,IND_r1,IND_kr,IND_sk
14,0.26,0.0734846923,-0.2100456621,2.2160493827,0.1814436847,0.33,0.0989949494,-0.0787172012,3.2163681799,-0.0247384297,0.41,0.1058300524,-0.0825294748,2.9257015306,-0.1366746532,0.41,0.1058300524,-0.0825294748,2.9257015306,-0.1366746532
