Instance,INF_avg,INF_sd,INF_r1,INF_kr,INF_sk,SUP_avg,SUP_sd,SUP_r1,SUP_kr,SUP_sk,INC_avg,INC_sd,INC_r1,INC_kr,INC_sk,IND_avg,IND_sd,IND_r1,IND_kr,IND_sk
264,0.2385,0.0907895919,0.1083416814,3.0175781302,0.1131089486,0.2675,0.0985837208,0.1533023268,2.8412166954,-0.1715290082,0.494,0.1070700705,0.0004058555,2.7828408139,0.1682901814,0.494,0.1070700705,0.0004058555,2.7828408139,0.1682901814
