Instance,INF_avg,INF_sd,INF_r1,INF_kr,INF_sk,SUP_avg,SUP_sd,SUP_r1,SUP_kr,SUP_sk,INC_avg,INC_sd,INC_r1,INC_kr,INC_sk,IND_avg,IND_sd,IND_r1,IND_kr,IND_sk
87,0.254,0.0217715411,-0.2895736598,2.1600972066,0.3825688729,0.248,0.0213541565,-0.2056737589,2.521410434,-0.7092172823,0.498,0.0261916017,0.2176870748,1.3114476111,-0.157284521,0.498,0.0261916017,0.2176870748,1.3114476111,-0.157284521
