Instance,INF_avg,INF_sd,INF_r1,INF_kr,INF_sk,SUP_avg,SUP_sd,SUP_r1,SUP_kr,SUP_sk,INC_avg,INC_sd,INC_r1,INC_kr,INC_sk,IND_avg,IND_sd,IND_r1,IND_kr,IND_sk
151,0.266,0.1305526714,-0.2346610933,3.1418680785,0.4304412828,0.266,0.1504792344,-0.0784726324,2.3469255284,-0.0091000554,0.468,0.1678570821,-0.1175073307,2.7620292791,-0.021637617,0.468,0.1678570821,-0.1175073307,2.7620292791,-0.021637617
