Instance,INF_avg,INF_sd,INF_r1,INF_kr,INF_sk,SUP_avg,SUP_sd,SUP_r1,SUP_kr,SUP_sk,INC_avg,INC_sd,INC_r1,INC_kr,INC_sk,IND_avg,IND_sd,IND_r1,IND_kr,IND_sk
26,0.287,0.0231516738,-0.8236714976,1.3968589886,-0.2436882574,0.225,0.0089442719,-0.25,1.953125,-0.6288941187,0.488,0.0222710575,-0.3051102204,1.6098627732,-0.1417650721,0.488,0.0222710575,-0.3051102204,1.6098627732,-0.1417650721
