Instance,INF_avg,INF_sd,INF_r1,INF_kr,INF_sk,SUP_avg,SUP_sd,SUP_r1,SUP_kr,SUP_sk,INC_avg,INC_sd,INC_r1,INC_kr,INC_sk,IND_avg,IND_sd,IND_r1,IND_kr,IND_sk
211,0.248,0.1126765282,-0.0193818468,3.2956136997,0.6788927148,0.24,0.0979795897,0.1923774955,1.7994791667,0.0893043135,0.512,0.116,-0.2731371336,2.3943376112,0.438117594,0.512,0.116,-0.2731371336,2.3943376112,0.438117594
