Instance,INF_avg,INF_sd,INF_r1,INF_kr,INF_sk,SUP_avg,SUP_sd,SUP_r1,SUP_kr,SUP_sk,INC_avg,INC_sd,INC_r1,INC_kr,INC_sk,IND_avg,IND_sd,IND_r1,IND_kr,IND_sk
181,0.246,0.0721387552,0.0538482215,1.5348549363,0.2677392133,0.268,0.0430813185,-0.0171017102,2.5662901308,0.9172709377,0.486,0.062,0.3397264581,2.0338866144,0.3431908966,0.486,0.062,0.3397264581,2.0338866144,0.3431908966
