Instance,INF_avg,INF_sd,INF_r1,INF_kr,INF_sk,SUP_avg,SUP_sd,SUP_r1,SUP_kr,SUP_sk,INC_avg,INC_sd,INC_r1,INC_kr,INC_sk,IND_avg,IND_sd,IND_r1,IND_kr,IND_sk
48,0.379,0.1179364236,0.1520253695,3.7469792417,0.5444038844,0.374,0.1249959999,0.1822429907,2.2166779534,0.0083197747,0.247,0.1011978261,-0.0715931705,2.6206453663,-0.1788015359,0.247,0.1011978261,-0.0715931705,2.6206453663,-0.1788015359
