Instance,INF_avg,INF_sd,INF_r1,INF_kr,INF_sk,SUP_avg,SUP_sd,SUP_r1,SUP_kr,SUP_sk,INC_avg,INC_sd,INC_r1,INC_kr,INC_sk,IND_avg,IND_sd,IND_r1,IND_kr,IND_sk
140,0.256,0.057965507,0.0514116749,2.5072108844,0.4603723089,0.2296,0.0610887878,-0.0267542014,2.8768515614,0.0636840105,0.5144,0.0720044443,0.0558059132,3.9692248375,0.2277890913,0.5144,0.0720044443,0.0558059132,3.9692248375,0.2277890913
