Instance,INF_avg,INF_sd,INF_r1,INF_kr,INF_sk,SUP_avg,SUP_sd,SUP_r1,SUP_kr,SUP_sk,INC_avg,INC_sd,INC_r1,INC_kr,INC_sk,IND_avg,IND_sd,IND_r1,IND_kr,IND_sk
63,0.3206451613,0.0977137189,0.4505346576,2.7024767008,0.2692453299,0.1429032258,0.090293198,0.5877031503,5.5383570754,1.2880461672,0.5364516129,0.0733110205,-0.0080334517,2.1855425957,-0.0547740518,0.5364516129,0.0733110205,-0.0080334517,2.1855425957,-0.0547740518
