Instance,INF_avg,INF_sd,INF_r1,INF_kr,INF_sk,SUP_avg,SUP_sd,SUP_r1,SUP_kr,SUP_sk,INC_avg,INC_sd,INC_r1,INC_kr,INC_sk,IND_avg,IND_sd,IND_r1,IND_kr,IND_sk
112,0.272,0.1400571312,-0.0135635323,2.4446681339,0.2000814829,0.202,0.1039038017,-0.0095364842,2.3606230458,0.0670526459,0.526,0.1487413863,0.0193048335,2.5756477985,0.260351241,0.526,0.1487413863,0.0193048335,2.5756477985,0.260351241
