Instance,INF_avg,INF_sd,INF_r1,INF_kr,INF_sk,SUP_avg,SUP_sd,SUP_r1,SUP_kr,SUP_sk,INC_avg,INC_sd,INC_r1,INC_kr,INC_sk,IND_avg,IND_sd,IND_r1,IND_kr,IND_sk
46,0.2846153846,0.1364165219,0.0199258173,2.2396958354,0.4382426582,0.1846153846,0.0840892735,0.2851662404,2.5814586579,-0.479971757,0.5307692308,0.1201576873,-0.0423777252,1.3586989385,-0.0755627488,0.5307692308,0.1201576873,-0.0423777252,1.3586989385,-0.0755627488
