Instance,INF_avg,INF_sd,INF_r1,INF_kr,INF_sk,SUP_avg,SUP_sd,SUP_r1,SUP_kr,SUP_sk,INC_avg,INC_sd,INC_r1,INC_kr,INC_sk,IND_avg,IND_sd,IND_r1,IND_kr,IND_sk
141,0.214,0.0313687743,0.0909090909,1.7813801309,0.0171057167,0.286,0.0549909083,-0.1787324317,1.7592802553,-0.2817204509,0.5,0.0414728827,0.0705882353,2.9542996214,1.2280369541,0.5,0.0414728827,0.0705882353,2.9542996214,1.2280369541
