Instance,INF_avg,INF_sd,INF_r1,INF_kr,INF_sk,SUP_avg,SUP_sd,SUP_r1,SUP_kr,SUP_sk,INC_avg,INC_sd,INC_r1,INC_kr,INC_sk,IND_avg,IND_sd,IND_r1,IND_kr,IND_sk
197,0.225,0.100623059,-0.2484548826,2.7192501143,0.1693154353,0.244,0.0840476056,-0.0578065725,2.3823543746,-0.1644432874,0.531,0.1057780696,-0.1380707588,2.5637974048,0.4665046828,0.531,0.1057780696,-0.1380707588,2.5637974048,0.4665046828
