Instance,INF_avg,INF_sd,INF_r1,INF_kr,INF_sk,SUP_avg,SUP_sd,SUP_r1,SUP_kr,SUP_sk,INC_avg,INC_sd,INC_r1,INC_kr,INC_sk,IND_avg,IND_sd,IND_r1,IND_kr,IND_sk
294,0.252,0.0357211422,-0.5080160321,3.3054608347,-0.8350998643,0.24,0.0240831892,0.2105263158,2.9191438763,-0.5584092611,0.508,0.045563143,-0.1679436736,2.7129651286,-0.0923573794,0.508,0.045563143,-0.1679436736,2.7129651286,-0.0923573794
