Instance,INF_avg,INF_sd,INF_r1,INF_kr,INF_sk,SUP_avg,SUP_sd,SUP_r1,SUP_kr,SUP_sk,INC_avg,INC_sd,INC_r1,INC_kr,INC_sk,IND_avg,IND_sd,IND_r1,IND_kr,IND_sk
181,0.21,0.023130067,0.0536585366,2.981483099,-0.0,0.3065,0.0342819194,0.3492718529,2.1833667347,-0.3686910951,0.4835,0.0325614803,-0.0691487689,2.249353653,0.369663285,0.4835,0.0325614803,-0.0691487689,2.249353653,0.369663285
