Instance,INF_avg,INF_sd,INF_r1,INF_kr,INF_sk,SUP_avg,SUP_sd,SUP_r1,SUP_kr,SUP_sk,INC_avg,INC_sd,INC_r1,INC_kr,INC_sk,IND_avg,IND_sd,IND_r1,IND_kr,IND_sk
117,0.2872,0.0373652245,-0.1622379091,2.2281345976,0.068043771,0.2312,0.0583314666,0.4113347541,2.0424550084,-0.1639034057,0.4816,0.0559771382,0.1142096309,2.0418535502,0.1354347551,0.4816,0.0559771382,0.1142096309,2.0418535502,0.1354347551
