Instance,INF_avg,INF_sd,INF_r1,INF_kr,INF_sk,SUP_avg,SUP_sd,SUP_r1,SUP_kr,SUP_sk,INC_avg,INC_sd,INC_r1,INC_kr,INC_sk,IND_avg,IND_sd,IND_r1,IND_kr,IND_sk
18,0.27935,0.0364462275,0.0606083736,3.4492619403,0.3399277938,0.21915,0.0356795109,0.266136165,2.4540871009,-0.0117107894,0.5015,0.0407154762,0.2367850113,2.725153474,-0.0606813012,0.5015,0.0407154762,0.2367850113,2.725153474,-0.0606813012
