Instance,INF_avg,INF_sd,INF_r1,INF_kr,INF_sk,SUP_avg,SUP_sd,SUP_r1,SUP_kr,SUP_sk,INC_avg,INC_sd,INC_r1,INC_kr,INC_sk,IND_avg,IND_sd,IND_r1,IND_kr,IND_sk
205,0.2602,0.0474337433,0.3536579791,2.9412451189,0.4232413086,0.2904,0.0536455031,-0.0383304319,3.1154704022,0.1053646425,0.4494,0.0511628772,-0.0063600943,3.6282592489,-0.5001869324,0.4494,0.0511628772,-0.0063600943,3.6282592489,-0.5001869324
