Instance,INF_avg,INF_sd,INF_r1,INF_kr,INF_sk,SUP_avg,SUP_sd,SUP_r1,SUP_kr,SUP_sk,INC_avg,INC_sd,INC_r1,INC_kr,INC_sk,IND_avg,IND_sd,IND_r1,IND_kr,IND_sk
267,0.257,0.1118078709,0.1045366604,2.4979522924,0.200067225,0.264,0.08428523,-0.2948074149,3.7612745769,0.582682001,0.479,0.1149304137,-0.0178084655,2.1999917399,0.1244490016,0.479,0.1149304137,-0.0178084655,2.1999917399,0.1244490016
