Instance,INF_avg,INF_sd,INF_r1,INF_kr,INF_sk,SUP_avg,SUP_sd,SUP_r1,SUP_kr,SUP_sk,INC_avg,INC_sd,INC_r1,INC_kr,INC_sk,IND_avg,IND_sd,IND_r1,IND_kr,IND_sk
276,0.21,0.0374165739,0.5588235294,1.8469387755,-0.3436215967,0.22,0.0678232998,-0.3800904977,2.3638941399,-0.7500308204,0.57,0.0678232998,-0.3122171946,2.3638941399,-0.7500308204,0.57,0.0678232998,-0.3122171946,2.3638941399,-0.7500308204
