Instance,INF_avg,INF_sd,INF_r1,INF_kr,INF_sk,SUP_avg,SUP_sd,SUP_r1,SUP_kr,SUP_sk,INC_avg,INC_sd,INC_r1,INC_kr,INC_sk,IND_avg,IND_sd,IND_r1,IND_kr,IND_sk
18,0.3788461538,0.1264706388,0.3570849853,2.8911043069,0.2379053305,0.1788461538,0.0810663035,0.072244561,2.2151517752,-0.1108552329,0.4423076923,0.1071414483,0.1278061224,2.2778822138,0.0359441681,0.4423076923,0.1071414483,0.1278061224,2.2778822138,0.0359441681
