Instance,INF_avg,INF_sd,INF_r1,INF_kr,INF_sk,SUP_avg,SUP_sd,SUP_r1,SUP_kr,SUP_sk,INC_avg,INC_sd,INC_r1,INC_kr,INC_sk,IND_avg,IND_sd,IND_r1,IND_kr,IND_sk
240,0.284,0.048,-0.40472879,2.3096064815,-0.6701388889,0.284,0.0685857128,-0.0008237232,1.9580036096,0.6629571364,0.432,0.0652380257,-0.4889529299,2.0504550851,-0.7136388703,0.432,0.0652380257,-0.4889529299,2.0504550851,-0.7136388703
