Instance,INF_avg,INF_sd,INF_r1,INF_kr,INF_sk,SUP_avg,SUP_sd,SUP_r1,SUP_kr,SUP_sk,INC_avg,INC_sd,INC_r1,INC_kr,INC_sk,IND_avg,IND_sd,IND_r1,IND_kr,IND_sk
102,0.292,0.061449166,0.7619047619,1.4904481471,-0.4071161708,0.208,0.0299332591,0.7297297297,2.1339285714,0.7301958931,0.5,0.0379473319,0.5,1.7592592593,-0.3513641845,0.5,0.0379473319,0.5,1.7592592593,-0.3513641845
