Instance,INF_avg,INF_sd,INF_r1,INF_kr,INF_sk,SUP_avg,SUP_sd,SUP_r1,SUP_kr,SUP_sk,INC_avg,INC_sd,INC_r1,INC_kr,INC_sk,IND_avg,IND_sd,IND_r1,IND_kr,IND_sk
176,0.283,0.1720784705,0.0414699559,2.8972208458,0.4523819421,0.335,0.1716828471,0.0814653745,2.6192529573,0.148655669,0.382,0.1681546907,0.1652742781,2.2909440383,0.2592645387,0.382,0.1681546907,0.1652742781,2.2909440383,0.2592645387
