Instance,INF_avg,INF_sd,INF_r1,INF_kr,INF_sk,SUP_avg,SUP_sd,SUP_r1,SUP_kr,SUP_sk,INC_avg,INC_sd,INC_r1,INC_kr,INC_sk,IND_avg,IND_sd,IND_r1,IND_kr,IND_sk
3,0.261,0.0228910463,0.8093871695,1.6502607657,-0.4979612911,0.212,0.0382883794,0.610774318,2.1314795203,0.6884994443,0.527,0.0231516738,0.2958011674,1.4313182223,0.1552062115,0.527,0.0231516738,0.2958011674,1.4313182223,0.1552062115
