Instance,INF_avg,INF_sd,INF_r1,INF_kr,INF_sk,SUP_avg,SUP_sd,SUP_r1,SUP_kr,SUP_sk,INC_avg,INC_sd,INC_r1,INC_kr,INC_sk,IND_avg,IND_sd,IND_r1,IND_kr,IND_sk
10,0.312,0.1210619676,-0.18892272,2.7415714803,0.3103538886,0.36,0.1574801575,-0.1137281292,2.4261186264,-0.4916133948,0.328,0.128124939,-0.07417679,2.2758398596,0.0376094887,0.328,0.128124939,-0.07417679,2.2758398596,0.0376094887
