Instance,INF_avg,INF_sd,INF_r1,INF_kr,INF_sk,SUP_avg,SUP_sd,SUP_r1,SUP_kr,SUP_sk,INC_avg,INC_sd,INC_r1,INC_kr,INC_sk,IND_avg,IND_sd,IND_r1,IND_kr,IND_sk
249,0.3357142857,0.1585971665,0.4232517226,2.9328448173,0.4768701344,0.2142857143,0.1245399698,0.6746126341,1.9203601108,0.1720618004,0.45,0.1451600102,-0.1376146789,1.8319448434,0.070057115,0.45,0.1451600102,-0.1376146789,1.8319448434,0.070057115
