Instance,INF_avg,INF_sd,INF_r1,INF_kr,INF_sk,SUP_avg,SUP_sd,SUP_r1,SUP_kr,SUP_sk,INC_avg,INC_sd,INC_r1,INC_kr,INC_sk,IND_avg,IND_sd,IND_r1,IND_kr,IND_sk
37,0.2328,0.0563929074,-0.0420701007,3.3567797138,0.2619889891,0.236,0.0672309453,0.1984095992,3.2602772339,0.5541064045,0.5312,0.0691271293,0.074617329,2.712554291,-0.0960394852,0.5312,0.0691271293,0.074617329,2.712554291,-0.0960394852
