Instance,INF_avg,INF_sd,INF_r1,INF_kr,INF_sk,SUP_avg,SUP_sd,SUP_r1,SUP_kr,SUP_sk,INC_avg,INC_sd,INC_r1,INC_kr,INC_sk,IND_avg,IND_sd,IND_r1,IND_kr,IND_sk
6,0.294,0.1066020638,0.0752082959,2.5035408877,0.1380753099,0.244,0.0825469563,-0.0795206586,3.0439133713,-0.3015814248,0.462,0.1022545842,0.0509293923,3.3157691004,0.130339878,0.462,0.1022545842,0.0509293923,3.3157691004,0.130339878
