Instance,INF_avg,INF_sd,INF_r1,INF_kr,INF_sk,SUP_avg,SUP_sd,SUP_r1,SUP_kr,SUP_sk,INC_avg,INC_sd,INC_r1,INC_kr,INC_sk,IND_avg,IND_sd,IND_r1,IND_kr,IND_sk
190,0.1,0.0632455532,0.0,2.5,0.0,0.16,0.0489897949,0.0384615385,1.1666666667,-0.4082482905,0.74,0.08,-0.338028169,2.078125,-0.84375,0.74,0.08,-0.338028169,2.078125,-0.84375
