Instance,INF_avg,INF_sd,INF_r1,INF_kr,INF_sk,SUP_avg,SUP_sd,SUP_r1,SUP_kr,SUP_sk,INC_avg,INC_sd,INC_r1,INC_kr,INC_sk,IND_avg,IND_sd,IND_r1,IND_kr,IND_sk
2,0.2645,0.0407093355,0.2551430062,2.1621507649,-0.1234185515,0.246,0.0340440891,0.694684434,2.2739895822,0.6442947024,0.4895,0.0253426518,-0.0708279557,2.5045781203,0.7910880034,0.4895,0.0253426518,-0.0708279557,2.5045781203,0.7910880034
