Instance,INF_avg,INF_sd,INF_r1,INF_kr,INF_sk,SUP_avg,SUP_sd,SUP_r1,SUP_kr,SUP_sk,INC_avg,INC_sd,INC_r1,INC_kr,INC_sk,IND_avg,IND_sd,IND_r1,IND_kr,IND_sk
235,0.2386,0.0489340372,0.6004264419,2.9137722385,0.3472795591,0.25835,0.0387301885,0.3324329568,2.9095709526,0.1393095875,0.50305,0.0490198684,0.6242107286,2.6788417704,-0.3533264745,0.50305,0.0490198684,0.6242107286,2.6788417704,-0.3533264745
