Instance,INF_avg,INF_sd,INF_r1,INF_kr,INF_sk,SUP_avg,SUP_sd,SUP_r1,SUP_kr,SUP_sk,INC_avg,INC_sd,INC_r1,INC_kr,INC_sk,IND_avg,IND_sd,IND_r1,IND_kr,IND_sk
294,0.373030303,0.076395496,0.3369517325,3.0715402145,-0.0302986083,0.1015151515,0.0550823742,0.2915903023,3.9868559366,0.7957770755,0.5254545455,0.064718079,0.0621017071,2.5562543567,-0.1192936573,0.5254545455,0.064718079,0.0621017071,2.5562543567,-0.1192936573
