Instance,INF_avg,INF_sd,INF_r1,INF_kr,INF_sk,SUP_avg,SUP_sd,SUP_r1,SUP_kr,SUP_sk,INC_avg,INC_sd,INC_r1,INC_kr,INC_sk,IND_avg,IND_sd,IND_r1,IND_kr,IND_sk
22,0.2458,0.0584667427,-0.0450159352,3.279254923,0.1621403146,0.2188,0.0587755051,-0.0227283794,2.965296691,0.0328902117,0.5354,0.0676375635,-0.0059559773,2.7400752879,0.196845571,0.5354,0.0676375635,-0.0059559773,2.7400752879,0.196845571
