Instance,INF_avg,INF_sd,INF_r1,INF_kr,INF_sk,SUP_avg,SUP_sd,SUP_r1,SUP_kr,SUP_sk,INC_avg,INC_sd,INC_r1,INC_kr,INC_sk,IND_avg,IND_sd,IND_r1,IND_kr,IND_sk
125,0.238,0.0346698716,0.1932394745,3.2185722077,-0.6745344642,0.2886,0.0387174379,0.2201983521,4.6634647626,0.986642149,0.4734,0.0460156495,0.3223101491,3.2428349311,0.47988533,0.4734,0.0460156495,0.3223101491,3.2428349311,0.47988533
