Instance,INF_avg,INF_sd,INF_r1,INF_kr,INF_sk,SUP_avg,SUP_sd,SUP_r1,SUP_kr,SUP_sk,INC_avg,INC_sd,INC_r1,INC_kr,INC_sk,IND_avg,IND_sd,IND_r1,IND_kr,IND_sk
203,0.292,0.0515363949,-0.4817232376,1.984395413,0.7265891066,0.204,0.0773563184,-0.4505310229,2.1284709314,0.8436548354,0.504,0.0624819974,0.1919606235,1.8390889546,0.2077975592,0.504,0.0624819974,0.1919606235,1.8390889546,0.2077975592
