Instance,INF_avg,INF_sd,INF_r1,INF_kr,INF_sk,SUP_avg,SUP_sd,SUP_r1,SUP_kr,SUP_sk,INC_avg,INC_sd,INC_r1,INC_kr,INC_sk,IND_avg,IND_sd,IND_r1,IND_kr,IND_sk
99,0.33,0.092736185,-0.3748191027,2.4015684154,-0.5341483882,0.255,0.085,-0.1491865697,2.2022844554,0.5764298799,0.415,0.1205197079,-0.5528439284,2.7320010309,0.2459228845,0.415,0.1205197079,-0.5528439284,2.7320010309,0.2459228845
