Instance,INF_avg,INF_sd,INF_r1,INF_kr,INF_sk,SUP_avg,SUP_sd,SUP_r1,SUP_kr,SUP_sk,INC_avg,INC_sd,INC_r1,INC_kr,INC_sk,IND_avg,IND_sd,IND_r1,IND_kr,IND_sk
40,0.248,0.1345213738,0.0528724216,2.9951405648,0.4615637199,0.23,0.133041347,0.2037099876,2.8446806473,0.3057543165,0.522,0.146,0.0915371589,2.5271909271,0.2321543789,0.522,0.146,0.0915371589,2.5271909271,0.2321543789
