Instance,INF_avg,INF_sd,INF_r1,INF_kr,INF_sk,SUP_avg,SUP_sd,SUP_r1,SUP_kr,SUP_sk,INC_avg,INC_sd,INC_r1,INC_kr,INC_sk,IND_avg,IND_sd,IND_r1,IND_kr,IND_sk
238,0.2,0.1,-0.2222222222,2.725,-0.675,0.225,0.087321246,-0.7168141593,2.3071754905,0.4505691811,0.575,0.1188486432,0.04,2.3795911974,-0.5137790827,0.575,0.1188486432,0.04,2.3795911974,-0.5137790827
