Instance,INF_avg,INF_sd,INF_r1,INF_kr,INF_sk,SUP_avg,SUP_sd,SUP_r1,SUP_kr,SUP_sk,INC_avg,INC_sd,INC_r1,INC_kr,INC_sk,IND_avg,IND_sd,IND_r1,IND_kr,IND_sk
286,0.2632,0.0559799964,0.3126314262,3.0418792929,0.4786191286,0.2564,0.0521444148,0.3037272146,2.4127257827,0.5180622334,0.4804,0.0617401004,0.1438031293,3.1486428374,0.0174456912,0.4804,0.0617401004,0.1438031293,3.1486428374,0.0174456912
