Instance,INF_avg,INF_sd,INF_r1,INF_kr,INF_sk,SUP_avg,SUP_sd,SUP_r1,SUP_kr,SUP_sk,INC_avg,INC_sd,INC_r1,INC_kr,INC_sk,IND_avg,IND_sd,IND_r1,IND_kr,IND_sk
245,0.262,0.1309809146,-0.2234785802,2.4427651166,0.2450509099,0.24,0.1166190379,0.0094618569,3.6366782007,0.1664545091,0.498,0.1348925498,0.0349140129,3.8269348282,0.2807833131,0.498,0.1348925498,0.0349140129,3.8269348282,0.2807833131
