Instance,INF_avg,INF_sd,INF_r1,INF_kr,INF_sk,SUP_avg,SUP_sd,SUP_r1,SUP_kr,SUP_sk,INC_avg,INC_sd,INC_r1,INC_kr,INC_sk,IND_avg,IND_sd,IND_r1,IND_kr,IND_sk
42,0.2408,0.0559942854,0.0787878293,2.1301132853,0.139407105,0.2264,0.05857508,-0.0206689902,3.4499540558,0.4144920191,0.5328,0.0705135448,0.0536062353,2.8586888847,-0.2073791685,0.5328,0.0705135448,0.0536062353,2.8586888847,-0.2073791685
