Instance,INF_avg,INF_sd,INF_r1,INF_kr,INF_sk,SUP_avg,SUP_sd,SUP_r1,SUP_kr,SUP_sk,INC_avg,INC_sd,INC_r1,INC_kr,INC_sk,IND_avg,IND_sd,IND_r1,IND_kr,IND_sk
249,0.268,0.0448998886,-0.6095414544,2.4362717309,0.966700881,0.252,0.0256124969,-0.8741542625,1.6140690065,0.2056922718,0.48,0.0357770876,-0.2,1.953125,-0.6288941187,0.48,0.0357770876,-0.2,1.953125,-0.6288941187
