Instance,INF_avg,INF_sd,INF_r1,INF_kr,INF_sk,SUP_avg,SUP_sd,SUP_r1,SUP_kr,SUP_sk,INC_avg,INC_sd,INC_r1,INC_kr,INC_sk,IND_avg,IND_sd,IND_r1,IND_kr,IND_sk
220,0.2529411765,0.1752901697,-0.2164716472,3.2363343073,0.8684215174,0.2588235294,0.1374508405,0.0858970868,3.3923640462,0.495211427,0.4882352941,0.1811153449,0.1727904667,3.7221866154,-0.8939807186,0.4882352941,0.1811153449,0.1727904667,3.7221866154,-0.8939807186
