Instance,INF_avg,INF_sd,INF_r1,INF_kr,INF_sk,SUP_avg,SUP_sd,SUP_r1,SUP_kr,SUP_sk,INC_avg,INC_sd,INC_r1,INC_kr,INC_sk,IND_avg,IND_sd,IND_r1,IND_kr,IND_sk
280,0.2616,0.0412485151,-0.0116598737,2.6583408409,0.1902056944,0.2496,0.0383124001,0.1092737811,5.1225672889,0.9097560527,0.4888,0.0403306335,-0.2602156854,2.5062380962,-0.6186362074,0.4888,0.0403306335,-0.2602156854,2.5062380962,-0.6186362074
