Instance,INF_avg,INF_sd,INF_r1,INF_kr,INF_sk,SUP_avg,SUP_sd,SUP_r1,SUP_kr,SUP_sk,INC_avg,INC_sd,INC_r1,INC_kr,INC_sk,IND_avg,IND_sd,IND_r1,IND_kr,IND_sk
1,0.255,0.0960468636,-0.3081714914,1.6951770331,-0.1422070027,0.265,0.100124922,-0.1007321383,2.4284488281,0.2570355146,0.48,0.0871779789,-0.3636363636,1.5100415512,0.0588632475,0.48,0.0871779789,-0.3636363636,1.5100415512,0.0588632475
