Instance,INF_avg,INF_sd,INF_r1,INF_kr,INF_sk,SUP_avg,SUP_sd,SUP_r1,SUP_kr,SUP_sk,INC_avg,INC_sd,INC_r1,INC_kr,INC_sk,IND_avg,IND_sd,IND_r1,IND_kr,IND_sk
241,0.3625,0.1316956719,0.0864048338,3.9968346725,0.5489724624,0.175,0.0829156198,0.0551181102,2.4214876033,-0.1644607334,0.4625,0.1536025716,-0.0004154549,5.7013727468,-1.4260160675,0.4625,0.1536025716,-0.0004154549,5.7013727468,-1.4260160675
