Instance,INF_avg,INF_sd,INF_r1,INF_kr,INF_sk,SUP_avg,SUP_sd,SUP_r1,SUP_kr,SUP_sk,INC_avg,INC_sd,INC_r1,INC_kr,INC_sk,IND_avg,IND_sd,IND_r1,IND_kr,IND_sk
223,0.208,0.1238386046,-0.0104654395,2.2629140635,0.1955698096,0.252,0.1374627222,0.0360315597,2.7653246685,0.2123645562,0.54,0.172626765,0.0434296886,2.9500472952,-0.1049710071,0.54,0.172626765,0.0434296886,2.9500472952,-0.1049710071
