Instance,INF_avg,INF_sd,INF_r1,INF_kr,INF_sk,SUP_avg,SUP_sd,SUP_r1,SUP_kr,SUP_sk,INC_avg,INC_sd,INC_r1,INC_kr,INC_sk,IND_avg,IND_sd,IND_r1,IND_kr,IND_sk
143,0.2168,0.047304968,0.337274267,2.3810820381,0.1412777677,0.2596,0.0514960193,-0.0940378172,2.3056958194,0.3129944437,0.5236,0.0483222516,0.096247851,2.1804450999,0.0302648154,0.5236,0.0483222516,0.096247851,2.1804450999,0.0302648154
