Instance,INF_avg,INF_sd,INF_r1,INF_kr,INF_sk,SUP_avg,SUP_sd,SUP_r1,SUP_kr,SUP_sk,INC_avg,INC_sd,INC_r1,INC_kr,INC_sk,IND_avg,IND_sd,IND_r1,IND_kr,IND_sk
138,0.27,0.155241747,-0.1243307555,1.8363492364,-0.2950825376,0.29,0.1513274595,-0.0233258089,2.3793787304,0.5159579291,0.44,0.0663324958,-0.0849056604,2.3719008264,-0.6578429336,0.44,0.0663324958,-0.0849056604,2.3719008264,-0.6578429336
