Instance,INF_avg,INF_sd,INF_r1,INF_kr,INF_sk,SUP_avg,SUP_sd,SUP_r1,SUP_kr,SUP_sk,INC_avg,INC_sd,INC_r1,INC_kr,INC_sk,IND_avg,IND_sd,IND_r1,IND_kr,IND_sk
120,0.2448,0.0688836701,-0.140202931,3.0746237642,0.366290008,0.2888,0.0779907687,0.0711499366,2.2092134784,-0.0370608482,0.4664,0.0728219747,0.4325499233,2.3470074979,-0.4317195154,0.4664,0.0728219747,0.4325499233,2.3470074979,-0.4317195154
