Instance,INF_avg,INF_sd,INF_r1,INF_kr,INF_sk,SUP_avg,SUP_sd,SUP_r1,SUP_kr,SUP_sk,INC_avg,INC_sd,INC_r1,INC_kr,INC_sk,IND_avg,IND_sd,IND_r1,IND_kr,IND_sk
90,0.275,0.0901387819,-0.007751938,2.0792899408,0.4608278553,0.355,0.1082820391,0.1938579655,2.8214865362,-0.3060002252,0.37,0.1519868415,0.1807909605,3.3951200315,0.3435020537,0.37,0.1519868415,0.1807909605,3.3951200315,0.3435020537
