Instance,INF_avg,INF_sd,INF_r1,INF_kr,INF_sk,SUP_avg,SUP_sd,SUP_r1,SUP_kr,SUP_sk,INC_avg,INC_sd,INC_r1,INC_kr,INC_sk,IND_avg,IND_sd,IND_r1,IND_kr,IND_sk
216,0.2375,0.0864219301,-0.0621468927,2.4774951419,0.0748008652,0.2075,0.0813557005,0.0086456425,2.8298196759,0.3703179811,0.555,0.1068877916,-0.0105438523,2.9586208217,-0.0319359834,0.555,0.1068877916,-0.0105438523,2.9586208217,-0.0319359834
