Instance,INF_avg,INF_sd,INF_r1,INF_kr,INF_sk,SUP_avg,SUP_sd,SUP_r1,SUP_kr,SUP_sk,INC_avg,INC_sd,INC_r1,INC_kr,INC_sk,IND_avg,IND_sd,IND_r1,IND_kr,IND_sk
67,0.238,0.1111575459,-0.0376025262,2.349289729,0.2595949759,0.256,0.120266371,0.0078528805,2.3260092803,0.2037512612,0.506,0.1255547689,0.0361562103,3.0697688778,-0.1737874464,0.506,0.1255547689,0.0361562103,3.0697688778,-0.1737874464
