Instance,INF_avg,INF_sd,INF_r1,INF_kr,INF_sk,SUP_avg,SUP_sd,SUP_r1,SUP_kr,SUP_sk,INC_avg,INC_sd,INC_r1,INC_kr,INC_sk,IND_avg,IND_sd,IND_r1,IND_kr,IND_sk
126,0.294,0.0490306027,-0.3100624865,1.9238512629,0.1042508267,0.19,0.0475394573,0.0734463277,3.5073224215,0.9605435024,0.516,0.081877958,-0.1022805805,2.1002215754,0.0213368378,0.516,0.081877958,-0.1022805805,2.1002215754,0.0213368378
