Instance,INF_avg,INF_sd,INF_r1,INF_kr,INF_sk,SUP_avg,SUP_sd,SUP_r1,SUP_kr,SUP_sk,INC_avg,INC_sd,INC_r1,INC_kr,INC_sk,IND_avg,IND_sd,IND_r1,IND_kr,IND_sk
190,0.283,0.0372290209,-0.4164391871,1.9986569467,-0.3120383729,0.2315,0.0239843699,-0.2717192218,2.3664667083,-0.2829961232,0.4855,0.0406478782,-0.3841816206,2.8757755264,0.7382915845,0.4855,0.0406478782,-0.3841816206,2.8757755264,0.7382915845
