Instance,INF_avg,INF_sd,INF_r1,INF_kr,INF_sk,SUP_avg,SUP_sd,SUP_r1,SUP_kr,SUP_sk,INC_avg,INC_sd,INC_r1,INC_kr,INC_sk,IND_avg,IND_sd,IND_r1,IND_kr,IND_sk
171,0.3375,0.1092111869,-0.1673329526,2.1257603783,0.4168439038,0.2125,0.0960143218,0.3469387755,2.5294455616,-0.0044131834,0.45,0.1127312438,-0.0677966102,2.2864821285,-0.2181308668,0.45,0.1127312438,-0.0677966102,2.2864821285,-0.2181308668
