Instance,INF_avg,INF_sd,INF_r1,INF_kr,INF_sk,SUP_avg,SUP_sd,SUP_r1,SUP_kr,SUP_sk,INC_avg,INC_sd,INC_r1,INC_kr,INC_sk,IND_avg,IND_sd,IND_r1,IND_kr,IND_sk
98,0.2956,0.0597715651,0.1280796253,3.0066128324,0.6310882752,0.3012,0.061891518,0.1415081021,5.9134101562,0.9602203894,0.4032,0.0756158713,0.0578350691,2.7570906895,-0.303925591,0.4032,0.0756158713,0.0578350691,2.7570906895,-0.303925591
