Instance,INF_avg,INF_sd,INF_r1,INF_kr,INF_sk,SUP_avg,SUP_sd,SUP_r1,SUP_kr,SUP_sk,INC_avg,INC_sd,INC_r1,INC_kr,INC_sk,IND_avg,IND_sd,IND_r1,IND_kr,IND_sk
10,0.2776,0.0532375807,0.4516156772,2.8149421461,-0.483402318,0.3544,0.0720044443,0.4588409557,2.9657074885,0.7163817359,0.368,0.0870861642,0.716510498,1.9497309459,-0.3634549646,0.368,0.0870861642,0.716510498,1.9497309459,-0.3634549646
