Instance,INF_avg,INF_sd,INF_r1,INF_kr,INF_sk,SUP_avg,SUP_sd,SUP_r1,SUP_kr,SUP_sk,INC_avg,INC_sd,INC_r1,INC_kr,INC_sk,IND_avg,IND_sd,IND_r1,IND_kr,IND_sk
74,0.2336,0.0789369369,-0.1847007899,2.6682848735,0.074611009,0.2656,0.0646269294,-0.0154844068,3.2336699549,0.3451972881,0.5008,0.067759575,0.0700941379,2.5238842227,-0.7009120754,0.5008,0.067759575,0.0700941379,2.5238842227,-0.7009120754
