Instance,INF_avg,INF_sd,INF_r1,INF_kr,INF_sk,SUP_avg,SUP_sd,SUP_r1,SUP_kr,SUP_sk,INC_avg,INC_sd,INC_r1,INC_kr,INC_sk,IND_avg,IND_sd,IND_r1,IND_kr,IND_sk
196,0.244,0.059126982,-0.0478433546,2.5206499484,-0.0515509978,0.258,0.0588217647,0.1135456995,2.2635343647,0.1004700662,0.498,0.0654522727,-0.0768468578,3.3334719509,-0.3134406999,0.498,0.0654522727,-0.0768468578,3.3334719509,-0.3134406999
