Instance,INF_avg,INF_sd,INF_r1,INF_kr,INF_sk,SUP_avg,SUP_sd,SUP_r1,SUP_kr,SUP_sk,INC_avg,INC_sd,INC_r1,INC_kr,INC_sk,IND_avg,IND_sd,IND_r1,IND_kr,IND_sk
109,0.246,0.086510115,-0.1233987998,3.2434994048,0.4477190759,0.312,0.0977547953,-0.1886068403,2.6412194092,0.0955483537,0.442,0.1128538878,-0.1563876652,2.4122636976,0.1886694897,0.442,0.1128538878,-0.1563876652,2.4122636976,0.1886694897
