Instance,INF_avg,INF_sd,INF_r1,INF_kr,INF_sk,SUP_avg,SUP_sd,SUP_r1,SUP_kr,SUP_sk,INC_avg,INC_sd,INC_r1,INC_kr,INC_sk,IND_avg,IND_sd,IND_r1,IND_kr,IND_sk
229,0.4516494845,0.0958849763,0.8674500642,2.0097535112,-0.1968061431,0.0815979381,0.0640797119,0.8872904107,2.8265379166,0.8822681676,0.4667525773,0.0481060964,0.4410558412,2.6118820114,-0.0124100302,0.4667525773,0.0481060964,0.4410558412,2.6118820114,-0.0124100302
