Instance,INF_avg,INF_sd,INF_r1,INF_kr,INF_sk,SUP_avg,SUP_sd,SUP_r1,SUP_kr,SUP_sk,INC_avg,INC_sd,INC_r1,INC_kr,INC_sk,IND_avg,IND_sd,IND_r1,IND_kr,IND_sk
75,0.25,0.0447213595,-0.6785714286,1.682,-0.4024922359,0.268,0.0416653333,-0.8735891648,1.4837966404,-0.0079633885,0.482,0.016,-0.6527196653,1.4189453125,-0.03515625,0.482,0.016,-0.6527196653,1.4189453125,-0.03515625
