Instance,INF_avg,INF_sd,INF_r1,INF_kr,INF_sk,SUP_avg,SUP_sd,SUP_r1,SUP_kr,SUP_sk,INC_avg,INC_sd,INC_r1,INC_kr,INC_sk,IND_avg,IND_sd,IND_r1,IND_kr,IND_sk
3,0.231,0.1006926015,0.1224202018,2.4542189048,0.2691507508,0.2635,0.0974307446,0.0127668263,2.9793930427,0.2912070645,0.5055,0.1086036371,0.1507232535,2.7805079044,0.1280064781,0.5055,0.1086036371,0.1507232535,2.7805079044,0.1280064781
