Instance,INF_avg,INF_sd,INF_r1,INF_kr,INF_sk,SUP_avg,SUP_sd,SUP_r1,SUP_kr,SUP_sk,INC_avg,INC_sd,INC_r1,INC_kr,INC_sk,IND_avg,IND_sd,IND_r1,IND_kr,IND_sk
202,0.242,0.0945304184,0.5149704922,4.2406364887,0.8345638946,0.278,0.0849470423,0.2626244179,1.6168037522,-0.1274042758,0.48,0.0989949494,0.3117574764,1.9356518117,0.1298767557,0.48,0.0989949494,0.3117574764,1.9356518117,0.1298767557
