Instance,INF_avg,INF_sd,INF_r1,INF_kr,INF_sk,SUP_avg,SUP_sd,SUP_r1,SUP_kr,SUP_sk,INC_avg,INC_sd,INC_r1,INC_kr,INC_sk,IND_avg,IND_sd,IND_r1,IND_kr,IND_sk
200,0.2341,0.0289428748,0.0569264971,2.3330959051,-0.1031137074,0.26575,0.0338701565,-0.0888834752,2.6282255208,-0.1364119531,0.50015,0.0358570425,-0.0279162024,3.2594605325,0.3433156228,0.50015,0.0358570425,-0.0279162024,3.2594605325,0.3433156228
