Instance,INF_avg,INF_sd,INF_r1,INF_kr,INF_sk,SUP_avg,SUP_sd,SUP_r1,SUP_kr,SUP_sk,INC_avg,INC_sd,INC_r1,INC_kr,INC_sk,IND_avg,IND_sd,IND_r1,IND_kr,IND_sk
188,0.35,0.1264911064,0.3666666667,1.767578125,-0.0370579413,0.22,0.0979795897,-0.1871069182,2.3873697917,-0.0095683193,0.43,0.1288409873,0.1228070175,3.1601829003,-0.5358243991,0.43,0.1288409873,0.1228070175,3.1601829003,-0.5358243991
