Instance,INF_avg,INF_sd,INF_r1,INF_kr,INF_sk,SUP_avg,SUP_sd,SUP_r1,SUP_kr,SUP_sk,INC_avg,INC_sd,INC_r1,INC_kr,INC_sk,IND_avg,IND_sd,IND_r1,IND_kr,IND_sk
225,0.2808,0.0513747019,-0.2900209609,3.2583140397,-0.6957044758,0.1952,0.0470846047,-0.2528302759,4.3977256666,0.987451519,0.524,0.0539629503,-0.2643546164,2.2856539065,0.3127909204,0.524,0.0539629503,-0.2643546164,2.2856539065,0.3127909204
