Instance,INF_avg,INF_sd,INF_r1,INF_kr,INF_sk,SUP_avg,SUP_sd,SUP_r1,SUP_kr,SUP_sk,INC_avg,INC_sd,INC_r1,INC_kr,INC_sk,IND_avg,IND_sd,IND_r1,IND_kr,IND_sk
133,0.236,0.091126286,0.0020846485,2.1615211556,0.0614658658,0.2905,0.0989178952,0.0837754288,2.3567446919,-0.0609856911,0.4735,0.1098760665,0.0962645588,3.1549497039,0.3201215521,0.4735,0.1098760665,0.0962645588,3.1549497039,0.3201215521
