Instance,INF_avg,INF_sd,INF_r1,INF_kr,INF_sk,SUP_avg,SUP_sd,SUP_r1,SUP_kr,SUP_sk,INC_avg,INC_sd,INC_r1,INC_kr,INC_sk,IND_avg,IND_sd,IND_r1,IND_kr,IND_sk
30,0.3,0.1118033989,-0.6842105263,1.64,0.0,0.1875,0.167238602,-0.8574338086,1.2121032427,0.097709392,0.5125,0.0819679816,-0.8823529412,2.1487290427,0.9575491626,0.5125,0.0819679816,-0.8823529412,2.1487290427,0.9575491626
