Instance,INF_avg,INF_sd,INF_r1,INF_kr,INF_sk,SUP_avg,SUP_sd,SUP_r1,SUP_kr,SUP_sk,INC_avg,INC_sd,INC_r1,INC_kr,INC_sk,IND_avg,IND_sd,IND_r1,IND_kr,IND_sk
23,0.2494,0.0428677035,0.093949317,2.3635667627,0.2567802424,0.2524,0.0441388718,-0.0103911261,3.0519526249,0.2344239755,0.4982,0.0432753972,0.1496040321,2.2813006011,0.1574289012,0.4982,0.0432753972,0.1496040321,2.2813006011,0.1574289012
