Instance,INF_avg,INF_sd,INF_r1,INF_kr,INF_sk,SUP_avg,SUP_sd,SUP_r1,SUP_kr,SUP_sk,INC_avg,INC_sd,INC_r1,INC_kr,INC_sk,IND_avg,IND_sd,IND_r1,IND_kr,IND_sk
152,0.253,0.055812185,-0.1865240663,3.0359692783,0.1191683023,0.2522,0.0577508441,-0.0518022369,2.7043413688,0.0849251852,0.4948,0.0732458873,-0.0652538636,2.6570593462,-0.0557968902,0.4948,0.0732458873,-0.0652538636,2.6570593462,-0.0557968902
