Instance,INF_avg,INF_sd,INF_r1,INF_kr,INF_sk,SUP_avg,SUP_sd,SUP_r1,SUP_kr,SUP_sk,INC_avg,INC_sd,INC_r1,INC_kr,INC_sk,IND_avg,IND_sd,IND_r1,IND_kr,IND_sk
275,0.222,0.04621688,0.4556451613,2.2376593864,-0.8085960474,0.264,0.0344093011,0.3953105718,2.3489088751,-0.0901311929,0.514,0.0385227206,0.0506130148,2.0569960985,-0.4315722431,0.514,0.0385227206,0.0506130148,2.0569960985,-0.4315722431
