Instance,INF_avg,INF_sd,INF_r1,INF_kr,INF_sk,SUP_avg,SUP_sd,SUP_r1,SUP_kr,SUP_sk,INC_avg,INC_sd,INC_r1,INC_kr,INC_sk,IND_avg,IND_sd,IND_r1,IND_kr,IND_sk
78,0.264,0.1694225487,0.0706196751,2.6755051211,0.5730265115,0.248,0.1472956211,0.3225816015,2.6696556765,0.1142726327,0.488,0.175088549,-0.2217141669,3.1855498799,0.0941486035,0.488,0.175088549,-0.2217141669,3.1855498799,0.0941486035
