Instance,INF_avg,INF_sd,INF_r1,INF_kr,INF_sk,SUP_avg,SUP_sd,SUP_r1,SUP_kr,SUP_sk,INC_avg,INC_sd,INC_r1,INC_kr,INC_sk,IND_avg,IND_sd,IND_r1,IND_kr,IND_sk
22,0.23,0.033763886,0.4761904762,2.6638965836,-0.4208794658,0.255,0.0781344994,-0.0104471375,1.6776738767,0.1207519022,0.515,0.0909120454,0.1134644478,2.0805761509,0.1724807829,0.515,0.0909120454,0.1134644478,2.0805761509,0.1724807829
