Instance,INF_avg,INF_sd,INF_r1,INF_kr,INF_sk,SUP_avg,SUP_sd,SUP_r1,SUP_kr,SUP_sk,INC_avg,INC_sd,INC_r1,INC_kr,INC_sk,IND_avg,IND_sd,IND_r1,IND_kr,IND_sk
16,0.349,0.0497895571,0.4553928663,1.7058705795,0.2915700569,0.245,0.0193649167,0.3333333333,4.6746666667,1.5491933385,0.406,0.0474763099,0.3155714555,2.3175996296,0.1290701165,0.406,0.0474763099,0.3155714555,2.3175996296,0.1290701165
