Instance,INF_avg,INF_sd,INF_r1,INF_kr,INF_sk,SUP_avg,SUP_sd,SUP_r1,SUP_kr,SUP_sk,INC_avg,INC_sd,INC_r1,INC_kr,INC_sk,IND_avg,IND_sd,IND_r1,IND_kr,IND_sk
14,0.3737,0.0667780653,0.5390643104,2.7422939802,0.4387104904,0.3922,0.0668368162,0.4053010518,2.8258491354,-0.360899061,0.2341,0.0621465204,0.5800863761,4.4125268691,0.9681465107,0.2341,0.0621465204,0.5800863761,4.4125268691,0.9681465107
