Instance,INF_avg,INF_sd,INF_r1,INF_kr,INF_sk,SUP_avg,SUP_sd,SUP_r1,SUP_kr,SUP_sk,INC_avg,INC_sd,INC_r1,INC_kr,INC_sk,IND_avg,IND_sd,IND_r1,IND_kr,IND_sk
137,0.2216,0.035290792,-0.1991905821,2.0136030876,-0.3017391205,0.2808,0.0546933268,-0.2260740409,2.19467826,0.0695581123,0.4976,0.057151028,-0.187407667,2.4114563281,-0.1580833034,0.4976,0.057151028,-0.187407667,2.4114563281,-0.1580833034
