Instance,INF_avg,INF_sd,INF_r1,INF_kr,INF_sk,SUP_avg,SUP_sd,SUP_r1,SUP_kr,SUP_sk,INC_avg,INC_sd,INC_r1,INC_kr,INC_sk,IND_avg,IND_sd,IND_r1,IND_kr,IND_sk
120,0.2775,0.0296858552,0.1220556745,2.1217141995,0.1591129587,0.2215,0.015008331,-0.2920786579,3.2780164104,1.2854126062,0.501,0.023430749,0.1514143095,3.0313336718,-0.9074526408,0.501,0.023430749,0.1514143095,3.0313336718,-0.9074526408
