Instance,INF_avg,INF_sd,INF_r1,INF_kr,INF_sk,SUP_avg,SUP_sd,SUP_r1,SUP_kr,SUP_sk,INC_avg,INC_sd,INC_r1,INC_kr,INC_sk,IND_avg,IND_sd,IND_r1,IND_kr,IND_sk
161,0.2348,0.0270916961,0.1730222599,2.9323076413,0.1290160656,0.2973,0.0383824178,-0.1225191119,3.7475788429,-0.3299088627,0.4679,0.0387439027,-0.119341092,2.8526019059,0.3003645668,0.4679,0.0387439027,-0.119341092,2.8526019059,0.3003645668
