Instance,INF_avg,INF_sd,INF_r1,INF_kr,INF_sk,SUP_avg,SUP_sd,SUP_r1,SUP_kr,SUP_sk,INC_avg,INC_sd,INC_r1,INC_kr,INC_sk,IND_avg,IND_sd,IND_r1,IND_kr,IND_sk
248,0.271,0.0724637841,-0.0474668536,3.1435790758,0.6400560009,0.2332,0.0667664586,0.1080650335,3.1208403837,0.0490971761,0.4958,0.0754344749,-0.0341956965,2.3298171217,-0.2113162959,0.4958,0.0754344749,-0.0341956965,2.3298171217,-0.2113162959
