Instance,INF_avg,INF_sd,INF_r1,INF_kr,INF_sk,SUP_avg,SUP_sd,SUP_r1,SUP_kr,SUP_sk,INC_avg,INC_sd,INC_r1,INC_kr,INC_sk,IND_avg,IND_sd,IND_r1,IND_kr,IND_sk
209,0.296,0.1023914059,0.1271328734,2.7906046328,0.1009547064,0.361,0.1094486181,0.0477111166,2.9957584593,0.46210734,0.343,0.0924716173,-0.1146192621,2.4528470417,-0.1076050733,0.343,0.0924716173,-0.1146192621,2.4528470417,-0.1076050733
