Instance,INF_avg,INF_sd,INF_r1,INF_kr,INF_sk,SUP_avg,SUP_sd,SUP_r1,SUP_kr,SUP_sk,INC_avg,INC_sd,INC_r1,INC_kr,INC_sk,IND_avg,IND_sd,IND_r1,IND_kr,IND_sk
116,0.4151219512,0.1424373538,0.8365555418,2.0545183761,-0.0704760226,0.1190243902,0.0799940509,0.4653674466,3.2459088175,0.7585497311,0.4658536585,0.1030504402,0.5903683337,2.9659807442,0.5900422224,0.4658536585,0.1030504402,0.5903683337,2.9659807442,0.5900422224
