Instance,INF_avg,INF_sd,INF_r1,INF_kr,INF_sk,SUP_avg,SUP_sd,SUP_r1,SUP_kr,SUP_sk,INC_avg,INC_sd,INC_r1,INC_kr,INC_sk,IND_avg,IND_sd,IND_r1,IND_kr,IND_sk
270,0.251,0.0803056661,-0.3173746617,2.5928043166,-0.1194227575,0.212,0.0731846979,-0.3385578491,2.2595736232,0.3073035554,0.537,0.0937069901,-0.3788237133,2.5683438016,0.1423798626,0.537,0.0937069901,-0.3788237133,2.5683438016,0.1423798626
