Instance,INF_avg,INF_sd,INF_r1,INF_kr,INF_sk,SUP_avg,SUP_sd,SUP_r1,SUP_kr,SUP_sk,INC_avg,INC_sd,INC_r1,INC_kr,INC_sk,IND_avg,IND_sd,IND_r1,IND_kr,IND_sk
99,0.2359,0.04943875,0.1946689254,2.518313635,0.0155784,0.2804,0.0501980079,0.2396337797,3.0611223756,-0.1032791055,0.4837,0.0530594949,0.1620667252,3.6111116218,0.3628986178,0.4837,0.0530594949,0.1620667252,3.6111116218,0.3628986178
