Instance,INF_avg,INF_sd,INF_r1,INF_kr,INF_sk,SUP_avg,SUP_sd,SUP_r1,SUP_kr,SUP_sk,INC_avg,INC_sd,INC_r1,INC_kr,INC_sk,IND_avg,IND_sd,IND_r1,IND_kr,IND_sk
202,0.2856,0.0599386353,-0.0010611923,3.0081514276,-0.1391857291,0.23,0.0592283716,0.0220062875,2.8084040519,-0.3673237291,0.4844,0.0728604145,0.1117588278,3.3003814718,0.1482996222,0.4844,0.0728604145,0.1117588278,3.3003814718,0.1482996222
