Instance,INF_avg,INF_sd,INF_r1,INF_kr,INF_sk,SUP_avg,SUP_sd,SUP_r1,SUP_kr,SUP_sk,INC_avg,INC_sd,INC_r1,INC_kr,INC_sk,IND_avg,IND_sd,IND_r1,IND_kr,IND_sk
15,0.203,0.0222710575,-0.0258481422,2.0793444329,-0.6170311183,0.339,0.0226715681,0.1594641314,2.1528032219,-0.6549281886,0.458,0.0136381817,-0.6419141914,1.3747832119,-0.1088026982,0.458,0.0136381817,-0.6419141914,1.3747832119,-0.1088026982
