Instance,INF_avg,INF_sd,INF_r1,INF_kr,INF_sk,SUP_avg,SUP_sd,SUP_r1,SUP_kr,SUP_sk,INC_avg,INC_sd,INC_r1,INC_kr,INC_sk,IND_avg,IND_sd,IND_r1,IND_kr,IND_sk
161,0.2402,0.0613511206,0.2016888824,2.3324773278,0.1319123447,0.2786,0.0569389146,0.0841432235,3.1282156292,0.3697722819,0.4812,0.0662613009,0.1278744212,2.9820342183,0.4472376249,0.4812,0.0662613009,0.1278744212,2.9820342183,0.4472376249
