Instance,INF_avg,INF_sd,INF_r1,INF_kr,INF_sk,SUP_avg,SUP_sd,SUP_r1,SUP_kr,SUP_sk,INC_avg,INC_sd,INC_r1,INC_kr,INC_sk,IND_avg,IND_sd,IND_r1,IND_kr,IND_sk
131,0.26105,0.0373918106,0.1168754963,2.7973426575,-0.3092826914,0.2381,0.0379919728,0.2429038,2.7707617576,0.3577255942,0.50085,0.0411828544,-0.0507080162,2.682235165,-0.1634170802,0.50085,0.0411828544,-0.0507080162,2.682235165,-0.1634170802
