Instance,INF_avg,INF_sd,INF_r1,INF_kr,INF_sk,SUP_avg,SUP_sd,SUP_r1,SUP_kr,SUP_sk,INC_avg,INC_sd,INC_r1,INC_kr,INC_sk,IND_avg,IND_sd,IND_r1,IND_kr,IND_sk
218,0.217,0.0556866232,0.2635012943,2.5047622237,0.4588491103,0.275,0.0660681466,0.4654270773,1.4463496337,0.0717784331,0.508,0.0451220567,-0.4762975072,1.9121703251,0.2876284893,0.508,0.0451220567,-0.4762975072,1.9121703251,0.2876284893
