Instance,INF_avg,INF_sd,INF_r1,INF_kr,INF_sk,SUP_avg,SUP_sd,SUP_r1,SUP_kr,SUP_sk,INC_avg,INC_sd,INC_r1,INC_kr,INC_sk,IND_avg,IND_sd,IND_r1,IND_kr,IND_sk
161,0.3776890756,0.0698190636,0.7110459732,2.3353447058,-0.0820165549,0.101302521,0.0699383347,0.9012245455,2.1139246318,0.5413729993,0.5210084034,0.037284844,0.0247924683,3.3216336715,0.2993145708,0.5210084034,0.037284844,0.0247924683,3.3216336715,0.2993145708
