Instance,INF_avg,INF_sd,INF_r1,INF_kr,INF_sk,SUP_avg,SUP_sd,SUP_r1,SUP_kr,SUP_sk,INC_avg,INC_sd,INC_r1,INC_kr,INC_sk,IND_avg,IND_sd,IND_r1,IND_kr,IND_sk
239,0.2536,0.0334520552,0.0642241521,2.9624363266,0.0717983253,0.2578,0.0229817319,0.1984269614,2.4194652075,-0.1193353304,0.4886,0.0398376706,-0.2772832651,3.1391498759,-0.4075461449,0.4886,0.0398376706,-0.2772832651,3.1391498759,-0.4075461449
