Instance,INF_avg,INF_sd,INF_r1,INF_kr,INF_sk,SUP_avg,SUP_sd,SUP_r1,SUP_kr,SUP_sk,INC_avg,INC_sd,INC_r1,INC_kr,INC_sk,IND_avg,IND_sd,IND_r1,IND_kr,IND_sk
237,0.258,0.0876698352,-0.0888899321,2.7013085625,0.1781219849,0.24,0.0824621125,-0.0383290912,3.5739619377,0.2942527804,0.502,0.1019607768,-0.0031520045,3.2026253623,0.0732237305,0.502,0.1019607768,-0.0031520045,3.2026253623,0.0732237305
