Instance,INF_avg,INF_sd,INF_r1,INF_kr,INF_sk,SUP_avg,SUP_sd,SUP_r1,SUP_kr,SUP_sk,INC_avg,INC_sd,INC_r1,INC_kr,INC_sk,IND_avg,IND_sd,IND_r1,IND_kr,IND_sk
162,0.304,0.0349857114,-0.0913872452,2.4482250417,0.0851888397,0.26,0.0572712843,0.3225806452,2.011451517,-0.229970951,0.436,0.0293938769,0.6759259259,1.2888374486,0.1115122645,0.436,0.0293938769,0.6759259259,1.2888374486,0.1115122645
