Instance,INF_avg,INF_sd,INF_r1,INF_kr,INF_sk,SUP_avg,SUP_sd,SUP_r1,SUP_kr,SUP_sk,INC_avg,INC_sd,INC_r1,INC_kr,INC_sk,IND_avg,IND_sd,IND_r1,IND_kr,IND_sk
143,0.321969697,0.1000487714,-0.007510612,2.6421214582,0.1343894935,0.1613636364,0.0737499125,0.3685712956,2.7849927264,0.3131419278,0.5166666667,0.0926599082,-0.1242632613,2.8649480969,-0.4930533108,0.5166666667,0.0926599082,-0.1242632613,2.8649480969,-0.4930533108
