Instance,INF_avg,INF_sd,INF_r1,INF_kr,INF_sk,SUP_avg,SUP_sd,SUP_r1,SUP_kr,SUP_sk,INC_avg,INC_sd,INC_r1,INC_kr,INC_sk,IND_avg,IND_sd,IND_r1,IND_kr,IND_sk
82,0.31,0.1868154169,0.3952421897,2.9416589355,0.4067573219,0.29,0.1135781669,0.2862684251,2.2460789616,0.1965657837,0.4,0.1673320053,-0.0714285714,4.3367346939,0.7683612489,0.4,0.1673320053,-0.0714285714,4.3367346939,0.7683612489
