Instance,INF_avg,INF_sd,INF_r1,INF_kr,INF_sk,SUP_avg,SUP_sd,SUP_r1,SUP_kr,SUP_sk,INC_avg,INC_sd,INC_r1,INC_kr,INC_sk,IND_avg,IND_sd,IND_r1,IND_kr,IND_sk
44,0.288,0.1632666531,-0.1490418346,2.930793686,0.5242015577,0.254,0.160262285,-0.221752914,2.1582928728,0.3648356648,0.458,0.1601124605,-0.3681293181,2.2966770939,0.205675376,0.458,0.1601124605,-0.3681293181,2.2966770939,0.205675376
