Instance,INF_avg,INF_sd,INF_r1,INF_kr,INF_sk,SUP_avg,SUP_sd,SUP_r1,SUP_kr,SUP_sk,INC_avg,INC_sd,INC_r1,INC_kr,INC_sk,IND_avg,IND_sd,IND_r1,IND_kr,IND_sk
11,0.248,0.0688186021,0.0798376184,2.3831491965,0.2044151891,0.294,0.087658428,-0.0241058768,3.1765342697,-0.7314368669,0.458,0.0802246845,-0.2005746767,4.3783615392,1.3468698199,0.458,0.0802246845,-0.2005746767,4.3783615392,1.3468698199
