Instance,INF_avg,INF_sd,INF_r1,INF_kr,INF_sk,SUP_avg,SUP_sd,SUP_r1,SUP_kr,SUP_sk,INC_avg,INC_sd,INC_r1,INC_kr,INC_sk,IND_avg,IND_sd,IND_r1,IND_kr,IND_sk
106,0.2886,0.0301171048,-0.0517123916,2.7378634769,-0.2801394993,0.2524,0.0421217284,0.197765119,2.7535389724,0.7529585777,0.459,0.0453651849,0.15934462,2.0516125651,-0.2136853972,0.459,0.0453651849,0.15934462,2.0516125651,-0.2136853972
