Instance,INF_avg,INF_sd,INF_r1,INF_kr,INF_sk,SUP_avg,SUP_sd,SUP_r1,SUP_kr,SUP_sk,INC_avg,INC_sd,INC_r1,INC_kr,INC_sk,IND_avg,IND_sd,IND_r1,IND_kr,IND_sk
60,0.2206,0.0707929375,0.4014951502,2.668044785,0.0144842036,0.2676,0.0856401775,0.5512881292,2.2678072848,0.2774379782,0.5118,0.0801546006,0.2819338934,2.9014255636,-0.0833431008,0.5118,0.0801546006,0.2819338934,2.9014255636,-0.0833431008
