Instance,INF_avg,INF_sd,INF_r1,INF_kr,INF_sk,SUP_avg,SUP_sd,SUP_r1,SUP_kr,SUP_sk,INC_avg,INC_sd,INC_r1,INC_kr,INC_sk,IND_avg,IND_sd,IND_r1,IND_kr,IND_sk
297,0.17,0.1187434209,-0.1039484287,2.4172325336,0.2365192629,0.24,0.0916515139,0.1019417476,2.1020408163,-0.093521953,0.59,0.13,-0.5040397763,1.9613108785,0.4588074647,0.59,0.13,-0.5040397763,1.9613108785,0.4588074647
