Instance,INF_avg,INF_sd,INF_r1,INF_kr,INF_sk,SUP_avg,SUP_sd,SUP_r1,SUP_kr,SUP_sk,INC_avg,INC_sd,INC_r1,INC_kr,INC_sk,IND_avg,IND_sd,IND_r1,IND_kr,IND_sk
84,0.35,0.1256980509,0.0491803279,2.4294984778,0.1661606986,0.218,0.1263962025,0.5941752208,1.8397427137,-0.006703294,0.432,0.1075918213,0.1131189065,2.3471627546,-0.2521624297,0.432,0.1075918213,0.1131189065,2.3471627546,-0.2521624297
