Instance,INF_avg,INF_sd,INF_r1,INF_kr,INF_sk,SUP_avg,SUP_sd,SUP_r1,SUP_kr,SUP_sk,INC_avg,INC_sd,INC_r1,INC_kr,INC_sk,IND_avg,IND_sd,IND_r1,IND_kr,IND_sk
180,0.218,0.1177964346,-0.0319733122,2.766388972,0.5291165955,0.238,0.1384052022,-0.1173663364,2.6418226481,0.2494423419,0.544,0.1416474497,-0.0268060713,2.7924688843,-0.5537030295,0.544,0.1416474497,-0.0268060713,2.7924688843,-0.5537030295
