Instance,INF_avg,INF_sd,INF_r1,INF_kr,INF_sk,SUP_avg,SUP_sd,SUP_r1,SUP_kr,SUP_sk,INC_avg,INC_sd,INC_r1,INC_kr,INC_sk,IND_avg,IND_sd,IND_r1,IND_kr,IND_sk
219,0.244,0.032,-0.5131578947,2.078125,0.84375,0.28,0.064498062,0.0697674419,1.7825443787,-0.2146755022,0.476,0.074188948,-0.0154525386,1.8818618172,0.6516986497,0.476,0.074188948,-0.0154525386,1.8818618172,0.6516986497
