Instance,INF_avg,INF_sd,INF_r1,INF_kr,INF_sk,SUP_avg,SUP_sd,SUP_r1,SUP_kr,SUP_sk,INC_avg,INC_sd,INC_r1,INC_kr,INC_sk,IND_avg,IND_sd,IND_r1,IND_kr,IND_sk
195,0.218,0.036,0.3033226152,1.9025491541,0.612654321,0.269,0.0320780299,-0.6048775691,2.8997526541,-1.1091758153,0.513,0.0551452627,-0.0256874751,2.8392260719,0.8509646441,0.513,0.0551452627,-0.0256874751,2.8392260719,0.8509646441
