Instance,INF_avg,INF_sd,INF_r1,INF_kr,INF_sk,SUP_avg,SUP_sd,SUP_r1,SUP_kr,SUP_sk,INC_avg,INC_sd,INC_r1,INC_kr,INC_sk,IND_avg,IND_sd,IND_r1,IND_kr,IND_sk
83,0.254,0.0926498786,-0.1412354608,2.5123796065,-0.1924691787,0.269,0.1094942921,-0.1702800369,2.5412132626,0.6416169976,0.477,0.0933862945,-0.2103535646,3.3217038123,0.7937114908,0.477,0.0933862945,-0.2103535646,3.3217038123,0.7937114908
