Instance,INF_avg,INF_sd,INF_r1,INF_kr,INF_sk,SUP_avg,SUP_sd,SUP_r1,SUP_kr,SUP_sk,INC_avg,INC_sd,INC_r1,INC_kr,INC_sk,IND_avg,IND_sd,IND_r1,IND_kr,IND_sk
27,0.236,0.0312089731,0.2174179386,2.7100949112,0.0981000444,0.2742,0.0336654125,0.4260756879,2.1564599354,-0.1147797231,0.4898,0.0435081602,0.2649846267,2.2794666574,-0.1618424522,0.4898,0.0435081602,0.2649846267,2.2794666574,-0.1618424522
