Instance,INF_avg,INF_sd,INF_r1,INF_kr,INF_sk,SUP_avg,SUP_sd,SUP_r1,SUP_kr,SUP_sk,INC_avg,INC_sd,INC_r1,INC_kr,INC_sk,IND_avg,IND_sd,IND_r1,IND_kr,IND_sk
176,0.319,0.1195366053,0.2565218558,2.6220378152,0.2055948254,0.278,0.108240473,0.0613417474,3.4197152106,0.7048907899,0.403,0.1197539143,0.5143020669,2.8133210793,-0.3153597731,0.403,0.1197539143,0.5143020669,2.8133210793,-0.3153597731
