Instance,INF_avg,INF_sd,INF_r1,INF_kr,INF_sk,SUP_avg,SUP_sd,SUP_r1,SUP_kr,SUP_sk,INC_avg,INC_sd,INC_r1,INC_kr,INC_sk,IND_avg,IND_sd,IND_r1,IND_kr,IND_sk
266,0.4018518519,0.0926177744,0.7750249002,2.1943310445,-0.1596142491,0.0872222222,0.064819312,0.8875590644,1.7816859415,0.4491134583,0.5109259259,0.0563148727,0.1715607581,3.0410185058,0.6654049724,0.5109259259,0.0563148727,0.1715607581,3.0410185058,0.6654049724
