Instance,INF_avg,INF_sd,INF_r1,INF_kr,INF_sk,SUP_avg,SUP_sd,SUP_r1,SUP_kr,SUP_sk,INC_avg,INC_sd,INC_r1,INC_kr,INC_sk,IND_avg,IND_sd,IND_r1,IND_kr,IND_sk
168,0.2924,0.0716536112,0.0004170776,2.9355338708,-0.0463739126,0.234,0.0642806347,0.2640003108,2.3518047698,0.2501133414,0.4736,0.0761514281,0.2298211736,3.7300659873,0.0643192459,0.4736,0.0761514281,0.2298211736,3.7300659873,0.0643192459
