Instance,INF_avg,INF_sd,INF_r1,INF_kr,INF_sk,SUP_avg,SUP_sd,SUP_r1,SUP_kr,SUP_sk,INC_avg,INC_sd,INC_r1,INC_kr,INC_sk,IND_avg,IND_sd,IND_r1,IND_kr,IND_sk
198,0.2435,0.0321753011,-0.3955144179,2.1215949073,-0.5636683535,0.279,0.0444859528,0.0002024906,4.2286164914,-0.259116263,0.4775,0.0415481648,0.1777877295,1.9292471899,0.1401233541,0.4775,0.0415481648,0.1777877295,1.9292471899,0.1401233541
