Instance,INF_avg,INF_sd,INF_r1,INF_kr,INF_sk,SUP_avg,SUP_sd,SUP_r1,SUP_kr,SUP_sk,INC_avg,INC_sd,INC_r1,INC_kr,INC_sk,IND_avg,IND_sd,IND_r1,IND_kr,IND_sk
98,0.26,0.1385640646,-0.0289824854,2.1158854167,0.1759114101,0.264,0.1245150593,-0.1751893547,2.509414129,-0.1962784953,0.476,0.1429125607,-0.1033272212,2.9879209409,0.0974193179,0.476,0.1429125607,-0.1033272212,2.9879209409,0.0974193179
