Instance,INF_avg,INF_sd,INF_r1,INF_kr,INF_sk,SUP_avg,SUP_sd,SUP_r1,SUP_kr,SUP_sk,INC_avg,INC_sd,INC_r1,INC_kr,INC_sk,IND_avg,IND_sd,IND_r1,IND_kr,IND_sk
58,0.5735714286,0.1959858648,0.9319371109,1.7701660499,-0.2969292545,0.0808928571,0.0870965553,0.8148524902,3.5192305823,1.1786734905,0.3455357143,0.1217824413,0.8979514943,2.0829900935,0.0796925068,0.3455357143,0.1217824413,0.8979514943,2.0829900935,0.0796925068
