Instance,INF_avg,INF_sd,INF_r1,INF_kr,INF_sk,SUP_avg,SUP_sd,SUP_r1,SUP_kr,SUP_sk,INC_avg,INC_sd,INC_r1,INC_kr,INC_sk,IND_avg,IND_sd,IND_r1,IND_kr,IND_sk
293,0.312,0.1133843023,-0.0307836139,2.3022586312,-0.0305583864,0.178,0.0954777461,0.2351149214,5.5979239642,1.0366840289,0.51,0.1204159458,-0.0271693928,2.9157193817,0.125427311,0.51,0.1204159458,-0.0271693928,2.9157193817,0.125427311
