Instance,INF_avg,INF_sd,INF_r1,INF_kr,INF_sk,SUP_avg,SUP_sd,SUP_r1,SUP_kr,SUP_sk,INC_avg,INC_sd,INC_r1,INC_kr,INC_sk,IND_avg,IND_sd,IND_r1,IND_kr,IND_sk
289,0.2452,0.0432777079,0.1197927474,2.4815148877,0.0535572959,0.2834,0.0547214766,0.4004713799,2.3357510787,0.2035723892,0.4714,0.0500004,0.2285232992,2.6369428164,0.0985343392,0.4714,0.0500004,0.2285232992,2.6369428164,0.0985343392
