Instance,INF_avg,INF_sd,INF_r1,INF_kr,INF_sk,SUP_avg,SUP_sd,SUP_r1,SUP_kr,SUP_sk,INC_avg,INC_sd,INC_r1,INC_kr,INC_sk,IND_avg,IND_sd,IND_r1,IND_kr,IND_sk
278,0.2532,0.0727307363,0.2176668127,2.4936406436,0.1881472358,0.253,0.0659317829,0.0524991053,2.8884102265,0.0737948257,0.4938,0.0722603626,0.1447826424,2.8082212112,-0.1785278187,0.4938,0.0722603626,0.1447826424,2.8082212112,-0.1785278187
