Instance,INF_avg,INF_sd,INF_r1,INF_kr,INF_sk,SUP_avg,SUP_sd,SUP_r1,SUP_kr,SUP_sk,INC_avg,INC_sd,INC_r1,INC_kr,INC_sk,IND_avg,IND_sd,IND_r1,IND_kr,IND_sk
23,0.2905,0.0266880123,-0.0055178075,3.1483458816,0.6862179961,0.209,0.0297321375,-0.106262531,3.3979289941,-0.95581934,0.5005,0.0457957422,-0.2593038764,1.9134568068,0.2695764234,0.5005,0.0457957422,-0.2593038764,1.9134568068,0.2695764234
