Instance,INF_avg,INF_sd,INF_r1,INF_kr,INF_sk,SUP_avg,SUP_sd,SUP_r1,SUP_kr,SUP_sk,INC_avg,INC_sd,INC_r1,INC_kr,INC_sk,IND_avg,IND_sd,IND_r1,IND_kr,IND_sk
248,0.268,0.1391977011,-0.106022137,2.861661715,0.2272311794,0.224,0.1379275172,-0.0766981826,2.9488399762,0.661772973,0.508,0.1397712417,-0.045177544,2.94127744,0.296869778,0.508,0.1397712417,-0.045177544,2.94127744,0.296869778
