Instance,INF_avg,INF_sd,INF_r1,INF_kr,INF_sk,SUP_avg,SUP_sd,SUP_r1,SUP_kr,SUP_sk,INC_avg,INC_sd,INC_r1,INC_kr,INC_sk,IND_avg,IND_sd,IND_r1,IND_kr,IND_sk
90,0.36875,0.1321398407,0.2502878195,4.7382700479,0.2012561813,0.284375,0.1258952317,0.7376604286,2.9492302769,-0.2091307023,0.346875,0.0738849401,-0.2093129946,4.0840531104,-0.8221517563,0.346875,0.0738849401,-0.2093129946,4.0840531104,-0.8221517563
