Instance,INF_avg,INF_sd,INF_r1,INF_kr,INF_sk,SUP_avg,SUP_sd,SUP_r1,SUP_kr,SUP_sk,INC_avg,INC_sd,INC_r1,INC_kr,INC_sk,IND_avg,IND_sd,IND_r1,IND_kr,IND_sk
119,0.27,0.0883176087,0.0559246955,3.2001972387,0.9058216273,0.306,0.0983056458,-0.0232197839,2.7066438972,0.1482401907,0.424,0.0949947367,0.1136813796,2.8590802777,-0.0041435666,0.424,0.0949947367,0.1136813796,2.8590802777,-0.0041435666
