Instance,INF_avg,INF_sd,INF_r1,INF_kr,INF_sk,SUP_avg,SUP_sd,SUP_r1,SUP_kr,SUP_sk,INC_avg,INC_sd,INC_r1,INC_kr,INC_sk,IND_avg,IND_sd,IND_r1,IND_kr,IND_sk
141,0.27,0.1396424004,0.0900210786,2.4545167653,0.0594926203,0.277,0.1347998516,0.0361817196,2.5082716432,0.2269760274,0.453,0.1472786475,0.1597512887,3.1628760861,0.129046288,0.453,0.1472786475,0.1597512887,3.1628760861,0.129046288
