Instance,INF_avg,INF_sd,INF_r1,INF_kr,INF_sk,SUP_avg,SUP_sd,SUP_r1,SUP_kr,SUP_sk,INC_avg,INC_sd,INC_r1,INC_kr,INC_sk,IND_avg,IND_sd,IND_r1,IND_kr,IND_sk
108,0.28,0.1720465053,-0.5060240964,1.9945215486,-0.3958703373,0.22,0.1469693846,-0.1524163569,2.8127572016,1.1642636432,0.5,0.1095445115,-0.5,2.5,-0.9128709292,0.5,0.1095445115,-0.5,2.5,-0.9128709292
