Instance,INF_avg,INF_sd,INF_r1,INF_kr,INF_sk,SUP_avg,SUP_sd,SUP_r1,SUP_kr,SUP_sk,INC_avg,INC_sd,INC_r1,INC_kr,INC_sk,IND_avg,IND_sd,IND_r1,IND_kr,IND_sk
127,0.3501030928,0.0813354369,0.64682852,2.6417416749,0.292406558,0.1221649485,0.0637120909,0.7731193051,2.4200451658,0.4930850971,0.5277319588,0.0531484045,0.0871275463,2.8163097938,-0.1729437783,0.5277319588,0.0531484045,0.0871275463,2.8163097938,-0.1729437783
