Instance,INF_avg,INF_sd,INF_r1,INF_kr,INF_sk,SUP_avg,SUP_sd,SUP_r1,SUP_kr,SUP_sk,INC_avg,INC_sd,INC_r1,INC_kr,INC_sk,IND_avg,IND_sd,IND_r1,IND_kr,IND_sk
67,0.3,0.1095445115,-0.4,2.5,0.9128709292,0.22,0.1469693846,-0.3197026022,2.8127572016,1.1642636432,0.48,0.16,-0.0563380282,2.078125,-0.84375,0.48,0.16,-0.0563380282,2.078125,-0.84375
