Instance,INF_avg,INF_sd,INF_r1,INF_kr,INF_sk,SUP_avg,SUP_sd,SUP_r1,SUP_kr,SUP_sk,INC_avg,INC_sd,INC_r1,INC_kr,INC_sk,IND_avg,IND_sd,IND_r1,IND_kr,IND_sk
109,0.258,0.0942655823,0.0500577644,2.9546171378,0.3417012625,0.2235,0.0801420614,-0.0635562599,2.5275728739,0.0689061895,0.5185,0.1117262279,0.0059006294,3.5305037537,0.290126974,0.5185,0.1117262279,0.0059006294,3.5305037537,0.290126974
