Instance,INF_avg,INF_sd,INF_r1,INF_kr,INF_sk,SUP_avg,SUP_sd,SUP_r1,SUP_kr,SUP_sk,INC_avg,INC_sd,INC_r1,INC_kr,INC_sk,IND_avg,IND_sd,IND_r1,IND_kr,IND_sk
51,0.22,0.0842614977,0.4079885877,2.7230708193,0.6117775872,0.38,0.1345362405,-0.1103633917,1.7739690486,0.1207339663,0.4,0.1118033989,0.0487804878,1.88,-0.0536656315,0.4,0.1118033989,0.0487804878,1.88,-0.0536656315
