Instance,INF_avg,INF_sd,INF_r1,INF_kr,INF_sk,SUP_avg,SUP_sd,SUP_r1,SUP_kr,SUP_sk,INC_avg,INC_sd,INC_r1,INC_kr,INC_sk,IND_avg,IND_sd,IND_r1,IND_kr,IND_sk
221,0.26,0.020976177,-0.1666666667,2.8305785124,-1.1701586323,0.302,0.0453431362,-1.0292106899,1.3488546382,-0.1946248862,0.438,0.0435430821,-0.9414204251,1.2147358863,-0.4023368694,0.438,0.0435430821,-0.9414204251,1.2147358863,-0.4023368694
