Instance,INF_avg,INF_sd,INF_r1,INF_kr,INF_sk,SUP_avg,SUP_sd,SUP_r1,SUP_kr,SUP_sk,INC_avg,INC_sd,INC_r1,INC_kr,INC_sk,IND_avg,IND_sd,IND_r1,IND_kr,IND_sk
101,0.2515,0.0350891721,0.0445065332,3.1910121054,-0.0883955278,0.22905,0.0300973005,0.0342152336,3.8554344476,0.5637110575,0.51945,0.0360755804,-0.0075906861,4.2407145486,0.5960814114,0.51945,0.0360755804,-0.0075906861,4.2407145486,0.5960814114
