Instance,INF_avg,INF_sd,INF_r1,INF_kr,INF_sk,SUP_avg,SUP_sd,SUP_r1,SUP_kr,SUP_sk,INC_avg,INC_sd,INC_r1,INC_kr,INC_sk,IND_avg,IND_sd,IND_r1,IND_kr,IND_sk
277,0.2405,0.0242332416,-0.0996636724,1.4804261698,-0.0083269089,0.2585,0.0291590466,-0.1820657697,1.7680685438,0.0107693949,0.501,0.0392300905,-0.1078604973,1.5029999734,-0.1443972542,0.501,0.0392300905,-0.1078604973,1.5029999734,-0.1443972542
