Instance,INF_avg,INF_sd,INF_r1,INF_kr,INF_sk,SUP_avg,SUP_sd,SUP_r1,SUP_kr,SUP_sk,INC_avg,INC_sd,INC_r1,INC_kr,INC_sk,IND_avg,IND_sd,IND_r1,IND_kr,IND_sk
196,0.3815909091,0.0898519788,0.6736759125,2.5392589982,0.2071876144,0.1190909091,0.0812297019,0.7996684868,2.8882778689,0.8176866633,0.4993181818,0.0526824849,0.1257091557,2.772053397,-0.3212522644,0.4993181818,0.0526824849,0.1257091557,2.772053397,-0.3212522644
