Instance,INF_avg,INF_sd,INF_r1,INF_kr,INF_sk,SUP_avg,SUP_sd,SUP_r1,SUP_kr,SUP_sk,INC_avg,INC_sd,INC_r1,INC_kr,INC_sk,IND_avg,IND_sd,IND_r1,IND_kr,IND_sk
173,0.2156,0.064534022,0.1853349755,2.596668664,0.2018835997,0.2324,0.0515193168,-0.0114818181,2.4561780957,0.1146344675,0.552,0.0700856619,0.2247950525,2.9102802152,-0.3346300528,0.552,0.0700856619,0.2247950525,2.9102802152,-0.3346300528
