Instance,INF_avg,INF_sd,INF_r1,INF_kr,INF_sk,SUP_avg,SUP_sd,SUP_r1,SUP_kr,SUP_sk,INC_avg,INC_sd,INC_r1,INC_kr,INC_sk,IND_avg,IND_sd,IND_r1,IND_kr,IND_sk
86,0.2795,0.0959413884,-0.0546309511,2.9299204414,0.363437046,0.2245,0.0970811516,0.0351442771,2.9445139348,0.3675818588,0.496,0.1057544325,-0.1440215821,2.558360119,-0.1675981659,0.496,0.1057544325,-0.1440215821,2.558360119,-0.1675981659
