Instance,INF_avg,INF_sd,INF_r1,INF_kr,INF_sk,SUP_avg,SUP_sd,SUP_r1,SUP_kr,SUP_sk,INC_avg,INC_sd,INC_r1,INC_kr,INC_sk,IND_avg,IND_sd,IND_r1,IND_kr,IND_sk
123,0.244,0.0327719392,-0.4787205205,2.0447083424,-0.4077612986,0.248,0.0186010752,-0.2790697674,1.9563132748,-0.033561364,0.508,0.016,-0.4896489649,2.0369262695,0.5844726562,0.508,0.016,-0.4896489649,2.0369262695,0.5844726562
