Instance,INF_avg,INF_sd,INF_r1,INF_kr,INF_sk,SUP_avg,SUP_sd,SUP_r1,SUP_kr,SUP_sk,INC_avg,INC_sd,INC_r1,INC_kr,INC_sk,IND_avg,IND_sd,IND_r1,IND_kr,IND_sk
73,0.245,0.0341320963,0.2173913043,2.0671775129,-0.2791477237,0.214,0.0514198405,-0.0702420503,5.1837448875,1.6447320713,0.541,0.0510783712,-0.2691947823,4.1037674964,-0.7963772797,0.541,0.0510783712,-0.2691947823,4.1037674964,-0.7963772797
