Instance,INF_avg,INF_sd,INF_r1,INF_kr,INF_sk,SUP_avg,SUP_sd,SUP_r1,SUP_kr,SUP_sk,INC_avg,INC_sd,INC_r1,INC_kr,INC_sk,IND_avg,IND_sd,IND_r1,IND_kr,IND_sk
122,0.254,0.113507709,0.1798644472,2.8502101382,0.2087808007,0.192,0.094,0.1780050584,3.2514332392,0.3763327972,0.554,0.1195156893,0.2658772687,4.1352303525,0.5731898548,0.554,0.1195156893,0.2658772687,4.1352303525,0.5731898548
