Instance,INF_avg,INF_sd,INF_r1,INF_kr,INF_sk,SUP_avg,SUP_sd,SUP_r1,SUP_kr,SUP_sk,INC_avg,INC_sd,INC_r1,INC_kr,INC_sk,IND_avg,IND_sd,IND_r1,IND_kr,IND_sk
249,0.266,0.1137717012,0.1239471119,5.1230872248,1.0895868827,0.251,0.1206192356,0.1489379819,2.1467614488,-0.1602083998,0.483,0.1147214017,-0.0071745407,2.4257379895,0.1017479658,0.483,0.1147214017,-0.0071745407,2.4257379895,0.1017479658
