Instance,INF_avg,INF_sd,INF_r1,INF_kr,INF_sk,SUP_avg,SUP_sd,SUP_r1,SUP_kr,SUP_sk,INC_avg,INC_sd,INC_r1,INC_kr,INC_sk,IND_avg,IND_sd,IND_r1,IND_kr,IND_sk
15,0.26,0.1,-0.0251402244,2.7223,0.1815,0.2745,0.1089713265,0.162744963,3.3448965136,0.1845041813,0.4655,0.1303255539,0.1833092583,2.4155660434,-0.1444580833,0.4655,0.1303255539,0.1833092583,2.4155660434,-0.1444580833
