Instance,INF_avg,INF_sd,INF_r1,INF_kr,INF_sk,SUP_avg,SUP_sd,SUP_r1,SUP_kr,SUP_sk,INC_avg,INC_sd,INC_r1,INC_kr,INC_sk,IND_avg,IND_sd,IND_r1,IND_kr,IND_sk
255,0.25,0.0392428337,-0.137254902,3.3639736886,-0.7942553633,0.314,0.0721387552,-0.016429526,3.8319113601,-0.0759489459,0.436,0.0649923072,-0.0330261137,3.5147210744,0.4762801441,0.436,0.0649923072,-0.0330261137,3.5147210744,0.4762801441
