Instance,INF_avg,INF_sd,INF_r1,INF_kr,INF_sk,SUP_avg,SUP_sd,SUP_r1,SUP_kr,SUP_sk,INC_avg,INC_sd,INC_r1,INC_kr,INC_sk,IND_avg,IND_sd,IND_r1,IND_kr,IND_sk
108,0.31,0.0627694193,-0.4452926209,1.8064108841,0.0388174409,0.226,0.0429418211,0.0982602303,1.8357574075,0.0327335888,0.464,0.0643739078,0.1929055401,3.1776061776,-0.792426385,0.464,0.0643739078,0.1929055401,3.1776061776,-0.792426385
