Instance,INF_avg,INF_sd,INF_r1,INF_kr,INF_sk,SUP_avg,SUP_sd,SUP_r1,SUP_kr,SUP_sk,INC_avg,INC_sd,INC_r1,INC_kr,INC_sk,IND_avg,IND_sd,IND_r1,IND_kr,IND_sk
125,0.2615,0.0976870002,-0.1204714607,3.0908965406,0.6093141527,0.299,0.0924608025,-0.0002467775,2.2961671511,0.3139336024,0.4395,0.1015615577,0.0087595067,2.3932694571,0.1000611334,0.4395,0.1015615577,0.0087595067,2.3932694571,0.1000611334
