Instance,INF_avg,INF_sd,INF_r1,INF_kr,INF_sk,SUP_avg,SUP_sd,SUP_r1,SUP_kr,SUP_sk,INC_avg,INC_sd,INC_r1,INC_kr,INC_sk,IND_avg,IND_sd,IND_r1,IND_kr,IND_sk
283,0.3545714286,0.0816908058,0.4761994113,2.6852216522,-0.0043274656,0.1265714286,0.059495155,0.5517468874,3.0284180656,0.4775204186,0.5188571429,0.0675181004,0.0272028386,2.9445484964,0.1517799611,0.5188571429,0.0675181004,0.0272028386,2.9445484964,0.1517799611
