Instance,INF_avg,INF_sd,INF_r1,INF_kr,INF_sk,SUP_avg,SUP_sd,SUP_r1,SUP_kr,SUP_sk,INC_avg,INC_sd,INC_r1,INC_kr,INC_sk,IND_avg,IND_sd,IND_r1,IND_kr,IND_sk
105,0.2904,0.0744301014,-0.147418615,1.932678144,0.0677905323,0.2384,0.0587659766,-0.1182464026,3.4776141732,0.6934921515,0.4712,0.0676650575,0.2310157001,1.8551217049,0.2880342168,0.4712,0.0676650575,0.2310157001,1.8551217049,0.2880342168
