Instance,INF_avg,INF_sd,INF_r1,INF_kr,INF_sk,SUP_avg,SUP_sd,SUP_r1,SUP_kr,SUP_sk,INC_avg,INC_sd,INC_r1,INC_kr,INC_sk,IND_avg,IND_sd,IND_r1,IND_kr,IND_sk
187,0.2942,0.0401977611,0.195411329,2.5752468464,0.2298332128,0.2428,0.0411054741,0.4110061043,2.5889928485,0.0023742815,0.463,0.0372625818,0.073327758,3.0070919245,-0.1802988637,0.463,0.0372625818,0.073327758,3.0070919245,-0.1802988637
