Instance,INF_avg,INF_sd,INF_r1,INF_kr,INF_sk,SUP_avg,SUP_sd,SUP_r1,SUP_kr,SUP_sk,INC_avg,INC_sd,INC_r1,INC_kr,INC_sk,IND_avg,IND_sd,IND_r1,IND_kr,IND_sk
168,0.299,0.0188148877,-0.5108323831,2.8998850905,1.1692868076,0.208,0.0211187121,0.3702290076,2.4161052907,-0.8351253254,0.493,0.0332565783,0.0361125863,2.373738183,-0.6322696396,0.493,0.0332565783,0.0361125863,2.373738183,-0.6322696396
