Instance,INF_avg,INF_sd,INF_r1,INF_kr,INF_sk,SUP_avg,SUP_sd,SUP_r1,SUP_kr,SUP_sk,INC_avg,INC_sd,INC_r1,INC_kr,INC_sk,IND_avg,IND_sd,IND_r1,IND_kr,IND_sk
118,0.251,0.0415812458,-0.105514138,2.2272314456,0.3632015115,0.263,0.0392555729,-0.0022297852,2.6053423597,-0.9190509497,0.486,0.0558927544,0.040686079,3.2496618636,-0.0999261407,0.486,0.0558927544,0.040686079,3.2496618636,-0.0999261407
