Instance,INF_avg,INF_sd,INF_r1,INF_kr,INF_sk,SUP_avg,SUP_sd,SUP_r1,SUP_kr,SUP_sk,INC_avg,INC_sd,INC_r1,INC_kr,INC_sk,IND_avg,IND_sd,IND_r1,IND_kr,IND_sk
126,0.27,0.0979795897,-0.5384615385,1.1666666667,-0.4082482905,0.31,0.0663324958,0.2465753425,2.2169421488,-0.3700366502,0.42,0.0871779789,-0.5256797583,1.7957063712,0.0543353054,0.42,0.0871779789,-0.5256797583,1.7957063712,0.0543353054
