Instance,INF_avg,INF_sd,INF_r1,INF_kr,INF_sk,SUP_avg,SUP_sd,SUP_r1,SUP_kr,SUP_sk,INC_avg,INC_sd,INC_r1,INC_kr,INC_sk,IND_avg,IND_sd,IND_r1,IND_kr,IND_sk
98,0.236,0.0378417759,-0.1014383043,2.4700383883,-0.2559909153,0.2588,0.0502250933,0.3468504138,2.8960670107,-0.5979444399,0.5052,0.0400119982,-0.1162848376,2.1967245597,0.294179199,0.5052,0.0400119982,-0.1162848376,2.1967245597,0.294179199
