Instance,INF_avg,INF_sd,INF_r1,INF_kr,INF_sk,SUP_avg,SUP_sd,SUP_r1,SUP_kr,SUP_sk,INC_avg,INC_sd,INC_r1,INC_kr,INC_sk,IND_avg,IND_sd,IND_r1,IND_kr,IND_sk
23,0.252,0.0483321839,-0.6934046346,1.323043723,0.3877276903,0.284,0.0823650411,-0.3617463617,2.2821288715,-0.6927284075,0.464,0.0463033476,0.1330343797,2.1988193362,0.3365218792,0.464,0.0463033476,0.1330343797,2.1988193362,0.3365218792
