Instance,INF_avg,INF_sd,INF_r1,INF_kr,INF_sk,SUP_avg,SUP_sd,SUP_r1,SUP_kr,SUP_sk,INC_avg,INC_sd,INC_r1,INC_kr,INC_sk,IND_avg,IND_sd,IND_r1,IND_kr,IND_sk
150,0.2448,0.0646912668,-0.2090884874,3.0119011132,0.3549878285,0.2368,0.0593781104,-0.0775126625,2.4672166185,0.1648892994,0.5184,0.0653409519,-0.1919534823,3.2617071352,0.2260371084,0.5184,0.0653409519,-0.1919534823,3.2617071352,0.2260371084
