Instance,INF_avg,INF_sd,INF_r1,INF_kr,INF_sk,SUP_avg,SUP_sd,SUP_r1,SUP_kr,SUP_sk,INC_avg,INC_sd,INC_r1,INC_kr,INC_sk,IND_avg,IND_sd,IND_r1,IND_kr,IND_sk
33,0.2385,0.1097394642,0.2322118439,3.0417844611,0.498080521,0.309,0.1098590005,0.1869585337,2.8215575298,-0.0992481812,0.4525,0.1279404158,0.1481104195,3.7397514069,0.5997297048,0.4525,0.1279404158,0.1481104195,3.7397514069,0.5997297048
