Instance,INF_avg,INF_sd,INF_r1,INF_kr,INF_sk,SUP_avg,SUP_sd,SUP_r1,SUP_kr,SUP_sk,INC_avg,INC_sd,INC_r1,INC_kr,INC_sk,IND_avg,IND_sd,IND_r1,IND_kr,IND_sk
68,0.262,0.1138244262,0.3270839563,3.4219781661,0.4962713783,0.259,0.0914822387,0.3649294462,2.3598177765,-0.2079269998,0.479,0.1326989073,0.352723767,3.4649853725,-0.1728389841,0.479,0.1326989073,0.352723767,3.4649853725,-0.1728389841
