Instance,INF_avg,INF_sd,INF_r1,INF_kr,INF_sk,SUP_avg,SUP_sd,SUP_r1,SUP_kr,SUP_sk,INC_avg,INC_sd,INC_r1,INC_kr,INC_sk,IND_avg,IND_sd,IND_r1,IND_kr,IND_sk
256,0.2523,0.0408376052,-0.0236473491,2.2989007797,0.0403879684,0.2394,0.0417808569,-0.0340997966,3.6996247893,0.4346700085,0.5083,0.0495793304,0.0633878078,3.2159451429,-0.3829340412,0.5083,0.0495793304,0.0633878078,3.2159451429,-0.3829340412
