Instance,INF_avg,INF_sd,INF_r1,INF_kr,INF_sk,SUP_avg,SUP_sd,SUP_r1,SUP_kr,SUP_sk,INC_avg,INC_sd,INC_r1,INC_kr,INC_sk,IND_avg,IND_sd,IND_r1,IND_kr,IND_sk
17,0.2521,0.0490162218,0.2297362421,2.0715762402,0.0795172732,0.2297,0.0501089812,0.3569941723,3.1142729029,0.2299319923,0.5182,0.055522608,0.1822480623,3.2509664311,0.3153296881,0.5182,0.055522608,0.1822480623,3.2509664311,0.3153296881
