Instance,INF_avg,INF_sd,INF_r1,INF_kr,INF_sk,SUP_avg,SUP_sd,SUP_r1,SUP_kr,SUP_sk,INC_avg,INC_sd,INC_r1,INC_kr,INC_sk,IND_avg,IND_sd,IND_r1,IND_kr,IND_sk
296,0.3349367089,0.0996941324,0.5753112938,3.0279931192,0.1406404867,0.1270886076,0.0752405745,0.5912991971,3.9122459472,0.8486552349,0.5379746835,0.0729553313,-0.0804600728,2.5305693851,-0.1206336444,0.5379746835,0.0729553313,-0.0804600728,2.5305693851,-0.1206336444
