Instance,INF_avg,INF_sd,INF_r1,INF_kr,INF_sk,SUP_avg,SUP_sd,SUP_r1,SUP_kr,SUP_sk,INC_avg,INC_sd,INC_r1,INC_kr,INC_sk,IND_avg,IND_sd,IND_r1,IND_kr,IND_sk
95,0.228,0.0574108004,0.1045548654,1.4902912621,-0.5053005453,0.328,0.0765245059,-0.043833581,2.1610230225,0.6778070876,0.444,0.0527636238,0.0504451039,1.8008323424,-0.3476794476,0.444,0.0527636238,0.0504451039,1.8008323424,-0.3476794476
