Instance,INF_avg,INF_sd,INF_r1,INF_kr,INF_sk,SUP_avg,SUP_sd,SUP_r1,SUP_kr,SUP_sk,INC_avg,INC_sd,INC_r1,INC_kr,INC_sk,IND_avg,IND_sd,IND_r1,IND_kr,IND_sk
103,0.27,0.1445683229,-0.0508604942,2.0651770793,0.2144645802,0.246,0.1359558752,0.0289387952,3.0763642135,0.5618254207,0.484,0.1579366962,0.0218392146,3.6226602882,-0.2839373745,0.484,0.1579366962,0.0218392146,3.6226602882,-0.2839373745
