Instance,INF_avg,INF_sd,INF_r1,INF_kr,INF_sk,SUP_avg,SUP_sd,SUP_r1,SUP_kr,SUP_sk,INC_avg,INC_sd,INC_r1,INC_kr,INC_sk,IND_avg,IND_sd,IND_r1,IND_kr,IND_sk
23,0.225,0.0680073525,-0.4520547945,4.6932067202,-1.4306879133,0.295,0.1082820391,-0.5254979208,3.5416141952,0.9558076531,0.48,0.092736185,-0.0301507538,4.1863169281,-1.2864700617,0.48,0.092736185,-0.0301507538,4.1863169281,-1.2864700617
