Instance,INF_avg,INF_sd,INF_r1,INF_kr,INF_sk,SUP_avg,SUP_sd,SUP_r1,SUP_kr,SUP_sk,INC_avg,INC_sd,INC_r1,INC_kr,INC_sk,IND_avg,IND_sd,IND_r1,IND_kr,IND_sk
234,0.2753,0.0511557426,0.0798499802,3.2286071097,0.0012867262,0.2508,0.0415615207,0.0215793435,3.0241642353,0.1146904593,0.4739,0.0500178968,0.1757828662,3.4087194283,0.3695209675,0.4739,0.0500178968,0.1757828662,3.4087194283,0.3695209675
