Instance,INF_avg,INF_sd,INF_r1,INF_kr,INF_sk,SUP_avg,SUP_sd,SUP_r1,SUP_kr,SUP_sk,INC_avg,INC_sd,INC_r1,INC_kr,INC_sk,IND_avg,IND_sd,IND_r1,IND_kr,IND_sk
56,0.304,0.1117318218,0.0474376687,4.3950472048,0.6309794245,0.2325,0.1040132203,0.2173958839,2.9903863386,0.0973912993,0.4635,0.1397953862,0.2026872843,2.8197848853,0.067646112,0.4635,0.1397953862,0.2026872843,2.8197848853,0.067646112
