Instance,INF_avg,INF_sd,INF_r1,INF_kr,INF_sk,SUP_avg,SUP_sd,SUP_r1,SUP_kr,SUP_sk,INC_avg,INC_sd,INC_r1,INC_kr,INC_sk,IND_avg,IND_sd,IND_r1,IND_kr,IND_sk
82,0.2744,0.046006956,0.2348465026,3.6509337791,-0.5642302304,0.2704,0.0509886262,-0.0205297531,3.1643941743,0.2528632621,0.4552,0.0534879426,-0.0780792421,3.1073804983,0.1923088221,0.4552,0.0534879426,-0.0780792421,3.1073804983,0.1923088221
