Instance,INF_avg,INF_sd,INF_r1,INF_kr,INF_sk,SUP_avg,SUP_sd,SUP_r1,SUP_kr,SUP_sk,INC_avg,INC_sd,INC_r1,INC_kr,INC_sk,IND_avg,IND_sd,IND_r1,IND_kr,IND_sk
210,0.2144,0.0549967272,0.3052510297,2.438810685,0.3507737681,0.2744,0.0516975821,0.3334198086,2.2731020445,0.5184661867,0.5112,0.0590809614,0.0313204503,7.3164308913,-1.6151616404,0.5112,0.0590809614,0.0313204503,7.3164308913,-1.6151616404
