Instance,INF_avg,INF_sd,INF_r1,INF_kr,INF_sk,SUP_avg,SUP_sd,SUP_r1,SUP_kr,SUP_sk,INC_avg,INC_sd,INC_r1,INC_kr,INC_sk,IND_avg,IND_sd,IND_r1,IND_kr,IND_sk
86,0.5283913043,0.0926905741,0.8470900429,2.9181992365,-0.7508759531,0.0843913043,0.0704554988,0.9200449886,3.1622889366,1.0003149899,0.3872173913,0.0384492399,0.2381723857,2.614116398,0.2325606269,0.3872173913,0.0384492399,0.2381723857,2.614116398,0.2325606269
