Instance,INF_avg,INF_sd,INF_r1,INF_kr,INF_sk,SUP_avg,SUP_sd,SUP_r1,SUP_kr,SUP_sk,INC_avg,INC_sd,INC_r1,INC_kr,INC_sk,IND_avg,IND_sd,IND_r1,IND_kr,IND_sk
43,0.26,0.0979795897,-0.0318791946,3.1666666667,-0.4082482905,0.256,0.1601998752,-0.3288226319,6.0853757128,1.2630418839,0.484,0.1713009048,-0.3923451298,3.8874280672,-0.3714980367,0.484,0.1713009048,-0.3923451298,3.8874280672,-0.3714980367
