Instance,INF_avg,INF_sd,INF_r1,INF_kr,INF_sk,SUP_avg,SUP_sd,SUP_r1,SUP_kr,SUP_sk,INC_avg,INC_sd,INC_r1,INC_kr,INC_sk,IND_avg,IND_sd,IND_r1,IND_kr,IND_sk
68,0.284,0.1460958589,0.1109795168,3.0127357611,0.5479345896,0.226,0.1338805438,0.0232664664,2.6078726808,0.2685163765,0.49,0.1734935157,0.0319286541,3.2521605722,-0.1217888059,0.49,0.1734935157,0.0319286541,3.2521605722,-0.1217888059
