Instance,INF_avg,INF_sd,INF_r1,INF_kr,INF_sk,SUP_avg,SUP_sd,SUP_r1,SUP_kr,SUP_sk,INC_avg,INC_sd,INC_r1,INC_kr,INC_sk,IND_avg,IND_sd,IND_r1,IND_kr,IND_sk
76,0.21705,0.0357358014,0.1230917017,3.3614751015,0.3626233287,0.27035,0.035806808,0.2131194836,2.6986023111,0.2588817201,0.5126,0.0427462279,0.1558106773,2.6477252349,-0.5456900284,0.5126,0.0427462279,0.1558106773,2.6477252349,-0.5456900284
