Instance,INF_avg,INF_sd,INF_r1,INF_kr,INF_sk,SUP_avg,SUP_sd,SUP_r1,SUP_kr,SUP_sk,INC_avg,INC_sd,INC_r1,INC_kr,INC_sk,IND_avg,IND_sd,IND_r1,IND_kr,IND_sk
59,0.275,0.116368667,-0.1396648045,2.2828402367,0.1784778609,0.2416666667,0.1320248293,0.0492860433,1.8524944049,-0.145350743,0.4833333333,0.1343709625,0.0526315789,2.8707692308,-0.1068606944,0.4833333333,0.1343709625,0.0526315789,2.8707692308,-0.1068606944
