Instance,INF_avg,INF_sd,INF_r1,INF_kr,INF_sk,SUP_avg,SUP_sd,SUP_r1,SUP_kr,SUP_sk,INC_avg,INC_sd,INC_r1,INC_kr,INC_sk,IND_avg,IND_sd,IND_r1,IND_kr,IND_sk
108,0.214,0.0288790582,-0.1403508772,2.7297327606,-1.0243662952,0.267,0.0191311265,-0.0229445507,2.4835169757,-0.3076267313,0.519,0.0241660919,0.0173796791,1.3045716832,0.2180968258,0.519,0.0241660919,0.0173796791,1.3045716832,0.2180968258
