Instance,INF_avg,INF_sd,INF_r1,INF_kr,INF_sk,SUP_avg,SUP_sd,SUP_r1,SUP_kr,SUP_sk,INC_avg,INC_sd,INC_r1,INC_kr,INC_sk,IND_avg,IND_sd,IND_r1,IND_kr,IND_sk
119,0.5337711864,0.1359413764,0.9377078019,1.8998185798,-0.2929211399,0.0759745763,0.0682693397,0.907098104,3.5558680015,1.1572878519,0.3902542373,0.0787369776,0.8123829766,2.0847635312,-0.0718879961,0.3902542373,0.0787369776,0.8123829766,2.0847635312,-0.0718879961
