Instance,INF_avg,INF_sd,INF_r1,INF_kr,INF_sk,SUP_avg,SUP_sd,SUP_r1,SUP_kr,SUP_sk,INC_avg,INC_sd,INC_r1,INC_kr,INC_sk,IND_avg,IND_sd,IND_r1,IND_kr,IND_sk
79,0.2478,0.0696789782,0.1292834969,3.1225003124,0.2097373966,0.3004,0.0742417672,0.2388378326,2.7288025672,0.1390628355,0.4518,0.0810478871,0.2008165911,3.292565461,0.247909093,0.4518,0.0810478871,0.2008165911,3.292565461,0.247909093
