Instance,INF_avg,INF_sd,INF_r1,INF_kr,INF_sk,SUP_avg,SUP_sd,SUP_r1,SUP_kr,SUP_sk,INC_avg,INC_sd,INC_r1,INC_kr,INC_sk,IND_avg,IND_sd,IND_r1,IND_kr,IND_sk
175,0.26,0.0451663592,-0.4653465347,2.592272203,0.6381636675,0.28,0.0289827535,-0.487804878,2.5,0.492903971,0.46,0.020976177,-0.1111111111,2.8305785124,-1.1701586323,0.46,0.020976177,-0.1111111111,2.8305785124,-1.1701586323
