Instance,INF_avg,INF_sd,INF_r1,INF_kr,INF_sk,SUP_avg,SUP_sd,SUP_r1,SUP_kr,SUP_sk,INC_avg,INC_sd,INC_r1,INC_kr,INC_sk,IND_avg,IND_sd,IND_r1,IND_kr,IND_sk
266,0.244,0.1089219904,-0.0206280146,2.0429650219,-0.3104908852,0.32,0.12,-0.4262455226,1.9282407407,0.0972222222,0.436,0.1135957746,-0.176571173,2.9511192193,0.3272608476,0.436,0.1135957746,-0.176571173,2.9511192193,0.3272608476
