Instance,INF_avg,INF_sd,INF_r1,INF_kr,INF_sk,SUP_avg,SUP_sd,SUP_r1,SUP_kr,SUP_sk,INC_avg,INC_sd,INC_r1,INC_kr,INC_sk,IND_avg,IND_sd,IND_r1,IND_kr,IND_sk
153,0.618125,0.1261308225,0.4675258066,2.544802337,-0.3302855495,0.155,0.0878919792,0.5241402487,2.4053476608,0.3358049664,0.226875,0.0746004985,0.2972833688,2.1874098115,0.0364720883,0.226875,0.0746004985,0.2972833688,2.1874098115,0.0364720883
