Instance,INF_avg,INF_sd,INF_r1,INF_kr,INF_sk,SUP_avg,SUP_sd,SUP_r1,SUP_kr,SUP_sk,INC_avg,INC_sd,INC_r1,INC_kr,INC_sk,IND_avg,IND_sd,IND_r1,IND_kr,IND_sk
3,0.26,0.2059126028,0.1094420601,1.3209327163,0.1319482681,0.3,0.2828427125,-0.0,2.2625,0.7954951288,0.44,0.1356465997,-0.4932126697,2.3638941399,-0.7500308204,0.44,0.1356465997,-0.4932126697,2.3638941399,-0.7500308204
