Instance,INF_avg,INF_sd,INF_r1,INF_kr,INF_sk,SUP_avg,SUP_sd,SUP_r1,SUP_kr,SUP_sk,INC_avg,INC_sd,INC_r1,INC_kr,INC_sk,IND_avg,IND_sd,IND_r1,IND_kr,IND_sk
33,0.2904,0.0720266617,0.1546120377,3.923837886,0.1607185102,0.2464,0.0692173389,0.1236801687,3.628969499,0.0016581719,0.4632,0.083843664,0.2944781925,3.2063682048,0.4772330118,0.4632,0.083843664,0.2944781925,3.2063682048,0.4772330118
