Instance,INF_avg,INF_sd,INF_r1,INF_kr,INF_sk,SUP_avg,SUP_sd,SUP_r1,SUP_kr,SUP_sk,INC_avg,INC_sd,INC_r1,INC_kr,INC_sk,IND_avg,IND_sd,IND_r1,IND_kr,IND_sk
17,0.2405,0.0269675731,-0.064108464,3.6796765553,1.0501898857,0.218,0.0236854386,-0.3880218494,2.1679106256,0.4928680868,0.5415,0.0352881,-0.5667363593,1.7863430927,-0.3588666477,0.5415,0.0352881,-0.5667363593,1.7863430927,-0.3588666477
