Instance,INF_avg,INF_sd,INF_r1,INF_kr,INF_sk,SUP_avg,SUP_sd,SUP_r1,SUP_kr,SUP_sk,INC_avg,INC_sd,INC_r1,INC_kr,INC_sk,IND_avg,IND_sd,IND_r1,IND_kr,IND_sk
237,0.21,0.1135781669,0.0736145575,2.2460789616,-0.1965657837,0.27,0.1268857754,-0.4285714286,3.269048262,-0.3054539711,0.52,0.0979795897,-0.2343096234,1.9479166667,0.2296396634,0.52,0.0979795897,-0.2343096234,1.9479166667,0.2296396634
