Instance,INF_avg,INF_sd,INF_r1,INF_kr,INF_sk,SUP_avg,SUP_sd,SUP_r1,SUP_kr,SUP_sk,INC_avg,INC_sd,INC_r1,INC_kr,INC_sk,IND_avg,IND_sd,IND_r1,IND_kr,IND_sk
65,0.2756,0.0411902901,0.2812490299,2.5120148892,-0.3439813368,0.2308,0.0344,0.0226184988,2.4068206222,0.3154061906,0.4936,0.0438980637,0.0848291681,5.3598149363,-1.3374422667,0.4936,0.0438980637,0.0848291681,5.3598149363,-1.3374422667
