Instance,INF_avg,INF_sd,INF_r1,INF_kr,INF_sk,SUP_avg,SUP_sd,SUP_r1,SUP_kr,SUP_sk,INC_avg,INC_sd,INC_r1,INC_kr,INC_sk,IND_avg,IND_sd,IND_r1,IND_kr,IND_sk
78,0.232,0.0722218803,-0.2023370234,2.5078286725,0.6819475415,0.244,0.0557135531,-0.3957597173,2.190509087,0.6261779404,0.524,0.0344093011,-0.4878892734,2.6519357195,-1.017952296,0.524,0.0344093011,-0.4878892734,2.6519357195,-1.017952296
