Instance,INF_avg,INF_sd,INF_r1,INF_kr,INF_sk,SUP_avg,SUP_sd,SUP_r1,SUP_kr,SUP_sk,INC_avg,INC_sd,INC_r1,INC_kr,INC_sk,IND_avg,IND_sd,IND_r1,IND_kr,IND_sk
191,0.223,0.0335559235,-0.0307087451,1.9868835754,0.1816643415,0.2655,0.0416803311,-0.0952637684,2.6208814167,0.5587207846,0.5115,0.0525380814,0.1915883714,3.3424836203,-0.5151903677,0.5115,0.0525380814,0.1915883714,3.3424836203,-0.5151903677
