Instance,INF_avg,INF_sd,INF_r1,INF_kr,INF_sk,SUP_avg,SUP_sd,SUP_r1,SUP_kr,SUP_sk,INC_avg,INC_sd,INC_r1,INC_kr,INC_sk,IND_avg,IND_sd,IND_r1,IND_kr,IND_sk
18,0.4833333333,0.1472007322,0.9402077567,1.918504583,-0.1158834256,0.0855357143,0.0762983565,0.9034452526,3.2454651128,1.0670599233,0.4311309524,0.0839832438,0.8313257231,2.1434452473,-0.303335187,0.4311309524,0.0839832438,0.8313257231,2.1434452473,-0.303335187
