Instance,INF_avg,INF_sd,INF_r1,INF_kr,INF_sk,SUP_avg,SUP_sd,SUP_r1,SUP_kr,SUP_sk,INC_avg,INC_sd,INC_r1,INC_kr,INC_sk,IND_avg,IND_sd,IND_r1,IND_kr,IND_sk
122,0.26,0.1385640646,-0.0300151155,2.9166666667,0.3337806244,0.229,0.1321325092,-0.1529365675,3.6228330857,0.5750908793,0.511,0.1509271347,-0.1253784823,2.8150121021,-0.2393965599,0.511,0.1509271347,-0.1253784823,2.8150121021,-0.2393965599
