Instance,INF_avg,INF_sd,INF_r1,INF_kr,INF_sk,SUP_avg,SUP_sd,SUP_r1,SUP_kr,SUP_sk,INC_avg,INC_sd,INC_r1,INC_kr,INC_sk,IND_avg,IND_sd,IND_r1,IND_kr,IND_sk
263,0.2439,0.0312936096,0.314043507,3.5612573805,0.9205420237,0.2408,0.0333970059,0.0186403351,2.6358525666,0.0402050117,0.5153,0.0425136449,-0.0728898984,3.02998037,-0.0175586056,0.5153,0.0425136449,-0.0728898984,3.02998037,-0.0175586056
