Instance,INF_avg,INF_sd,INF_r1,INF_kr,INF_sk,SUP_avg,SUP_sd,SUP_r1,SUP_kr,SUP_sk,INC_avg,INC_sd,INC_r1,INC_kr,INC_sk,IND_avg,IND_sd,IND_r1,IND_kr,IND_sk
129,0.248,0.1268700122,0.0042904356,2.6513552878,0.3092816648,0.239,0.1333379166,-0.1297951373,4.7702171053,0.7046855468,0.513,0.1634961773,0.0376868865,2.467342937,0.0652784493,0.513,0.1634961773,0.0376868865,2.467342937,0.0652784493
