Instance,INF_avg,INF_sd,INF_r1,INF_kr,INF_sk,SUP_avg,SUP_sd,SUP_r1,SUP_kr,SUP_sk,INC_avg,INC_sd,INC_r1,INC_kr,INC_sk,IND_avg,IND_sd,IND_r1,IND_kr,IND_sk
69,0.2658,0.0275019999,0.1678896515,2.4052397738,-0.077676263,0.2242,0.0300892007,-0.0264363023,3.1488850641,-0.0046481922,0.51,0.0317332633,-0.1781609195,2.3798899264,0.4802005874,0.51,0.0317332633,-0.1781609195,2.3798899264,0.4802005874
