Instance,INF_avg,INF_sd,INF_r1,INF_kr,INF_sk,SUP_avg,SUP_sd,SUP_r1,SUP_kr,SUP_sk,INC_avg,INC_sd,INC_r1,INC_kr,INC_sk,IND_avg,IND_sd,IND_r1,IND_kr,IND_sk
51,0.2146,0.071991944,0.1965604849,3.2804708792,0.5103936539,0.267,0.0695341643,0.2145344273,2.7973710738,-0.2190318478,0.5184,0.0727560307,0.1121520365,3.0628693048,0.5753194775,0.5184,0.0727560307,0.1121520365,3.0628693048,0.5753194775
