Instance,INF_avg,INF_sd,INF_r1,INF_kr,INF_sk,SUP_avg,SUP_sd,SUP_r1,SUP_kr,SUP_sk,INC_avg,INC_sd,INC_r1,INC_kr,INC_sk,IND_avg,IND_sd,IND_r1,IND_kr,IND_sk
227,0.255,0.0202484567,-0.0757575758,1.3102320048,0.0,0.261,0.0058309519,-0.5671641791,1.6280276817,0.3631734744,0.484,0.0235372046,-0.1674436674,1.6245552529,-0.0469339142,0.484,0.0235372046,-0.1674436674,1.6245552529,-0.0469339142
