Instance,INF_avg,INF_sd,INF_r1,INF_kr,INF_sk,SUP_avg,SUP_sd,SUP_r1,SUP_kr,SUP_sk,INC_avg,INC_sd,INC_r1,INC_kr,INC_sk,IND_avg,IND_sd,IND_r1,IND_kr,IND_sk
231,0.473,0.1155032467,0.6330508978,2.7963899227,-0.3781459562,0.11725,0.0787872928,0.5825389464,2.7054753364,0.7576303616,0.40975,0.070780912,0.1972965635,4.04854519,0.0739759757,0.40975,0.070780912,0.1972965635,4.04854519,0.0739759757
