Instance,INF_avg,INF_sd,INF_r1,INF_kr,INF_sk,SUP_avg,SUP_sd,SUP_r1,SUP_kr,SUP_sk,INC_avg,INC_sd,INC_r1,INC_kr,INC_sk,IND_avg,IND_sd,IND_r1,IND_kr,IND_sk
58,0.313,0.1741579743,0.2990432114,2.186465077,0.1410146983,0.276,0.1637803407,0.1584302856,2.4643121539,0.3608158461,0.411,0.1777048114,-0.0825468995,2.8228604516,0.336181277,0.411,0.1777048114,-0.0825468995,2.8228604516,0.336181277
