Instance,INF_avg,INF_sd,INF_r1,INF_kr,INF_sk,SUP_avg,SUP_sd,SUP_r1,SUP_kr,SUP_sk,INC_avg,INC_sd,INC_r1,INC_kr,INC_sk,IND_avg,IND_sd,IND_r1,IND_kr,IND_sk
140,0.24,0.0582408791,0.0047169811,2.9013883944,0.3790374052,0.2304,0.04870154,0.0510492731,2.1772238773,0.0837463309,0.5296,0.0557480044,0.3464270232,2.446288869,0.1099499319,0.5296,0.0557480044,0.3464270232,2.446288869,0.1099499319
