Instance,INF_avg,INF_sd,INF_r1,INF_kr,INF_sk,SUP_avg,SUP_sd,SUP_r1,SUP_kr,SUP_sk,INC_avg,INC_sd,INC_r1,INC_kr,INC_sk,IND_avg,IND_sd,IND_r1,IND_kr,IND_sk
56,0.248,0.0637495098,0.1226535157,2.5233120466,0.4491002574,0.28,0.0637495098,-0.008,2.7256804514,-0.4372428248,0.472,0.08,0.0078544853,1.96255,0.4035,0.472,0.08,0.0078544853,1.96255,0.4035
