Instance,INF_avg,INF_sd,INF_r1,INF_kr,INF_sk,SUP_avg,SUP_sd,SUP_r1,SUP_kr,SUP_sk,INC_avg,INC_sd,INC_r1,INC_kr,INC_sk,IND_avg,IND_sd,IND_r1,IND_kr,IND_sk
119,0.27,0.162788206,-0.018104689,2.7333997864,0.4895816176,0.242,0.1575944161,-0.0293909779,3.223399182,0.6991736251,0.488,0.1861612205,0.080609557,2.5216222507,0.3052487764,0.488,0.1861612205,0.080609557,2.5216222507,0.3052487764
