Instance,INF_avg,INF_sd,INF_r1,INF_kr,INF_sk,SUP_avg,SUP_sd,SUP_r1,SUP_kr,SUP_sk,INC_avg,INC_sd,INC_r1,INC_kr,INC_sk,IND_avg,IND_sd,IND_r1,IND_kr,IND_sk
101,0.274,0.0970772888,-0.2441118701,2.6605106062,0.2597653663,0.266,0.1074430081,-0.2081169699,2.1646380908,0.0659441615,0.46,0.1,-0.0590277778,1.9888,0.534,0.46,0.1,-0.0590277778,1.9888,0.534
