Instance,INF_avg,INF_sd,INF_r1,INF_kr,INF_sk,SUP_avg,SUP_sd,SUP_r1,SUP_kr,SUP_sk,INC_avg,INC_sd,INC_r1,INC_kr,INC_sk,IND_avg,IND_sd,IND_r1,IND_kr,IND_sk
274,0.28795,0.0479431695,0.5850189695,2.1199621764,0.1657984563,0.1919,0.0371334081,0.4145689462,2.6430894066,0.1748137429,0.52015,0.0423583227,0.2850496538,3.4571307589,-0.2513623456,0.52015,0.0423583227,0.2850496538,3.4571307589,-0.2513623456
