Instance,INF_avg,INF_sd,INF_r1,INF_kr,INF_sk,SUP_avg,SUP_sd,SUP_r1,SUP_kr,SUP_sk,INC_avg,INC_sd,INC_r1,INC_kr,INC_sk,IND_avg,IND_sd,IND_r1,IND_kr,IND_sk
71,0.22,0.0466476152,0.1703703704,1.8544550173,0.1702375661,0.22,0.0601331855,-0.2786069652,2.2779779153,0.5033075575,0.56,0.0671714225,-0.0112781955,2.1710427041,0.0126700284,0.56,0.0671714225,-0.0112781955,2.1710427041,0.0126700284
