Instance,INF_avg,INF_sd,INF_r1,INF_kr,INF_sk,SUP_avg,SUP_sd,SUP_r1,SUP_kr,SUP_sk,INC_avg,INC_sd,INC_r1,INC_kr,INC_sk,IND_avg,IND_sd,IND_r1,IND_kr,IND_sk
49,0.246,0.0287054002,-0.1308365759,3.9928834009,0.3023685994,0.263,0.0458366665,-0.263251319,1.9289327785,0.5977394036,0.491,0.0553985559,0.1234148475,1.7427575665,-0.0147513647,0.491,0.0553985559,0.1234148475,1.7427575665,-0.0147513647
