Instance,INF_avg,INF_sd,INF_r1,INF_kr,INF_sk,SUP_avg,SUP_sd,SUP_r1,SUP_kr,SUP_sk,INC_avg,INC_sd,INC_r1,INC_kr,INC_sk,IND_avg,IND_sd,IND_r1,IND_kr,IND_sk
151,0.2182,0.0433907824,0.0208647193,2.6559533989,0.0591562488,0.305,0.0376430604,-0.1001769912,3.5586753053,0.274464577,0.4768,0.0456263082,-0.0381216158,3.4529212055,-0.0667733641,0.4768,0.0456263082,-0.0381216158,3.4529212055,-0.0667733641
