Instance,INF_avg,INF_sd,INF_r1,INF_kr,INF_sk,SUP_avg,SUP_sd,SUP_r1,SUP_kr,SUP_sk,INC_avg,INC_sd,INC_r1,INC_kr,INC_sk,IND_avg,IND_sd,IND_r1,IND_kr,IND_sk
57,0.266,0.1014593515,0.3463695217,2.7196648569,0.5019922185,0.259,0.0952312974,0.0665927111,2.799529297,0.2800987225,0.475,0.1180042372,0.124831005,2.5502902507,0.0136927195,0.475,0.1180042372,0.124831005,2.5502902507,0.0136927195
