Instance,INF_avg,INF_sd,INF_r1,INF_kr,INF_sk,SUP_avg,SUP_sd,SUP_r1,SUP_kr,SUP_sk,INC_avg,INC_sd,INC_r1,INC_kr,INC_sk,IND_avg,IND_sd,IND_r1,IND_kr,IND_sk
250,0.3196296296,0.0778641496,0.7158946435,2.7852559336,0.3095766183,0.1322222222,0.0771882419,0.8151012607,2.3251159411,0.5415358812,0.5481481481,0.0501875768,0.2021964087,3.5199116425,-0.375025485,0.5481481481,0.0501875768,0.2021964087,3.5199116425,-0.375025485
