Instance,INF_avg,INF_sd,INF_r1,INF_kr,INF_sk,SUP_avg,SUP_sd,SUP_r1,SUP_kr,SUP_sk,INC_avg,INC_sd,INC_r1,INC_kr,INC_sk,IND_avg,IND_sd,IND_r1,IND_kr,IND_sk
136,0.228,0.1249639948,0.2689844273,2.8131844598,0.5669173941,0.224,0.1335065541,-0.0047680813,2.2659315582,0.0096015297,0.548,0.1472956211,0.0510096975,2.3555812254,-0.0359279886,0.548,0.1472956211,0.0510096975,2.3555812254,-0.0359279886
