Instance,INF_avg,INF_sd,INF_r1,INF_kr,INF_sk,SUP_avg,SUP_sd,SUP_r1,SUP_kr,SUP_sk,INC_avg,INC_sd,INC_r1,INC_kr,INC_sk,IND_avg,IND_sd,IND_r1,IND_kr,IND_sk
130,0.3055,0.1122263338,-0.0780449377,2.519254978,0.3666671078,0.224,0.1030727898,-0.1295041081,2.5001633038,0.0833280581,0.4705,0.1109267777,0.082911227,2.4083534066,-0.0561255592,0.4705,0.1109267777,0.082911227,2.4083534066,-0.0561255592
