Instance,INF_avg,INF_sd,INF_r1,INF_kr,INF_sk,SUP_avg,SUP_sd,SUP_r1,SUP_kr,SUP_sk,INC_avg,INC_sd,INC_r1,INC_kr,INC_sk,IND_avg,IND_sd,IND_r1,IND_kr,IND_sk
250,0.2436,0.0313534687,0.2037510434,3.7148605982,0.5611794356,0.2164,0.0301834392,-0.3774884789,2.1300233585,-0.3168961546,0.54,0.0364417343,0.167721519,2.3942154159,0.3372275458,0.54,0.0364417343,0.167721519,2.3942154159,0.3372275458
