Instance,INF_avg,INF_sd,INF_r1,INF_kr,INF_sk,SUP_avg,SUP_sd,SUP_r1,SUP_kr,SUP_sk,INC_avg,INC_sd,INC_r1,INC_kr,INC_sk,IND_avg,IND_sd,IND_r1,IND_kr,IND_sk
204,0.245,0.1444818328,0.1269929346,2.7784043888,0.4577995123,0.283,0.151033109,-0.1824919394,2.3408556105,0.0285247697,0.472,0.1817030545,-0.2897416881,2.9323543757,0.289259001,0.472,0.1817030545,-0.2897416881,2.9323543757,0.289259001
