Instance,INF_avg,INF_sd,INF_r1,INF_kr,INF_sk,SUP_avg,SUP_sd,SUP_r1,SUP_kr,SUP_sk,INC_avg,INC_sd,INC_r1,INC_kr,INC_sk,IND_avg,IND_sd,IND_r1,IND_kr,IND_sk
150,0.232,0.1434433686,-0.1548197004,2.1321323791,0.3225271836,0.229,0.1298422119,0.0993109034,3.3333782049,0.7395480652,0.539,0.1648605471,-0.0783453069,3.0513359342,-0.4082495383,0.539,0.1648605471,-0.0783453069,3.0513359342,-0.4082495383
