Instance,INF_avg,INF_sd,INF_r1,INF_kr,INF_sk,SUP_avg,SUP_sd,SUP_r1,SUP_kr,SUP_sk,INC_avg,INC_sd,INC_r1,INC_kr,INC_sk,IND_avg,IND_sd,IND_r1,IND_kr,IND_sk
143,0.239,0.0550363516,-0.5812158921,1.8472229655,0.1187006212,0.247,0.0529244745,-0.1998124166,2.1060587965,-0.0463028381,0.514,0.0590254183,0.0745647237,2.3633404997,-0.289198026,0.514,0.0590254183,0.0745647237,2.3633404997,-0.289198026
