Instance,INF_avg,INF_sd,INF_r1,INF_kr,INF_sk,SUP_avg,SUP_sd,SUP_r1,SUP_kr,SUP_sk,INC_avg,INC_sd,INC_r1,INC_kr,INC_sk,IND_avg,IND_sd,IND_r1,IND_kr,IND_sk
155,0.2662,0.0460441093,0.3286589861,2.7262251864,-0.0619921631,0.2863,0.04120449,0.3931965703,2.6106571952,-0.010594391,0.4475,0.0416923254,0.0170618538,3.0281812037,0.0631281033,0.4475,0.0416923254,0.0170618538,3.0281812037,0.0631281033
