Instance,INF_avg,INF_sd,INF_r1,INF_kr,INF_sk,SUP_avg,SUP_sd,SUP_r1,SUP_kr,SUP_sk,INC_avg,INC_sd,INC_r1,INC_kr,INC_sk,IND_avg,IND_sd,IND_r1,IND_kr,IND_sk
124,0.2562,0.0299593057,-0.1357101398,2.2020151603,-0.3874242347,0.2252,0.0271285827,0.0895656771,2.5993244906,0.1366561784,0.5186,0.0383541393,-0.0224773456,2.797129172,0.2812119634,0.5186,0.0383541393,-0.0224773456,2.797129172,0.2812119634
