Instance,INF_avg,INF_sd,INF_r1,INF_kr,INF_sk,SUP_avg,SUP_sd,SUP_r1,SUP_kr,SUP_sk,INC_avg,INC_sd,INC_r1,INC_kr,INC_sk,IND_avg,IND_sd,IND_r1,IND_kr,IND_sk
88,0.2364,0.0299172191,-0.2926388308,5.5532106694,-0.0484336101,0.2618,0.0246121921,-0.1259509533,2.3666327294,-0.2187885285,0.5018,0.0350964386,-0.3796375224,3.8190449734,0.6124780394,0.5018,0.0350964386,-0.3796375224,3.8190449734,0.6124780394
