Instance,INF_avg,INF_sd,INF_r1,INF_kr,INF_sk,SUP_avg,SUP_sd,SUP_r1,SUP_kr,SUP_sk,INC_avg,INC_sd,INC_r1,INC_kr,INC_sk,IND_avg,IND_sd,IND_r1,IND_kr,IND_sk
220,0.251,0.0961717214,-0.0580492501,2.5658198639,0.2330003434,0.2815,0.1031152268,0.0018900335,4.1102492237,0.3444908716,0.4675,0.1087140745,-0.1629238433,2.4986841005,0.124842934,0.4675,0.1087140745,-0.1629238433,2.4986841005,0.124842934
