Instance,INF_avg,INF_sd,INF_r1,INF_kr,INF_sk,SUP_avg,SUP_sd,SUP_r1,SUP_kr,SUP_sk,INC_avg,INC_sd,INC_r1,INC_kr,INC_sk,IND_avg,IND_sd,IND_r1,IND_kr,IND_sk
294,0.2556,0.0275252611,-0.0415122074,2.7119670269,0.0878014304,0.2551,0.0323958331,-0.0832468431,2.4944892688,0.1743473064,0.4893,0.0312731514,-0.1603504862,3.0490943174,-0.3061368894,0.4893,0.0312731514,-0.1603504862,3.0490943174,-0.3061368894
