Instance,INF_avg,INF_sd,INF_r1,INF_kr,INF_sk,SUP_avg,SUP_sd,SUP_r1,SUP_kr,SUP_sk,INC_avg,INC_sd,INC_r1,INC_kr,INC_sk,IND_avg,IND_sd,IND_r1,IND_kr,IND_sk
238,0.29,0.0969535971,-0.6055045872,3.0377999095,-1.362792753,0.21,0.02,-0.3157894737,3.25,1.5,0.5,0.1048808848,-1.0,2.8305785124,1.1701586323,0.5,0.1048808848,-1.0,2.8305785124,1.1701586323
