Instance,INF_avg,INF_sd,INF_r1,INF_kr,INF_sk,SUP_avg,SUP_sd,SUP_r1,SUP_kr,SUP_sk,INC_avg,INC_sd,INC_r1,INC_kr,INC_sk,IND_avg,IND_sd,IND_r1,IND_kr,IND_sk
233,0.22,0.0521536192,0.0,3.2612456747,0.8797539578,0.248,0.0401995025,0.6209912536,2.3720223507,0.1832444727,0.532,0.0466476152,-0.3471502591,1.8469939446,-0.221308836,0.532,0.0466476152,-0.3471502591,1.8469939446,-0.221308836
