Instance,INF_avg,INF_sd,INF_r1,INF_kr,INF_sk,SUP_avg,SUP_sd,SUP_r1,SUP_kr,SUP_sk,INC_avg,INC_sd,INC_r1,INC_kr,INC_sk,IND_avg,IND_sd,IND_r1,IND_kr,IND_sk
251,0.286,0.0471593045,-0.1517467249,1.6278984007,0.222649594,0.249,0.0207123152,-0.0723941123,2.3319640732,0.8089508397,0.465,0.0531507291,0.0240856378,1.8320150364,-0.0959035788,0.465,0.0531507291,0.0240856378,1.8320150364,-0.0959035788
