Instance,INF_avg,INF_sd,INF_r1,INF_kr,INF_sk,SUP_avg,SUP_sd,SUP_r1,SUP_kr,SUP_sk,INC_avg,INC_sd,INC_r1,INC_kr,INC_sk,IND_avg,IND_sd,IND_r1,IND_kr,IND_sk
247,0.254,0.1388668427,0.1989880202,2.6738777804,0.1413521198,0.286,0.1216716894,0.0682365271,2.7348470706,-0.1307374972,0.46,0.1483239697,0.2761940022,3.5646280992,-0.323615934,0.46,0.1483239697,0.2761940022,3.5646280992,-0.323615934
