Instance,INF_avg,INF_sd,INF_r1,INF_kr,INF_sk,SUP_avg,SUP_sd,SUP_r1,SUP_kr,SUP_sk,INC_avg,INC_sd,INC_r1,INC_kr,INC_sk,IND_avg,IND_sd,IND_r1,IND_kr,IND_sk
105,0.2796,0.0455613872,-0.0751034297,2.4943444537,-0.6846076821,0.228,0.0487442304,-0.2231701537,2.8241505969,-0.4878070198,0.4924,0.0582601064,0.1788646912,1.8517161809,0.3108370473,0.4924,0.0582601064,0.1788646912,1.8517161809,0.3108370473
