Instance,INF_avg,INF_sd,INF_r1,INF_kr,INF_sk,SUP_avg,SUP_sd,SUP_r1,SUP_kr,SUP_sk,INC_avg,INC_sd,INC_r1,INC_kr,INC_sk,IND_avg,IND_sd,IND_r1,IND_kr,IND_sk
220,0.264,0.0731026675,-0.4356435644,2.5662626842,1.068466953,0.22,0.0521536192,-0.5294117647,2.8460207612,-1.2181208646,0.516,0.1091054536,-0.6512702079,1.9991328477,-0.3642525115,0.516,0.1091054536,-0.6512702079,1.9991328477,-0.3642525115
