Instance,INF_avg,INF_sd,INF_r1,INF_kr,INF_sk,SUP_avg,SUP_sd,SUP_r1,SUP_kr,SUP_sk,INC_avg,INC_sd,INC_r1,INC_kr,INC_sk,IND_avg,IND_sd,IND_r1,IND_kr,IND_sk
64,0.243,0.0916569692,0.1040158982,2.3950093317,0.2263138857,0.275,0.0965660396,0.2883787661,2.1133264812,-0.1082757885,0.482,0.1057166023,0.2794707818,2.7739216718,0.1475562086,0.482,0.1057166023,0.2794707818,2.7739216718,0.1475562086
