Instance,INF_avg,INF_sd,INF_r1,INF_kr,INF_sk,SUP_avg,SUP_sd,SUP_r1,SUP_kr,SUP_sk,INC_avg,INC_sd,INC_r1,INC_kr,INC_sk,IND_avg,IND_sd,IND_r1,IND_kr,IND_sk
262,0.3942028986,0.091839586,0.7804029321,2.3441039803,-0.2639183158,0.1169565217,0.0761064157,0.8642762084,2.7757948374,0.7348917311,0.4888405797,0.0464862838,0.1568616095,3.0488875046,0.1563515176,0.4888405797,0.0464862838,0.1568616095,3.0488875046,0.1563515176
