Instance,INF_avg,INF_sd,INF_r1,INF_kr,INF_sk,SUP_avg,SUP_sd,SUP_r1,SUP_kr,SUP_sk,INC_avg,INC_sd,INC_r1,INC_kr,INC_sk,IND_avg,IND_sd,IND_r1,IND_kr,IND_sk
282,0.3242201835,0.080232387,0.2191403293,3.1828451725,0.2605600051,0.171559633,0.0716409794,0.4608850029,3.5929051687,0.5770442871,0.5042201835,0.0705976268,-0.0632264009,2.0137379433,-0.206038461,0.5042201835,0.0705976268,-0.0632264009,2.0137379433,-0.206038461
