Instance,INF_avg,INF_sd,INF_r1,INF_kr,INF_sk,SUP_avg,SUP_sd,SUP_r1,SUP_kr,SUP_sk,INC_avg,INC_sd,INC_r1,INC_kr,INC_sk,IND_avg,IND_sd,IND_r1,IND_kr,IND_sk
288,0.228,0.0271293199,0.0265486726,2.9310018904,1.1731251294,0.216,0.0195959179,-0.4705882353,2.7291666667,-0.8675276172,0.556,0.0387814389,-0.1407249467,2.3587596197,0.2830922144,0.556,0.0387814389,-0.1407249467,2.3587596197,0.2830922144
