Instance,INF_avg,INF_sd,INF_r1,INF_kr,INF_sk,SUP_avg,SUP_sd,SUP_r1,SUP_kr,SUP_sk,INC_avg,INC_sd,INC_r1,INC_kr,INC_sk,IND_avg,IND_sd,IND_r1,IND_kr,IND_sk
9,0.24,0.0606630036,-0.0476190476,1.7816635161,-0.6450461153,0.236,0.0527636238,0.2632612967,2.1575505351,0.2169728883,0.524,0.0697423831,-0.2195969423,2.0002164127,0.5399570973,0.524,0.0697423831,-0.2195969423,2.0002164127,0.5399570973
