Instance,INF_avg,INF_sd,INF_r1,INF_kr,INF_sk,SUP_avg,SUP_sd,SUP_r1,SUP_kr,SUP_sk,INC_avg,INC_sd,INC_r1,INC_kr,INC_sk,IND_avg,IND_sd,IND_r1,IND_kr,IND_sk
138,0.4279583333,0.0856847318,0.8814720387,2.1164817073,-0.1520336493,0.0707916667,0.0519133727,0.8842693085,2.7676890212,0.8528908085,0.50125,0.046479162,0.5759254377,2.5977171922,-0.2799162021,0.50125,0.046479162,0.5759254377,2.5977171922,-0.2799162021
