Instance,INF_avg,INF_sd,INF_r1,INF_kr,INF_sk,SUP_avg,SUP_sd,SUP_r1,SUP_kr,SUP_sk,INC_avg,INC_sd,INC_r1,INC_kr,INC_sk,IND_avg,IND_sd,IND_r1,IND_kr,IND_sk
116,0.28,0.1562049935,0.095254353,2.4641225477,0.1763130806,0.31,0.13,-0.1634049706,3.6419243024,0.9066909422,0.41,0.1590597372,-0.1541224359,2.6340202159,0.1043682758,0.41,0.1590597372,-0.1541224359,2.6340202159,0.1043682758
