Instance,INF_avg,INF_sd,INF_r1,INF_kr,INF_sk,SUP_avg,SUP_sd,SUP_r1,SUP_kr,SUP_sk,INC_avg,INC_sd,INC_r1,INC_kr,INC_sk,IND_avg,IND_sd,IND_r1,IND_kr,IND_sk
9,0.28,0.1166190379,-0.1504424779,2.1470588235,0.3934379306,0.26,0.1113552873,0.5514950166,1.6305931322,-0.0347623165,0.46,0.0916515139,0.2233009709,2.1020408163,0.093521953,0.46,0.0916515139,0.2233009709,2.1020408163,0.093521953
