Instance,INF_avg,INF_sd,INF_r1,INF_kr,INF_sk,SUP_avg,SUP_sd,SUP_r1,SUP_kr,SUP_sk,INC_avg,INC_sd,INC_r1,INC_kr,INC_sk,IND_avg,IND_sd,IND_r1,IND_kr,IND_sk
6,0.26,0.1743559577,-0.6737288136,1.7957063712,-0.0543353054,0.2,0.1095445115,0.5,2.5,-0.9128709292,0.54,0.1624807681,0.0030674847,2.2685950413,0.1790421687,0.54,0.1624807681,0.0030674847,2.2685950413,0.1790421687
