Instance,INF_avg,INF_sd,INF_r1,INF_kr,INF_sk,SUP_avg,SUP_sd,SUP_r1,SUP_kr,SUP_sk,INC_avg,INC_sd,INC_r1,INC_kr,INC_sk,IND_avg,IND_sd,IND_r1,IND_kr,IND_sk
263,0.2408,0.0394380527,-0.0832685927,2.9459559505,0.304312219,0.2586,0.0468619248,-0.0802728305,3.1151492697,0.3448244478,0.5006,0.0470918252,-0.1061317076,2.5003083753,-0.0962530561,0.5006,0.0470918252,-0.1061317076,2.5003083753,-0.0962530561
