Instance,INF_avg,INF_sd,INF_r1,INF_kr,INF_sk,SUP_avg,SUP_sd,SUP_r1,SUP_kr,SUP_sk,INC_avg,INC_sd,INC_r1,INC_kr,INC_sk,IND_avg,IND_sd,IND_r1,IND_kr,IND_sk
105,0.2308,0.0437191034,-0.292385181,2.3771395354,-0.2592988542,0.3008,0.0545101825,-0.1541589599,2.9308067885,0.27504103,0.4684,0.0490860469,-0.2615647587,2.44617803,0.279102394,0.4684,0.0490860469,-0.2615647587,2.44617803,0.279102394
