Instance,INF_avg,INF_sd,INF_r1,INF_kr,INF_sk,SUP_avg,SUP_sd,SUP_r1,SUP_kr,SUP_sk,INC_avg,INC_sd,INC_r1,INC_kr,INC_sk,IND_avg,IND_sd,IND_r1,IND_kr,IND_sk
76,0.2576,0.0623076239,-0.4662403131,2.3506996725,0.1592684704,0.2856,0.0561483749,-0.0118647954,2.7453540165,0.6886400033,0.4568,0.048226134,-0.4785745085,1.6455364534,0.0852341146,0.4568,0.048226134,-0.4785745085,1.6455364534,0.0852341146
