Instance,INF_avg,INF_sd,INF_r1,INF_kr,INF_sk,SUP_avg,SUP_sd,SUP_r1,SUP_kr,SUP_sk,INC_avg,INC_sd,INC_r1,INC_kr,INC_sk,IND_avg,IND_sd,IND_r1,IND_kr,IND_sk
192,0.22,0.0979795897,-0.3235294118,2.7291666667,0.8675276172,0.3,0.1414213562,-0.5263157895,1.7,0.0,0.48,0.16,-0.4475743349,1.5654296875,0.328125,0.48,0.16,-0.4475743349,1.5654296875,0.328125
