Instance,INF_avg,INF_sd,INF_r1,INF_kr,INF_sk,SUP_avg,SUP_sd,SUP_r1,SUP_kr,SUP_sk,INC_avg,INC_sd,INC_r1,INC_kr,INC_sk,IND_avg,IND_sd,IND_r1,IND_kr,IND_sk
183,0.234,0.1007174265,-0.200807948,2.6341676701,0.5001656225,0.322,0.0895321171,0.0621060846,2.5876271409,0.7040593941,0.444,0.1013114011,-0.0344166164,2.2087478259,-0.1538976073,0.444,0.1013114011,-0.0344166164,2.2087478259,-0.1538976073
