Instance,INF_avg,INF_sd,INF_r1,INF_kr,INF_sk,SUP_avg,SUP_sd,SUP_r1,SUP_kr,SUP_sk,INC_avg,INC_sd,INC_r1,INC_kr,INC_sk,IND_avg,IND_sd,IND_r1,IND_kr,IND_sk
23,0.263,0.0356791255,0.0174389796,3.6217216724,-0.6768894823,0.2476,0.0427813043,-0.2389845509,2.1731946513,0.1439533099,0.4894,0.0475987395,0.1504055953,2.4801529555,-0.3043503577,0.4894,0.0475987395,0.1504055953,2.4801529555,-0.3043503577
