Instance,INF_avg,INF_sd,INF_r1,INF_kr,INF_sk,SUP_avg,SUP_sd,SUP_r1,SUP_kr,SUP_sk,INC_avg,INC_sd,INC_r1,INC_kr,INC_sk,IND_avg,IND_sd,IND_r1,IND_kr,IND_sk
295,0.256,0.074188948,-0.3317264236,2.136644808,-0.2534383638,0.252,0.0552810998,-0.3323678494,2.4453002933,0.304583237,0.492,0.0699714227,-0.4729080933,2.0253107779,-0.4494832199,0.492,0.0699714227,-0.4729080933,2.0253107779,-0.4494832199
