Instance,INF_avg,INF_sd,INF_r1,INF_kr,INF_sk,SUP_avg,SUP_sd,SUP_r1,SUP_kr,SUP_sk,INC_avg,INC_sd,INC_r1,INC_kr,INC_sk,IND_avg,IND_sd,IND_r1,IND_kr,IND_sk
299,0.4183435583,0.1016445376,0.8122889615,2.1479968151,0.1981270237,0.103190184,0.0673212746,0.7690200675,3.156020837,0.8258611696,0.4784662577,0.0643950882,0.3542970026,2.8053579016,0.0659296274,0.4784662577,0.0643950882,0.3542970026,2.8053579016,0.0659296274
