Instance,INF_avg,INF_sd,INF_r1,INF_kr,INF_sk,SUP_avg,SUP_sd,SUP_r1,SUP_kr,SUP_sk,INC_avg,INC_sd,INC_r1,INC_kr,INC_sk,IND_avg,IND_sd,IND_r1,IND_kr,IND_sk
170,0.27,0.0440454311,-0.0777202073,1.511850356,0.2527849165,0.268,0.0820731381,-0.1769956644,1.8727438911,0.2941585806,0.462,0.0909725233,-0.3109708383,2.1771402328,-0.0457756962,0.462,0.0909725233,-0.3109708383,2.1771402328,-0.0457756962
