Instance,INF_avg,INF_sd,INF_r1,INF_kr,INF_sk,SUP_avg,SUP_sd,SUP_r1,SUP_kr,SUP_sk,INC_avg,INC_sd,INC_r1,INC_kr,INC_sk,IND_avg,IND_sd,IND_r1,IND_kr,IND_sk
1,0.2527,0.0339442189,0.1971125528,2.5308513568,0.1745017756,0.28,0.0373363094,0.2650862069,2.6111599415,0.1979948233,0.4673,0.0342083323,-0.0270959318,3.2538927689,0.2543254266,0.4673,0.0342083323,-0.0270959318,3.2538927689,0.2543254266
