Instance,INF_avg,INF_sd,INF_r1,INF_kr,INF_sk,SUP_avg,SUP_sd,SUP_r1,SUP_kr,SUP_sk,INC_avg,INC_sd,INC_r1,INC_kr,INC_sk,IND_avg,IND_sd,IND_r1,IND_kr,IND_sk
176,0.3376,0.089006966,0.5549913115,2.410767112,0.0979301785,0.3436,0.0747465049,0.2061967403,2.8494350355,0.046199164,0.3188,0.083800716,0.2413836686,2.8178645842,0.1677547825,0.3188,0.083800716,0.2413836686,2.8178645842,0.1677547825
