Instance,INF_avg,INF_sd,INF_r1,INF_kr,INF_sk,SUP_avg,SUP_sd,SUP_r1,SUP_kr,SUP_sk,INC_avg,INC_sd,INC_r1,INC_kr,INC_sk,IND_avg,IND_sd,IND_r1,IND_kr,IND_sk
246,0.246,0.0616116872,0.2800664947,3.0781322695,0.3657291962,0.2352,0.0529996226,0.030453816,2.6401878991,-0.1596008217,0.5188,0.0753031208,0.1227746496,2.5586338167,-0.1174308669,0.5188,0.0753031208,0.1227746496,2.5586338167,-0.1174308669
