Instance,INF_avg,INF_sd,INF_r1,INF_kr,INF_sk,SUP_avg,SUP_sd,SUP_r1,SUP_kr,SUP_sk,INC_avg,INC_sd,INC_r1,INC_kr,INC_sk,IND_avg,IND_sd,IND_r1,IND_kr,IND_sk
64,0.34,0.1113552873,0.0033222591,1.6305931322,0.0347623165,0.17,0.0458257569,0.0049751244,1.7619047619,-0.8728715609,0.49,0.0943398113,0.1347342398,1.1535159702,0.2000894875,0.49,0.0943398113,0.1347342398,1.1535159702,0.2000894875
