Instance,INF_avg,INF_sd,INF_r1,INF_kr,INF_sk,SUP_avg,SUP_sd,SUP_r1,SUP_kr,SUP_sk,INC_avg,INC_sd,INC_r1,INC_kr,INC_sk,IND_avg,IND_sd,IND_r1,IND_kr,IND_sk
11,0.4604,0.1160510233,0.6286155989,1.8705065396,-0.0881671768,0.0888,0.0459843452,0.6597490004,2.3331090992,0.2992096286,0.4508,0.0877687872,0.3907903631,2.0615389878,0.1459980737,0.4508,0.0877687872,0.3907903631,2.0615389878,0.1459980737
