Instance,INF_avg,INF_sd,INF_r1,INF_kr,INF_sk,SUP_avg,SUP_sd,SUP_r1,SUP_kr,SUP_sk,INC_avg,INC_sd,INC_r1,INC_kr,INC_sk,IND_avg,IND_sd,IND_r1,IND_kr,IND_sk
262,0.236,0.1410815367,-0.1937256955,3.0806339885,0.7990180057,0.28,0.16,-0.0669191919,2.2099609375,0.15234375,0.484,0.1953048899,-0.1851123791,2.103848785,-0.0006700932,0.484,0.1953048899,-0.1851123791,2.103848785,-0.0006700932
