Instance,INF_avg,INF_sd,INF_r1,INF_kr,INF_sk,SUP_avg,SUP_sd,SUP_r1,SUP_kr,SUP_sk,INC_avg,INC_sd,INC_r1,INC_kr,INC_sk,IND_avg,IND_sd,IND_r1,IND_kr,IND_sk
247,0.214,0.0312089731,-0.0728574437,2.2276541201,0.3025902777,0.284,0.0454312668,-0.3878046207,1.8110887642,-0.5500898577,0.502,0.0183303028,-0.8989675516,1.6316964286,-0.0769607738,0.502,0.0183303028,-0.8989675516,1.6316964286,-0.0769607738
