Instance,INF_avg,INF_sd,INF_r1,INF_kr,INF_sk,SUP_avg,SUP_sd,SUP_r1,SUP_kr,SUP_sk,INC_avg,INC_sd,INC_r1,INC_kr,INC_sk,IND_avg,IND_sd,IND_r1,IND_kr,IND_sk
245,0.239,0.0446654229,-0.1164668626,2.639373622,0.0222876816,0.2656,0.0400329864,-0.2410106822,2.8196807719,0.1652164207,0.4954,0.0476533315,-0.1981493589,2.8112693906,0.1653674966,0.4954,0.0476533315,-0.1981493589,2.8112693906,0.1653674966
