Instance,INF_avg,INF_sd,INF_r1,INF_kr,INF_sk,SUP_avg,SUP_sd,SUP_r1,SUP_kr,SUP_sk,INC_avg,INC_sd,INC_r1,INC_kr,INC_sk,IND_avg,IND_sd,IND_r1,IND_kr,IND_sk
34,0.2888,0.038086218,0.3624970754,4.0496062919,0.6614689972,0.2554,0.0353530762,0.3665533364,4.9161576066,0.9494053194,0.4558,0.0395646307,0.1008677205,3.6305226624,-0.3800464648,0.4558,0.0395646307,0.1008677205,3.6305226624,-0.3800464648
