Instance,INF_avg,INF_sd,INF_r1,INF_kr,INF_sk,SUP_avg,SUP_sd,SUP_r1,SUP_kr,SUP_sk,INC_avg,INC_sd,INC_r1,INC_kr,INC_sk,IND_avg,IND_sd,IND_r1,IND_kr,IND_sk
101,0.254,0.1071634266,0.0867657049,2.1978182721,0.0911117315,0.2995,0.1078181339,-0.0966159491,2.8012577228,0.0009472546,0.4465,0.1116366875,-0.1394065978,2.438038417,0.1363126088,0.4465,0.1116366875,-0.1394065978,2.438038417,0.1363126088
