Instance,INF_avg,INF_sd,INF_r1,INF_kr,INF_sk,SUP_avg,SUP_sd,SUP_r1,SUP_kr,SUP_sk,INC_avg,INC_sd,INC_r1,INC_kr,INC_sk,IND_avg,IND_sd,IND_r1,IND_kr,IND_sk
86,0.24875,0.0456364712,0.5214961145,2.5426278374,-0.2136503399,0.2713,0.0451642558,0.535280255,2.4429475265,0.325585405,0.47995,0.0469174541,0.4165639949,2.648180276,0.0343391046,0.47995,0.0469174541,0.4165639949,2.648180276,0.0343391046
