Instance,INF_avg,INF_sd,INF_r1,INF_kr,INF_sk,SUP_avg,SUP_sd,SUP_r1,SUP_kr,SUP_sk,INC_avg,INC_sd,INC_r1,INC_kr,INC_sk,IND_avg,IND_sd,IND_r1,IND_kr,IND_sk
239,0.228,0.1077775487,0.1271200486,2.912335223,0.7686477956,0.26,0.1166190379,0.0070921986,2.3650519031,0.5144957554,0.512,0.1274990196,0.2674569729,1.7929002108,0.1220945007,0.512,0.1274990196,0.2674569729,1.7929002108,0.1220945007
