Instance,INF_avg,INF_sd,INF_r1,INF_kr,INF_sk,SUP_avg,SUP_sd,SUP_r1,SUP_kr,SUP_sk,INC_avg,INC_sd,INC_r1,INC_kr,INC_sk,IND_avg,IND_sd,IND_r1,IND_kr,IND_sk
254,0.272,0.0218174242,-0.3341116536,1.3855042017,0.2273450789,0.2615,0.0265565434,-0.0454174213,2.4693485495,0.3089059373,0.4665,0.0255,-0.1297715804,3.1665130127,-0.1744125563,0.4665,0.0255,-0.1297715804,3.1665130127,-0.1744125563
