Instance,INF_avg,INF_sd,INF_r1,INF_kr,INF_sk,SUP_avg,SUP_sd,SUP_r1,SUP_kr,SUP_sk,INC_avg,INC_sd,INC_r1,INC_kr,INC_sk,IND_avg,IND_sd,IND_r1,IND_kr,IND_sk
97,0.268,0.1256025477,0.2126819744,2.7331546314,0.1348792423,0.264,0.1015086203,0.0532693764,2.9435399869,-0.3829188604,0.468,0.1156546584,0.2625297171,3.0488255763,0.0238293978,0.468,0.1156546584,0.2625297171,3.0488255763,0.0238293978
