Instance,INF_avg,INF_sd,INF_r1,INF_kr,INF_sk,SUP_avg,SUP_sd,SUP_r1,SUP_kr,SUP_sk,INC_avg,INC_sd,INC_r1,INC_kr,INC_sk,IND_avg,IND_sd,IND_r1,IND_kr,IND_sk
13,0.2492,0.049712775,0.4077885447,1.9487451356,0.1355365855,0.2776,0.0527090125,-0.1256256711,2.2350763608,-0.0747266868,0.4732,0.047050611,-0.2837341561,3.7778003233,0.9968929669,0.4732,0.047050611,-0.2837341561,3.7778003233,0.9968929669
