Instance,INF_avg,INF_sd,INF_r1,INF_kr,INF_sk,SUP_avg,SUP_sd,SUP_r1,SUP_kr,SUP_sk,INC_avg,INC_sd,INC_r1,INC_kr,INC_sk,IND_avg,IND_sd,IND_r1,IND_kr,IND_sk
20,0.256,0.0697423831,-0.1987491313,2.3118507618,0.8184255374,0.228,0.0483321839,-0.524024024,1.323043723,-0.3877276903,0.516,0.0598665182,0.2895442359,1.5061383929,0.0590599619,0.516,0.0598665182,0.2895442359,1.5061383929,0.0590599619
