Instance,INF_avg,INF_sd,INF_r1,INF_kr,INF_sk,SUP_avg,SUP_sd,SUP_r1,SUP_kr,SUP_sk,INC_avg,INC_sd,INC_r1,INC_kr,INC_sk,IND_avg,IND_sd,IND_r1,IND_kr,IND_sk
214,0.22,0.0334664011,-0.2857142857,2.7487244898,0.928436509,0.29,0.0319374388,-0.0495049505,1.8050749712,0.036836723,0.49,0.0357770876,0.0551181102,1.8872070312,0.4323647066,0.49,0.0357770876,0.0551181102,1.8872070312,0.4323647066
