Instance,INF_avg,INF_sd,INF_r1,INF_kr,INF_sk,SUP_avg,SUP_sd,SUP_r1,SUP_kr,SUP_sk,INC_avg,INC_sd,INC_r1,INC_kr,INC_sk,IND_avg,IND_sd,IND_r1,IND_kr,IND_sk
43,0.232,0.0402988834,0.0696978762,3.1968380694,0.7268350374,0.2672,0.0501613397,0.3874365154,2.0941678272,0.0551262015,0.5008,0.0473218765,0.0100665373,2.7172844101,0.269367092,0.5008,0.0473218765,0.0100665373,2.7172844101,0.269367092
