Instance,INF_avg,INF_sd,INF_r1,INF_kr,INF_sk,SUP_avg,SUP_sd,SUP_r1,SUP_kr,SUP_sk,INC_avg,INC_sd,INC_r1,INC_kr,INC_sk,IND_avg,IND_sd,IND_r1,IND_kr,IND_sk
134,0.238,0.0682348884,-0.2004217291,1.9118530131,0.119432811,0.261,0.0383275358,0.0639253863,1.8403562437,-0.3962122895,0.501,0.0488773976,-0.2210744994,1.8104706219,-0.0862221766,0.501,0.0488773976,-0.2210744994,1.8104706219,-0.0862221766
