Instance,INF_avg,INF_sd,INF_r1,INF_kr,INF_sk,SUP_avg,SUP_sd,SUP_r1,SUP_kr,SUP_sk,INC_avg,INC_sd,INC_r1,INC_kr,INC_sk,IND_avg,IND_sd,IND_r1,IND_kr,IND_sk
283,0.246,0.0440908154,-0.0565052232,1.5680282477,0.1842437415,0.244,0.0496386946,-0.2973202892,1.3327816664,0.1142018584,0.51,0.0712741187,-0.5606936416,1.4844379689,-0.1491413917,0.51,0.0712741187,-0.5606936416,1.4844379689,-0.1491413917
