Instance,INF_avg,INF_sd,INF_r1,INF_kr,INF_sk,SUP_avg,SUP_sd,SUP_r1,SUP_kr,SUP_sk,INC_avg,INC_sd,INC_r1,INC_kr,INC_sk,IND_avg,IND_sd,IND_r1,IND_kr,IND_sk
18,0.2095,0.1009195224,0.1137222894,2.8589796327,0.3163208443,0.263,0.1021322672,0.0922320637,3.0545507328,0.4069060739,0.5275,0.1158393284,-0.024974399,3.6384702043,-0.2422729991,0.5275,0.1158393284,-0.024974399,3.6384702043,-0.2422729991
