Instance,INF_avg,INF_sd,INF_r1,INF_kr,INF_sk,SUP_avg,SUP_sd,SUP_r1,SUP_kr,SUP_sk,INC_avg,INC_sd,INC_r1,INC_kr,INC_sk,IND_avg,IND_sd,IND_r1,IND_kr,IND_sk
92,0.394,0.0809118488,0.8242079002,2.1844950601,-0.0445223156,0.0912272727,0.0573394453,0.8491196632,2.9030928719,0.838986769,0.5147727273,0.0452688251,0.2967748856,2.4627457727,-0.1158246323,0.5147727273,0.0452688251,0.2967748856,2.4627457727,-0.1158246323
