Instance,INF_avg,INF_sd,INF_r1,INF_kr,INF_sk,SUP_avg,SUP_sd,SUP_r1,SUP_kr,SUP_sk,INC_avg,INC_sd,INC_r1,INC_kr,INC_sk,IND_avg,IND_sd,IND_r1,IND_kr,IND_sk
175,0.5214689266,0.0991551338,0.7475520784,2.7187943941,-0.6443252145,0.0746327684,0.0625630137,0.8554462817,3.989622801,1.2732555236,0.4038983051,0.0566788041,0.2894998005,2.7167328646,0.2806449655,0.4038983051,0.0566788041,0.2894998005,2.7167328646,0.2806449655
