Instance,INF_avg,INF_sd,INF_r1,INF_kr,INF_sk,SUP_avg,SUP_sd,SUP_r1,SUP_kr,SUP_sk,INC_avg,INC_sd,INC_r1,INC_kr,INC_sk,IND_avg,IND_sd,IND_r1,IND_kr,IND_sk
230,0.326,0.0440908154,0.2205518946,2.6146166743,-0.3617673466,0.177,0.0417252921,0.0286782314,4.4520278409,1.0296276962,0.497,0.0467011777,0.1571553995,5.0600433783,1.5743515501,0.497,0.0467011777,0.1571553995,5.0600433783,1.5743515501
