Instance,INF_avg,INF_sd,INF_r1,INF_kr,INF_sk,SUP_avg,SUP_sd,SUP_r1,SUP_kr,SUP_sk,INC_avg,INC_sd,INC_r1,INC_kr,INC_sk,IND_avg,IND_sd,IND_r1,IND_kr,IND_sk
121,0.264,0.1410815367,0.0801675142,2.6008390112,-0.2007459237,0.232,0.1515783626,-0.1016632674,2.1016053569,0.2071793044,0.504,0.1731588866,0.0364112392,3.2000338281,0.7242162668,0.504,0.1731588866,0.0364112392,3.2000338281,0.7242162668
