Instance,INF_avg,INF_sd,INF_r1,INF_kr,INF_sk,SUP_avg,SUP_sd,SUP_r1,SUP_kr,SUP_sk,INC_avg,INC_sd,INC_r1,INC_kr,INC_sk,IND_avg,IND_sd,IND_r1,IND_kr,IND_sk
125,0.222,0.0222710575,0.025974026,1.2989073881,-0.469291273,0.246,0.0449888875,-0.3158961882,2.1123670109,-0.5408450209,0.532,0.0312409987,-0.6283839212,2.6453238377,0.994909526,0.532,0.0312409987,-0.6283839212,2.6453238377,0.994909526
