Instance,INF_avg,INF_sd,INF_r1,INF_kr,INF_sk,SUP_avg,SUP_sd,SUP_r1,SUP_kr,SUP_sk,INC_avg,INC_sd,INC_r1,INC_kr,INC_sk,IND_avg,IND_sd,IND_r1,IND_kr,IND_sk
60,0.2376,0.0677217838,-0.2097191405,2.5520469526,0.5174526027,0.2848,0.0725048964,-0.1443037593,3.3583451475,-0.8335992772,0.4776,0.0814508441,-0.2083176028,3.1520652623,0.4561742598,0.4776,0.0814508441,-0.2083176028,3.1520652623,0.4561742598
