Instance,INF_avg,INF_sd,INF_r1,INF_kr,INF_sk,SUP_avg,SUP_sd,SUP_r1,SUP_kr,SUP_sk,INC_avg,INC_sd,INC_r1,INC_kr,INC_sk,IND_avg,IND_sd,IND_r1,IND_kr,IND_sk
24,0.22415,0.0328028581,0.3537351016,3.0108980131,0.2518143271,0.27855,0.0412389076,0.2818567999,2.9397964482,-0.0995665403,0.4973,0.0375860346,0.1540382887,3.0697831728,0.0155868657,0.4973,0.0375860346,0.1540382887,3.0697831728,0.0155868657
