Instance,INF_avg,INF_sd,INF_r1,INF_kr,INF_sk,SUP_avg,SUP_sd,SUP_r1,SUP_kr,SUP_sk,INC_avg,INC_sd,INC_r1,INC_kr,INC_sk,IND_avg,IND_sd,IND_r1,IND_kr,IND_sk
185,0.26,0.1624807681,-0.5109034268,2.2685950413,-0.1790421687,0.12,0.1166190379,-0.525974026,1.6280276817,0.3631734744,0.62,0.2315167381,-0.4872944694,2.5997995099,-0.8238983939,0.62,0.2315167381,-0.4872944694,2.5997995099,-0.8238983939
