Instance,INF_avg,INF_sd,INF_r1,INF_kr,INF_sk,SUP_avg,SUP_sd,SUP_r1,SUP_kr,SUP_sk,INC_avg,INC_sd,INC_r1,INC_kr,INC_sk,IND_avg,IND_sd,IND_r1,IND_kr,IND_sk
205,0.3017,0.0444028152,0.4307258325,2.5441539573,0.2697169077,0.27615,0.0497737632,0.5585266013,2.6051012852,0.172005119,0.42215,0.0612056166,0.6326052591,2.4636563073,0.2199838615,0.42215,0.0612056166,0.6326052591,2.4636563073,0.2199838615
