Instance,INF_avg,INF_sd,INF_r1,INF_kr,INF_sk,SUP_avg,SUP_sd,SUP_r1,SUP_kr,SUP_sk,INC_avg,INC_sd,INC_r1,INC_kr,INC_sk,IND_avg,IND_sd,IND_r1,IND_kr,IND_sk
3,0.255,0.0467439836,0.1858156028,1.7218763255,0.305476237,0.202,0.0373630834,0.5188221008,1.484774345,0.2802208247,0.543,0.0257099203,0.1375691662,1.4687712424,0.3015136179,0.543,0.0257099203,0.1375691662,1.4687712424,0.3015136179
