Instance,INF_avg,INF_sd,INF_r1,INF_kr,INF_sk,SUP_avg,SUP_sd,SUP_r1,SUP_kr,SUP_sk,INC_avg,INC_sd,INC_r1,INC_kr,INC_sk,IND_avg,IND_sd,IND_r1,IND_kr,IND_sk
273,0.3980952381,0.1015882936,0.3809580022,2.2403623995,-0.1875599653,0.1247619048,0.0645585041,0.325793811,2.8589811275,0.4182694481,0.4771428571,0.0736234213,-0.0083697103,3.2732571854,-0.4505530424,0.4771428571,0.0736234213,-0.0083697103,3.2732571854,-0.4505530424
