Instance,INF_avg,INF_sd,INF_r1,INF_kr,INF_sk,SUP_avg,SUP_sd,SUP_r1,SUP_kr,SUP_sk,INC_avg,INC_sd,INC_r1,INC_kr,INC_sk,IND_avg,IND_sd,IND_r1,IND_kr,IND_sk
128,0.2472,0.0568168989,0.2662725045,2.242034254,0.345330684,0.2424,0.0670092531,0.0192908407,2.6165399432,-0.6786040122,0.5104,0.0662407729,-0.0631356547,2.7891506932,-0.5464418844,0.5104,0.0662407729,-0.0631356547,2.7891506932,-0.5464418844
