Instance,INF_avg,INF_sd,INF_r1,INF_kr,INF_sk,SUP_avg,SUP_sd,SUP_r1,SUP_kr,SUP_sk,INC_avg,INC_sd,INC_r1,INC_kr,INC_sk,IND_avg,IND_sd,IND_r1,IND_kr,IND_sk
136,0.4836742424,0.0795938075,0.8070944373,2.786365527,-0.6669322198,0.0545075758,0.0404044882,0.835715696,2.3557311242,0.7067089244,0.4618181818,0.0495635219,0.5227715362,3.5456782044,0.5750963414,0.4618181818,0.0495635219,0.5227715362,3.5456782044,0.5750963414
