Instance,INF_avg,INF_sd,INF_r1,INF_kr,INF_sk,SUP_avg,SUP_sd,SUP_r1,SUP_kr,SUP_sk,INC_avg,INC_sd,INC_r1,INC_kr,INC_sk,IND_avg,IND_sd,IND_r1,IND_kr,IND_sk
120,0.269,0.0431856458,0.048953602,2.5650649397,-0.2059069639,0.2504,0.0443603426,0.0840406724,3.2125492266,-0.3303944518,0.4806,0.0502557459,-0.2349063569,2.4793292522,-0.0136011681,0.4806,0.0502557459,-0.2349063569,2.4793292522,-0.0136011681
