Instance,INF_avg,INF_sd,INF_r1,INF_kr,INF_sk,SUP_avg,SUP_sd,SUP_r1,SUP_kr,SUP_sk,INC_avg,INC_sd,INC_r1,INC_kr,INC_sk,IND_avg,IND_sd,IND_r1,IND_kr,IND_sk
53,0.23,0.0244948974,-0.1904761905,1.1666666667,-0.4082482905,0.3,0.1048808848,-0.0952380952,2.8305785124,1.1701586323,0.47,0.1166190379,-0.1363636364,2.6660899654,-1.1500493357,0.47,0.1166190379,-0.1363636364,2.6660899654,-1.1500493357
