Instance,INF_avg,INF_sd,INF_r1,INF_kr,INF_sk,SUP_avg,SUP_sd,SUP_r1,SUP_kr,SUP_sk,INC_avg,INC_sd,INC_r1,INC_kr,INC_sk,IND_avg,IND_sd,IND_r1,IND_kr,IND_sk
28,0.2392,0.0700810959,-0.0717609293,3.5288155552,0.976043373,0.32,0.0642495136,-0.0120481928,2.4314945015,-0.3330040592,0.4408,0.0631138654,-0.0672226833,2.4294631735,-0.2276825037,0.4408,0.0631138654,-0.0672226833,2.4294631735,-0.2276825037
