Instance,INF_avg,INF_sd,INF_r1,INF_kr,INF_sk,SUP_avg,SUP_sd,SUP_r1,SUP_kr,SUP_sk,INC_avg,INC_sd,INC_r1,INC_kr,INC_sk,IND_avg,IND_sd,IND_r1,IND_kr,IND_sk
83,0.232,0.1406271666,-0.0482707725,2.1253652559,0.1973130333,0.304,0.1399428455,0.0213936212,2.0911908881,0.366676305,0.464,0.1621850795,-0.1117964986,3.4406956506,0.4799419054,0.464,0.1621850795,-0.1117964986,3.4406956506,0.4799419054
