Instance,INF_avg,INF_sd,INF_r1,INF_kr,INF_sk,SUP_avg,SUP_sd,SUP_r1,SUP_kr,SUP_sk,INC_avg,INC_sd,INC_r1,INC_kr,INC_sk,IND_avg,IND_sd,IND_r1,IND_kr,IND_sk
210,0.3,0.1264911064,-0.6666666667,2.03125,-0.2964635306,0.18,0.0871779789,-0.4678899083,2.6786703601,-0.507129517,0.52,0.1166190379,-0.4814814815,2.1470588235,-0.3934379306,0.52,0.1166190379,-0.4814814815,2.1470588235,-0.3934379306
