Instance,INF_avg,INF_sd,INF_r1,INF_kr,INF_sk,SUP_avg,SUP_sd,SUP_r1,SUP_kr,SUP_sk,INC_avg,INC_sd,INC_r1,INC_kr,INC_sk,IND_avg,IND_sd,IND_r1,IND_kr,IND_sk
165,0.175,0.1479019946,-0.0935251799,1.8457142857,0.4346507596,0.25,0.1658312395,-1.1052631579,1.6280991736,-0.4933822002,0.575,0.2277608395,-0.2430278884,2.0979822906,-0.8331504072,0.575,0.2277608395,-0.2430278884,2.0979822906,-0.8331504072
