Instance,INF_avg,INF_sd,INF_r1,INF_kr,INF_sk,SUP_avg,SUP_sd,SUP_r1,SUP_kr,SUP_sk,INC_avg,INC_sd,INC_r1,INC_kr,INC_sk,IND_avg,IND_sd,IND_r1,IND_kr,IND_sk
208,0.25,0.0836660027,-0.6,1.2755102041,0.2561204163,0.21,0.0734846923,0.5238095238,1.1666666667,0.4082482905,0.54,0.1113552873,-0.3706563707,2.0793444329,-0.6170311183,0.54,0.1113552873,-0.3706563707,2.0793444329,-0.6170311183
