Instance,INF_avg,INF_sd,INF_r1,INF_kr,INF_sk,SUP_avg,SUP_sd,SUP_r1,SUP_kr,SUP_sk,INC_avg,INC_sd,INC_r1,INC_kr,INC_sk,IND_avg,IND_sd,IND_r1,IND_kr,IND_sk
118,0.2472,0.0453007726,-0.1943971318,2.8984603724,0.4020902895,0.2376,0.0401277959,-0.087990075,2.0433140066,0.1833549789,0.5152,0.0519322636,-0.0165350656,2.2715491129,0.2146721382,0.5152,0.0519322636,-0.0165350656,2.2715491129,0.2146721382
