Instance,INF_avg,INF_sd,INF_r1,INF_kr,INF_sk,SUP_avg,SUP_sd,SUP_r1,SUP_kr,SUP_sk,INC_avg,INC_sd,INC_r1,INC_kr,INC_sk,IND_avg,IND_sd,IND_r1,IND_kr,IND_sk
39,0.22,0.0979795897,-0.0504201681,2.7291666667,0.8675276172,0.48,0.1469693846,0.0520446097,2.8127572016,-1.1642636432,0.3,0.0632455532,0.0,2.5,-0.0,0.3,0.0632455532,0.0,2.5,-0.0
