Instance,INF_avg,INF_sd,INF_r1,INF_kr,INF_sk,SUP_avg,SUP_sd,SUP_r1,SUP_kr,SUP_sk,INC_avg,INC_sd,INC_r1,INC_kr,INC_sk,IND_avg,IND_sd,IND_r1,IND_kr,IND_sk
9,0.2912,0.0683414954,0.4376124992,2.3372963392,-0.0350124911,0.3144,0.0732710038,0.6130665224,2.0207010144,0.2112252804,0.3944,0.0531473424,0.0798274149,2.7570504935,-0.1852520735,0.3944,0.0531473424,0.0798274149,2.7570504935,-0.1852520735
