Instance,INF_avg,INF_sd,INF_r1,INF_kr,INF_sk,SUP_avg,SUP_sd,SUP_r1,SUP_kr,SUP_sk,INC_avg,INC_sd,INC_r1,INC_kr,INC_sk,IND_avg,IND_sd,IND_r1,IND_kr,IND_sk
244,0.2425,0.014186261,0.2549019608,3.5239766984,-0.6961507635,0.259,0.03548239,0.4648297788,2.2668917235,0.696807189,0.4985,0.0357805813,0.2186568318,1.7483014162,-0.1909706374,0.4985,0.0357805813,0.2186568318,1.7483014162,-0.1909706374
