Instance,INF_avg,INF_sd,INF_r1,INF_kr,INF_sk,SUP_avg,SUP_sd,SUP_r1,SUP_kr,SUP_sk,INC_avg,INC_sd,INC_r1,INC_kr,INC_sk,IND_avg,IND_sd,IND_r1,IND_kr,IND_sk
55,0.4257142857,0.123310349,0.571252161,2.1061287123,0.5313587832,0.1466666667,0.1208435956,0.7694825436,2.7055780718,0.8254051613,0.4276190476,0.0833754995,0.0791841553,2.5925419008,0.2272575112,0.4276190476,0.0833754995,0.0791841553,2.5925419008,0.2272575112
