Instance,INF_avg,INF_sd,INF_r1,INF_kr,INF_sk,SUP_avg,SUP_sd,SUP_r1,SUP_kr,SUP_sk,INC_avg,INC_sd,INC_r1,INC_kr,INC_sk,IND_avg,IND_sd,IND_r1,IND_kr,IND_sk
251,0.5194217687,0.105612108,0.8723562825,2.5565939125,-0.5301992109,0.082414966,0.0674394506,0.8937359219,3.4472830877,1.0853780669,0.3981632653,0.0522522715,0.4309736299,2.8354102149,0.0841470615,0.3981632653,0.0522522715,0.4309736299,2.8354102149,0.0841470615
