Instance,INF_avg,INF_sd,INF_r1,INF_kr,INF_sk,SUP_avg,SUP_sd,SUP_r1,SUP_kr,SUP_sk,INC_avg,INC_sd,INC_r1,INC_kr,INC_sk,IND_avg,IND_sd,IND_r1,IND_kr,IND_sk
117,0.5217307692,0.1581226539,0.9179531241,1.7804199722,-0.1836540721,0.1332692308,0.0837514903,0.8232791381,1.8031077608,0.1552279561,0.345,0.087694838,0.7488777568,2.1141037322,0.3159185504,0.345,0.087694838,0.7488777568,2.1141037322,0.3159185504
