Instance,INF_avg,INF_sd,INF_r1,INF_kr,INF_sk,SUP_avg,SUP_sd,SUP_r1,SUP_kr,SUP_sk,INC_avg,INC_sd,INC_r1,INC_kr,INC_sk,IND_avg,IND_sd,IND_r1,IND_kr,IND_sk
143,0.41,0.1445683229,-0.0054753609,1.5992536801,-0.1747489172,0.26,0.1428285686,-0.4822134387,1.7866205306,-0.5106903836,0.33,0.1846618531,-0.1231101512,4.5171352156,1.3663716207,0.33,0.1846618531,-0.1231101512,4.5171352156,1.3663716207
