Instance,INF_avg,INF_sd,INF_r1,INF_kr,INF_sk,SUP_avg,SUP_sd,SUP_r1,SUP_kr,SUP_sk,INC_avg,INC_sd,INC_r1,INC_kr,INC_sk,IND_avg,IND_sd,IND_r1,IND_kr,IND_sk
130,0.288,0.0411825206,-0.1410788382,2.0685297259,-0.4068404933,0.284,0.0708801806,-0.0853976532,2.3648221023,0.239392066,0.428,0.0815843122,-0.0928433269,2.5224898299,-0.8549437766,0.428,0.0815843122,-0.0928433269,2.5224898299,-0.8549437766
