Instance,INF_avg,INF_sd,INF_r1,INF_kr,INF_sk,SUP_avg,SUP_sd,SUP_r1,SUP_kr,SUP_sk,INC_avg,INC_sd,INC_r1,INC_kr,INC_sk,IND_avg,IND_sd,IND_r1,IND_kr,IND_sk
150,0.2674418605,0.0746181917,0.3331279464,2.4026630854,0.2305693975,0.1779069767,0.0960270829,0.1793619442,2.7522359629,0.443039781,0.5546511628,0.1077324169,0.2239809265,1.9547190139,-0.162148795,0.5546511628,0.1077324169,0.2239809265,1.9547190139,-0.162148795
