Instance,INF_avg,INF_sd,INF_r1,INF_kr,INF_sk,SUP_avg,SUP_sd,SUP_r1,SUP_kr,SUP_sk,INC_avg,INC_sd,INC_r1,INC_kr,INC_sk,IND_avg,IND_sd,IND_r1,IND_kr,IND_sk
67,0.234,0.1041345284,0.0022628708,3.0801581491,0.3760139081,0.2255,0.0904143241,-0.0191280854,3.1970422246,0.283177033,0.5405,0.115476188,-0.0102923164,3.570779807,0.2368079189,0.5405,0.115476188,-0.0102923164,3.570779807,0.2368079189
