Instance,INF_avg,INF_sd,INF_r1,INF_kr,INF_sk,SUP_avg,SUP_sd,SUP_r1,SUP_kr,SUP_sk,INC_avg,INC_sd,INC_r1,INC_kr,INC_sk,IND_avg,IND_sd,IND_r1,IND_kr,IND_sk
95,0.23,0.0625139984,-0.0992287918,2.8196367004,0.0392951907,0.2864,0.0615064224,0.086164869,3.0299220482,-0.5457101015,0.4836,0.0694769026,-0.045064085,2.528605047,-0.0053036936,0.4836,0.0694769026,-0.045064085,2.528605047,-0.0053036936
