Instance,INF_avg,INF_sd,INF_r1,INF_kr,INF_sk,SUP_avg,SUP_sd,SUP_r1,SUP_kr,SUP_sk,INC_avg,INC_sd,INC_r1,INC_kr,INC_sk,IND_avg,IND_sd,IND_r1,IND_kr,IND_sk
246,0.219,0.0349428104,-0.054886388,2.2798467442,0.0329074032,0.259,0.0528109837,0.0849079064,3.0581002481,0.5384485683,0.522,0.0471593045,0.2367029092,2.4296232079,-0.2192171748,0.522,0.0471593045,0.2367029092,2.4296232079,-0.2192171748
