Instance,INF_avg,INF_sd,INF_r1,INF_kr,INF_sk,SUP_avg,SUP_sd,SUP_r1,SUP_kr,SUP_sk,INC_avg,INC_sd,INC_r1,INC_kr,INC_sk,IND_avg,IND_sd,IND_r1,IND_kr,IND_sk
40,0.2498,0.0372687537,0.0046678441,2.7989564053,-0.4882007087,0.2646,0.0334341143,-0.2510269865,2.8194736847,0.5926975363,0.4856,0.0288901367,-0.0863638633,2.3658248607,0.5180816409,0.4856,0.0288901367,-0.0863638633,2.3658248607,0.5180816409
