Instance,INF_avg,INF_sd,INF_r1,INF_kr,INF_sk,SUP_avg,SUP_sd,SUP_r1,SUP_kr,SUP_sk,INC_avg,INC_sd,INC_r1,INC_kr,INC_sk,IND_avg,IND_sd,IND_r1,IND_kr,IND_sk
235,0.2133,0.0425630121,0.711784827,2.201691727,0.3759244501,0.3204,0.052638769,0.574685052,2.5835637618,0.0834050544,0.4663,0.0342317104,0.0682677395,3.2431125124,-0.291918787,0.4663,0.0342317104,0.0682677395,3.2431125124,-0.291918787
