Instance,INF_avg,INF_sd,INF_r1,INF_kr,INF_sk,SUP_avg,SUP_sd,SUP_r1,SUP_kr,SUP_sk,INC_avg,INC_sd,INC_r1,INC_kr,INC_sk,IND_avg,IND_sd,IND_r1,IND_kr,IND_sk
221,0.3673684211,0.0660814573,0.5655575163,2.2219783645,-0.1024390418,0.1396491228,0.0777753154,0.8727671348,2.2413397133,0.3387832898,0.4929824561,0.0548671414,0.3590569784,2.2737888991,0.0246613635,0.4929824561,0.0548671414,0.3590569784,2.2737888991,0.0246613635
