Instance,INF_avg,INF_sd,INF_r1,INF_kr,INF_sk,SUP_avg,SUP_sd,SUP_r1,SUP_kr,SUP_sk,INC_avg,INC_sd,INC_r1,INC_kr,INC_sk,IND_avg,IND_sd,IND_r1,IND_kr,IND_sk
30,0.23,0.1187434209,-0.4401175606,1.4514863437,0.1218432567,0.18,0.0871779789,-0.091954023,4.3407202216,1.3040473294,0.59,0.1044030651,-0.551882461,1.755491962,-0.3268911726,0.59,0.1044030651,-0.551882461,1.755491962,-0.3268911726
