Instance,INF_avg,INF_sd,INF_r1,INF_kr,INF_sk,SUP_avg,SUP_sd,SUP_r1,SUP_kr,SUP_sk,INC_avg,INC_sd,INC_r1,INC_kr,INC_sk,IND_avg,IND_sd,IND_r1,IND_kr,IND_sk
269,0.3636363636,0.1226430688,-0.7703995498,1.4346697259,-0.1686138555,0.1727272727,0.0862439362,-0.8362480127,2.4674074074,-0.2951459149,0.4636363636,0.0881396338,-0.3398821218,2.7240832956,-0.8163589438,0.4636363636,0.0881396338,-0.3398821218,2.7240832956,-0.8163589438
