Instance,INF_avg,INF_sd,INF_r1,INF_kr,INF_sk,SUP_avg,SUP_sd,SUP_r1,SUP_kr,SUP_sk,INC_avg,INC_sd,INC_r1,INC_kr,INC_sk,IND_avg,IND_sd,IND_r1,IND_kr,IND_sk
160,0.2631,0.0538459841,0.1820649939,2.9336316267,0.2199319135,0.3155,0.0580064652,0.2101370799,2.7743187061,0.4350161119,0.4214,0.0588900671,0.2714331876,2.9264888592,-0.2489729136,0.4214,0.0588900671,0.2714331876,2.9264888592,-0.2489729136
