Instance,INF_avg,INF_sd,INF_r1,INF_kr,INF_sk,SUP_avg,SUP_sd,SUP_r1,SUP_kr,SUP_sk,INC_avg,INC_sd,INC_r1,INC_kr,INC_sk,IND_avg,IND_sd,IND_r1,IND_kr,IND_sk
72,0.256,0.0609261848,0.010174168,2.522294887,-0.1324383849,0.2488,0.072460748,-0.1008444768,2.9638039714,0.8946648448,0.4952,0.0798558702,-0.2053126907,2.0062551561,0.2785709283,0.4952,0.0798558702,-0.2053126907,2.0062551561,0.2785709283
