Instance,INF_avg,INF_sd,INF_r1,INF_kr,INF_sk,SUP_avg,SUP_sd,SUP_r1,SUP_kr,SUP_sk,INC_avg,INC_sd,INC_r1,INC_kr,INC_sk,IND_avg,IND_sd,IND_r1,IND_kr,IND_sk
69,0.258,0.0981631295,7.79835e-05,3.4657389501,0.156701568,0.25,0.1459451952,-0.0599520384,2.4251140647,0.0965054521,0.492,0.1213919272,0.1595361161,1.9867903108,0.0191052098,0.492,0.1213919272,0.1595361161,1.9867903108,0.0191052098
