Instance,INF_avg,INF_sd,INF_r1,INF_kr,INF_sk,SUP_avg,SUP_sd,SUP_r1,SUP_kr,SUP_sk,INC_avg,INC_sd,INC_r1,INC_kr,INC_sk,IND_avg,IND_sd,IND_r1,IND_kr,IND_sk
208,0.3537931034,0.079985507,0.5913892124,2.6581730767,0.3568872556,0.1182758621,0.0705675986,0.8317541169,2.8042361755,0.6677617714,0.5279310345,0.0528093063,0.0217957586,2.8780902055,-0.0148103677,0.5279310345,0.0528093063,0.0217957586,2.8780902055,-0.0148103677
