Instance,INF_avg,INF_sd,INF_r1,INF_kr,INF_sk,SUP_avg,SUP_sd,SUP_r1,SUP_kr,SUP_sk,INC_avg,INC_sd,INC_r1,INC_kr,INC_sk,IND_avg,IND_sd,IND_r1,IND_kr,IND_sk
267,0.285,0.0867467579,-0.0908476866,4.4049955299,1.1558447047,0.265,0.0895823643,0.306149293,2.365825254,0.6927264672,0.45,0.0921954446,-0.4333333333,1.8512110727,0.0957046137,0.45,0.0921954446,-0.4333333333,1.8512110727,0.0957046137
