Instance,INF_avg,INF_sd,INF_r1,INF_kr,INF_sk,SUP_avg,SUP_sd,SUP_r1,SUP_kr,SUP_sk,INC_avg,INC_sd,INC_r1,INC_kr,INC_sk,IND_avg,IND_sd,IND_r1,IND_kr,IND_sk
156,0.2422,0.0309541597,0.2703588295,2.6531492038,0.746163658,0.2658,0.0356841702,0.3556145329,3.2800314962,0.6455590219,0.492,0.0348998567,-0.170953648,2.4200417385,-0.4913425113,0.492,0.0348998567,-0.170953648,2.4200417385,-0.4913425113
