Instance,INF_avg,INF_sd,INF_r1,INF_kr,INF_sk,SUP_avg,SUP_sd,SUP_r1,SUP_kr,SUP_sk,INC_avg,INC_sd,INC_r1,INC_kr,INC_sk,IND_avg,IND_sd,IND_r1,IND_kr,IND_sk
76,0.26,0.0528772163,0.4841726619,2.1874443564,0.119517307,0.2356,0.0345924847,0.2729870976,2.6667895941,0.2389392804,0.5044,0.0456359507,0.1791146085,3.4060935351,-0.2359560566,0.5044,0.0456359507,0.1791146085,3.4060935351,-0.2359560566
