Instance,INF_avg,INF_sd,INF_r1,INF_kr,INF_sk,SUP_avg,SUP_sd,SUP_r1,SUP_kr,SUP_sk,INC_avg,INC_sd,INC_r1,INC_kr,INC_sk,IND_avg,IND_sd,IND_r1,IND_kr,IND_sk
259,0.2496,0.0627681448,-0.0640260779,1.650251676,-0.1052668902,0.2288,0.0524839023,0.1017255372,1.9020438755,0.1673800533,0.5216,0.0548218934,0.0739790025,3.3779859767,-0.2351862593,0.5216,0.0548218934,0.0739790025,3.3779859767,-0.2351862593
