Instance,INF_avg,INF_sd,INF_r1,INF_kr,INF_sk,SUP_avg,SUP_sd,SUP_r1,SUP_kr,SUP_sk,INC_avg,INC_sd,INC_r1,INC_kr,INC_sk,IND_avg,IND_sd,IND_r1,IND_kr,IND_sk
131,0.3781481481,0.0807161023,0.6250070205,2.457872851,-0.1152275389,0.1380555556,0.084134574,0.8507950116,2.5341830079,0.7108084617,0.4837962963,0.0502349589,-0.0215567219,2.8281298847,-0.1855844925,0.4837962963,0.0502349589,-0.0215567219,2.8281298847,-0.1855844925
