Instance,INF_avg,INF_sd,INF_r1,INF_kr,INF_sk,SUP_avg,SUP_sd,SUP_r1,SUP_kr,SUP_sk,INC_avg,INC_sd,INC_r1,INC_kr,INC_sk,IND_avg,IND_sd,IND_r1,IND_kr,IND_sk
258,0.265,0.0729040465,0.1677877605,2.5183531584,0.1868201315,0.2482,0.0585214491,-0.0562026957,3.2959358223,0.0937998009,0.4868,0.0771087544,0.309854939,2.364666766,0.0505857669,0.4868,0.0771087544,0.309854939,2.364666766,0.0505857669
