Instance,INF_avg,INF_sd,INF_r1,INF_kr,INF_sk,SUP_avg,SUP_sd,SUP_r1,SUP_kr,SUP_sk,INC_avg,INC_sd,INC_r1,INC_kr,INC_sk,IND_avg,IND_sd,IND_r1,IND_kr,IND_sk
29,0.277,0.1040240357,0.0025284086,3.3409930485,0.296555548,0.265,0.0926012959,-0.2188333187,3.1412506694,0.6904423901,0.458,0.1050523679,-0.1179248244,3.648559704,0.1182758113,0.458,0.1050523679,-0.1179248244,3.648559704,0.1182758113
