Instance,INF_avg,INF_sd,INF_r1,INF_kr,INF_sk,SUP_avg,SUP_sd,SUP_r1,SUP_kr,SUP_sk,INC_avg,INC_sd,INC_r1,INC_kr,INC_sk,IND_avg,IND_sd,IND_r1,IND_kr,IND_sk
192,0.215,0.0672681202,0.1058514135,2.8270504563,0.4287287783,0.3,0.1140175425,-0.125,1.7899408284,-0.1011990022,0.485,0.141509717,0.1838520185,2.9190992533,0.9676285267,0.485,0.141509717,0.1838520185,2.9190992533,0.9676285267
