Instance,INF_avg,INF_sd,INF_r1,INF_kr,INF_sk,SUP_avg,SUP_sd,SUP_r1,SUP_kr,SUP_sk,INC_avg,INC_sd,INC_r1,INC_kr,INC_sk,IND_avg,IND_sd,IND_r1,IND_kr,IND_sk
207,0.4583333333,0.1525250435,-0.0526842698,1.8759189129,0.0179401254,0.2208333333,0.1290321881,0.0486465086,2.1701405161,0.4229907578,0.3208333333,0.1224035902,0.3668248783,2.2706812448,0.6886178809,0.3208333333,0.1224035902,0.3668248783,2.2706812448,0.6886178809
