Instance,INF_avg,INF_sd,INF_r1,INF_kr,INF_sk,SUP_avg,SUP_sd,SUP_r1,SUP_kr,SUP_sk,INC_avg,INC_sd,INC_r1,INC_kr,INC_sk,IND_avg,IND_sd,IND_r1,IND_kr,IND_sk
124,0.2376,0.0392204029,0.2140799556,3.2084954379,0.1579494448,0.2328,0.0407941172,0.1932838858,2.9332270058,-0.2516042831,0.5296,0.04870154,0.1591420671,3.1433117366,-0.1678932426,0.5296,0.04870154,0.1591420671,3.1433117366,-0.1678932426
