Instance,INF_avg,INF_sd,INF_r1,INF_kr,INF_sk,SUP_avg,SUP_sd,SUP_r1,SUP_kr,SUP_sk,INC_avg,INC_sd,INC_r1,INC_kr,INC_sk,IND_avg,IND_sd,IND_r1,IND_kr,IND_sk
164,0.2105,0.029786742,-0.5591107063,2.8636402287,-0.722464536,0.2885,0.0327910049,-0.088158356,1.3948242356,-0.2742740708,0.501,0.033,-0.2230072644,1.5563321672,-0.1945905334,0.501,0.033,-0.2230072644,1.5563321672,-0.1945905334
