Instance,INF_avg,INF_sd,INF_r1,INF_kr,INF_sk,SUP_avg,SUP_sd,SUP_r1,SUP_kr,SUP_sk,INC_avg,INC_sd,INC_r1,INC_kr,INC_sk,IND_avg,IND_sd,IND_r1,IND_kr,IND_sk
186,0.236,0.1292439554,-0.1032444982,2.3363224997,0.1432735583,0.24,0.1113552873,-0.0598923284,2.5359001041,-0.0521434748,0.524,0.1422111107,-0.1246967336,2.282606954,0.0730328024,0.524,0.1422111107,-0.1246967336,2.282606954,0.0730328024
