Instance,INF_avg,INF_sd,INF_r1,INF_kr,INF_sk,SUP_avg,SUP_sd,SUP_r1,SUP_kr,SUP_sk,INC_avg,INC_sd,INC_r1,INC_kr,INC_sk,IND_avg,IND_sd,IND_r1,IND_kr,IND_sk
79,0.2745,0.1001236735,-0.0568465193,2.4455797725,0.3210321809,0.285,0.0944722181,0.1632773274,2.9542875974,0.2134814618,0.4405,0.115476188,0.0388745634,2.3399257524,0.0468538707,0.4405,0.115476188,0.0388745634,2.3399257524,0.0468538707
