Instance,INF_avg,INF_sd,INF_r1,INF_kr,INF_sk,SUP_avg,SUP_sd,SUP_r1,SUP_kr,SUP_sk,INC_avg,INC_sd,INC_r1,INC_kr,INC_sk,IND_avg,IND_sd,IND_r1,IND_kr,IND_sk
248,0.1785,0.0435229824,0.3694791592,3.6096639544,0.804187993,0.372,0.0551815186,0.6881170829,2.2537345402,-0.1467793491,0.4495,0.0458938994,0.2161857816,4.6998193239,0.7303854727,0.4495,0.0458938994,0.2161857816,4.6998193239,0.7303854727
