Instance,INF_avg,INF_sd,INF_r1,INF_kr,INF_sk,SUP_avg,SUP_sd,SUP_r1,SUP_kr,SUP_sk,INC_avg,INC_sd,INC_r1,INC_kr,INC_sk,IND_avg,IND_sd,IND_r1,IND_kr,IND_sk
165,0.2264,0.0621533587,0.1390819099,2.3398956822,0.0285192088,0.2368,0.0663758992,0.1174186466,3.4273263656,0.5080356756,0.5368,0.0678067843,0.2592602904,3.5238507932,0.8396581806,0.5368,0.0678067843,0.2592602904,3.5238507932,0.8396581806
