Instance,INF_avg,INF_sd,INF_r1,INF_kr,INF_sk,SUP_avg,SUP_sd,SUP_r1,SUP_kr,SUP_sk,INC_avg,INC_sd,INC_r1,INC_kr,INC_sk,IND_avg,IND_sd,IND_r1,IND_kr,IND_sk
88,0.208,0.0581033562,-0.7014242116,1.9515958761,0.3836927903,0.23,0.0431277173,-0.2761904762,2.9535206382,-0.478698215,0.562,0.0802246845,-0.4458469415,2.2591447811,-0.1755169948,0.562,0.0802246845,-0.4458469415,2.2591447811,-0.1755169948
