Instance,INF_avg,INF_sd,INF_r1,INF_kr,INF_sk,SUP_avg,SUP_sd,SUP_r1,SUP_kr,SUP_sk,INC_avg,INC_sd,INC_r1,INC_kr,INC_sk,IND_avg,IND_sd,IND_r1,IND_kr,IND_sk
276,0.2584,0.0377019893,-0.1384205976,3.2449750053,0.375192935,0.2364,0.0525265647,0.4357869125,2.9170833799,-0.6643236962,0.5052,0.0557939065,0.0346832747,3.1200794421,0.0625112477,0.5052,0.0557939065,0.0346832747,3.1200794421,0.0625112477
