Instance,INF_avg,INF_sd,INF_r1,INF_kr,INF_sk,SUP_avg,SUP_sd,SUP_r1,SUP_kr,SUP_sk,INC_avg,INC_sd,INC_r1,INC_kr,INC_sk,IND_avg,IND_sd,IND_r1,IND_kr,IND_sk
197,0.248,0.0472440472,-0.0942434683,4.0395999538,-0.1980109507,0.2438,0.043307736,0.0319415804,3.1742455888,-0.4424216646,0.5082,0.0526,0.0377514911,4.0367173289,0.7842032577,0.5082,0.0526,0.0377514911,4.0367173289,0.7842032577
