Instance,INF_avg,INF_sd,INF_r1,INF_kr,INF_sk,SUP_avg,SUP_sd,SUP_r1,SUP_kr,SUP_sk,INC_avg,INC_sd,INC_r1,INC_kr,INC_sk,IND_avg,IND_sd,IND_r1,IND_kr,IND_sk
115,0.2546,0.0275651954,-0.2194920043,2.7976139739,0.4312156813,0.2052,0.0329690764,-0.1589599689,2.5560031967,0.224712604,0.5402,0.0307727152,0.0215917095,2.3748269568,-0.2890539016,0.5402,0.0307727152,0.0215917095,2.3748269568,-0.2890539016
