Instance,INF_avg,INF_sd,INF_r1,INF_kr,INF_sk,SUP_avg,SUP_sd,SUP_r1,SUP_kr,SUP_sk,INC_avg,INC_sd,INC_r1,INC_kr,INC_sk,IND_avg,IND_sd,IND_r1,IND_kr,IND_sk
53,0.192,0.0775628777,-0.3307240705,2.7725497963,1.2089025086,0.396,0.1209297317,0.0107597716,2.4524441103,-0.1459154335,0.412,0.1210619676,0.4313950158,1.7340106024,0.2454262968,0.412,0.1210619676,0.4313950158,1.7340106024,0.2454262968
