Instance,INF_avg,INF_sd,INF_r1,INF_kr,INF_sk,SUP_avg,SUP_sd,SUP_r1,SUP_kr,SUP_sk,INC_avg,INC_sd,INC_r1,INC_kr,INC_sk,IND_avg,IND_sd,IND_r1,IND_kr,IND_sk
169,0.268,0.0870402206,0.014153039,2.2453337333,0.4853744144,0.288,0.1060942977,-0.0458385711,2.7619115813,0.4914966259,0.444,0.120266371,-0.1508031647,1.8304242697,-0.1002752009,0.444,0.120266371,-0.1508031647,1.8304242697,-0.1002752009
