Instance,INF_avg,INF_sd,INF_r1,INF_kr,INF_sk,SUP_avg,SUP_sd,SUP_r1,SUP_kr,SUP_sk,INC_avg,INC_sd,INC_r1,INC_kr,INC_sk,IND_avg,IND_sd,IND_r1,IND_kr,IND_sk
89,0.2304,0.0662407729,0.2465205663,3.8479801695,0.5369084019,0.2504,0.0630225357,-0.0829733895,2.5463943442,0.6599422549,0.5192,0.0751489188,0.0199411602,2.4639576068,0.0040391241,0.5192,0.0751489188,0.0199411602,2.4639576068,0.0040391241
