Instance,INF_avg,INF_sd,INF_r1,INF_kr,INF_sk,SUP_avg,SUP_sd,SUP_r1,SUP_kr,SUP_sk,INC_avg,INC_sd,INC_r1,INC_kr,INC_sk,IND_avg,IND_sd,IND_r1,IND_kr,IND_sk
297,0.27,0.0953939201,0.3472584856,2.1744958338,0.4561766982,0.225,0.0602079729,-0.0877192982,2.598097503,-0.6872729367,0.505,0.115,0.1458713735,2.9437323337,-1.1085723679,0.505,0.115,0.1458713735,2.9437323337,-1.1085723679
