Instance,INF_avg,INF_sd,INF_r1,INF_kr,INF_sk,SUP_avg,SUP_sd,SUP_r1,SUP_kr,SUP_sk,INC_avg,INC_sd,INC_r1,INC_kr,INC_sk,IND_avg,IND_sd,IND_r1,IND_kr,IND_sk
202,0.259,0.1056834897,-0.11437598,2.6732826486,0.4873079327,0.275,0.0939414711,0.114893617,2.704660177,0.4704273206,0.466,0.0982038696,-0.0202430158,2.3049921029,-0.1816196539,0.466,0.0982038696,-0.0202430158,2.3049921029,-0.1816196539
