Instance,INF_avg,INF_sd,INF_r1,INF_kr,INF_sk,SUP_avg,SUP_sd,SUP_r1,SUP_kr,SUP_sk,INC_avg,INC_sd,INC_r1,INC_kr,INC_sk,IND_avg,IND_sd,IND_r1,IND_kr,IND_sk
121,0.2785,0.022588714,-0.5934019216,2.3909312787,0.651750029,0.2635,0.0296690074,-0.3082852202,2.3240100114,0.1360078284,0.458,0.0306757233,-0.0044109539,2.7399876451,-0.6866590153,0.458,0.0306757233,-0.0044109539,2.7399876451,-0.6866590153
