Instance,INF_avg,INF_sd,INF_r1,INF_kr,INF_sk,SUP_avg,SUP_sd,SUP_r1,SUP_kr,SUP_sk,INC_avg,INC_sd,INC_r1,INC_kr,INC_sk,IND_avg,IND_sd,IND_r1,IND_kr,IND_sk
258,0.4414247312,0.1049115717,0.8750737335,2.2493999948,-0.4020400463,0.0889784946,0.0631905258,0.8808552287,2.930959945,0.8758896378,0.4695967742,0.0532363748,0.6105449329,2.5759433719,0.2261429608,0.4695967742,0.0532363748,0.6105449329,2.5759433719,0.2261429608
