Instance,INF_avg,INF_sd,INF_r1,INF_kr,INF_sk,SUP_avg,SUP_sd,SUP_r1,SUP_kr,SUP_sk,INC_avg,INC_sd,INC_r1,INC_kr,INC_sk,IND_avg,IND_sd,IND_r1,IND_kr,IND_sk
195,0.2676,0.0481896254,-0.2872498178,3.8565927679,0.9387538747,0.2444,0.0335952378,-0.0124057436,2.2654633795,-0.2063255695,0.488,0.04621688,-0.3758172572,2.8053486513,-0.7862295903,0.488,0.04621688,-0.3758172572,2.8053486513,-0.7862295903
