Instance,INF_avg,INF_sd,INF_r1,INF_kr,INF_sk,SUP_avg,SUP_sd,SUP_r1,SUP_kr,SUP_sk,INC_avg,INC_sd,INC_r1,INC_kr,INC_sk,IND_avg,IND_sd,IND_r1,IND_kr,IND_sk
260,0.2666666667,0.1632993162,0.235,1.6458333333,-0.2211344907,0.1777777778,0.1030402055,0.4266409266,1.7531097891,-0.1554798125,0.5555555556,0.1065740339,0.0024630542,1.7849716446,-0.1450535054,0.5555555556,0.1065740339,0.0024630542,1.7849716446,-0.1450535054
