Instance,INF_avg,INF_sd,INF_r1,INF_kr,INF_sk,SUP_avg,SUP_sd,SUP_r1,SUP_kr,SUP_sk,INC_avg,INC_sd,INC_r1,INC_kr,INC_sk,IND_avg,IND_sd,IND_r1,IND_kr,IND_sk
149,0.232,0.0585832741,-0.0236201837,3.5463510848,0.6493655169,0.2446,0.0608509655,-0.0385387969,2.6637064911,-0.148749873,0.5234,0.0763704131,-0.11638423,2.7602721964,-0.2275803963,0.5234,0.0763704131,-0.11638423,2.7602721964,-0.2275803963
