Instance,INF_avg,INF_sd,INF_r1,INF_kr,INF_sk,SUP_avg,SUP_sd,SUP_r1,SUP_kr,SUP_sk,INC_avg,INC_sd,INC_r1,INC_kr,INC_sk,IND_avg,IND_sd,IND_r1,IND_kr,IND_sk
82,0.28,0.092736185,0.1393442623,1.509194159,-0.1579875514,0.32,0.0748331477,0.4144144144,2.1339285714,0.7301958931,0.4,0.0547722558,-0.4,2.5,0.9128709292,0.4,0.0547722558,-0.4,2.5,0.9128709292
