Instance,INF_avg,INF_sd,INF_r1,INF_kr,INF_sk,SUP_avg,SUP_sd,SUP_r1,SUP_kr,SUP_sk,INC_avg,INC_sd,INC_r1,INC_kr,INC_sk,IND_avg,IND_sd,IND_r1,IND_kr,IND_sk
164,0.276,0.1068831137,0.2976030089,2.5031203658,-0.1749732022,0.23,0.1183215957,0.545983702,2.0789795918,-0.043465076,0.494,0.092,-0.1364072454,2.8532121812,-0.0544916578,0.494,0.092,-0.1364072454,2.8532121812,-0.0544916578
