Instance,INF_avg,INF_sd,INF_r1,INF_kr,INF_sk,SUP_avg,SUP_sd,SUP_r1,SUP_kr,SUP_sk,INC_avg,INC_sd,INC_r1,INC_kr,INC_sk,IND_avg,IND_sd,IND_r1,IND_kr,IND_sk
285,0.32,0.0678232998,-0.8674698795,2.3638941399,-0.7500308204,0.17,0.1029563014,-0.5072765073,2.2821288715,0.6927284075,0.51,0.1319090596,-0.5477560414,1.8008323424,-0.3476794476,0.51,0.1319090596,-0.5477560414,1.8008323424,-0.3476794476
