Instance,INF_avg,INF_sd,INF_r1,INF_kr,INF_sk,SUP_avg,SUP_sd,SUP_r1,SUP_kr,SUP_sk,INC_avg,INC_sd,INC_r1,INC_kr,INC_sk,IND_avg,IND_sd,IND_r1,IND_kr,IND_sk
279,0.3310810811,0.0912461412,0.3929756165,3.0001585655,0.0290601066,0.1451351351,0.0728612759,0.5339496464,2.9477853865,0.3687181476,0.5237837838,0.0758858086,-0.0266517283,2.5025848533,0.3346748006,0.5237837838,0.0758858086,-0.0266517283,2.5025848533,0.3346748006
