Instance,INF_avg,INF_sd,INF_r1,INF_kr,INF_sk,SUP_avg,SUP_sd,SUP_r1,SUP_kr,SUP_sk,INC_avg,INC_sd,INC_r1,INC_kr,INC_sk,IND_avg,IND_sd,IND_r1,IND_kr,IND_sk
118,0.2468,0.0727307363,-0.1088336831,2.704211313,0.2597534563,0.2472,0.0588910859,-0.0305679451,3.3879249574,-0.448510775,0.506,0.0751797845,-0.0617361418,3.2836055253,0.3983091797,0.506,0.0751797845,-0.0617361418,3.2836055253,0.3983091797
