Instance,INF_avg,INF_sd,INF_r1,INF_kr,INF_sk,SUP_avg,SUP_sd,SUP_r1,SUP_kr,SUP_sk,INC_avg,INC_sd,INC_r1,INC_kr,INC_sk,IND_avg,IND_sd,IND_r1,IND_kr,IND_sk
17,0.3246,0.0344940575,-0.093099935,3.2333108433,0.3693221779,0.19,0.0338230691,0.2636282395,2.2781523546,0.2209668263,0.4854,0.0408391969,-0.0274778369,2.1599519104,0.0218537228,0.4854,0.0408391969,-0.0274778369,2.1599519104,0.0218537228
