Instance,INF_avg,INF_sd,INF_r1,INF_kr,INF_sk,SUP_avg,SUP_sd,SUP_r1,SUP_kr,SUP_sk,INC_avg,INC_sd,INC_r1,INC_kr,INC_sk,IND_avg,IND_sd,IND_r1,IND_kr,IND_sk
236,0.256,0.0200997512,0.0536467752,1.7158366827,-0.2571333729,0.253,0.0188679623,0.0037243948,2.1453414973,0.5573921436,0.491,0.0037416574,-1.0588235294,1.8469387755,-0.3436215967,0.491,0.0037416574,-1.0588235294,1.8469387755,-0.3436215967
