Instance,INF_avg,INF_sd,INF_r1,INF_kr,INF_sk,SUP_avg,SUP_sd,SUP_r1,SUP_kr,SUP_sk,INC_avg,INC_sd,INC_r1,INC_kr,INC_sk,IND_avg,IND_sd,IND_r1,IND_kr,IND_sk
51,0.186,0.0300665928,-0.2718204489,2.5084579842,0.7841001948,0.356,0.0826075057,-0.7242703533,1.748893293,-0.662123439,0.458,0.0633719181,-0.8164120994,1.2004293583,0.3768306028,0.458,0.0633719181,-0.8164120994,1.2004293583,0.3768306028
