Instance,INF_avg,INF_sd,INF_r1,INF_kr,INF_sk,SUP_avg,SUP_sd,SUP_r1,SUP_kr,SUP_sk,INC_avg,INC_sd,INC_r1,INC_kr,INC_sk,IND_avg,IND_sd,IND_r1,IND_kr,IND_sk
194,0.285,0.1285496013,0.1896793339,2.4630013206,-0.1426364188,0.17,0.0992471662,-0.0261748959,1.8474580639,0.1288891024,0.545,0.0973396117,-0.2587412587,3.1681553317,0.3846392296,0.545,0.0973396117,-0.2587412587,3.1681553317,0.3846392296
