Instance,INF_avg,INF_sd,INF_r1,INF_kr,INF_sk,SUP_avg,SUP_sd,SUP_r1,SUP_kr,SUP_sk,INC_avg,INC_sd,INC_r1,INC_kr,INC_sk,IND_avg,IND_sd,IND_r1,IND_kr,IND_sk
71,0.208,0.1278123625,0.023673324,2.5206961353,0.1951317867,0.288,0.1259206099,-0.0444945475,4.5973875882,0.7675779607,0.504,0.1574293492,-0.0308703475,3.976220315,0.1800555604,0.504,0.1574293492,-0.0308703475,3.976220315,0.1800555604
