Instance,INF_avg,INF_sd,INF_r1,INF_kr,INF_sk,SUP_avg,SUP_sd,SUP_r1,SUP_kr,SUP_sk,INC_avg,INC_sd,INC_r1,INC_kr,INC_sk,IND_avg,IND_sd,IND_r1,IND_kr,IND_sk
16,0.389,0.0463573079,-0.0977769034,1.8338519696,-0.4843515523,0.223,0.0340734501,0.5224549608,1.8116321357,-0.3785711391,0.388,0.0599666574,0.1318921877,1.7929289867,0.2800221294,0.388,0.0599666574,0.1318921877,1.7929289867,0.2800221294
