Instance,INF_avg,INF_sd,INF_r1,INF_kr,INF_sk,SUP_avg,SUP_sd,SUP_r1,SUP_kr,SUP_sk,INC_avg,INC_sd,INC_r1,INC_kr,INC_sk,IND_avg,IND_sd,IND_r1,IND_kr,IND_sk
79,0.316,0.0278208555,0.0717244951,2.2363139234,0.4993186811,0.226,0.0313687743,-0.5265804598,5.2990965199,1.8028064711,0.458,0.0369594372,0.0339756592,3.8792350945,-0.9407646431,0.458,0.0369594372,0.0339756592,3.8792350945,-0.9407646431
