Instance,INF_avg,INF_sd,INF_r1,INF_kr,INF_sk,SUP_avg,SUP_sd,SUP_r1,SUP_kr,SUP_sk,INC_avg,INC_sd,INC_r1,INC_kr,INC_sk,IND_avg,IND_sd,IND_r1,IND_kr,IND_sk
120,0.3665822785,0.0886307384,0.3855940527,2.4082719162,0.0951786025,0.114556962,0.0666617661,0.5302279958,3.2601336526,0.8114276745,0.5188607595,0.0701623315,-0.0791322305,2.7142839803,-0.1549053438,0.5188607595,0.0701623315,-0.0791322305,2.7142839803,-0.1549053438
