Instance,INF_avg,INF_sd,INF_r1,INF_kr,INF_sk,SUP_avg,SUP_sd,SUP_r1,SUP_kr,SUP_sk,INC_avg,INC_sd,INC_r1,INC_kr,INC_sk,IND_avg,IND_sd,IND_r1,IND_kr,IND_sk
275,0.292,0.1706927063,-0.0835182216,2.0357489549,0.1970071119,0.22,0.137113092,-0.1600681141,2.7727478497,0.3817317863,0.488,0.175088549,0.0327901369,2.2243142028,-0.1517752753,0.488,0.175088549,0.0327901369,2.2243142028,-0.1517752753
