Instance,INF_avg,INF_sd,INF_r1,INF_kr,INF_sk,SUP_avg,SUP_sd,SUP_r1,SUP_kr,SUP_sk,INC_avg,INC_sd,INC_r1,INC_kr,INC_sk,IND_avg,IND_sd,IND_r1,IND_kr,IND_sk
192,0.2592,0.0651103678,0.0072581719,2.3749226025,0.4252311489,0.2204,0.0588543966,-0.0444868683,3.4514117408,0.5407737231,0.5204,0.0696838575,0.2293648588,2.1057513132,0.10241024,0.5204,0.0696838575,0.2293648588,2.1057513132,0.10241024
