Instance,INF_avg,INF_sd,INF_r1,INF_kr,INF_sk,SUP_avg,SUP_sd,SUP_r1,SUP_kr,SUP_sk,INC_avg,INC_sd,INC_r1,INC_kr,INC_sk,IND_avg,IND_sd,IND_r1,IND_kr,IND_sk
67,0.23,0.1220655562,0.2756771434,2.9336065943,0.006597841,0.271,0.1275107839,0.1266375546,2.7490478119,0.4094746704,0.499,0.1615518493,0.1192258449,2.4959805122,-0.0407229802,0.499,0.1615518493,0.1192258449,2.4959805122,-0.0407229802
