Instance,INF_avg,INF_sd,INF_r1,INF_kr,INF_sk,SUP_avg,SUP_sd,SUP_r1,SUP_kr,SUP_sk,INC_avg,INC_sd,INC_r1,INC_kr,INC_sk,IND_avg,IND_sd,IND_r1,IND_kr,IND_sk
214,0.2356,0.0468683262,0.0826786426,2.890335583,-0.0050427749,0.2528,0.0629615756,0.3170636224,2.1459462317,0.2753282192,0.5116,0.0682454394,0.1325592258,2.2590750824,-0.0562525155,0.5116,0.0682454394,0.1325592258,2.2590750824,-0.0562525155
