Instance,INF_avg,INF_sd,INF_r1,INF_kr,INF_sk,SUP_avg,SUP_sd,SUP_r1,SUP_kr,SUP_sk,INC_avg,INC_sd,INC_r1,INC_kr,INC_sk,IND_avg,IND_sd,IND_r1,IND_kr,IND_sk
145,0.281,0.0287923601,-0.1531389546,1.9715456441,0.2550183937,0.212,0.0321091887,-0.3252170442,2.4307260567,-0.1402827313,0.507,0.0479165942,-0.1965326133,3.2369963973,0.7838915051,0.507,0.0479165942,-0.1965326133,3.2369963973,0.7838915051
