Instance,INF_avg,INF_sd,INF_r1,INF_kr,INF_sk,SUP_avg,SUP_sd,SUP_r1,SUP_kr,SUP_sk,INC_avg,INC_sd,INC_r1,INC_kr,INC_sk,IND_avg,IND_sd,IND_r1,IND_kr,IND_sk
167,0.268,0.0335559235,0.0297898388,1.5093920857,-0.2034195992,0.301,0.0438634244,-0.3208038317,2.5757290555,-0.9781353484,0.431,0.0332264955,-0.6900636104,1.3830241808,-0.2327568871,0.431,0.0332264955,-0.6900636104,1.3830241808,-0.2327568871
