Instance,INF_avg,INF_sd,INF_r1,INF_kr,INF_sk,SUP_avg,SUP_sd,SUP_r1,SUP_kr,SUP_sk,INC_avg,INC_sd,INC_r1,INC_kr,INC_sk,IND_avg,IND_sd,IND_r1,IND_kr,IND_sk
120,0.269,0.0856679637,-0.1337101734,2.9321302731,-0.004265829,0.2215,0.0941421797,-0.0262605558,2.5775448418,0.3561589092,0.5095,0.117408475,-0.0581742225,2.7066397423,0.0309106608,0.5095,0.117408475,-0.0581742225,2.7066397423,0.0309106608
