Instance,INF_avg,INF_sd,INF_r1,INF_kr,INF_sk,SUP_avg,SUP_sd,SUP_r1,SUP_kr,SUP_sk,INC_avg,INC_sd,INC_r1,INC_kr,INC_sk,IND_avg,IND_sd,IND_r1,IND_kr,IND_sk
112,0.264,0.0389101529,-0.4177636556,1.8256562702,-0.5878801009,0.218,0.0355808937,-0.2128949888,1.755152999,0.4640650248,0.518,0.0324961536,-0.501789097,2.3178267045,0.6904663322,0.518,0.0324961536,-0.501789097,2.3178267045,0.6904663322
