Instance,INF_avg,INF_sd,INF_r1,INF_kr,INF_sk,SUP_avg,SUP_sd,SUP_r1,SUP_kr,SUP_sk,INC_avg,INC_sd,INC_r1,INC_kr,INC_sk,IND_avg,IND_sd,IND_r1,IND_kr,IND_sk
215,0.3861797753,0.1051537731,0.740926451,2.5146579879,-0.0696988793,0.0952808989,0.0659262422,0.6503862804,4.3773846477,1.241640996,0.5185393258,0.0658317666,0.2705068123,3.0852959599,-0.0641356987,0.5185393258,0.0658317666,0.2705068123,3.0852959599,-0.0641356987
