Instance,INF_avg,INF_sd,INF_r1,INF_kr,INF_sk,SUP_avg,SUP_sd,SUP_r1,SUP_kr,SUP_sk,INC_avg,INC_sd,INC_r1,INC_kr,INC_sk,IND_avg,IND_sd,IND_r1,IND_kr,IND_sk
224,0.232,0.0957914401,0.115306544,2.9219247512,0.3826425372,0.258,0.1064706532,-0.1261541746,2.5152762429,0.4121326102,0.51,0.1113552873,0.064697609,2.6607700312,0.030417027,0.51,0.1113552873,0.064697609,2.6607700312,0.030417027
