Instance,INF_avg,INF_sd,INF_r1,INF_kr,INF_sk,SUP_avg,SUP_sd,SUP_r1,SUP_kr,SUP_sk,INC_avg,INC_sd,INC_r1,INC_kr,INC_sk,IND_avg,IND_sd,IND_r1,IND_kr,IND_sk
108,0.309,0.0476025209,0.1347273737,2.6336935971,-0.6742172243,0.179,0.0342344855,0.167634203,3.3244271919,0.5625726621,0.512,0.0383144881,-0.1928898374,3.9381742384,0.485797408,0.512,0.0383144881,-0.1928898374,3.9381742384,0.485797408
