Instance,INF_avg,INF_sd,INF_r1,INF_kr,INF_sk,SUP_avg,SUP_sd,SUP_r1,SUP_kr,SUP_sk,INC_avg,INC_sd,INC_r1,INC_kr,INC_sk,IND_avg,IND_sd,IND_r1,IND_kr,IND_sk
52,0.298,0.1656683434,0.3923064997,2.5202134705,0.1984159278,0.3005,0.1295173734,0.2477304203,2.5917742743,0.0821991981,0.4015,0.1209245633,0.3321677004,2.193699626,0.0751840949,0.4015,0.1209245633,0.3321677004,2.193699626,0.0751840949
