Instance,INF_avg,INF_sd,INF_r1,INF_kr,INF_sk,SUP_avg,SUP_sd,SUP_r1,SUP_kr,SUP_sk,INC_avg,INC_sd,INC_r1,INC_kr,INC_sk,IND_avg,IND_sd,IND_r1,IND_kr,IND_sk
37,0.2368,0.0456701215,0.1279502572,3.0036408959,0.4540989498,0.2276,0.045631568,0.0604240426,2.6892706532,-0.0491922844,0.5356,0.0538947122,0.0668541942,2.3617812492,0.1345713209,0.5356,0.0538947122,0.0668541942,2.3617812492,0.1345713209
