Instance,INF_avg,INF_sd,INF_r1,INF_kr,INF_sk,SUP_avg,SUP_sd,SUP_r1,SUP_kr,SUP_sk,INC_avg,INC_sd,INC_r1,INC_kr,INC_sk,IND_avg,IND_sd,IND_r1,IND_kr,IND_sk
24,0.3136,0.0505078212,0.2196811103,2.2148285904,-0.3771737792,0.2544,0.0609314369,0.4655149818,3.032026344,0.673991397,0.432,0.054405882,0.0090700277,2.5782834186,-0.2581199444,0.432,0.054405882,0.0090700277,2.5782834186,-0.2581199444
