Instance,INF_avg,INF_sd,INF_r1,INF_kr,INF_sk,SUP_avg,SUP_sd,SUP_r1,SUP_kr,SUP_sk,INC_avg,INC_sd,INC_r1,INC_kr,INC_sk,IND_avg,IND_sd,IND_r1,IND_kr,IND_sk
78,0.273,0.1114495402,-0.0416090243,4.4309260968,0.7464227401,0.234,0.1095171219,-0.0624223539,2.3511310433,0.1140483324,0.493,0.1187476316,0.1436479957,2.3095053903,-0.0215209634,0.493,0.1187476316,0.1436479957,2.3095053903,-0.0215209634
