Instance,INF_avg,INF_sd,INF_r1,INF_kr,INF_sk,SUP_avg,SUP_sd,SUP_r1,SUP_kr,SUP_sk,INC_avg,INC_sd,INC_r1,INC_kr,INC_sk,IND_avg,IND_sd,IND_r1,IND_kr,IND_sk
82,0.2879,0.0454157462,0.0397270876,2.3586807529,-0.1657494226,0.2438,0.0430529906,-0.0717488585,3.0510465817,0.0843914058,0.4683,0.0527457107,0.1917674542,3.4007219856,0.1998282738,0.4683,0.0527457107,0.1917674542,3.4007219856,0.1998282738
