Instance,INF_avg,INF_sd,INF_r1,INF_kr,INF_sk,SUP_avg,SUP_sd,SUP_r1,SUP_kr,SUP_sk,INC_avg,INC_sd,INC_r1,INC_kr,INC_sk,IND_avg,IND_sd,IND_r1,IND_kr,IND_sk
49,0.2503,0.02890346,0.0406718268,3.3863708678,-0.4277848727,0.2545,0.0386813909,0.1462191843,2.1720073785,0.1450834613,0.4952,0.0414603425,0.2558870678,2.3934863112,0.0207470687,0.4952,0.0414603425,0.2558870678,2.3934863112,0.0207470687
