Instance,INF_avg,INF_sd,INF_r1,INF_kr,INF_sk,SUP_avg,SUP_sd,SUP_r1,SUP_kr,SUP_sk,INC_avg,INC_sd,INC_r1,INC_kr,INC_sk,IND_avg,IND_sd,IND_r1,IND_kr,IND_sk
26,0.247,0.1486304141,0.0034872824,2.2068156867,0.1496457411,0.276,0.1484048517,0.2882698014,2.8643056104,0.4710316229,0.477,0.1754166469,-0.0654893524,2.7700421136,0.0639833781,0.477,0.1754166469,-0.0654893524,2.7700421136,0.0639833781
