Instance,INF_avg,INF_sd,INF_r1,INF_kr,INF_sk,SUP_avg,SUP_sd,SUP_r1,SUP_kr,SUP_sk,INC_avg,INC_sd,INC_r1,INC_kr,INC_sk,IND_avg,IND_sd,IND_r1,IND_kr,IND_sk
127,0.2268,0.0402710814,-0.325434236,3.6091827936,0.6051392809,0.2876,0.0512468536,-0.0012897885,2.4220437418,0.1423823844,0.4856,0.0447285144,0.1399629123,3.7550840545,0.1543669988,0.4856,0.0447285144,0.1399629123,3.7550840545,0.1543669988
