Instance,INF_avg,INF_sd,INF_r1,INF_kr,INF_sk,SUP_avg,SUP_sd,SUP_r1,SUP_kr,SUP_sk,INC_avg,INC_sd,INC_r1,INC_kr,INC_sk,IND_avg,IND_sd,IND_r1,IND_kr,IND_sk
28,0.3,0.0979795897,0.2083333333,3.125,0.5103103631,0.22,0.12,0.1697191697,2.5648148148,0.4444444444,0.48,0.1264911064,-0.1751904244,3.0175,-0.4506245666,0.48,0.1264911064,-0.1751904244,3.0175,-0.4506245666
