Instance,INF_avg,INF_sd,INF_r1,INF_kr,INF_sk,SUP_avg,SUP_sd,SUP_r1,SUP_kr,SUP_sk,INC_avg,INC_sd,INC_r1,INC_kr,INC_sk,IND_avg,IND_sd,IND_r1,IND_kr,IND_sk
276,0.286,0.0566038868,0.0551181102,4.4153562728,0.6203832786,0.208,0.0411825206,0.134520277,3.1365254539,-0.4068404933,0.506,0.0369323706,-0.5988465236,2.2880522183,0.5088162102,0.506,0.0369323706,-0.5988465236,2.2880522183,0.5088162102
