Instance,INF_avg,INF_sd,INF_r1,INF_kr,INF_sk,SUP_avg,SUP_sd,SUP_r1,SUP_kr,SUP_sk,INC_avg,INC_sd,INC_r1,INC_kr,INC_sk,IND_avg,IND_sd,IND_r1,IND_kr,IND_sk
107,0.25,0.032249031,-0.1737451737,4.0103550296,0.4150393042,0.284,0.055569776,0.1214797265,2.5568404521,0.7104917125,0.466,0.0593295879,0.3293363079,2.0479700413,-0.6474617088,0.466,0.0593295879,0.3293363079,2.0479700413,-0.6474617088
