Instance,INF_avg,INF_sd,INF_r1,INF_kr,INF_sk,SUP_avg,SUP_sd,SUP_r1,SUP_kr,SUP_sk,INC_avg,INC_sd,INC_r1,INC_kr,INC_sk,IND_avg,IND_sd,IND_r1,IND_kr,IND_sk
276,0.25295,0.0310893471,0.0884825392,3.6986469056,-0.0357201883,0.2423,0.0307198633,0.1268880774,2.5072467778,0.0180656226,0.50475,0.0325374784,0.2049605515,2.7133920958,-0.3548846363,0.50475,0.0325374784,0.2049605515,2.7133920958,-0.3548846363
