Instance,INF_avg,INF_sd,INF_r1,INF_kr,INF_sk,SUP_avg,SUP_sd,SUP_r1,SUP_kr,SUP_sk,INC_avg,INC_sd,INC_r1,INC_kr,INC_sk,IND_avg,IND_sd,IND_r1,IND_kr,IND_sk
103,0.255,0.1011187421,0.5736122285,1.7207991344,0.081242693,0.28,0.1122497216,-0.4298808433,1.3556311413,0.2927146935,0.465,0.109658561,-0.3988657845,2.65393476,-0.2138560203,0.465,0.109658561,-0.3988657845,2.65393476,-0.2138560203
