Instance,INF_avg,INF_sd,INF_r1,INF_kr,INF_sk,SUP_avg,SUP_sd,SUP_r1,SUP_kr,SUP_sk,INC_avg,INC_sd,INC_r1,INC_kr,INC_sk,IND_avg,IND_sd,IND_r1,IND_kr,IND_sk
231,0.5100769231,0.1231040595,0.809864055,2.6011187533,-0.5901755791,0.091,0.064496273,0.8318087322,4.9786772683,1.344544733,0.3989230769,0.0751434132,0.5579609587,2.4627538799,0.1494536036,0.3989230769,0.0751434132,0.5579609587,2.4627538799,0.1494536036
