Instance,INF_avg,INF_sd,INF_r1,INF_kr,INF_sk,SUP_avg,SUP_sd,SUP_r1,SUP_kr,SUP_sk,INC_avg,INC_sd,INC_r1,INC_kr,INC_sk,IND_avg,IND_sd,IND_r1,IND_kr,IND_sk
178,0.2648,0.0665203728,0.0260641266,2.5444936381,0.0913537796,0.2528,0.0654534949,0.1724594132,3.0486850418,0.0488960641,0.4824,0.0674258111,0.1188386986,2.8830999626,0.1374505245,0.4824,0.0674258111,0.1188386986,2.8830999626,0.1374505245
