Instance,INF_avg,INF_sd,INF_r1,INF_kr,INF_sk,SUP_avg,SUP_sd,SUP_r1,SUP_kr,SUP_sk,INC_avg,INC_sd,INC_r1,INC_kr,INC_sk,IND_avg,IND_sd,IND_r1,IND_kr,IND_sk
158,0.2544,0.0575555384,-0.333972082,2.4483830675,-0.1519559093,0.248,0.0611882342,-0.1179107051,2.8127328512,0.6252249436,0.4976,0.0645773954,-0.2067885887,2.2329045263,-0.1558111532,0.4976,0.0645773954,-0.2067885887,2.2329045263,-0.1558111532
