Instance,INF_avg,INF_sd,INF_r1,INF_kr,INF_sk,SUP_avg,SUP_sd,SUP_r1,SUP_kr,SUP_sk,INC_avg,INC_sd,INC_r1,INC_kr,INC_sk,IND_avg,IND_sd,IND_r1,IND_kr,IND_sk
271,0.2452,0.0623935894,0.0335807343,3.3171712966,0.1116907819,0.2186,0.0670674288,0.1298053095,3.7173635797,0.3551357769,0.5362,0.0855427379,0.2674529407,2.4440907316,0.2574509491,0.5362,0.0855427379,0.2674529407,2.4440907316,0.2574509491
