Instance,INF_avg,INF_sd,INF_r1,INF_kr,INF_sk,SUP_avg,SUP_sd,SUP_r1,SUP_kr,SUP_sk,INC_avg,INC_sd,INC_r1,INC_kr,INC_sk,IND_avg,IND_sd,IND_r1,IND_kr,IND_sk
134,0.2666666667,0.1539600718,0.1506352087,2.07421875,0.202974704,0.2185185185,0.1123388955,0.3704761459,2.7121077505,0.2585918204,0.5148148148,0.1693204363,0.2257640198,2.3575600375,0.3167010436,0.5148148148,0.1693204363,0.2257640198,2.3575600375,0.3167010436
