Instance,INF_avg,INF_sd,INF_r1,INF_kr,INF_sk,SUP_avg,SUP_sd,SUP_r1,SUP_kr,SUP_sk,INC_avg,INC_sd,INC_r1,INC_kr,INC_sk,IND_avg,IND_sd,IND_r1,IND_kr,IND_sk
269,0.238,0.0935735005,-0.2618137484,2.5981973909,0.4966792541,0.272,0.0970360758,0.0873318769,3.130087149,0.0578926137,0.49,0.1067707825,0.1825863336,2.5794090489,-0.2809757435,0.49,0.1067707825,0.1825863336,2.5794090489,-0.2809757435
