Instance,INF_avg,INF_sd,INF_r1,INF_kr,INF_sk,SUP_avg,SUP_sd,SUP_r1,SUP_kr,SUP_sk,INC_avg,INC_sd,INC_r1,INC_kr,INC_sk,IND_avg,IND_sd,IND_r1,IND_kr,IND_sk
5,0.22,0.06,0.0870786517,2.9027777778,0.9305555556,0.305,0.0878919792,-0.1653755473,1.646997832,0.1789486992,0.475,0.0844097151,-0.1047619048,1.6943674977,-0.1870575403,0.475,0.0844097151,-0.1047619048,1.6943674977,-0.1870575403
