Instance,INF_avg,INF_sd,INF_r1,INF_kr,INF_sk,SUP_avg,SUP_sd,SUP_r1,SUP_kr,SUP_sk,INC_avg,INC_sd,INC_r1,INC_kr,INC_sk,IND_avg,IND_sd,IND_r1,IND_kr,IND_sk
249,0.25,0.0402492236,0.0062111801,1.7535436671,0.33126933,0.22,0.0565685425,-0.0131578947,2.20625,0.0795495129,0.53,0.0545893763,-0.2733564014,1.7091572452,-0.2360515346,0.53,0.0545893763,-0.2733564014,1.7091572452,-0.2360515346
