Instance,INF_avg,INF_sd,INF_r1,INF_kr,INF_sk,SUP_avg,SUP_sd,SUP_r1,SUP_kr,SUP_sk,INC_avg,INC_sd,INC_r1,INC_kr,INC_sk,IND_avg,IND_sd,IND_r1,IND_kr,IND_sk
9,0.26,0.0296647939,-0.3157894737,2.133910124,0.0172380647,0.244,0.0333766385,-0.284853052,1.8110952815,-0.4715238621,0.496,0.0198494332,-0.739015352,1.3247056095,-0.2439686582,0.496,0.0198494332,-0.739015352,1.3247056095,-0.2439686582
