Instance,INF_avg,INF_sd,INF_r1,INF_kr,INF_sk,SUP_avg,SUP_sd,SUP_r1,SUP_kr,SUP_sk,INC_avg,INC_sd,INC_r1,INC_kr,INC_sk,IND_avg,IND_sd,IND_r1,IND_kr,IND_sk
44,0.24,0.1019803903,-0.6115702479,1.9556213018,0.2715454179,0.16,0.08,0.3661971831,2.078125,0.84375,0.6,0.1095445115,-0.1666666667,2.5,-0.9128709292,0.6,0.1095445115,-0.1666666667,2.5,-0.9128709292
