Instance,INF_avg,INF_sd,INF_r1,INF_kr,INF_sk,SUP_avg,SUP_sd,SUP_r1,SUP_kr,SUP_sk,INC_avg,INC_sd,INC_r1,INC_kr,INC_sk,IND_avg,IND_sd,IND_r1,IND_kr,IND_sk
155,0.3394,0.0606270567,0.4496589908,2.6538725063,0.0318446643,0.2821,0.0489141084,0.1112582332,2.5549451873,-0.1845024223,0.3785,0.0663984187,0.6369154172,2.5383597762,-0.1016186952,0.3785,0.0663984187,0.6369154172,2.5383597762,-0.1016186952
