Instance,INF_avg,INF_sd,INF_r1,INF_kr,INF_sk,SUP_avg,SUP_sd,SUP_r1,SUP_kr,SUP_sk,INC_avg,INC_sd,INC_r1,INC_kr,INC_sk,IND_avg,IND_sd,IND_r1,IND_kr,IND_sk
212,0.18,0.092736185,-0.2412587413,1.509194159,-0.1579875514,0.23,0.0509901951,-0.5079365079,1.9556213018,-0.2715454179,0.59,0.1067707825,-0.5106951872,1.7206832872,0.1380231722,0.59,0.1067707825,-0.5106951872,1.7206832872,0.1380231722
