Instance,INF_avg,INF_sd,INF_r1,INF_kr,INF_sk,SUP_avg,SUP_sd,SUP_r1,SUP_kr,SUP_sk,INC_avg,INC_sd,INC_r1,INC_kr,INC_sk,IND_avg,IND_sd,IND_r1,IND_kr,IND_sk
262,0.3172093023,0.0843670161,0.3534908815,2.4201373216,-0.0159810628,0.178372093,0.0763842865,0.4442917566,2.5596871124,0.0199043981,0.5044186047,0.0699768176,0.0838681632,4.8523547759,0.3090153068,0.5044186047,0.0699768176,0.0838681632,4.8523547759,0.3090153068
