Instance,INF_avg,INF_sd,INF_r1,INF_kr,INF_sk,SUP_avg,SUP_sd,SUP_r1,SUP_kr,SUP_sk,INC_avg,INC_sd,INC_r1,INC_kr,INC_sk,IND_avg,IND_sd,IND_r1,IND_kr,IND_sk
26,0.27,0.1360147051,-0.1007911937,3.0046165084,0.0763033554,0.276,0.1379275172,0.2198209481,3.2804117644,0.481548865,0.454,0.1512745848,0.0766490195,2.3151037306,0.3915132838,0.454,0.1512745848,0.0766490195,2.3151037306,0.3915132838
