Instance,INF_avg,INF_sd,INF_r1,INF_kr,INF_sk,SUP_avg,SUP_sd,SUP_r1,SUP_kr,SUP_sk,INC_avg,INC_sd,INC_r1,INC_kr,INC_sk,IND_avg,IND_sd,IND_r1,IND_kr,IND_sk
138,0.252,0.0624819974,-0.1358419413,3.9362570546,0.4065433309,0.2362,0.0582199279,-0.1573052076,2.9293886587,0.2516259827,0.5118,0.0679467439,-0.1719498579,3.1940583112,-0.1577217483,0.5118,0.0679467439,-0.1719498579,3.1940583112,-0.1577217483
