Instance,INF_avg,INF_sd,INF_r1,INF_kr,INF_sk,SUP_avg,SUP_sd,SUP_r1,SUP_kr,SUP_sk,INC_avg,INC_sd,INC_r1,INC_kr,INC_sk,IND_avg,IND_sd,IND_r1,IND_kr,IND_sk
124,0.2308,0.042039981,0.0987433783,2.7190411477,-0.1206218364,0.2792,0.0375147971,0.0324407448,2.5038078514,-0.1148141772,0.49,0.0397994975,0.0708860759,3.7438781757,0.4035379107,0.49,0.0397994975,0.0708860759,3.7438781757,0.4035379107
