Instance,INF_avg,INF_sd,INF_r1,INF_kr,INF_sk,SUP_avg,SUP_sd,SUP_r1,SUP_kr,SUP_sk,INC_avg,INC_sd,INC_r1,INC_kr,INC_sk,IND_avg,IND_sd,IND_r1,IND_kr,IND_sk
175,0.3115,0.1170160245,0.1149426695,3.0375668406,0.2464184948,0.343,0.1012472222,0.1644278872,3.2964513166,0.3498594776,0.3455,0.1024926827,0.1644333085,2.5561679989,-0.0110013838,0.3455,0.1024926827,0.1644333085,2.5561679989,-0.0110013838
