Instance,INF_avg,INF_sd,INF_r1,INF_kr,INF_sk,SUP_avg,SUP_sd,SUP_r1,SUP_kr,SUP_sk,INC_avg,INC_sd,INC_r1,INC_kr,INC_sk,IND_avg,IND_sd,IND_r1,IND_kr,IND_sk
142,0.2318,0.0290647553,-0.2151948667,2.3005715577,-0.1863350282,0.25565,0.0329746494,-0.0633167472,3.8436264781,0.4866421731,0.51255,0.0365205079,0.047426619,3.290779383,-0.2742503933,0.51255,0.0365205079,0.047426619,3.290779383,-0.2742503933
