Instance,INF_avg,INF_sd,INF_r1,INF_kr,INF_sk,SUP_avg,SUP_sd,SUP_r1,SUP_kr,SUP_sk,INC_avg,INC_sd,INC_r1,INC_kr,INC_sk,IND_avg,IND_sd,IND_r1,IND_kr,IND_sk
221,0.26775,0.0338332307,0.1976766567,2.9589111202,-0.2536433058,0.2456,0.0424044809,0.4311166326,2.9933435011,-0.2756667592,0.48665,0.0410673532,0.2609789464,2.7806622333,0.386882393,0.48665,0.0410673532,0.2609789464,2.7806622333,0.386882393
