Instance,INF_avg,INF_sd,INF_r1,INF_kr,INF_sk,SUP_avg,SUP_sd,SUP_r1,SUP_kr,SUP_sk,INC_avg,INC_sd,INC_r1,INC_kr,INC_sk,IND_avg,IND_sd,IND_r1,IND_kr,IND_sk
231,0.4,0.1048808848,-0.4545454545,2.8305785124,-1.1701586323,0.14,0.0374165739,-0.1594202899,1.8469387755,0.3436215967,0.46,0.1240967365,-0.2808842653,2.9432450666,1.2621071359,0.46,0.1240967365,-0.2808842653,2.9432450666,1.2621071359
