Instance,INF_avg,INF_sd,INF_r1,INF_kr,INF_sk,SUP_avg,SUP_sd,SUP_r1,SUP_kr,SUP_sk,INC_avg,INC_sd,INC_r1,INC_kr,INC_sk,IND_avg,IND_sd,IND_r1,IND_kr,IND_sk
281,0.2664,0.0717149915,0.126462824,2.2667891204,-0.0584777065,0.2168,0.0592432275,0.0538647836,2.0667088822,0.2299166867,0.5168,0.0927241069,0.1658094381,1.7605282551,0.3957896383,0.5168,0.0927241069,0.1658094381,1.7605282551,0.3957896383
