Instance,INF_avg,INF_sd,INF_r1,INF_kr,INF_sk,SUP_avg,SUP_sd,SUP_r1,SUP_kr,SUP_sk,INC_avg,INC_sd,INC_r1,INC_kr,INC_sk,IND_avg,IND_sd,IND_r1,IND_kr,IND_sk
68,0.218,0.0172046505,-0.8103448276,1.9945215486,-0.3958703373,0.344,0.0338230691,0.359443631,1.921389799,0.5222570323,0.438,0.0348711915,-0.1859838275,3.0422437673,-1.3040473294,0.438,0.0348711915,-0.1859838275,3.0422437673,-1.3040473294
