Instance,INF_avg,INF_sd,INF_r1,INF_kr,INF_sk,SUP_avg,SUP_sd,SUP_r1,SUP_kr,SUP_sk,INC_avg,INC_sd,INC_r1,INC_kr,INC_sk,IND_avg,IND_sd,IND_r1,IND_kr,IND_sk
236,0.2408,0.0583725963,-0.130180196,2.5923049644,0.5059005534,0.2448,0.0579047494,0.0345573043,3.3283504306,0.1611455679,0.5144,0.0671761863,0.0765286518,3.0621602028,-0.301416658,0.5144,0.0671761863,0.0765286518,3.0621602028,-0.301416658
