Instance,INF_avg,INF_sd,INF_r1,INF_kr,INF_sk,SUP_avg,SUP_sd,SUP_r1,SUP_kr,SUP_sk,INC_avg,INC_sd,INC_r1,INC_kr,INC_sk,IND_avg,IND_sd,IND_r1,IND_kr,IND_sk
152,0.279,0.1102678557,-0.0028731115,3.1125687892,0.4775532357,0.211,0.0928924109,-0.0242335998,2.9835434877,0.6504895416,0.51,0.1067707825,0.0012368584,2.4616805171,0.1330937732,0.51,0.1067707825,0.0012368584,2.4616805171,0.1330937732
