Instance,INF_avg,INF_sd,INF_r1,INF_kr,INF_sk,SUP_avg,SUP_sd,SUP_r1,SUP_kr,SUP_sk,INC_avg,INC_sd,INC_r1,INC_kr,INC_sk,IND_avg,IND_sd,IND_r1,IND_kr,IND_sk
239,0.3767924528,0.099844664,0.8054319024,2.0794880642,0.2776108702,0.1175471698,0.0843153483,0.8321834805,2.4058030475,0.6317693705,0.5056603774,0.057969069,0.1165921539,2.1929014877,0.0339018594,0.5056603774,0.057969069,0.1165921539,2.1929014877,0.0339018594
