Instance,INF_avg,INF_sd,INF_r1,INF_kr,INF_sk,SUP_avg,SUP_sd,SUP_r1,SUP_kr,SUP_sk,INC_avg,INC_sd,INC_r1,INC_kr,INC_sk,IND_avg,IND_sd,IND_r1,IND_kr,IND_sk
137,0.284,0.0355527777,-0.3823119777,2.5890482295,1.0318052965,0.216,0.0392937654,-0.0146252285,2.9421058283,-1.2627087222,0.5,0.0126491106,0.2857142857,1.5625,0.5929270613,0.5,0.0126491106,0.2857142857,1.5625,0.5929270613
