Instance,INF_avg,INF_sd,INF_r1,INF_kr,INF_sk,SUP_avg,SUP_sd,SUP_r1,SUP_kr,SUP_sk,INC_avg,INC_sd,INC_r1,INC_kr,INC_sk,IND_avg,IND_sd,IND_r1,IND_kr,IND_sk
21,0.22,0.0979795897,-0.0924369748,2.7291666667,0.8675276172,0.18,0.0748331477,0.3518518519,1.8469387755,0.3436215967,0.6,0.1095445115,-0.2,2.5,-0.9128709292,0.6,0.1095445115,-0.2,2.5,-0.9128709292
