Instance,INF_avg,INF_sd,INF_r1,INF_kr,INF_sk,SUP_avg,SUP_sd,SUP_r1,SUP_kr,SUP_sk,INC_avg,INC_sd,INC_r1,INC_kr,INC_sk,IND_avg,IND_sd,IND_r1,IND_kr,IND_sk
224,0.2194,0.0421146055,-0.0995371677,2.7174780906,-0.1926100903,0.2874,0.0470663362,0.276270476,2.5906893094,0.5512628729,0.4932,0.0399719902,0.0548421836,2.7882081379,0.1476339227,0.4932,0.0399719902,0.0548421836,2.7882081379,0.1476339227
