Instance,INF_avg,INF_sd,INF_r1,INF_kr,INF_sk,SUP_avg,SUP_sd,SUP_r1,SUP_kr,SUP_sk,INC_avg,INC_sd,INC_r1,INC_kr,INC_sk,IND_avg,IND_sd,IND_r1,IND_kr,IND_sk
236,0.222,0.0193907194,-0.2662337662,2.0871435038,-0.4476807111,0.247,0.0449555336,0.2399979921,2.7127278861,-0.0603598255,0.531,0.0396106046,0.1613812544,4.2712582578,1.2581369183,0.531,0.0396106046,0.1613812544,4.2712582578,1.2581369183
