Instance,INF_avg,INF_sd,INF_r1,INF_kr,INF_sk,SUP_avg,SUP_sd,SUP_r1,SUP_kr,SUP_sk,INC_avg,INC_sd,INC_r1,INC_kr,INC_sk,IND_avg,IND_sd,IND_r1,IND_kr,IND_sk
221,0.244,0.0463033476,-0.3722397476,2.1988193362,0.3365218792,0.296,0.0195959179,-0.0924369748,2.7291666667,-0.8675276172,0.46,0.0357770876,-0.5333333333,1.953125,0.6288941187,0.46,0.0357770876,-0.5333333333,1.953125,0.6288941187
