Instance,INF_avg,INF_sd,INF_r1,INF_kr,INF_sk,SUP_avg,SUP_sd,SUP_r1,SUP_kr,SUP_sk,INC_avg,INC_sd,INC_r1,INC_kr,INC_sk,IND_avg,IND_sd,IND_r1,IND_kr,IND_sk
2,0.216,0.0638748777,-0.0491597299,2.6810149942,0.0346265196,0.2652,0.0632215153,-0.0768039549,2.9225869112,0.2054138331,0.5188,0.0725986226,0.0795144994,3.5090137204,-0.4659899679,0.5188,0.0725986226,0.0795144994,3.5090137204,-0.4659899679
