Instance,INF_avg,INF_sd,INF_r1,INF_kr,INF_sk,SUP_avg,SUP_sd,SUP_r1,SUP_kr,SUP_sk,INC_avg,INC_sd,INC_r1,INC_kr,INC_sk,IND_avg,IND_sd,IND_r1,IND_kr,IND_sk
61,0.2,0.0632455532,0.0,2.5,-0.0,0.26,0.1743559577,0.0889830508,1.7957063712,-0.0543353054,0.54,0.1854723699,0.1608391608,1.509194159,0.1579875514,0.54,0.1854723699,0.1608391608,1.509194159,0.1579875514
