Instance,INF_avg,INF_sd,INF_r1,INF_kr,INF_sk,SUP_avg,SUP_sd,SUP_r1,SUP_kr,SUP_sk,INC_avg,INC_sd,INC_r1,INC_kr,INC_sk,IND_avg,IND_sd,IND_r1,IND_kr,IND_sk
121,0.219,0.033015148,0.1773712687,2.5212507365,-0.3191195691,0.275,0.023194827,-0.0179282869,2.8667030583,0.4832188847,0.506,0.040620192,0.1846161386,2.2727779614,0.4779530693,0.506,0.040620192,0.1846161386,2.2727779614,0.4779530693
