Instance,INF_avg,INF_sd,INF_r1,INF_kr,INF_sk,SUP_avg,SUP_sd,SUP_r1,SUP_kr,SUP_sk,INC_avg,INC_sd,INC_r1,INC_kr,INC_sk,IND_avg,IND_sd,IND_r1,IND_kr,IND_sk
177,0.227,0.0536749476,-0.120421773,2.3160535079,-0.1561328672,0.203,0.0627773845,-0.0334514483,1.9426645147,-0.202889447,0.57,0.062289646,0.024691358,2.1907216495,-0.3624570219,0.57,0.062289646,0.024691358,2.1907216495,-0.3624570219
