Instance,INF_avg,INF_sd,INF_r1,INF_kr,INF_sk,SUP_avg,SUP_sd,SUP_r1,SUP_kr,SUP_sk,INC_avg,INC_sd,INC_r1,INC_kr,INC_sk,IND_avg,IND_sd,IND_r1,IND_kr,IND_sk
13,0.2446,0.0426713018,-0.1559508176,3.0679454077,0.5322566586,0.2544,0.0440980725,0.0054029801,2.489416186,-0.2098356722,0.501,0.0559732079,-0.188517003,2.8021059958,0.4567640591,0.501,0.0559732079,-0.188517003,2.8021059958,0.4567640591
