Instance,INF_avg,INF_sd,INF_r1,INF_kr,INF_sk,SUP_avg,SUP_sd,SUP_r1,SUP_kr,SUP_sk,INC_avg,INC_sd,INC_r1,INC_kr,INC_sk,IND_avg,IND_sd,IND_r1,IND_kr,IND_sk
66,0.2,0.0126491106,0.0,2.5,-0.0,0.292,0.0515363949,-0.877076412,2.3327768907,-0.8163607337,0.508,0.0411825206,-0.9660194175,2.2821288715,0.6927284075,0.508,0.0411825206,-0.9660194175,2.2821288715,0.6927284075
