Instance,INF_avg,INF_sd,INF_r1,INF_kr,INF_sk,SUP_avg,SUP_sd,SUP_r1,SUP_kr,SUP_sk,INC_avg,INC_sd,INC_r1,INC_kr,INC_sk,IND_avg,IND_sd,IND_r1,IND_kr,IND_sk
187,0.2662,0.0374907989,0.1971871302,2.4609262668,-0.1669351799,0.2013,0.0253339693,-0.078692052,3.1434909266,-0.2618611377,0.5325,0.0380690163,0.2702162773,2.3894517365,-0.0240613265,0.5325,0.0380690163,0.2702162773,2.3894517365,-0.0240613265
