Instance,INF_avg,INF_sd,INF_r1,INF_kr,INF_sk,SUP_avg,SUP_sd,SUP_r1,SUP_kr,SUP_sk,INC_avg,INC_sd,INC_r1,INC_kr,INC_sk,IND_avg,IND_sd,IND_r1,IND_kr,IND_sk
171,0.24,0.020976177,-0.5063291139,1.2732438017,0.2437830484,0.272,0.0235796522,-0.3562215478,2.0117100564,-0.2169288953,0.488,0.0382883794,-0.4611422512,1.7018224829,0.6022365889,0.488,0.0382883794,-0.4611422512,1.7018224829,0.6022365889
