Instance,INF_avg,INF_sd,INF_r1,INF_kr,INF_sk,SUP_avg,SUP_sd,SUP_r1,SUP_kr,SUP_sk,INC_avg,INC_sd,INC_r1,INC_kr,INC_sk,IND_avg,IND_sd,IND_r1,IND_kr,IND_sk
258,0.2443,0.0517929532,0.0093690092,2.74688162,0.1792643568,0.2456,0.0437337398,-0.0681389795,2.7321390787,0.0329005856,0.5101,0.0585746532,0.0242130113,2.9763168055,0.0573257526,0.5101,0.0585746532,0.0242130113,2.9763168055,0.0573257526
