Instance,INF_avg,INF_sd,INF_r1,INF_kr,INF_sk,SUP_avg,SUP_sd,SUP_r1,SUP_kr,SUP_sk,INC_avg,INC_sd,INC_r1,INC_kr,INC_sk,IND_avg,IND_sd,IND_r1,IND_kr,IND_sk
24,0.2578,0.0543245801,-0.1018113205,3.5959106822,0.3406195375,0.2474,0.0692043351,0.2214941918,2.412317889,-0.1624637166,0.4948,0.0745986595,-0.0865080417,2.6067552261,0.2449157817,0.4948,0.0745986595,-0.0865080417,2.6067552261,0.2449157817
