Instance,INF_avg,INF_sd,INF_r1,INF_kr,INF_sk,SUP_avg,SUP_sd,SUP_r1,SUP_kr,SUP_sk,INC_avg,INC_sd,INC_r1,INC_kr,INC_sk,IND_avg,IND_sd,IND_r1,IND_kr,IND_sk
285,0.24,0.0903327183,-0.3571428571,3.2151095732,-1.4716835598,0.224,0.042708313,-0.0193321617,1.7206832872,-0.1380231722,0.536,0.085229103,-0.7153951576,2.3239437986,0.4484414709,0.536,0.085229103,-0.7153951576,2.3239437986,0.4484414709
