Instance,INF_avg,INF_sd,INF_r1,INF_kr,INF_sk,SUP_avg,SUP_sd,SUP_r1,SUP_kr,SUP_sk,INC_avg,INC_sd,INC_r1,INC_kr,INC_sk,IND_avg,IND_sd,IND_r1,IND_kr,IND_sk
190,0.2575,0.0398089186,-0.0976274131,2.4684498422,0.2873998952,0.2548,0.0404346386,-0.0230601849,2.3828211484,0.1431874874,0.4877,0.0464511571,-0.0969022975,2.9435292304,-0.3109868972,0.4877,0.0464511571,-0.0969022975,2.9435292304,-0.3109868972
