Instance,INF_avg,INF_sd,INF_r1,INF_kr,INF_sk,SUP_avg,SUP_sd,SUP_r1,SUP_kr,SUP_sk,INC_avg,INC_sd,INC_r1,INC_kr,INC_sk,IND_avg,IND_sd,IND_r1,IND_kr,IND_sk
98,0.2784,0.0686253597,0.0257164816,2.3436338216,0.1749123743,0.2394,0.0667206115,0.0835437497,2.4057584149,-0.1661419191,0.4822,0.0678760635,-0.0982406653,2.317786491,0.2355559777,0.4822,0.0678760635,-0.0982406653,2.317786491,0.2355559777
