Instance,INF_avg,INF_sd,INF_r1,INF_kr,INF_sk,SUP_avg,SUP_sd,SUP_r1,SUP_kr,SUP_sk,INC_avg,INC_sd,INC_r1,INC_kr,INC_sk,IND_avg,IND_sd,IND_r1,IND_kr,IND_sk
241,0.3375,0.1256234453,0.0711817554,2.5472992844,0.283733377,0.178125,0.1211516998,0.4684359825,2.4738905423,0.6222506712,0.484375,0.1128034103,0.0233876002,2.5341725718,-0.7520010314,0.484375,0.1128034103,0.0233876002,2.5341725718,-0.7520010314
