Instance,INF_avg,INF_sd,INF_r1,INF_kr,INF_sk,SUP_avg,SUP_sd,SUP_r1,SUP_kr,SUP_sk,INC_avg,INC_sd,INC_r1,INC_kr,INC_sk,IND_avg,IND_sd,IND_r1,IND_kr,IND_sk
85,0.2551,0.0325036921,-0.0887099604,4.2239785682,0.3215086794,0.248,0.0280356915,-0.0004842492,2.5477050677,0.3890896335,0.4969,0.0334647576,0.0508630894,5.4431724693,-1.0269735771,0.4969,0.0334647576,0.0508630894,5.4431724693,-1.0269735771
