Instance,INF_avg,INF_sd,INF_r1,INF_kr,INF_sk,SUP_avg,SUP_sd,SUP_r1,SUP_kr,SUP_sk,INC_avg,INC_sd,INC_r1,INC_kr,INC_sk,IND_avg,IND_sd,IND_r1,IND_kr,IND_sk
277,0.236,0.0985088828,-0.2042473128,1.977719729,0.2043161731,0.19,0.0871779789,-0.3197424893,2.2652354571,0.3079000639,0.574,0.1304760514,-0.4365431899,2.036012847,0.144266385,0.574,0.1304760514,-0.4365431899,2.036012847,0.144266385
