Instance,INF_avg,INF_sd,INF_r1,INF_kr,INF_sk,SUP_avg,SUP_sd,SUP_r1,SUP_kr,SUP_sk,INC_avg,INC_sd,INC_r1,INC_kr,INC_sk,IND_avg,IND_sd,IND_r1,IND_kr,IND_sk
242,0.3720833333,0.0969312113,0.4621066502,2.0548207484,-0.022535243,0.1120833333,0.0713838898,0.6615006356,3.0374381356,0.8999400876,0.5158333333,0.0809277799,-0.0537686402,2.8721280293,0.7665209039,0.5158333333,0.0809277799,-0.0537686402,2.8721280293,0.7665209039
