Instance,INF_avg,INF_sd,INF_r1,INF_kr,INF_sk,SUP_avg,SUP_sd,SUP_r1,SUP_kr,SUP_sk,INC_avg,INC_sd,INC_r1,INC_kr,INC_sk,IND_avg,IND_sd,IND_r1,IND_kr,IND_sk
150,0.2153846154,0.151129867,-0.0804574229,1.6708770705,-0.1281696823,0.2538461538,0.1393136175,0.2384251969,2.5671475312,0.3474552894,0.5307692308,0.1201576873,0.0617559524,1.4736629938,0.190481096,0.5307692308,0.1201576873,0.0617559524,1.4736629938,0.190481096
