Instance,INF_avg,INF_sd,INF_r1,INF_kr,INF_sk,SUP_avg,SUP_sd,SUP_r1,SUP_kr,SUP_sk,INC_avg,INC_sd,INC_r1,INC_kr,INC_sk,IND_avg,IND_sd,IND_r1,IND_kr,IND_sk
122,0.4135714286,0.087022751,0.2937907233,3.245587782,-0.1135432747,0.1007142857,0.0756839562,0.6928343005,3.5477362549,1.1685265577,0.4857142857,0.0653249335,0.0992377089,2.2151723551,-0.2302959314,0.4857142857,0.0653249335,0.0992377089,2.2151723551,-0.2302959314
