Instance,INF_avg,INF_sd,INF_r1,INF_kr,INF_sk,SUP_avg,SUP_sd,SUP_r1,SUP_kr,SUP_sk,INC_avg,INC_sd,INC_r1,INC_kr,INC_sk,IND_avg,IND_sd,IND_r1,IND_kr,IND_sk
132,0.232,0.0271293199,0.1988950276,1.2296786389,-0.2115471545,0.284,0.0557135531,-0.7816091954,1.4252843023,-0.0399688047,0.484,0.0708801806,-0.5939597315,1.7075946286,-0.0841107259,0.484,0.0708801806,-0.5939597315,1.7075946286,-0.0841107259
