Instance,INF_avg,INF_sd,INF_r1,INF_kr,INF_sk,SUP_avg,SUP_sd,SUP_r1,SUP_kr,SUP_sk,INC_avg,INC_sd,INC_r1,INC_kr,INC_sk,IND_avg,IND_sd,IND_r1,IND_kr,IND_sk
222,0.2766666667,0.151510909,0.6300010842,3.0752313069,0.8226696953,0.2466666667,0.130979218,0.2662859082,2.3102935649,-0.0608542267,0.4766666667,0.1123486636,0.0334060015,5.0417916832,1.2607988065,0.4766666667,0.1123486636,0.0334060015,5.0417916832,1.2607988065
