Instance,INF_avg,INF_sd,INF_r1,INF_kr,INF_sk,SUP_avg,SUP_sd,SUP_r1,SUP_kr,SUP_sk,INC_avg,INC_sd,INC_r1,INC_kr,INC_sk,IND_avg,IND_sd,IND_r1,IND_kr,IND_sk
21,0.228,0.0813387976,-0.1809057772,2.2111586144,0.1157771048,0.24,0.1029563014,0.2681977423,2.4006763973,0.4893081608,0.532,0.0968297475,0.0524445052,2.9970849981,0.9110674386,0.532,0.0968297475,0.0524445052,2.9970849981,0.9110674386
