Instance,INF_avg,INF_sd,INF_r1,INF_kr,INF_sk,SUP_avg,SUP_sd,SUP_r1,SUP_kr,SUP_sk,INC_avg,INC_sd,INC_r1,INC_kr,INC_sk,IND_avg,IND_sd,IND_r1,IND_kr,IND_sk
195,0.2632,0.0308991909,-0.1854878075,2.2716276533,0.2542780511,0.2266,0.0263332489,-0.1259858682,2.8542396072,-0.1244546697,0.5102,0.0321707942,0.0135169564,2.6900026821,0.0544823417,0.5102,0.0321707942,0.0135169564,2.6900026821,0.0544823417
