Instance,INF_avg,INF_sd,INF_r1,INF_kr,INF_sk,SUP_avg,SUP_sd,SUP_r1,SUP_kr,SUP_sk,INC_avg,INC_sd,INC_r1,INC_kr,INC_sk,IND_avg,IND_sd,IND_r1,IND_kr,IND_sk
14,0.395,0.1059481005,0.0336643255,1.4965054737,-0.1210829428,0.35,0.1224744871,-0.1176470588,2.4666666667,0.6940220938,0.255,0.0788986692,-0.46053187,2.0466927953,0.2931929063,0.255,0.0788986692,-0.46053187,2.0466927953,0.2931929063
