Instance,INF_avg,INF_sd,INF_r1,INF_kr,INF_sk,SUP_avg,SUP_sd,SUP_r1,SUP_kr,SUP_sk,INC_avg,INC_sd,INC_r1,INC_kr,INC_sk,IND_avg,IND_sd,IND_r1,IND_kr,IND_sk
177,0.36,0.2497999199,-0.6902515723,1.3269230769,0.2278746804,0.2,0.0894427191,0.25,1.25,-0.0,0.44,0.2332380758,-0.5671641791,1.6280276817,0.3631734744,0.44,0.2332380758,-0.5671641791,1.6280276817,0.3631734744
