Instance,INF_avg,INF_sd,INF_r1,INF_kr,INF_sk,SUP_avg,SUP_sd,SUP_r1,SUP_kr,SUP_sk,INC_avg,INC_sd,INC_r1,INC_kr,INC_sk,IND_avg,IND_sd,IND_r1,IND_kr,IND_sk
288,0.4480921053,0.1406609565,0.9590725701,2.1645523152,0.0056183541,0.1149342105,0.0905665407,0.8953210973,3.2324925458,1.0153838085,0.4369736842,0.06735647,0.8279474243,2.6041500808,-0.703728472,0.4369736842,0.06735647,0.8279474243,2.6041500808,-0.703728472
