Instance,INF_avg,INF_sd,INF_r1,INF_kr,INF_sk,SUP_avg,SUP_sd,SUP_r1,SUP_kr,SUP_sk,INC_avg,INC_sd,INC_r1,INC_kr,INC_sk,IND_avg,IND_sd,IND_r1,IND_kr,IND_sk
41,0.2276,0.055517925,-0.3631154024,1.948609828,0.0834852031,0.2068,0.0397713465,-0.0999401114,2.381972021,0.2902246708,0.5656,0.0523129047,-0.2692971253,2.4220637971,-0.0401725637,0.5656,0.0523129047,-0.2692971253,2.4220637971,-0.0401725637
