Instance,INF_avg,INF_sd,INF_r1,INF_kr,INF_sk,SUP_avg,SUP_sd,SUP_r1,SUP_kr,SUP_sk,INC_avg,INC_sd,INC_r1,INC_kr,INC_sk,IND_avg,IND_sd,IND_r1,IND_kr,IND_sk
276,0.3112,0.0767499837,0.0881457315,2.928739956,0.0234289914,0.2104,0.0686137013,0.0543103621,2.0960081193,-0.269979703,0.4784,0.0783673401,0.2700307493,3.0178854961,0.3451631839,0.4784,0.0783673401,0.2700307493,3.0178854961,0.3451631839
