Instance,INF_avg,INF_sd,INF_r1,INF_kr,INF_sk,SUP_avg,SUP_sd,SUP_r1,SUP_kr,SUP_sk,INC_avg,INC_sd,INC_r1,INC_kr,INC_sk,IND_avg,IND_sd,IND_r1,IND_kr,IND_sk
219,0.268,0.0587877538,0.0514842301,2.6295010288,0.0538660939,0.256,0.0488262225,-0.2001771479,1.5425881717,-0.0148451422,0.476,0.0649923072,0.1450659391,1.7585227273,0.1615575819,0.476,0.0649923072,0.1450659391,1.7585227273,0.1615575819
