Instance,INF_avg,INF_sd,INF_r1,INF_kr,INF_sk,SUP_avg,SUP_sd,SUP_r1,SUP_kr,SUP_sk,INC_avg,INC_sd,INC_r1,INC_kr,INC_sk,IND_avg,IND_sd,IND_r1,IND_kr,IND_sk
197,0.2136,0.0685203619,0.1035130782,3.6558790384,0.3655728226,0.2364,0.0563829762,0.2557795082,2.1628936558,0.1998412257,0.55,0.0626418391,0.0217969165,3.8202140361,-0.5174800522,0.55,0.0626418391,0.0217969165,3.8202140361,-0.5174800522
