Instance,INF_avg,INF_sd,INF_r1,INF_kr,INF_sk,SUP_avg,SUP_sd,SUP_r1,SUP_kr,SUP_sk,INC_avg,INC_sd,INC_r1,INC_kr,INC_sk,IND_avg,IND_sd,IND_r1,IND_kr,IND_sk
110,0.2230769231,0.10490909,0.3145235893,2.5981616372,-0.4706899337,0.2538461538,0.1277942133,-0.4773909564,2.0582860744,-0.4174248602,0.5230769231,0.1576453964,0.2732919255,3.1046938776,0.794661488,0.5230769231,0.1576453964,0.2732919255,3.1046938776,0.794661488
