Instance,INF_avg,INF_sd,INF_r1,INF_kr,INF_sk,SUP_avg,SUP_sd,SUP_r1,SUP_kr,SUP_sk,INC_avg,INC_sd,INC_r1,INC_kr,INC_sk,IND_avg,IND_sd,IND_r1,IND_kr,IND_sk
260,0.236,0.0195959179,0.0384615385,1.1666666667,0.4082482905,0.268,0.0466476152,-0.2721893491,1.6280276817,0.3631734744,0.496,0.048,-0.432748538,1.3981481481,-0.1111111111,0.496,0.048,-0.432748538,1.3981481481,-0.1111111111
