Instance,INF_avg,INF_sd,INF_r1,INF_kr,INF_sk,SUP_avg,SUP_sd,SUP_r1,SUP_kr,SUP_sk,INC_avg,INC_sd,INC_r1,INC_kr,INC_sk,IND_avg,IND_sd,IND_r1,IND_kr,IND_sk
205,0.332,0.159298462,0.0667121006,2.5537974935,0.5074108022,0.256,0.1402283851,-0.0655644149,2.4553603881,0.1598693886,0.412,0.184,-0.1092626027,2.9126767522,0.2278601956,0.412,0.184,-0.1092626027,2.9126767522,0.2278601956
