Instance,INF_avg,INF_sd,INF_r1,INF_kr,INF_sk,SUP_avg,SUP_sd,SUP_r1,SUP_kr,SUP_sk,INC_avg,INC_sd,INC_r1,INC_kr,INC_sk,IND_avg,IND_sd,IND_r1,IND_kr,IND_sk
73,0.4434782609,0.0874075261,0.5041620669,2.0668561215,0.2857802568,0.1286956522,0.0738567561,0.6502520518,2.091052853,0.3064908443,0.427826087,0.0687121609,0.3018455561,2.2455042042,0.1682547998,0.427826087,0.0687121609,0.3018455561,2.2455042042,0.1682547998
