Instance,INF_avg,INF_sd,INF_r1,INF_kr,INF_sk,SUP_avg,SUP_sd,SUP_r1,SUP_kr,SUP_sk,INC_avg,INC_sd,INC_r1,INC_kr,INC_sk,IND_avg,IND_sd,IND_r1,IND_kr,IND_sk
4,0.2463,0.0503319978,0.0832076012,2.6740403073,0.2373242255,0.2846,0.0500483766,0.1973340237,3.7865055341,0.6858144073,0.4691,0.0549744486,-0.0426687189,2.6510094518,-0.2024118481,0.4691,0.0549744486,-0.0426687189,2.6510094518,-0.2024118481
