Instance,INF_avg,INF_sd,INF_r1,INF_kr,INF_sk,SUP_avg,SUP_sd,SUP_r1,SUP_kr,SUP_sk,INC_avg,INC_sd,INC_r1,INC_kr,INC_sk,IND_avg,IND_sd,IND_r1,IND_kr,IND_sk
70,0.2506,0.0434239565,-0.1511554018,2.5329060046,0.0897100284,0.2302,0.043427641,-0.0786657313,2.1128242525,0.0421037652,0.5192,0.0565628854,-0.0315976621,3.6124665971,-0.3074683717,0.5192,0.0565628854,-0.0315976621,3.6124665971,-0.3074683717
