Instance,INF_avg,INF_sd,INF_r1,INF_kr,INF_sk,SUP_avg,SUP_sd,SUP_r1,SUP_kr,SUP_sk,INC_avg,INC_sd,INC_r1,INC_kr,INC_sk,IND_avg,IND_sd,IND_r1,IND_kr,IND_sk
69,0.2602,0.0424023584,0.0088944056,3.1492749025,0.1120339547,0.2196,0.0376807643,-0.0224051067,2.4292892928,-0.2537562884,0.5202,0.0449217097,0.0526771503,3.4678606518,-0.5016070274,0.5202,0.0449217097,0.0526771503,3.4678606518,-0.5016070274
