Instance,INF_avg,INF_sd,INF_r1,INF_kr,INF_sk,SUP_avg,SUP_sd,SUP_r1,SUP_kr,SUP_sk,INC_avg,INC_sd,INC_r1,INC_kr,INC_sk,IND_avg,IND_sd,IND_r1,IND_kr,IND_sk
198,0.248,0.0391918359,-0.4705882353,2.7291666667,0.8675276172,0.284,0.0233238076,0.5149253731,1.6280276817,0.3631734744,0.468,0.037094474,-0.3524590164,2.4826933478,-0.9704949588,0.468,0.037094474,-0.3524590164,2.4826933478,-0.9704949588
