Instance,INF_avg,INF_sd,INF_r1,INF_kr,INF_sk,SUP_avg,SUP_sd,SUP_r1,SUP_kr,SUP_sk,INC_avg,INC_sd,INC_r1,INC_kr,INC_sk,IND_avg,IND_sd,IND_r1,IND_kr,IND_sk
264,0.225,0.075,-0.5802469136,1.9481481481,0.0,0.205,0.1082820391,0.1289122346,1.5776296707,0.2256603977,0.57,0.12489996,0.0038560411,3.4040927022,-0.3433517144,0.57,0.12489996,0.0038560411,3.4040927022,-0.3433517144
