Instance,INF_avg,INF_sd,INF_r1,INF_kr,INF_sk,SUP_avg,SUP_sd,SUP_r1,SUP_kr,SUP_sk,INC_avg,INC_sd,INC_r1,INC_kr,INC_sk,IND_avg,IND_sd,IND_r1,IND_kr,IND_sk
145,0.5065,0.1100556677,0.9404432865,1.8068428274,-0.1809580361,0.0625,0.0432463871,0.8201855339,3.0325155054,0.8173062395,0.431,0.076694198,0.7881176549,2.092013093,0.06687426,0.431,0.076694198,0.7881176549,2.092013093,0.06687426
