Instance,INF_avg,INF_sd,INF_r1,INF_kr,INF_sk,SUP_avg,SUP_sd,SUP_r1,SUP_kr,SUP_sk,INC_avg,INC_sd,INC_r1,INC_kr,INC_sk,IND_avg,IND_sd,IND_r1,IND_kr,IND_sk
225,0.25795,0.036729382,0.1885070864,2.4874972181,-0.1741382102,0.23815,0.0341588568,0.1007604058,2.2206824177,0.040669247,0.5039,0.0386042744,0.1514671074,2.4818230699,-0.0974806107,0.5039,0.0386042744,0.1514671074,2.4818230699,-0.0974806107
