Instance,INF_avg,INF_sd,INF_r1,INF_kr,INF_sk,SUP_avg,SUP_sd,SUP_r1,SUP_kr,SUP_sk,INC_avg,INC_sd,INC_r1,INC_kr,INC_sk,IND_avg,IND_sd,IND_r1,IND_kr,IND_sk
139,0.5985169492,0.1542042303,0.9319972121,2.0929507354,-0.5454662647,0.0719491525,0.0687664738,0.9092787685,3.5307829802,1.214172232,0.3295338983,0.0932669471,0.8565324978,1.9201027156,0.2051697165,0.3295338983,0.0932669471,0.8565324978,1.9201027156,0.2051697165
