Instance,INF_avg,INF_sd,INF_r1,INF_kr,INF_sk,SUP_avg,SUP_sd,SUP_r1,SUP_kr,SUP_sk,INC_avg,INC_sd,INC_r1,INC_kr,INC_sk,IND_avg,IND_sd,IND_r1,IND_kr,IND_sk
148,0.256,0.0146287388,0.7874493927,1.8333915626,0.569229029,0.326,0.012,-0.6353677621,1.615162037,0.5451388889,0.418,0.0193907194,-0.1061946903,2.1274615211,-0.5604238314,0.418,0.0193907194,-0.1061946903,2.1274615211,-0.5604238314
