Instance,INF_avg,INF_sd,INF_r1,INF_kr,INF_sk,SUP_avg,SUP_sd,SUP_r1,SUP_kr,SUP_sk,INC_avg,INC_sd,INC_r1,INC_kr,INC_sk,IND_avg,IND_sd,IND_r1,IND_kr,IND_sk
182,0.232,0.0705407684,-0.1347425755,2.6396103225,0.312058718,0.262,0.1210619676,0.0755049924,2.3616802693,0.1412716184,0.506,0.1243543325,-0.0122515289,2.972602221,-0.0746577486,0.506,0.1243543325,-0.0122515289,2.972602221,-0.0746577486
