Instance,INF_avg,INF_sd,INF_r1,INF_kr,INF_sk,SUP_avg,SUP_sd,SUP_r1,SUP_kr,SUP_sk,INC_avg,INC_sd,INC_r1,INC_kr,INC_sk,IND_avg,IND_sd,IND_r1,IND_kr,IND_sk
149,0.252,0.0627375486,-0.2160254148,2.1412849494,-0.1181849517,0.2656,0.0613240573,0.1724605212,3.8195162007,-0.8894129357,0.4824,0.0620503022,0.2751679293,1.8984926499,-0.1040379318,0.4824,0.0620503022,0.2751679293,1.8984926499,-0.1040379318
