Instance,INF_avg,INF_sd,INF_r1,INF_kr,INF_sk,SUP_avg,SUP_sd,SUP_r1,SUP_kr,SUP_sk,INC_avg,INC_sd,INC_r1,INC_kr,INC_sk,IND_avg,IND_sd,IND_r1,IND_kr,IND_sk
213,0.292,0.0777688884,0.162079187,2.3488284203,0.3886158443,0.2288,0.058809523,-0.0551534111,2.618559271,0.0275941352,0.4792,0.0638698677,-0.2362120333,4.028025536,-0.7595102808,0.4792,0.0638698677,-0.2362120333,4.028025536,-0.7595102808
