Instance,INF_avg,INF_sd,INF_r1,INF_kr,INF_sk,SUP_avg,SUP_sd,SUP_r1,SUP_kr,SUP_sk,INC_avg,INC_sd,INC_r1,INC_kr,INC_sk,IND_avg,IND_sd,IND_r1,IND_kr,IND_sk
103,0.24,0.08,-0.3157894737,3.25,1.5,0.38,0.0748331477,-0.1111111111,1.8469387755,0.3436215967,0.38,0.0748331477,-0.1764705882,1.8469387755,0.3436215967,0.38,0.0748331477,-0.1764705882,1.8469387755,0.3436215967
