Instance,INF_avg,INF_sd,INF_r1,INF_kr,INF_sk,SUP_avg,SUP_sd,SUP_r1,SUP_kr,SUP_sk,INC_avg,INC_sd,INC_r1,INC_kr,INC_sk,IND_avg,IND_sd,IND_r1,IND_kr,IND_sk
133,0.281,0.0393573373,-0.1395333466,2.5509270856,0.2009693656,0.25,0.0419523539,-0.5581395349,1.3081095041,0.0731349145,0.469,0.0273678644,-0.4575305746,1.6896529596,-0.1293751282,0.469,0.0273678644,-0.4575305746,1.6896529596,-0.1293751282
