Instance,INF_avg,INF_sd,INF_r1,INF_kr,INF_sk,SUP_avg,SUP_sd,SUP_r1,SUP_kr,SUP_sk,INC_avg,INC_sd,INC_r1,INC_kr,INC_sk,IND_avg,IND_sd,IND_r1,IND_kr,IND_sk
177,0.245,0.0630476011,0.3537787514,2.6485107393,-0.2603603319,0.215,0.0963068014,-0.1290612098,2.4373333527,-0.3450898676,0.54,0.0982344135,0.1127694859,2.6169293135,0.2009574032,0.54,0.0982344135,0.1127694859,2.6169293135,0.2009574032
