Instance,INF_avg,INF_sd,INF_r1,INF_kr,INF_sk,SUP_avg,SUP_sd,SUP_r1,SUP_kr,SUP_sk,INC_avg,INC_sd,INC_r1,INC_kr,INC_sk,IND_avg,IND_sd,IND_r1,IND_kr,IND_sk
161,0.274,0.02596151,0.2173360851,1.7648345939,-0.2372834783,0.2865,0.017613915,-0.3373817257,2.8807945816,-0.5237233584,0.4395,0.0278792037,-0.0016927213,1.8605295265,-0.0298350956,0.4395,0.0278792037,-0.0016927213,1.8605295265,-0.0298350956
