Instance,INF_avg,INF_sd,INF_r1,INF_kr,INF_sk,SUP_avg,SUP_sd,SUP_r1,SUP_kr,SUP_sk,INC_avg,INC_sd,INC_r1,INC_kr,INC_sk,IND_avg,IND_sd,IND_r1,IND_kr,IND_sk
102,0.2874,0.0376728019,-0.1440733623,2.7905430289,-0.2822754845,0.1892,0.0467264379,-0.1945588163,3.3646629868,0.5340152582,0.5234,0.0477330074,0.0016146693,2.6259670645,0.2116705289,0.5234,0.0477330074,0.0016146693,2.6259670645,0.2116705289
