Instance,INF_avg,INF_sd,INF_r1,INF_kr,INF_sk,SUP_avg,SUP_sd,SUP_r1,SUP_kr,SUP_sk,INC_avg,INC_sd,INC_r1,INC_kr,INC_sk,IND_avg,IND_sd,IND_r1,IND_kr,IND_sk
185,0.234,0.0600333241,-0.5965098455,2.4088378802,-0.242706488,0.242,0.046,-0.1201392919,4.590381681,1.505054656,0.524,0.0656048779,-0.3074604371,2.5312944818,0.0265190182,0.524,0.0656048779,-0.3074604371,2.5312944818,0.0265190182
