Instance,INF_avg,INF_sd,INF_r1,INF_kr,INF_sk,SUP_avg,SUP_sd,SUP_r1,SUP_kr,SUP_sk,INC_avg,INC_sd,INC_r1,INC_kr,INC_sk,IND_avg,IND_sd,IND_r1,IND_kr,IND_sk
79,0.276,0.1407977273,0.0653054964,2.2508075911,0.064901719,0.251,0.1345325239,-0.1508887019,2.4444830281,0.3483512892,0.473,0.1461882348,-0.0753282084,2.6970398608,0.1090631922,0.473,0.1461882348,-0.0753282084,2.6970398608,0.1090631922
