Instance,INF_avg,INF_sd,INF_r1,INF_kr,INF_sk,SUP_avg,SUP_sd,SUP_r1,SUP_kr,SUP_sk,INC_avg,INC_sd,INC_r1,INC_kr,INC_sk,IND_avg,IND_sd,IND_r1,IND_kr,IND_sk
231,0.36,0.2416609195,0.1816816817,2.5052542691,0.8978957038,0.16,0.1624807681,-0.0215053763,1.4421487603,0.3804646085,0.48,0.2315167381,0.128440367,1.3968589886,0.2436882574,0.48,0.2315167381,0.128440367,1.3968589886,0.2436882574
