Instance,INF_avg,INF_sd,INF_r1,INF_kr,INF_sk,SUP_avg,SUP_sd,SUP_r1,SUP_kr,SUP_sk,INC_avg,INC_sd,INC_r1,INC_kr,INC_sk,IND_avg,IND_sd,IND_r1,IND_kr,IND_sk
195,0.2,0.0707106781,-0.7777777778,1.7,-0.0,0.32,0.1208304597,-0.9786096257,1.323043723,-0.3877276903,0.48,0.0748331477,-0.3888888889,1.8469387755,0.3436215967,0.48,0.0748331477,-0.3888888889,1.8469387755,0.3436215967
