Instance,INF_avg,INF_sd,INF_r1,INF_kr,INF_sk,SUP_avg,SUP_sd,SUP_r1,SUP_kr,SUP_sk,INC_avg,INC_sd,INC_r1,INC_kr,INC_sk,IND_avg,IND_sd,IND_r1,IND_kr,IND_sk
236,0.242,0.1001798383,-0.0665865552,1.9274584394,0.1008310227,0.2695,0.1076789209,0.0498995913,2.5004955689,0.1866562692,0.4885,0.1133258576,0.0231664468,2.5837452366,0.0847495005,0.4885,0.1133258576,0.0231664468,2.5837452366,0.0847495005
