Instance,INF_avg,INF_sd,INF_r1,INF_kr,INF_sk,SUP_avg,SUP_sd,SUP_r1,SUP_kr,SUP_sk,INC_avg,INC_sd,INC_r1,INC_kr,INC_sk,IND_avg,IND_sd,IND_r1,IND_kr,IND_sk
14,0.2941,0.0546506176,0.4532467848,3.085028402,0.6513870322,0.3365,0.0490637341,0.3493781691,2.7301066579,-0.280153006,0.3694,0.0425398637,0.2977233056,2.9788159147,0.5348997712,0.3694,0.0425398637,0.2977233056,2.9788159147,0.5348997712
