Instance,INF_avg,INF_sd,INF_r1,INF_kr,INF_sk,SUP_avg,SUP_sd,SUP_r1,SUP_kr,SUP_sk,INC_avg,INC_sd,INC_r1,INC_kr,INC_sk,IND_avg,IND_sd,IND_r1,IND_kr,IND_sk
259,0.2724,0.0578121095,-0.0837677631,2.8402672746,-0.4637048454,0.2084,0.0643850914,-0.0206170357,2.5871369303,0.1297175719,0.5192,0.0775587519,-0.0163536966,3.1234027144,0.5179307254,0.5192,0.0775587519,-0.0163536966,3.1234027144,0.5179307254
