Instance,INF_avg,INF_sd,INF_r1,INF_kr,INF_sk,SUP_avg,SUP_sd,SUP_r1,SUP_kr,SUP_sk,INC_avg,INC_sd,INC_r1,INC_kr,INC_sk,IND_avg,IND_sd,IND_r1,IND_kr,IND_sk
11,0.264,0.0680294054,0.4585643064,3.0076749021,0.5015879677,0.2474,0.0748547928,0.6617896279,2.0003083011,-0.157588278,0.4886,0.0536660041,0.2421549359,2.7814139604,0.4127770027,0.4886,0.0536660041,0.2421549359,2.7814139604,0.4127770027
