Instance,INF_avg,INF_sd,INF_r1,INF_kr,INF_sk,SUP_avg,SUP_sd,SUP_r1,SUP_kr,SUP_sk,INC_avg,INC_sd,INC_r1,INC_kr,INC_sk,IND_avg,IND_sd,IND_r1,IND_kr,IND_sk
270,0.24,0.1562049935,0.5276292335,2.0658425155,-0.2077975592,0.24,0.0663324958,-0.5841584158,2.3719008264,-0.6578429336,0.52,0.1469693846,0.2366412214,2.195473251,0.4082482905,0.52,0.1469693846,0.2366412214,2.195473251,0.4082482905
