Instance,INF_avg,INF_sd,INF_r1,INF_kr,INF_sk,SUP_avg,SUP_sd,SUP_r1,SUP_kr,SUP_sk,INC_avg,INC_sd,INC_r1,INC_kr,INC_sk,IND_avg,IND_sd,IND_r1,IND_kr,IND_sk
44,0.244,0.0496386946,-0.5653495441,2.0324675325,-0.621634858,0.244,0.0624819974,0.0139751553,1.8390889546,0.2077975592,0.512,0.0587877538,-0.4705882353,2.7291666667,0.8675276172,0.512,0.0587877538,-0.4705882353,2.7291666667,0.8675276172
