Instance,INF_avg,INF_sd,INF_r1,INF_kr,INF_sk,SUP_avg,SUP_sd,SUP_r1,SUP_kr,SUP_sk,INC_avg,INC_sd,INC_r1,INC_kr,INC_sk,IND_avg,IND_sd,IND_r1,IND_kr,IND_sk
214,0.264,0.0995188424,0.0790208813,2.7196909393,0.2498775876,0.242,0.0976524449,-0.2043814128,3.3746424711,0.3537061308,0.494,0.1089219904,0.0999569091,3.2766023474,-0.6122899572,0.494,0.1089219904,0.0999569091,3.2766023474,-0.6122899572
