Instance,INF_avg,INF_sd,INF_r1,INF_kr,INF_sk,SUP_avg,SUP_sd,SUP_r1,SUP_kr,SUP_sk,INC_avg,INC_sd,INC_r1,INC_kr,INC_sk,IND_avg,IND_sd,IND_r1,IND_kr,IND_sk
280,0.255,0.0496487663,-0.1227057125,2.3037041913,0.3814217566,0.2458,0.0445461558,-0.0848366601,3.387169744,0.1011025776,0.4992,0.0514913585,0.0375929653,2.3471794433,-0.0673606844,0.4992,0.0514913585,0.0375929653,2.3471794433,-0.0673606844
