Instance,INF_avg,INF_sd,INF_r1,INF_kr,INF_sk,SUP_avg,SUP_sd,SUP_r1,SUP_kr,SUP_sk,INC_avg,INC_sd,INC_r1,INC_kr,INC_sk,IND_avg,IND_sd,IND_r1,IND_kr,IND_sk
243,0.252,0.1539350512,0.0823080359,2.2254280075,0.2091256154,0.234,0.1274519517,-0.1096808558,2.7818404762,0.5041748176,0.514,0.1600124995,0.0639564301,3.0430942957,0.5618526856,0.514,0.1600124995,0.0639564301,3.0430942957,0.5618526856
