Instance,INF_avg,INF_sd,INF_r1,INF_kr,INF_sk,SUP_avg,SUP_sd,SUP_r1,SUP_kr,SUP_sk,INC_avg,INC_sd,INC_r1,INC_kr,INC_sk,IND_avg,IND_sd,IND_r1,IND_kr,IND_sk
164,0.21,0.0768114575,-0.463654224,2.1852915829,0.1588746032,0.205,0.0722841615,-0.2876974629,2.5882420274,0.2224077128,0.585,0.0975961065,-0.5592161318,2.0075433484,-0.705139786,0.585,0.0975961065,-0.5592161318,2.0075433484,-0.705139786
