Instance,INF_avg,INF_sd,INF_r1,INF_kr,INF_sk,SUP_avg,SUP_sd,SUP_r1,SUP_kr,SUP_sk,INC_avg,INC_sd,INC_r1,INC_kr,INC_sk,IND_avg,IND_sd,IND_r1,IND_kr,IND_sk
207,0.28,0.1637070554,0.0223295112,2.772332368,0.4321516166,0.208,0.1339253523,-0.1844507511,2.7305547089,0.5033227133,0.512,0.1491844496,-0.2043255058,2.7161138075,0.3725792731,0.512,0.1491844496,-0.2043255058,2.7161138075,0.3725792731
