Instance,INF_avg,INF_sd,INF_r1,INF_kr,INF_sk,SUP_avg,SUP_sd,SUP_r1,SUP_kr,SUP_sk,INC_avg,INC_sd,INC_r1,INC_kr,INC_sk,IND_avg,IND_sd,IND_r1,IND_kr,IND_sk
286,0.208,0.0890842298,0.2842347054,3.1244746277,0.1400676933,0.326,0.1020979921,0.3928000522,2.3342646317,-0.0147030432,0.466,0.1065082156,0.1552190915,2.6335429427,0.1501304556,0.466,0.1065082156,0.1552190915,2.6335429427,0.1501304556
