Instance,INF_avg,INF_sd,INF_r1,INF_kr,INF_sk,SUP_avg,SUP_sd,SUP_r1,SUP_kr,SUP_sk,INC_avg,INC_sd,INC_r1,INC_kr,INC_sk,IND_avg,IND_sd,IND_r1,IND_kr,IND_sk
217,0.4152348993,0.124062032,0.8790845856,2.087273817,-0.0105275224,0.0967785235,0.0752558808,0.8297480359,2.9639397719,0.9388613535,0.4879865772,0.070644016,0.5372795847,3.1220847943,-0.2200101132,0.4879865772,0.070644016,0.5372795847,3.1220847943,-0.2200101132
