Instance,INF_avg,INF_sd,INF_r1,INF_kr,INF_sk,SUP_avg,SUP_sd,SUP_r1,SUP_kr,SUP_sk,INC_avg,INC_sd,INC_r1,INC_kr,INC_sk,IND_avg,IND_sd,IND_r1,IND_kr,IND_sk
8,0.216,0.0536656315,0.1657136322,2.4264814815,-0.0285719797,0.2048,0.0588639108,0.1526326412,2.4390108202,-0.4287387031,0.5792,0.0729887663,0.3500736242,2.8165277259,-0.0099111445,0.5792,0.0729887663,0.3500736242,2.8165277259,-0.0099111445
