Instance,INF_avg,INF_sd,INF_r1,INF_kr,INF_sk,SUP_avg,SUP_sd,SUP_r1,SUP_kr,SUP_sk,INC_avg,INC_sd,INC_r1,INC_kr,INC_sk,IND_avg,IND_sd,IND_r1,IND_kr,IND_sk
108,0.2484,0.0597447906,-0.1866951149,2.821503101,-0.0306796011,0.2904,0.0683801141,-0.0408565106,2.3564333572,-0.0264315322,0.4612,0.079035182,-0.0716351444,3.5787722075,0.2782078399,0.4612,0.079035182,-0.0716351444,3.5787722075,0.2782078399
