Instance,INF_avg,INF_sd,INF_r1,INF_kr,INF_sk,SUP_avg,SUP_sd,SUP_r1,SUP_kr,SUP_sk,INC_avg,INC_sd,INC_r1,INC_kr,INC_sk,IND_avg,IND_sd,IND_r1,IND_kr,IND_sk
12,0.241,0.1414885154,0.1021483148,2.8066371489,0.3949720585,0.249,0.1545930141,0.2143427015,3.1070392857,0.6439631146,0.51,0.146628783,0.0004257533,2.9060681449,-0.1922272417,0.51,0.146628783,0.0004257533,2.9060681449,-0.1922272417
