Instance,INF_avg,INF_sd,INF_r1,INF_kr,INF_sk,SUP_avg,SUP_sd,SUP_r1,SUP_kr,SUP_sk,INC_avg,INC_sd,INC_r1,INC_kr,INC_sk,IND_avg,IND_sd,IND_r1,IND_kr,IND_sk
205,0.189,0.0410974452,-0.2260719184,2.1406709594,0.6766398835,0.253,0.0402616443,-0.0302580286,2.2934552323,0.1851553197,0.558,0.0391918359,0.1633413142,3.2978108724,-0.6574232724,0.558,0.0391918359,0.1633413142,3.2978108724,-0.6574232724
