Instance,INF_avg,INF_sd,INF_r1,INF_kr,INF_sk,SUP_avg,SUP_sd,SUP_r1,SUP_kr,SUP_sk,INC_avg,INC_sd,INC_r1,INC_kr,INC_sk,IND_avg,IND_sd,IND_r1,IND_kr,IND_sk
289,0.2989473684,0.0913002414,0.4857885482,2.3343813431,0.3842428994,0.1615789474,0.0827655635,0.5925166745,3.1113711649,0.6300886107,0.5394736842,0.0749015975,0.171408728,2.0788713121,-0.0695994078,0.5394736842,0.0749015975,0.171408728,2.0788713121,-0.0695994078
