Instance,INF_avg,INF_sd,INF_r1,INF_kr,INF_sk,SUP_avg,SUP_sd,SUP_r1,SUP_kr,SUP_sk,INC_avg,INC_sd,INC_r1,INC_kr,INC_sk,IND_avg,IND_sd,IND_r1,IND_kr,IND_sk
151,0.4181538462,0.1098707956,0.9015267686,1.9060720168,-0.0174435595,0.0941153846,0.0695741591,0.9018058904,2.1566773368,0.5843086455,0.4877307692,0.0550073825,0.5716641487,2.554246375,-0.2018495725,0.4877307692,0.0550073825,0.5716641487,2.554246375,-0.2018495725
