Instance,INF_avg,INF_sd,INF_r1,INF_kr,INF_sk,SUP_avg,SUP_sd,SUP_r1,SUP_kr,SUP_sk,INC_avg,INC_sd,INC_r1,INC_kr,INC_sk,IND_avg,IND_sd,IND_r1,IND_kr,IND_sk
175,0.474,0.1343874994,0.7459393874,2.3973938478,-0.3954053893,0.107,0.0693036796,0.6780213757,3.3420886618,0.9185509854,0.419,0.0891010662,0.5038933184,2.3628504194,0.0039272047,0.419,0.0891010662,0.5038933184,2.3628504194,0.0039272047
