Instance,INF_avg,INF_sd,INF_r1,INF_kr,INF_sk,SUP_avg,SUP_sd,SUP_r1,SUP_kr,SUP_sk,INC_avg,INC_sd,INC_r1,INC_kr,INC_sk,IND_avg,IND_sd,IND_r1,IND_kr,IND_sk
266,0.2166,0.0466094411,0.0717405348,3.346864757,0.5808847629,0.1863,0.0403894788,0.1692767478,3.4057193504,0.1087940146,0.5971,0.0534096433,0.016010206,3.6565210375,-0.046391915,0.5971,0.0534096433,0.016010206,3.6565210375,-0.046391915
