Instance,INF_avg,INF_sd,INF_r1,INF_kr,INF_sk,SUP_avg,SUP_sd,SUP_r1,SUP_kr,SUP_sk,INC_avg,INC_sd,INC_r1,INC_kr,INC_sk,IND_avg,IND_sd,IND_r1,IND_kr,IND_sk
152,0.3830263158,0.0829304782,0.8197963779,2.1841092428,-0.1036251006,0.1034210526,0.0760174143,0.9343220686,2.57235928,0.7552426424,0.5135526316,0.0373709691,0.1267206676,2.8751402696,-0.0640715216,0.5135526316,0.0373709691,0.1267206676,2.8751402696,-0.0640715216
