Instance,INF_avg,INF_sd,INF_r1,INF_kr,INF_sk,SUP_avg,SUP_sd,SUP_r1,SUP_kr,SUP_sk,INC_avg,INC_sd,INC_r1,INC_kr,INC_sk,IND_avg,IND_sd,IND_r1,IND_kr,IND_sk
64,0.2484,0.0310956589,0.2382453266,2.7284814198,0.0187213918,0.2634,0.0309667564,-0.1052069645,2.9836735016,0.1154058878,0.4882,0.0363422619,0.1374807142,2.7956819308,-0.070043867,0.4882,0.0363422619,0.1374807142,2.7956819308,-0.070043867
