Instance,INF_avg,INF_sd,INF_r1,INF_kr,INF_sk,SUP_avg,SUP_sd,SUP_r1,SUP_kr,SUP_sk,INC_avg,INC_sd,INC_r1,INC_kr,INC_sk,IND_avg,IND_sd,IND_r1,IND_kr,IND_sk
121,0.239,0.018,-0.6906130268,2.404092364,0.5226337449,0.232,0.0172046505,-0.3242487771,2.90873813,1.1911455686,0.529,0.0217715411,-0.8062455642,1.471105058,0.1209336255,0.529,0.0217715411,-0.8062455642,1.471105058,0.1209336255
