Instance,INF_avg,INF_sd,INF_r1,INF_kr,INF_sk,SUP_avg,SUP_sd,SUP_r1,SUP_kr,SUP_sk,INC_avg,INC_sd,INC_r1,INC_kr,INC_sk,IND_avg,IND_sd,IND_r1,IND_kr,IND_sk
146,0.2656,0.0494028339,-0.1688423503,2.3069872084,0.1647249346,0.2452,0.0463137129,-0.2772470378,2.762569177,-0.0914222564,0.4892,0.0505109889,-0.3719723043,2.3666078096,0.0152382233,0.4892,0.0505109889,-0.3719723043,2.3666078096,0.0152382233
