Instance,INF_avg,INF_sd,INF_r1,INF_kr,INF_sk,SUP_avg,SUP_sd,SUP_r1,SUP_kr,SUP_sk,INC_avg,INC_sd,INC_r1,INC_kr,INC_sk,IND_avg,IND_sd,IND_r1,IND_kr,IND_sk
276,0.2726,0.0475314633,0.0977870612,2.8926060923,0.3812483909,0.234,0.0428252262,0.0031960771,3.7568073789,-0.3676020055,0.4934,0.0473544085,0.0529484294,2.3574014027,-0.1973096007,0.4934,0.0473544085,0.0529484294,2.3574014027,-0.1973096007
