Instance,INF_avg,INF_sd,INF_r1,INF_kr,INF_sk,SUP_avg,SUP_sd,SUP_r1,SUP_kr,SUP_sk,INC_avg,INC_sd,INC_r1,INC_kr,INC_sk,IND_avg,IND_sd,IND_r1,IND_kr,IND_sk
213,0.218,0.0628967408,0.2318205287,3.420330409,0.7654705319,0.2616,0.0681574647,0.115115928,2.7149417697,-0.221533368,0.5204,0.0766279322,0.1092300214,2.6959425614,-0.3524110327,0.5204,0.0766279322,0.1092300214,2.6959425614,-0.3524110327
