Instance,INF_avg,INF_sd,INF_r1,INF_kr,INF_sk,SUP_avg,SUP_sd,SUP_r1,SUP_kr,SUP_sk,INC_avg,INC_sd,INC_r1,INC_kr,INC_sk,IND_avg,IND_sd,IND_r1,IND_kr,IND_sk
207,0.188,0.0391918359,-0.7628205128,2.4361979167,1.0269996057,0.356,0.0233238076,-0.8539325843,1.6280276817,-0.3631734744,0.456,0.0195959179,0.1025641026,2.7291666667,-0.8675276172,0.456,0.0195959179,0.1025641026,2.7291666667,-0.8675276172
