Instance,INF_avg,INF_sd,INF_r1,INF_kr,INF_sk,SUP_avg,SUP_sd,SUP_r1,SUP_kr,SUP_sk,INC_avg,INC_sd,INC_r1,INC_kr,INC_sk,IND_avg,IND_sd,IND_r1,IND_kr,IND_sk
14,0.15,0.0774596669,-0.1818181818,2.9166666667,-1.2909944487,0.31,0.0374165739,0.4444444444,1.8469387755,-0.3436215967,0.54,0.0663324958,-0.654676259,2.2169421488,0.3700366502,0.54,0.0663324958,-0.654676259,2.2169421488,0.3700366502
