Instance,INF_avg,INF_sd,INF_r1,INF_kr,INF_sk,SUP_avg,SUP_sd,SUP_r1,SUP_kr,SUP_sk,INC_avg,INC_sd,INC_r1,INC_kr,INC_sk,IND_avg,IND_sd,IND_r1,IND_kr,IND_sk
281,0.2557,0.0307735276,0.0306154725,2.7991717446,0.0579365668,0.2864,0.038872098,-0.067293514,2.1353770682,0.1586026053,0.4579,0.0389755051,0.2489463136,2.181525767,-0.0192201299,0.4579,0.0389755051,0.2489463136,2.181525767,-0.0192201299
