Instance,INF_avg,INF_sd,INF_r1,INF_kr,INF_sk,SUP_avg,SUP_sd,SUP_r1,SUP_kr,SUP_sk,INC_avg,INC_sd,INC_r1,INC_kr,INC_sk,IND_avg,IND_sd,IND_r1,IND_kr,IND_sk
54,0.18,0.0979795897,0.1025641026,2.7291666667,-0.8675276172,0.26,0.1496662955,-0.5740740741,1.8469387755,0.3436215967,0.56,0.1959591794,-0.387434555,2.4361979167,0.5677202789,0.56,0.1959591794,-0.387434555,2.4361979167,0.5677202789
