Instance,INF_avg,INF_sd,INF_r1,INF_kr,INF_sk,SUP_avg,SUP_sd,SUP_r1,SUP_kr,SUP_sk,INC_avg,INC_sd,INC_r1,INC_kr,INC_sk,IND_avg,IND_sd,IND_r1,IND_kr,IND_sk
150,0.2592,0.0439017084,-0.0418534531,3.0467730388,-0.0483821212,0.2552,0.0465720946,-0.1083894002,4.786447044,0.9850574257,0.4856,0.0457016411,-0.0846862474,2.39911332,-0.622546948,0.4856,0.0457016411,-0.0846862474,2.39911332,-0.622546948
