Instance,INF_avg,INF_sd,INF_r1,INF_kr,INF_sk,SUP_avg,SUP_sd,SUP_r1,SUP_kr,SUP_sk,INC_avg,INC_sd,INC_r1,INC_kr,INC_sk,IND_avg,IND_sd,IND_r1,IND_kr,IND_sk
236,0.284,0.0445421149,0.0540540541,2.5476066597,0.39976664,0.244,0.0387814389,-0.1696658098,1.815527388,-0.6122692079,0.472,0.061449166,0.053030303,2.5246337259,-0.9035993059,0.472,0.061449166,0.053030303,2.5246337259,-0.9035993059
