Instance,INF_avg,INF_sd,INF_r1,INF_kr,INF_sk,SUP_avg,SUP_sd,SUP_r1,SUP_kr,SUP_sk,INC_avg,INC_sd,INC_r1,INC_kr,INC_sk,IND_avg,IND_sd,IND_r1,IND_kr,IND_sk
4,0.2295,0.0974923074,0.0862288106,2.9862214233,0.2448709832,0.274,0.0988635423,0.0711735174,3.1986373942,0.1422426789,0.4965,0.1008104657,0.0672881295,3.2505574836,0.0370925536,0.4965,0.1008104657,0.0672881295,3.2505574836,0.0370925536
