Instance,INF_avg,INF_sd,INF_r1,INF_kr,INF_sk,SUP_avg,SUP_sd,SUP_r1,SUP_kr,SUP_sk,INC_avg,INC_sd,INC_r1,INC_kr,INC_sk,IND_avg,IND_sd,IND_r1,IND_kr,IND_sk
117,0.39,0.1240967365,-0.6949152542,1.3240850059,-0.00627914,0.2,0.1516575089,-0.3043478261,2.1219281664,0.3870276692,0.41,0.1319090596,-0.0347129506,2.3953626635,0.9593861448,0.41,0.1319090596,-0.0347129506,2.3953626635,0.9593861448
