Instance,INF_avg,INF_sd,INF_r1,INF_kr,INF_sk,SUP_avg,SUP_sd,SUP_r1,SUP_kr,SUP_sk,INC_avg,INC_sd,INC_r1,INC_kr,INC_sk,IND_avg,IND_sd,IND_r1,IND_kr,IND_sk
53,0.208,0.0474973683,-0.3668519454,1.3562320809,0.0125426882,0.368,0.042142615,-0.3976578411,2.6108473338,-0.9825067902,0.424,0.050039984,0.1472475515,1.7335126418,0.1746845893,0.424,0.050039984,0.1472475515,1.7335126418,0.1746845893
