Instance,INF_avg,INF_sd,INF_r1,INF_kr,INF_sk,SUP_avg,SUP_sd,SUP_r1,SUP_kr,SUP_sk,INC_avg,INC_sd,INC_r1,INC_kr,INC_sk,IND_avg,IND_sd,IND_r1,IND_kr,IND_sk
184,0.2216,0.0461024945,-0.1737181385,2.6404496094,0.225678375,0.254,0.068381284,-0.0586833791,2.6539971505,-0.1278995682,0.5244,0.064534022,-0.0507797157,2.6795605712,0.0624404951,0.5244,0.064534022,-0.0507797157,2.6795605712,0.0624404951
