Instance,INF_avg,INF_sd,INF_r1,INF_kr,INF_sk,SUP_avg,SUP_sd,SUP_r1,SUP_kr,SUP_sk,INC_avg,INC_sd,INC_r1,INC_kr,INC_sk,IND_avg,IND_sd,IND_r1,IND_kr,IND_sk
104,0.28,0.09,0.1524310118,3.8358481939,1.329218107,0.24,0.0994987437,0.1666666667,1.576063667,0.2010075631,0.48,0.0871779789,0.1285956007,1.5100415512,0.0588632475,0.48,0.0871779789,0.1285956007,1.5100415512,0.0588632475
