Instance,INF_avg,INF_sd,INF_r1,INF_kr,INF_sk,SUP_avg,SUP_sd,SUP_r1,SUP_kr,SUP_sk,INC_avg,INC_sd,INC_r1,INC_kr,INC_sk,IND_avg,IND_sd,IND_r1,IND_kr,IND_sk
18,0.14,0.113137085,0.0452261307,2.28125,0.3314563037,0.288,0.11070682,-0.1062640405,2.3791524927,0.0611310488,0.572,0.1456571316,-0.0301803571,2.8203319615,-0.2834400719,0.572,0.1456571316,-0.0301803571,2.8203319615,-0.2834400719
