Instance,INF_avg,INF_sd,INF_r1,INF_kr,INF_sk,SUP_avg,SUP_sd,SUP_r1,SUP_kr,SUP_sk,INC_avg,INC_sd,INC_r1,INC_kr,INC_sk,IND_avg,IND_sd,IND_r1,IND_kr,IND_sk
8,0.2841,0.0443417411,0.2940973852,3.1522646289,-0.0835363594,0.2269,0.0478057528,0.1738811057,2.8652987347,0.0255724991,0.489,0.0548178803,0.0939859676,2.2602986149,0.0825361946,0.489,0.0548178803,0.0939859676,2.2602986149,0.0825361946
