Instance,INF_avg,INF_sd,INF_r1,INF_kr,INF_sk,SUP_avg,SUP_sd,SUP_r1,SUP_kr,SUP_sk,INC_avg,INC_sd,INC_r1,INC_kr,INC_sk,IND_avg,IND_sd,IND_r1,IND_kr,IND_sk
87,0.2504,0.0470302031,-0.5146075616,2.7022659867,0.6762498266,0.2608,0.0572656965,-0.0461137619,3.6594932786,-0.449165581,0.4888,0.0655023664,-0.0342254624,3.5541566571,-1.041952555,0.4888,0.0655023664,-0.0342254624,3.5541566571,-1.041952555
