Instance,INF_avg,INF_sd,INF_r1,INF_kr,INF_sk,SUP_avg,SUP_sd,SUP_r1,SUP_kr,SUP_sk,INC_avg,INC_sd,INC_r1,INC_kr,INC_sk,IND_avg,IND_sd,IND_r1,IND_kr,IND_sk
33,0.38,0.0389871774,-0.3703703704,2.3718836565,0.850482055,0.19,0.0228035085,-0.7307692308,1.4349112426,0.0,0.43,0.0521536192,-0.4137931034,1.4932958478,0.1268875901,0.43,0.0521536192,-0.4137931034,1.4932958478,0.1268875901
