Instance,INF_avg,INF_sd,INF_r1,INF_kr,INF_sk,SUP_avg,SUP_sd,SUP_r1,SUP_kr,SUP_sk,INC_avg,INC_sd,INC_r1,INC_kr,INC_sk,IND_avg,IND_sd,IND_r1,IND_kr,IND_sk
100,0.32,0.2039607805,0.0909090909,1.9556213018,-0.2715454179,0.28,0.1469693846,-0.3675213675,2.8127572016,-1.1642636432,0.4,0.1414213562,-0.6666666667,1.7,-0.0,0.4,0.1414213562,-0.6666666667,1.7,-0.0
