Instance,INF_avg,INF_sd,INF_r1,INF_kr,INF_sk,SUP_avg,SUP_sd,SUP_r1,SUP_kr,SUP_sk,INC_avg,INC_sd,INC_r1,INC_kr,INC_sk,IND_avg,IND_sd,IND_r1,IND_kr,IND_sk
15,0.291,0.1023181313,0.026403933,2.5419043443,-0.1345334536,0.187,0.0887749965,-0.1488241372,2.8052095534,-0.1614325747,0.522,0.1192308685,0.0794238057,2.6718966384,-0.0318020321,0.522,0.1192308685,0.0794238057,2.6718966384,-0.0318020321
