Instance,INF_avg,INF_sd,INF_r1,INF_kr,INF_sk,SUP_avg,SUP_sd,SUP_r1,SUP_kr,SUP_sk,INC_avg,INC_sd,INC_r1,INC_kr,INC_sk,IND_avg,IND_sd,IND_r1,IND_kr,IND_sk
21,0.247,0.1374445343,0.1065535487,2.5913656664,0.1781445365,0.283,0.1575150786,0.0178211883,3.7509525615,0.7267647173,0.47,0.1780449381,0.0954472213,2.9165480799,-0.1700913937,0.47,0.1780449381,0.0954472213,2.9165480799,-0.1700913937
