Instance,INF_avg,INF_sd,INF_r1,INF_kr,INF_sk,SUP_avg,SUP_sd,SUP_r1,SUP_kr,SUP_sk,INC_avg,INC_sd,INC_r1,INC_kr,INC_sk,IND_avg,IND_sd,IND_r1,IND_kr,IND_sk
40,0.3897297297,0.0928377395,0.4299527973,2.3161092992,-0.1631588919,0.1156756757,0.0685187108,0.6248214025,1.715228018,0.2366360331,0.4945945946,0.0716822793,0.2321831454,2.3159717554,0.0059328033,0.4945945946,0.0716822793,0.2321831454,2.3159717554,0.0059328033
