Instance,INF_avg,INF_sd,INF_r1,INF_kr,INF_sk,SUP_avg,SUP_sd,SUP_r1,SUP_kr,SUP_sk,INC_avg,INC_sd,INC_r1,INC_kr,INC_sk,IND_avg,IND_sd,IND_r1,IND_kr,IND_sk
62,0.242,0.0430813185,-0.1437016826,2.1189989596,0.178291537,0.264,0.0162480768,-0.4174454829,2.2685950413,0.1790421687,0.494,0.050039984,-0.2769080235,2.2938939869,0.5769188411,0.494,0.050039984,-0.2769080235,2.2938939869,0.5769188411
