Instance,INF_avg,INF_sd,INF_r1,INF_kr,INF_sk,SUP_avg,SUP_sd,SUP_r1,SUP_kr,SUP_sk,INC_avg,INC_sd,INC_r1,INC_kr,INC_sk,IND_avg,IND_sd,IND_r1,IND_kr,IND_sk
235,0.194,0.0272763634,0.2706645057,2.5020811655,0.7001217104,0.319,0.0524309069,0.5445450908,2.0621800897,-0.143284762,0.487,0.0593380148,0.4144080089,2.4610705548,0.4116993725,0.487,0.0593380148,0.4144080089,2.4610705548,0.4116993725
