Instance,INF_avg,INF_sd,INF_r1,INF_kr,INF_sk,SUP_avg,SUP_sd,SUP_r1,SUP_kr,SUP_sk,INC_avg,INC_sd,INC_r1,INC_kr,INC_sk,IND_avg,IND_sd,IND_r1,IND_kr,IND_sk
95,0.2332,0.0405679677,0.2650288992,2.6966542421,0.5153578169,0.2536,0.0420361749,0.3589603701,1.8760991397,0.2513383402,0.5132,0.048226134,0.1234504006,1.9995315561,0.122322047,0.5132,0.048226134,0.1234504006,1.9995315561,0.122322047
