Instance,INF_avg,INF_sd,INF_r1,INF_kr,INF_sk,SUP_avg,SUP_sd,SUP_r1,SUP_kr,SUP_sk,INC_avg,INC_sd,INC_r1,INC_kr,INC_sk,IND_avg,IND_sd,IND_r1,IND_kr,IND_sk
23,0.248,0.106282642,-0.018248384,1.9677265486,0.4271175731,0.244,0.0840476056,-0.148592012,2.4520937194,0.290322441,0.508,0.1074057727,-0.1124910538,3.3826607559,0.6154993483,0.508,0.1074057727,-0.1124910538,3.3826607559,0.6154993483
