Instance,INF_avg,INF_sd,INF_r1,INF_kr,INF_sk,SUP_avg,SUP_sd,SUP_r1,SUP_kr,SUP_sk,INC_avg,INC_sd,INC_r1,INC_kr,INC_sk,IND_avg,IND_sd,IND_r1,IND_kr,IND_sk
57,0.21,0.0721110255,-0.3528481013,1.7677514793,0.2880174096,0.264,0.0922171351,-0.1720542497,2.6851670267,0.695075121,0.526,0.1068831137,-0.1734950358,2.3229012193,-0.2732506692,0.526,0.1068831137,-0.1734950358,2.3229012193,-0.2732506692
