Instance,INF_avg,INF_sd,INF_r1,INF_kr,INF_sk,SUP_avg,SUP_sd,SUP_r1,SUP_kr,SUP_sk,INC_avg,INC_sd,INC_r1,INC_kr,INC_sk,IND_avg,IND_sd,IND_r1,IND_kr,IND_sk
185,0.257,0.080628779,-0.0784404386,3.0306294861,-0.4852721826,0.228,0.0831624915,0.1674292532,2.9191668275,0.6904333879,0.515,0.1087428159,0.0223021275,3.1723424321,0.0909880039,0.515,0.1087428159,0.0223021275,3.1723424321,0.0909880039
