Instance,INF_avg,INF_sd,INF_r1,INF_kr,INF_sk,SUP_avg,SUP_sd,SUP_r1,SUP_kr,SUP_sk,INC_avg,INC_sd,INC_r1,INC_kr,INC_sk,IND_avg,IND_sd,IND_r1,IND_kr,IND_sk
10,0.3925,0.1925324648,0.4362897393,2.2764266727,0.0827692165,0.1825,0.1237689379,0.6566798654,3.2772570035,0.9379522295,0.425,0.1299038106,-0.0468431772,2.2279835391,-0.2480467823,0.425,0.1299038106,-0.0468431772,2.2279835391,-0.2480467823
