Instance,INF_avg,INF_sd,INF_r1,INF_kr,INF_sk,SUP_avg,SUP_sd,SUP_r1,SUP_kr,SUP_sk,INC_avg,INC_sd,INC_r1,INC_kr,INC_sk,IND_avg,IND_sd,IND_r1,IND_kr,IND_sk
116,0.2544,0.0564326147,0.2001289259,2.7731896059,0.4250979545,0.2336,0.0360976454,-0.1687182628,2.2607823422,0.0748461055,0.512,0.0509116882,0.2255504352,2.8511659808,0.174594267,0.512,0.0509116882,0.2255504352,2.8511659808,0.174594267
