Instance,INF_avg,INF_sd,INF_r1,INF_kr,INF_sk,SUP_avg,SUP_sd,SUP_r1,SUP_kr,SUP_sk,INC_avg,INC_sd,INC_r1,INC_kr,INC_sk,IND_avg,IND_sd,IND_r1,IND_kr,IND_sk
219,0.3345098039,0.0924109971,0.418338331,2.4336668378,0.0623604575,0.1368627451,0.0866249567,0.6319701251,2.9657434723,0.7819758512,0.528627451,0.0789726421,0.0203873844,2.78906026,0.08562622,0.528627451,0.0789726421,0.0203873844,2.78906026,0.08562622
