Instance,INF_avg,INF_sd,INF_r1,INF_kr,INF_sk,SUP_avg,SUP_sd,SUP_r1,SUP_kr,SUP_sk,INC_avg,INC_sd,INC_r1,INC_kr,INC_sk,IND_avg,IND_sd,IND_r1,IND_kr,IND_sk
18,0.2354,0.0566289679,-0.0228966527,3.2808254621,0.5644917722,0.2156,0.0595704625,0.0680225011,2.6250147779,0.1024022399,0.549,0.0728491592,-0.0088344258,2.8078890014,-0.1397220243,0.549,0.0728491592,-0.0088344258,2.8078890014,-0.1397220243
