Instance,INF_avg,INF_sd,INF_r1,INF_kr,INF_sk,SUP_avg,SUP_sd,SUP_r1,SUP_kr,SUP_sk,INC_avg,INC_sd,INC_r1,INC_kr,INC_sk,IND_avg,IND_sd,IND_r1,IND_kr,IND_sk
287,0.27,0.1486606875,0.1112949177,2.4548432669,-0.0986180929,0.304,0.1765899204,0.0320577943,3.0400526404,0.4622897525,0.426,0.1453409784,0.1804476298,3.9533784353,0.6757747393,0.426,0.1453409784,0.1804476298,3.9533784353,0.6757747393
