Instance,INF_avg,INF_sd,INF_r1,INF_kr,INF_sk,SUP_avg,SUP_sd,SUP_r1,SUP_kr,SUP_sk,INC_avg,INC_sd,INC_r1,INC_kr,INC_sk,IND_avg,IND_sd,IND_r1,IND_kr,IND_sk
300,0.276,0.0949947367,-0.0117779131,2.9975997812,0.2141216055,0.22,0.0860232527,0.0059588299,3.3882395909,-0.0188509684,0.504,0.108554134,-0.3742846672,2.824892187,0.2490052558,0.504,0.108554134,-0.3742846672,2.824892187,0.2490052558
