Instance,INF_avg,INF_sd,INF_r1,INF_kr,INF_sk,SUP_avg,SUP_sd,SUP_r1,SUP_kr,SUP_sk,INC_avg,INC_sd,INC_r1,INC_kr,INC_sk,IND_avg,IND_sd,IND_r1,IND_kr,IND_sk
167,0.4364705882,0.1388372376,0.8811335017,2.2936763431,0.2453523844,0.1261764706,0.0787779719,0.8436859938,2.1952058981,0.5625684319,0.4373529412,0.0874242133,0.5623186989,2.6123996338,-0.4005051939,0.4373529412,0.0874242133,0.5623186989,2.6123996338,-0.4005051939
