Instance,INF_avg,INF_sd,INF_r1,INF_kr,INF_sk,SUP_avg,SUP_sd,SUP_r1,SUP_kr,SUP_sk,INC_avg,INC_sd,INC_r1,INC_kr,INC_sk,IND_avg,IND_sd,IND_r1,IND_kr,IND_sk
274,0.2552,0.0602076407,0.1976253755,2.354121032,0.1341121521,0.2576,0.0648246867,-0.4328781642,1.9533073535,-0.2025266053,0.4872,0.0694849624,-0.3739908731,2.0861035548,-0.0744639553,0.4872,0.0694849624,-0.3739908731,2.0861035548,-0.0744639553
