Instance,INF_avg,INF_sd,INF_r1,INF_kr,INF_sk,SUP_avg,SUP_sd,SUP_r1,SUP_kr,SUP_sk,INC_avg,INC_sd,INC_r1,INC_kr,INC_sk,IND_avg,IND_sd,IND_r1,IND_kr,IND_sk
191,0.5079949239,0.1208248511,0.9129663751,2.2423861134,-0.4730960558,0.0718527919,0.0583768925,0.8940294815,4.2623928553,1.2098940533,0.4201522843,0.0709112347,0.7666397593,2.2815527962,0.1354762864,0.4201522843,0.0709112347,0.7666397593,2.2815527962,0.1354762864
