Instance,INF_avg,INF_sd,INF_r1,INF_kr,INF_sk,SUP_avg,SUP_sd,SUP_r1,SUP_kr,SUP_sk,INC_avg,INC_sd,INC_r1,INC_kr,INC_sk,IND_avg,IND_sd,IND_r1,IND_kr,IND_sk
220,0.2736,0.0538798664,0.02283959,2.6716908836,0.3278482145,0.194,0.0387814389,0.1652946987,2.1923947488,0.1201496026,0.5324,0.0563048843,0.2857590647,2.3256113846,0.170534726,0.5324,0.0563048843,0.2857590647,2.3256113846,0.170534726
