Instance,INF_avg,INF_sd,INF_r1,INF_kr,INF_sk,SUP_avg,SUP_sd,SUP_r1,SUP_kr,SUP_sk,INC_avg,INC_sd,INC_r1,INC_kr,INC_sk,IND_avg,IND_sd,IND_r1,IND_kr,IND_sk
40,0.2532,0.036847795,-0.3488923858,2.4784643701,0.3688300125,0.2652,0.0569996491,0.1385998885,2.6373857165,0.3880111181,0.4816,0.0605098339,0.1862135639,2.2442108564,0.0936163364,0.4816,0.0605098339,0.1862135639,2.2442108564,0.0936163364
