Instance,INF_avg,INF_sd,INF_r1,INF_kr,INF_sk,SUP_avg,SUP_sd,SUP_r1,SUP_kr,SUP_sk,INC_avg,INC_sd,INC_r1,INC_kr,INC_sk,IND_avg,IND_sd,IND_r1,IND_kr,IND_sk
82,0.25,0.0392428337,-0.0849673203,1.906729634,-0.3177021453,0.258,0.0718052923,0.168283032,3.4909802524,0.6000193064,0.492,0.084,-0.2403540626,3.4687553026,-0.8931000972,0.492,0.084,-0.2403540626,3.4687553026,-0.8931000972
