Instance,INF_avg,INF_sd,INF_r1,INF_kr,INF_sk,SUP_avg,SUP_sd,SUP_r1,SUP_kr,SUP_sk,INC_avg,INC_sd,INC_r1,INC_kr,INC_sk,IND_avg,IND_sd,IND_r1,IND_kr,IND_sk
262,0.2468,0.0415422676,0.0845919533,3.2488183118,0.6890597998,0.2808,0.0416576524,0.0967172123,3.54889328,0.6273894288,0.4724,0.0340916412,0.0105847678,4.3205705464,-1.0716580431,0.4724,0.0340916412,0.0105847678,4.3205705464,-1.0716580431
