Instance,INF_avg,INF_sd,INF_r1,INF_kr,INF_sk,SUP_avg,SUP_sd,SUP_r1,SUP_kr,SUP_sk,INC_avg,INC_sd,INC_r1,INC_kr,INC_sk,IND_avg,IND_sd,IND_r1,IND_kr,IND_sk
144,0.215,0.0510392006,-0.5800293686,2.4823994901,0.4445042211,0.269,0.042296572,-0.3810568968,2.1033253648,-0.3189170996,0.516,0.0560713831,-0.0898831914,2.3415690616,-0.2269462628,0.516,0.0560713831,-0.0898831914,2.3415690616,-0.2269462628
