Instance,INF_avg,INF_sd,INF_r1,INF_kr,INF_sk,SUP_avg,SUP_sd,SUP_r1,SUP_kr,SUP_sk,INC_avg,INC_sd,INC_r1,INC_kr,INC_sk,IND_avg,IND_sd,IND_r1,IND_kr,IND_sk
7,0.2372,0.0727747209,0.3576370259,2.7443544856,-0.0991377019,0.263,0.0716868189,0.2534427806,2.6856453068,0.1030460048,0.4998,0.0818044009,0.0790915893,3.5193154723,-0.0366526329,0.4998,0.0818044009,0.0790915893,3.5193154723,-0.0366526329
