Instance,INF_avg,INF_sd,INF_r1,INF_kr,INF_sk,SUP_avg,SUP_sd,SUP_r1,SUP_kr,SUP_sk,INC_avg,INC_sd,INC_r1,INC_kr,INC_sk,IND_avg,IND_sd,IND_r1,IND_kr,IND_sk
103,0.206,0.018,-0.5224766751,1.855395519,0.4032921811,0.282,0.00678233,0.0331491713,1.2296786389,0.2115471545,0.512,0.0211187121,-0.234439834,2.506595749,-0.5981561255,0.512,0.0211187121,-0.234439834,2.506595749,-0.5981561255
