Instance,INF_avg,INF_sd,INF_r1,INF_kr,INF_sk,SUP_avg,SUP_sd,SUP_r1,SUP_kr,SUP_sk,INC_avg,INC_sd,INC_r1,INC_kr,INC_sk,IND_avg,IND_sd,IND_r1,IND_kr,IND_sk
259,0.2673,0.0296514755,0.0889894363,2.8001719902,0.2287615218,0.2328,0.0294475805,-0.098204043,2.8353852209,0.0772995867,0.4999,0.0395536345,-0.0987022638,3.3182829187,-0.5996669855,0.4999,0.0395536345,-0.0987022638,3.3182829187,-0.5996669855
