Instance,INF_avg,INF_sd,INF_r1,INF_kr,INF_sk,SUP_avg,SUP_sd,SUP_r1,SUP_kr,SUP_sk,INC_avg,INC_sd,INC_r1,INC_kr,INC_sk,IND_avg,IND_sd,IND_r1,IND_kr,IND_sk
180,0.2352,0.0633163486,0.1781460147,2.0234218645,-0.0368761931,0.224,0.0587877538,0.4702785699,2.6226851852,0.4933000176,0.5408,0.0714378051,0.3217950412,2.6307788688,-0.4487678712,0.5408,0.0714378051,0.3217950412,2.6307788688,-0.4487678712
