Instance,INF_avg,INF_sd,INF_r1,INF_kr,INF_sk,SUP_avg,SUP_sd,SUP_r1,SUP_kr,SUP_sk,INC_avg,INC_sd,INC_r1,INC_kr,INC_sk,IND_avg,IND_sd,IND_r1,IND_kr,IND_sk
58,0.2532,0.0708784876,0.6856908856,1.907823539,-0.0612533075,0.3252,0.0350850395,-0.0084500012,2.1731273547,0.3247736633,0.4216,0.0561733033,0.7063020001,1.6214850791,0.1564432113,0.4216,0.0561733033,0.7063020001,1.6214850791,0.1564432113
