Instance,INF_avg,INF_sd,INF_r1,INF_kr,INF_sk,SUP_avg,SUP_sd,SUP_r1,SUP_kr,SUP_sk,INC_avg,INC_sd,INC_r1,INC_kr,INC_sk,IND_avg,IND_sd,IND_r1,IND_kr,IND_sk
78,0.26,0.12,0.1292134831,2.4398148148,0.4583333333,0.27,0.11,-0.2661498708,1.7606037839,-0.2885048835,0.47,0.1486606875,0.0458882326,4.4793718392,-1.1213242412,0.47,0.1486606875,0.0458882326,4.4793718392,-1.1213242412
