Instance,INF_avg,INF_sd,INF_r1,INF_kr,INF_sk,SUP_avg,SUP_sd,SUP_r1,SUP_kr,SUP_sk,INC_avg,INC_sd,INC_r1,INC_kr,INC_sk,IND_avg,IND_sd,IND_r1,IND_kr,IND_sk
34,0.3916129032,0.1260592993,0.7027282663,2.1850060899,-0.0359871027,0.1180645161,0.0858137276,0.7404842678,3.3714315096,1.0759501005,0.4903225806,0.0858912993,0.1955039016,2.7544699154,-0.2164795013,0.4903225806,0.0858912993,0.1955039016,2.7544699154,-0.2164795013
