Instance,INF_avg,INF_sd,INF_r1,INF_kr,INF_sk,SUP_avg,SUP_sd,SUP_r1,SUP_kr,SUP_sk,INC_avg,INC_sd,INC_r1,INC_kr,INC_sk,IND_avg,IND_sd,IND_r1,IND_kr,IND_sk
32,0.2636,0.0727395353,-0.1872776724,2.877866585,0.2317941747,0.2288,0.0633921131,0.0839714189,2.2557851588,-0.0246970726,0.5076,0.0718765609,-0.2311694992,2.5616692858,-0.0775297626,0.5076,0.0718765609,-0.2311694992,2.5616692858,-0.0775297626
