Instance,INF_avg,INF_sd,INF_r1,INF_kr,INF_sk,SUP_avg,SUP_sd,SUP_r1,SUP_kr,SUP_sk,INC_avg,INC_sd,INC_r1,INC_kr,INC_sk,IND_avg,IND_sd,IND_r1,IND_kr,IND_sk
135,0.2296,0.0617401004,-0.0258892962,2.2894468773,0.1497992905,0.2856,0.0653654343,-0.1476965083,3.1497935245,0.7884620844,0.4848,0.0633163486,0.2565031538,2.9447297823,0.3394376729,0.4848,0.0633163486,0.2565031538,2.9447297823,0.3394376729
