Instance,INF_avg,INF_sd,INF_r1,INF_kr,INF_sk,SUP_avg,SUP_sd,SUP_r1,SUP_kr,SUP_sk,INC_avg,INC_sd,INC_r1,INC_kr,INC_sk,IND_avg,IND_sd,IND_r1,IND_kr,IND_sk
82,0.264,0.0536656315,0.1187120495,2.5659490741,-0.2121158929,0.2636,0.0432555199,-0.2014686573,2.1460009005,-0.0916054711,0.4724,0.0602846581,-0.102327904,2.2969511724,-0.2137047958,0.4724,0.0602846581,-0.102327904,2.2969511724,-0.2137047958
