Instance,INF_avg,INF_sd,INF_r1,INF_kr,INF_sk,SUP_avg,SUP_sd,SUP_r1,SUP_kr,SUP_sk,INC_avg,INC_sd,INC_r1,INC_kr,INC_sk,IND_avg,IND_sd,IND_r1,IND_kr,IND_sk
289,0.2268,0.0261488049,0.2814424429,2.779460303,-0.0784773322,0.3126,0.0425938963,-0.0002700888,2.0319341251,-0.1848404564,0.4606,0.0372376154,0.0409987495,2.2690334363,0.2174648142,0.4606,0.0372376154,0.0409987495,2.2690334363,0.2174648142
