Instance,INF_avg,INF_sd,INF_r1,INF_kr,INF_sk,SUP_avg,SUP_sd,SUP_r1,SUP_kr,SUP_sk,INC_avg,INC_sd,INC_r1,INC_kr,INC_sk,IND_avg,IND_sd,IND_r1,IND_kr,IND_sk
284,0.304,0.0265329983,0.0413318025,2.3622159091,0.5936004596,0.23,0.0409878031,-0.5066666667,2.2023809524,0.5576571845,0.466,0.0338230691,-0.0536547434,3.0070174581,-1.3285921177,0.466,0.0338230691,-0.0536547434,3.0070174581,-1.3285921177
