Instance,INF_avg,INF_sd,INF_r1,INF_kr,INF_sk,SUP_avg,SUP_sd,SUP_r1,SUP_kr,SUP_sk,INC_avg,INC_sd,INC_r1,INC_kr,INC_sk,IND_avg,IND_sd,IND_r1,IND_kr,IND_sk
53,0.475,0.1639359631,0.4828897338,2.0448891293,-0.1063943514,0.1375,0.0856956825,0.0901960784,2.5337256677,0.3910423176,0.3875,0.1615355998,0.1484071484,2.284951056,0.5588208494,0.3875,0.1615355998,0.1484071484,2.284951056,0.5588208494
