Instance,INF_avg,INF_sd,INF_r1,INF_kr,INF_sk,SUP_avg,SUP_sd,SUP_r1,SUP_kr,SUP_sk,INC_avg,INC_sd,INC_r1,INC_kr,INC_sk,IND_avg,IND_sd,IND_r1,IND_kr,IND_sk
73,0.24,0.12,-0.9465648855,1.3981481481,-0.1111111111,0.3,0.1788854382,-0.8571428571,1.953125,0.6288941187,0.46,0.1496662955,-0.4814814815,1.8469387755,0.3436215967,0.46,0.1496662955,-0.4814814815,1.8469387755,0.3436215967
