Instance,INF_avg,INF_sd,INF_r1,INF_kr,INF_sk,SUP_avg,SUP_sd,SUP_r1,SUP_kr,SUP_sk,INC_avg,INC_sd,INC_r1,INC_kr,INC_sk,IND_avg,IND_sd,IND_r1,IND_kr,IND_sk
181,0.2328,0.0676177491,0.0761874169,3.3087400417,0.7771139559,0.2352,0.0446425806,-0.1631019621,2.5126608282,-0.0430566059,0.532,0.079397733,-0.0744278816,2.8947795614,-0.0943652357,0.532,0.079397733,-0.0744278816,2.8947795614,-0.0943652357
