Instance,INF_avg,INF_sd,INF_r1,INF_kr,INF_sk,SUP_avg,SUP_sd,SUP_r1,SUP_kr,SUP_sk,INC_avg,INC_sd,INC_r1,INC_kr,INC_sk,IND_avg,IND_sd,IND_r1,IND_kr,IND_sk
249,0.266,0.0714142843,0.041277142,2.947083737,0.0860595666,0.176,0.0609918027,0.124774038,2.977648283,0.3063341323,0.558,0.0790695896,0.1789569908,2.5732381377,0.1412784029,0.558,0.0790695896,0.1789569908,2.5732381377,0.1412784029
