Instance,INF_avg,INF_sd,INF_r1,INF_kr,INF_sk,SUP_avg,SUP_sd,SUP_r1,SUP_kr,SUP_sk,INC_avg,INC_sd,INC_r1,INC_kr,INC_sk,IND_avg,IND_sd,IND_r1,IND_kr,IND_sk
189,0.246,0.0349857114,-0.6044776119,1.6280276817,0.3631734744,0.29,0.0141421356,-0.6666666667,1.7,-0.0,0.464,0.0407921561,-0.5777080063,2.3560697115,-0.9610162055,0.464,0.0407921561,-0.5777080063,2.3560697115,-0.9610162055
