Instance,INF_avg,INF_sd,INF_r1,INF_kr,INF_sk,SUP_avg,SUP_sd,SUP_r1,SUP_kr,SUP_sk,INC_avg,INC_sd,INC_r1,INC_kr,INC_sk,IND_avg,IND_sd,IND_r1,IND_kr,IND_sk
168,0.224,0.1422111107,0.4902205576,3.4092292902,0.490267734,0.308,0.1547126368,0.050032089,2.4948221997,-0.3928967762,0.468,0.1933287356,0.2901516064,2.3542343486,0.2243144984,0.468,0.1933287356,0.2901516064,2.3542343486,0.2243144984
