Instance,INF_avg,INF_sd,INF_r1,INF_kr,INF_sk,SUP_avg,SUP_sd,SUP_r1,SUP_kr,SUP_sk,INC_avg,INC_sd,INC_r1,INC_kr,INC_sk,IND_avg,IND_sd,IND_r1,IND_kr,IND_sk
38,0.3012,0.0501453886,0.1315843774,3.4029332921,-0.6723112972,0.268,0.0451663592,0.0994206063,2.4441291811,0.4146761464,0.4308,0.0560656758,0.3436379609,3.9570143707,-0.6592608619,0.4308,0.0560656758,0.3436379609,3.9570143707,-0.6592608619
