Instance,INF_avg,INF_sd,INF_r1,INF_kr,INF_sk,SUP_avg,SUP_sd,SUP_r1,SUP_kr,SUP_sk,INC_avg,INC_sd,INC_r1,INC_kr,INC_sk,IND_avg,IND_sd,IND_r1,IND_kr,IND_sk
203,0.28,0.129614814,0.1863905325,3.1802721088,-0.8376467569,0.3,0.1232882801,0.3529411765,2.3199445983,0.0,0.42,0.1058300524,0.1593567251,3.4642857143,0.4049619354,0.42,0.1058300524,0.1593567251,3.4642857143,0.4049619354
