Instance,INF_avg,INF_sd,INF_r1,INF_kr,INF_sk,SUP_avg,SUP_sd,SUP_r1,SUP_kr,SUP_sk,INC_avg,INC_sd,INC_r1,INC_kr,INC_sk,IND_avg,IND_sd,IND_r1,IND_kr,IND_sk
292,0.264,0.0662117814,0.237649063,2.6655921999,-1.0688992367,0.288,0.037094474,-0.4890710383,2.4826933478,-0.9704949588,0.448,0.0733212111,-0.224916388,2.5245535714,0.7998075352,0.448,0.0733212111,-0.224916388,2.5245535714,0.7998075352
