Instance,INF_avg,INF_sd,INF_r1,INF_kr,INF_sk,SUP_avg,SUP_sd,SUP_r1,SUP_kr,SUP_sk,INC_avg,INC_sd,INC_r1,INC_kr,INC_sk,IND_avg,IND_sd,IND_r1,IND_kr,IND_sk
68,0.2818,0.0349822812,-0.00241559,2.6293740158,0.1948348581,0.2666,0.0244016393,0.2571148897,2.8044422577,0.361176599,0.4516,0.0388257646,0.0530296777,2.0562324494,-0.0420282355,0.4516,0.0388257646,0.0530296777,2.0562324494,-0.0420282355
