Instance,INF_avg,INF_sd,INF_r1,INF_kr,INF_sk,SUP_avg,SUP_sd,SUP_r1,SUP_kr,SUP_sk,INC_avg,INC_sd,INC_r1,INC_kr,INC_sk,IND_avg,IND_sd,IND_r1,IND_kr,IND_sk
98,0.2586,0.0318910646,0.2264110439,2.180726555,0.103880535,0.2752,0.029239699,0.308519808,3.1250284767,0.2904948964,0.4662,0.0468674727,0.3279423314,2.2723416886,0.286560989,0.4662,0.0468674727,0.3279423314,2.2723416886,0.286560989
