Instance,INF_avg,INF_sd,INF_r1,INF_kr,INF_sk,SUP_avg,SUP_sd,SUP_r1,SUP_kr,SUP_sk,INC_avg,INC_sd,INC_r1,INC_kr,INC_sk,IND_avg,IND_sd,IND_r1,IND_kr,IND_sk
18,0.245,0.0382753184,0.3846153846,1.7671143519,-0.2354059817,0.287,0.0368917335,-0.171083252,2.1900831443,0.6328664003,0.468,0.0318747549,-0.2300319489,3.5898381797,-0.2623456949,0.468,0.0318747549,-0.2300319489,3.5898381797,-0.2623456949
