Instance,INF_avg,INF_sd,INF_r1,INF_kr,INF_sk,SUP_avg,SUP_sd,SUP_r1,SUP_kr,SUP_sk,INC_avg,INC_sd,INC_r1,INC_kr,INC_sk,IND_avg,IND_sd,IND_r1,IND_kr,IND_sk
125,0.2578,0.0734245191,5.8649e-06,2.4521048455,0.1471094738,0.2806,0.0694236271,-0.0307333557,3.8368284656,0.7394104348,0.4616,0.0785203158,0.0094991696,2.697985217,0.1365009576,0.4616,0.0785203158,0.0094991696,2.697985217,0.1365009576
