Instance,INF_avg,INF_sd,INF_r1,INF_kr,INF_sk,SUP_avg,SUP_sd,SUP_r1,SUP_kr,SUP_sk,INC_avg,INC_sd,INC_r1,INC_kr,INC_sk,IND_avg,IND_sd,IND_r1,IND_kr,IND_sk
94,0.2528,0.0388092772,-0.0769997473,2.0027190757,0.1877800552,0.2612,0.0320711709,0.0241769104,2.8822385475,0.2332866642,0.486,0.036986484,-0.1168074939,1.9882271468,0.3438904395,0.486,0.036986484,-0.1168074939,1.9882271468,0.3438904395
