Instance,INF_avg,INF_sd,INF_r1,INF_kr,INF_sk,SUP_avg,SUP_sd,SUP_r1,SUP_kr,SUP_sk,INC_avg,INC_sd,INC_r1,INC_kr,INC_sk,IND_avg,IND_sd,IND_r1,IND_kr,IND_sk
262,0.2815,0.0978915216,-0.1040102833,3.1911952757,-0.0752350588,0.2225,0.0861321659,-0.1387888116,2.5405846403,0.425033995,0.496,0.1071634266,-0.0284666626,3.0196877433,0.1953188242,0.496,0.1071634266,-0.0284666626,3.0196877433,0.1953188242
