Instance,INF_avg,INF_sd,INF_r1,INF_kr,INF_sk,SUP_avg,SUP_sd,SUP_r1,SUP_kr,SUP_sk,INC_avg,INC_sd,INC_r1,INC_kr,INC_sk,IND_avg,IND_sd,IND_r1,IND_kr,IND_sk
210,0.2276,0.0539837012,-0.1902291435,4.4202306367,0.5705283382,0.2326,0.0455108778,0.1030567641,3.3041842625,0.4193199177,0.5398,0.0561245045,0.1202540053,2.7017196094,-0.225635096,0.5398,0.0561245045,0.1202540053,2.7017196094,-0.225635096
