Instance,INF_avg,INF_sd,INF_r1,INF_kr,INF_sk,SUP_avg,SUP_sd,SUP_r1,SUP_kr,SUP_sk,INC_avg,INC_sd,INC_r1,INC_kr,INC_sk,IND_avg,IND_sd,IND_r1,IND_kr,IND_sk
114,0.18,0.0979795897,0.0384615385,1.1666666667,0.4082482905,0.3,0.1788854382,0.7142857143,1.953125,0.6288941187,0.52,0.16,-0.0050251256,2.5908203125,0.55078125,0.52,0.16,-0.0050251256,2.5908203125,0.55078125
