Instance,INF_avg,INF_sd,INF_r1,INF_kr,INF_sk,SUP_avg,SUP_sd,SUP_r1,SUP_kr,SUP_sk,INC_avg,INC_sd,INC_r1,INC_kr,INC_sk,IND_avg,IND_sd,IND_r1,IND_kr,IND_sk
288,0.2768,0.0492113808,-0.1981413347,1.9012979989,0.0235082011,0.224,0.074188948,-0.2882967484,2.0775757166,0.3451275677,0.4992,0.070762702,-0.2096335902,2.6825555237,0.4719220375,0.4992,0.070762702,-0.2096335902,2.6825555237,0.4719220375
