Instance,INF_avg,INF_sd,INF_r1,INF_kr,INF_sk,SUP_avg,SUP_sd,SUP_r1,SUP_kr,SUP_sk,INC_avg,INC_sd,INC_r1,INC_kr,INC_sk,IND_avg,IND_sd,IND_r1,IND_kr,IND_sk
220,0.255,0.0722841615,-0.0627094303,2.5882420274,0.2224077128,0.185,0.0776208735,-0.030789826,2.580138083,0.6671431284,0.56,0.13,-0.1789600967,1.7144707818,-0.0832954028,0.56,0.13,-0.1789600967,1.7144707818,-0.0832954028
