Instance,INF_avg,INF_sd,INF_r1,INF_kr,INF_sk,SUP_avg,SUP_sd,SUP_r1,SUP_kr,SUP_sk,INC_avg,INC_sd,INC_r1,INC_kr,INC_sk,IND_avg,IND_sd,IND_r1,IND_kr,IND_sk
268,0.2315,0.0294321253,0.2950675647,2.8022490833,0.0590690655,0.2611,0.0319732701,-0.0113332935,3.4001831901,-0.0037443606,0.5074,0.0333202641,0.1975004977,3.4623135355,0.4452796422,0.5074,0.0333202641,0.1975004977,3.4623135355,0.4452796422
