Instance,INF_avg,INF_sd,INF_r1,INF_kr,INF_sk,SUP_avg,SUP_sd,SUP_r1,SUP_kr,SUP_sk,INC_avg,INC_sd,INC_r1,INC_kr,INC_sk,IND_avg,IND_sd,IND_r1,IND_kr,IND_sk
76,0.259,0.0321558704,-0.6462941405,2.525246082,-0.9495575386,0.235,0.0408656335,-0.8020134228,1.9958585822,-0.2439717442,0.506,0.0205912603,-0.6066481994,2.0685297259,0.4068404933,0.506,0.0205912603,-0.6066481994,2.0685297259,0.4068404933
