Instance,INF_avg,INF_sd,INF_r1,INF_kr,INF_sk,SUP_avg,SUP_sd,SUP_r1,SUP_kr,SUP_sk,INC_avg,INC_sd,INC_r1,INC_kr,INC_sk,IND_avg,IND_sd,IND_r1,IND_kr,IND_sk
69,0.266,0.1101998185,0.085874953,2.9142887459,0.4318960077,0.273,0.1105486318,0.1784885368,2.2085550887,0.2087941552,0.461,0.1209504031,-0.0240261223,3.5915053005,0.309945253,0.461,0.1209504031,-0.0240261223,3.5915053005,0.309945253
