Instance,INF_avg,INF_sd,INF_r1,INF_kr,INF_sk,SUP_avg,SUP_sd,SUP_r1,SUP_kr,SUP_sk,INC_avg,INC_sd,INC_r1,INC_kr,INC_sk,IND_avg,IND_sd,IND_r1,IND_kr,IND_sk
22,0.26205,0.0321021417,-0.1222032843,2.8308126662,-0.1186487965,0.23625,0.0308170002,0.0400631797,3.3189955391,0.3869769554,0.5017,0.0384331888,0.0077918363,2.5317639333,-0.1439257912,0.5017,0.0384331888,0.0077918363,2.5317639333,-0.1439257912
