Instance,INF_avg,INF_sd,INF_r1,INF_kr,INF_sk,SUP_avg,SUP_sd,SUP_r1,SUP_kr,SUP_sk,INC_avg,INC_sd,INC_r1,INC_kr,INC_sk,IND_avg,IND_sd,IND_r1,IND_kr,IND_sk
263,0.272,0.1536749817,-0.1781199653,2.3601526869,0.0787217336,0.268,0.1318180564,0.04563243,3.1779504085,0.3933095759,0.46,0.1833030278,0.0081799591,2.4523809524,-0.3351203314,0.46,0.1833030278,0.0081799591,2.4523809524,-0.3351203314
