Instance,INF_avg,INF_sd,INF_r1,INF_kr,INF_sk,SUP_avg,SUP_sd,SUP_r1,SUP_kr,SUP_sk,INC_avg,INC_sd,INC_r1,INC_kr,INC_sk,IND_avg,IND_sd,IND_r1,IND_kr,IND_sk
136,0.307,0.0263818119,0.0060374024,2.9437549544,0.8000875257,0.172,0.0275862284,0.5069774574,1.7275957874,-0.240507368,0.521,0.0225610283,-0.3214525891,2.5843539279,-0.503153924,0.521,0.0225610283,-0.3214525891,2.5843539279,-0.503153924
