Instance,INF_avg,INF_sd,INF_r1,INF_kr,INF_sk,SUP_avg,SUP_sd,SUP_r1,SUP_kr,SUP_sk,INC_avg,INC_sd,INC_r1,INC_kr,INC_sk,IND_avg,IND_sd,IND_r1,IND_kr,IND_sk
18,0.252,0.0877268488,0.1906415526,2.5318041934,0.2056089132,0.236,0.1220819397,0.0653607858,3.2382608869,0.1779117109,0.512,0.1321211565,-0.1289243013,2.137179792,-0.3642810924,0.512,0.1321211565,-0.1289243013,2.137179792,-0.3642810924
