Instance,INF_avg,INF_sd,INF_r1,INF_kr,INF_sk,SUP_avg,SUP_sd,SUP_r1,SUP_kr,SUP_sk,INC_avg,INC_sd,INC_r1,INC_kr,INC_sk,IND_avg,IND_sd,IND_r1,IND_kr,IND_sk
183,0.278,0.1396996779,0.0186783382,2.7497191409,0.417661681,0.234,0.135070352,0.2399084857,2.8926185666,0.5112393412,0.488,0.1801554884,0.035623265,2.4996813646,-0.2308580108,0.488,0.1801554884,0.035623265,2.4996813646,-0.2308580108
