Instance,INF_avg,INF_sd,INF_r1,INF_kr,INF_sk,SUP_avg,SUP_sd,SUP_r1,SUP_kr,SUP_sk,INC_avg,INC_sd,INC_r1,INC_kr,INC_sk,IND_avg,IND_sd,IND_r1,IND_kr,IND_sk
84,0.27,0.1187434209,-0.2417340191,2.4172325336,0.2365192629,0.18,0.12489996,-0.3496143959,2.0295857988,0.0739053018,0.55,0.1204159458,-0.0877192982,2.598097503,-0.6872729367,0.55,0.1204159458,-0.0877192982,2.598097503,-0.6872729367
