Instance,INF_avg,INF_sd,INF_r1,INF_kr,INF_sk,SUP_avg,SUP_sd,SUP_r1,SUP_kr,SUP_sk,INC_avg,INC_sd,INC_r1,INC_kr,INC_sk,IND_avg,IND_sd,IND_r1,IND_kr,IND_sk
205,0.2738,0.0722603626,0.2420856716,2.9774422879,-0.0322297246,0.3046,0.0613745876,0.0467593639,3.0209024413,0.2685269325,0.4216,0.0694365898,0.1363816897,2.3496502816,0.1148589886,0.4216,0.0694365898,0.1363816897,2.3496502816,0.1148589886
