Instance,INF_avg,INF_sd,INF_r1,INF_kr,INF_sk,SUP_avg,SUP_sd,SUP_r1,SUP_kr,SUP_sk,INC_avg,INC_sd,INC_r1,INC_kr,INC_sk,IND_avg,IND_sd,IND_r1,IND_kr,IND_sk
289,0.2448,0.0609996721,0.1442045119,2.8840525148,0.4909194195,0.2,0.071330218,-0.0732484076,3.7127684823,1.0210285447,0.5552,0.0753190547,-0.1025929233,2.2351394091,-0.3073351762,0.5552,0.0753190547,-0.1025929233,2.2351394091,-0.3073351762
