Instance,INF_avg,INF_sd,INF_r1,INF_kr,INF_sk,SUP_avg,SUP_sd,SUP_r1,SUP_kr,SUP_sk,INC_avg,INC_sd,INC_r1,INC_kr,INC_sk,IND_avg,IND_sd,IND_r1,IND_kr,IND_sk
206,0.259,0.0294788059,0.1175411214,2.0348203893,0.1447471631,0.24,0.0194935887,-0.0909090909,2.5900277008,-0.4859897457,0.501,0.033,0.0268592253,2.104640191,0.2123716504,0.501,0.033,0.0268592253,2.104640191,0.2123716504
