Instance,INF_avg,INF_sd,INF_r1,INF_kr,INF_sk,SUP_avg,SUP_sd,SUP_r1,SUP_kr,SUP_sk,INC_avg,INC_sd,INC_r1,INC_kr,INC_sk,IND_avg,IND_sd,IND_r1,IND_kr,IND_sk
22,0.2284,0.0695229459,0.0742467788,3.3035123461,0.5742396335,0.2792,0.0610521089,0.0574699554,2.7008649082,0.4597675777,0.4924,0.0668,0.0788528477,2.4551074432,-0.1215185177,0.4924,0.0668,0.0788528477,2.4551074432,-0.1215185177
