Instance,INF_avg,INF_sd,INF_r1,INF_kr,INF_sk,SUP_avg,SUP_sd,SUP_r1,SUP_kr,SUP_sk,INC_avg,INC_sd,INC_r1,INC_kr,INC_sk,IND_avg,IND_sd,IND_r1,IND_kr,IND_sk
44,0.245,0.0567890835,0.0818858561,2.2460789616,0.1965657837,0.255,0.1171537451,-0.3824519707,2.1190938318,0.0195903423,0.5,0.1396424004,-0.0869565217,2.8500986193,0.6610291145,0.5,0.1396424004,-0.0869565217,2.8500986193,0.6610291145
