Instance,INF_avg,INF_sd,INF_r1,INF_kr,INF_sk,SUP_avg,SUP_sd,SUP_r1,SUP_kr,SUP_sk,INC_avg,INC_sd,INC_r1,INC_kr,INC_sk,IND_avg,IND_sd,IND_r1,IND_kr,IND_sk
59,0.214,0.1385784976,0.1213433573,2.1828445967,0.1768664995,0.236,0.1292439554,-0.0407979371,2.3019168098,-0.1346469071,0.55,0.1603121954,0.0574488802,2.9224515133,0.043689072,0.55,0.1603121954,0.0574488802,2.9224515133,0.043689072
