Instance,INF_avg,INF_sd,INF_r1,INF_kr,INF_sk,SUP_avg,SUP_sd,SUP_r1,SUP_kr,SUP_sk,INC_avg,INC_sd,INC_r1,INC_kr,INC_sk,IND_avg,IND_sd,IND_r1,IND_kr,IND_sk
11,0.18,0.0379473319,0.2777777778,1.7592592593,-0.3513641845,0.276,0.0598665182,-0.5422077922,1.5061383929,0.0590599619,0.544,0.0496386946,-0.4547038328,2.0324675325,-0.621634858,0.544,0.0496386946,-0.4547038328,2.0324675325,-0.621634858
