Instance,INF_avg,INF_sd,INF_r1,INF_kr,INF_sk,SUP_avg,SUP_sd,SUP_r1,SUP_kr,SUP_sk,INC_avg,INC_sd,INC_r1,INC_kr,INC_sk,IND_avg,IND_sd,IND_r1,IND_kr,IND_sk
191,0.272,0.0474973683,-0.3094278807,1.5495699411,-0.0125426882,0.228,0.0401995025,-0.0437375746,3.6513086952,0.7004667745,0.5,0.0521536192,-0.5762711864,1.6003460208,-0.4060402882,0.5,0.0521536192,-0.5762711864,1.6003460208,-0.4060402882
