Instance,INF_avg,INF_sd,INF_r1,INF_kr,INF_sk,SUP_avg,SUP_sd,SUP_r1,SUP_kr,SUP_sk,INC_avg,INC_sd,INC_r1,INC_kr,INC_sk,IND_avg,IND_sd,IND_r1,IND_kr,IND_sk
53,0.276,0.1059433811,0.0845831116,2.4193513645,0.3758715007,0.334,0.1354400236,0.3255858591,2.9413554859,0.6478568563,0.39,0.1081665383,0.0111869549,2.3811089196,-0.4053578357,0.39,0.1081665383,0.0111869549,2.3811089196,-0.4053578357
