Instance,INF_avg,INF_sd,INF_r1,INF_kr,INF_sk,SUP_avg,SUP_sd,SUP_r1,SUP_kr,SUP_sk,INC_avg,INC_sd,INC_r1,INC_kr,INC_sk,IND_avg,IND_sd,IND_r1,IND_kr,IND_sk
293,0.2552,0.0513123767,-0.1244889845,2.8160279624,0.2103959528,0.2336,0.0532826426,-0.1313865269,2.9276568221,0.2055357486,0.5112,0.0579875849,0.0044442951,2.2015492682,-0.317493108,0.5112,0.0579875849,0.0044442951,2.2015492682,-0.317493108
