Instance,INF_avg,INF_sd,INF_r1,INF_kr,INF_sk,SUP_avg,SUP_sd,SUP_r1,SUP_kr,SUP_sk,INC_avg,INC_sd,INC_r1,INC_kr,INC_sk,IND_avg,IND_sd,IND_r1,IND_kr,IND_sk
264,0.276,0.037067506,0.8786793954,2.2021160288,-0.8992209441,0.29,0.0333166625,0.5512820513,2.3831263696,0.8801699248,0.434,0.0096953597,0.1705069124,1.4081032141,-0.3752617726,0.434,0.0096953597,0.1705069124,1.4081032141,-0.3752617726
