Instance,INF_avg,INF_sd,INF_r1,INF_kr,INF_sk,SUP_avg,SUP_sd,SUP_r1,SUP_kr,SUP_sk,INC_avg,INC_sd,INC_r1,INC_kr,INC_sk,IND_avg,IND_sd,IND_r1,IND_kr,IND_sk
98,0.23,0.092736185,0.0157480315,2.9694429421,-1.2864700617,0.25,0.1,0.3157894737,2.05,0.0,0.52,0.0748331477,-0.3224637681,2.1339285714,0.7301958931,0.52,0.0748331477,-0.3224637681,2.1339285714,0.7301958931
