Instance,INF_avg,INF_sd,INF_r1,INF_kr,INF_sk,SUP_avg,SUP_sd,SUP_r1,SUP_kr,SUP_sk,INC_avg,INC_sd,INC_r1,INC_kr,INC_sk,IND_avg,IND_sd,IND_r1,IND_kr,IND_sk
65,0.28,0.16,0.4221105528,1.4189453125,0.03515625,0.2,0.1414213562,-0.0,1.7,-0.0,0.52,0.0748331477,-1.0588235294,1.8469387755,-0.3436215967,0.52,0.0748331477,-1.0588235294,1.8469387755,-0.3436215967
