Instance,INF_avg,INF_sd,INF_r1,INF_kr,INF_sk,SUP_avg,SUP_sd,SUP_r1,SUP_kr,SUP_sk,INC_avg,INC_sd,INC_r1,INC_kr,INC_sk,IND_avg,IND_sd,IND_r1,IND_kr,IND_sk
173,0.18,0.1077032961,-0.0380622837,2.7669441141,0.403407114,0.33,0.1187434209,0.0007137759,2.4172325336,-0.2365192629,0.49,0.1445683229,-0.2446146482,2.5882420274,-0.2224077128,0.49,0.1445683229,-0.2446146482,2.5882420274,-0.2224077128
