Instance,INF_avg,INF_sd,INF_r1,INF_kr,INF_sk,SUP_avg,SUP_sd,SUP_r1,SUP_kr,SUP_sk,INC_avg,INC_sd,INC_r1,INC_kr,INC_sk,IND_avg,IND_sd,IND_r1,IND_kr,IND_sk
150,0.23,0.0678232998,-0.5697674419,2.3638941399,0.7500308204,0.29,0.1392838828,-1.0114942529,1.3296312042,-0.2931045678,0.48,0.1166190379,-0.8858954041,1.5469290657,0.1097086537,0.48,0.1166190379,-0.8858954041,1.5469290657,0.1097086537
