Instance,INF_avg,INF_sd,INF_r1,INF_kr,INF_sk,SUP_avg,SUP_sd,SUP_r1,SUP_kr,SUP_sk,INC_avg,INC_sd,INC_r1,INC_kr,INC_sk,IND_avg,IND_sd,IND_r1,IND_kr,IND_sk
293,0.258,0.1108422302,-0.0389835101,2.3095383988,0.1557664928,0.2235,0.0917755414,-0.0112296478,2.4043161606,0.0090145252,0.5185,0.1092371274,0.0403939214,2.7867395959,0.0001156502,0.5185,0.1092371274,0.0403939214,2.7867395959,0.0001156502
