Instance,INF_avg,INF_sd,INF_r1,INF_kr,INF_sk,SUP_avg,SUP_sd,SUP_r1,SUP_kr,SUP_sk,INC_avg,INC_sd,INC_r1,INC_kr,INC_sk,IND_avg,IND_sd,IND_r1,IND_kr,IND_sk
4,0.3897101449,0.081684636,0.6094722185,2.4266376943,-0.1440060734,0.1192753623,0.0769023254,0.760498378,2.5723739672,0.6843021367,0.4910144928,0.0500186901,0.0720575444,2.8420101106,0.5660357782,0.4910144928,0.0500186901,0.0720575444,2.8420101106,0.5660357782
