Instance,INF_avg,INF_sd,INF_r1,INF_kr,INF_sk,SUP_avg,SUP_sd,SUP_r1,SUP_kr,SUP_sk,INC_avg,INC_sd,INC_r1,INC_kr,INC_sk,IND_avg,IND_sd,IND_r1,IND_kr,IND_sk
98,0.26,0.0848528137,-0.8888888889,1.7,0.0,0.276,0.074188948,-0.9422572178,1.509194159,0.1579875514,0.464,0.0149666295,-0.3768115942,1.8469387755,-0.3436215967,0.464,0.0149666295,-0.3768115942,1.8469387755,-0.3436215967
