Instance,INF_avg,INF_sd,INF_r1,INF_kr,INF_sk,SUP_avg,SUP_sd,SUP_r1,SUP_kr,SUP_sk,INC_avg,INC_sd,INC_r1,INC_kr,INC_sk,IND_avg,IND_sd,IND_r1,IND_kr,IND_sk
76,0.254,0.153244902,0.2104733375,2.4092646124,0.2829073781,0.263,0.1368612436,0.2699793079,2.536348871,0.2651770173,0.483,0.1600343713,0.0823219675,2.4925170133,0.0588180429,0.483,0.1600343713,0.0823219675,2.4925170133,0.0588180429
