Instance,INF_avg,INF_sd,INF_r1,INF_kr,INF_sk,SUP_avg,SUP_sd,SUP_r1,SUP_kr,SUP_sk,INC_avg,INC_sd,INC_r1,INC_kr,INC_sk,IND_avg,IND_sd,IND_r1,IND_kr,IND_sk
195,0.235,0.1388344338,-0.0124261827,2.6996068575,0.4346918334,0.236,0.1352922762,0.1410140935,2.7756109712,0.297413595,0.529,0.1614280025,0.0765102219,2.8307116567,-0.0193793054,0.529,0.1614280025,0.0765102219,2.8307116567,-0.0193793054
