Instance,INF_avg,INF_sd,INF_r1,INF_kr,INF_sk,SUP_avg,SUP_sd,SUP_r1,SUP_kr,SUP_sk,INC_avg,INC_sd,INC_r1,INC_kr,INC_sk,IND_avg,IND_sd,IND_r1,IND_kr,IND_sk
14,0.344,0.149879952,0.0605558164,2.5397277619,0.1513461967,0.31,0.1596871942,-0.0004334292,4.0503344867,0.5584447208,0.346,0.1687720356,-0.0206276149,2.6969087379,-0.0183321097,0.346,0.1687720356,-0.0206276149,2.6969087379,-0.0183321097
