Instance,INF_avg,INF_sd,INF_r1,INF_kr,INF_sk,SUP_avg,SUP_sd,SUP_r1,SUP_kr,SUP_sk,INC_avg,INC_sd,INC_r1,INC_kr,INC_sk,IND_avg,IND_sd,IND_r1,IND_kr,IND_sk
146,0.245,0.090967027,-0.0948882482,2.1313149752,-0.1703748043,0.2435,0.1016501353,0.0652935407,2.9544567277,0.3979845065,0.5115,0.1079015755,-0.0564509138,4.8486418559,-0.0055288625,0.5115,0.1079015755,-0.0564509138,4.8486418559,-0.0055288625
