Instance,INF_avg,INF_sd,INF_r1,INF_kr,INF_sk,SUP_avg,SUP_sd,SUP_r1,SUP_kr,SUP_sk,INC_avg,INC_sd,INC_r1,INC_kr,INC_sk,IND_avg,IND_sd,IND_r1,IND_kr,IND_sk
115,0.2292,0.0597608568,-0.2446064553,2.5076145496,-0.416760774,0.2632,0.0722617464,-0.1601681814,2.9742833936,0.4149070708,0.5076,0.0730906287,-0.0532451523,2.8195238104,-0.1085929775,0.5076,0.0730906287,-0.0532451523,2.8195238104,-0.1085929775
