Instance,INF_avg,INF_sd,INF_r1,INF_kr,INF_sk,SUP_avg,SUP_sd,SUP_r1,SUP_kr,SUP_sk,INC_avg,INC_sd,INC_r1,INC_kr,INC_sk,IND_avg,IND_sd,IND_r1,IND_kr,IND_sk
105,0.2518,0.032315012,0.1465551332,2.4915569559,0.0996484414,0.258,0.0335037311,-0.0519432326,2.596344661,-0.1758139456,0.4902,0.0367281908,0.0797928349,2.7673077433,0.0403798898,0.4902,0.0367281908,0.0797928349,2.7673077433,0.0403798898
