Instance,INF_avg,INF_sd,INF_r1,INF_kr,INF_sk,SUP_avg,SUP_sd,SUP_r1,SUP_kr,SUP_sk,INC_avg,INC_sd,INC_r1,INC_kr,INC_sk,IND_avg,IND_sd,IND_r1,IND_kr,IND_sk
260,0.325,0.0928708781,0.2359550562,2.0888468809,0.5617898108,0.235,0.0708872344,-0.2748597654,3.4379594564,0.9601122413,0.44,0.1090871211,0.2655935614,1.9184379634,-0.263454526,0.44,0.1090871211,0.2655935614,1.9184379634,-0.263454526
