Instance,INF_avg,INF_sd,INF_r1,INF_kr,INF_sk,SUP_avg,SUP_sd,SUP_r1,SUP_kr,SUP_sk,INC_avg,INC_sd,INC_r1,INC_kr,INC_sk,IND_avg,IND_sd,IND_r1,IND_kr,IND_sk
52,0.261,0.0741552426,0.5034925601,2.3459454563,0.2588456597,0.1955,0.0395253083,0.2373931658,4.0989831729,0.8331226266,0.5435,0.0573607008,0.2610844966,2.3480897542,-0.4645658565,0.5435,0.0573607008,0.2610844966,2.3480897542,-0.4645658565
