Instance,INF_avg,INF_sd,INF_r1,INF_kr,INF_sk,SUP_avg,SUP_sd,SUP_r1,SUP_kr,SUP_sk,INC_avg,INC_sd,INC_r1,INC_kr,INC_sk,IND_avg,IND_sd,IND_r1,IND_kr,IND_sk
62,0.263,0.0647688197,0.0529351568,2.5815381556,0.0155241785,0.2922,0.0668068859,-0.1425224573,2.8961395493,-0.3910774863,0.4448,0.0788477013,0.0574079336,3.4890138378,0.3909586265,0.4448,0.0788477013,0.0574079336,3.4890138378,0.3909586265
