Instance,INF_avg,INF_sd,INF_r1,INF_kr,INF_sk,SUP_avg,SUP_sd,SUP_r1,SUP_kr,SUP_sk,INC_avg,INC_sd,INC_r1,INC_kr,INC_sk,IND_avg,IND_sd,IND_r1,IND_kr,IND_sk
90,0.4217391304,0.1531027553,0.461827937,4.1354448491,-0.8770888035,0.2391304348,0.1206472776,0.4001361934,4.6784854107,0.8497361336,0.3391304348,0.109302653,0.0777545328,2.3029262137,-0.2209182015,0.3391304348,0.109302653,0.0777545328,2.3029262137,-0.2209182015
