Instance,INF_avg,INF_sd,INF_r1,INF_kr,INF_sk,SUP_avg,SUP_sd,SUP_r1,SUP_kr,SUP_sk,INC_avg,INC_sd,INC_r1,INC_kr,INC_sk,IND_avg,IND_sd,IND_r1,IND_kr,IND_sk
106,0.2688,0.0338608919,0.3025483654,2.4336489458,-0.0593880865,0.1988,0.0317420856,0.200457113,2.7644953684,0.1031498419,0.5324,0.0359616462,-0.1004218264,2.6589832471,0.2510339973,0.5324,0.0359616462,-0.1004218264,2.6589832471,0.2510339973
