Instance,INF_avg,INF_sd,INF_r1,INF_kr,INF_sk,SUP_avg,SUP_sd,SUP_r1,SUP_kr,SUP_sk,INC_avg,INC_sd,INC_r1,INC_kr,INC_sk,IND_avg,IND_sd,IND_r1,IND_kr,IND_sk
228,0.37,0.11,-0.1197243755,2.7441431596,0.6130728775,0.24,0.1019803903,-0.3010204082,1.9556213018,0.2715454179,0.39,0.1374772708,-0.0668877833,1.8962794995,0.1801163538,0.39,0.1374772708,-0.0668877833,1.8962794995,0.1801163538
