Instance,INF_avg,INF_sd,INF_r1,INF_kr,INF_sk,SUP_avg,SUP_sd,SUP_r1,SUP_kr,SUP_sk,INC_avg,INC_sd,INC_r1,INC_kr,INC_sk,IND_avg,IND_sd,IND_r1,IND_kr,IND_sk
33,0.34,0.1356465997,-0.4380530973,2.9310018904,1.1731251294,0.18,0.0748331477,-0.3768115942,1.8469387755,0.3436215967,0.48,0.0979795897,-0.0924369748,2.7291666667,-0.8675276172,0.48,0.0979795897,-0.0924369748,2.7291666667,-0.8675276172
