Instance,INF_avg,INF_sd,INF_r1,INF_kr,INF_sk,SUP_avg,SUP_sd,SUP_r1,SUP_kr,SUP_sk,INC_avg,INC_sd,INC_r1,INC_kr,INC_sk,IND_avg,IND_sd,IND_r1,IND_kr,IND_sk
217,0.255,0.0616684684,0.0044538988,2.9623792308,-0.0512951305,0.2114,0.0533107869,0.11892456,2.5942039723,0.2341783564,0.5336,0.0646764254,-0.0875613824,2.732874788,0.0311095781,0.5336,0.0646764254,-0.0875613824,2.732874788,0.0311095781
