Instance,INF_avg,INF_sd,INF_r1,INF_kr,INF_sk,SUP_avg,SUP_sd,SUP_r1,SUP_kr,SUP_sk,INC_avg,INC_sd,INC_r1,INC_kr,INC_sk,IND_avg,IND_sd,IND_r1,IND_kr,IND_sk
240,0.3134615385,0.0961346135,0.2329493143,3.0284685303,0.3618010589,0.1990384615,0.1049223085,0.1083626142,2.4406841567,0.3375848279,0.4875,0.0984861373,0.1645332501,3.0179009872,-0.3293351241,0.4875,0.0984861373,0.1645332501,3.0179009872,-0.3293351241
