Instance,INF_avg,INF_sd,INF_r1,INF_kr,INF_sk,SUP_avg,SUP_sd,SUP_r1,SUP_kr,SUP_sk,INC_avg,INC_sd,INC_r1,INC_kr,INC_sk,IND_avg,IND_sd,IND_r1,IND_kr,IND_sk
231,0.2652,0.0319837459,-0.4277284215,2.4781380373,-0.0882931664,0.2212,0.0313776991,0.0049508122,2.212971831,0.2979247159,0.5136,0.0340152907,-0.1431866037,4.6947084452,0.5060671728,0.5136,0.0340152907,-0.1431866037,4.6947084452,0.5060671728
