Instance,INF_avg,INF_sd,INF_r1,INF_kr,INF_sk,SUP_avg,SUP_sd,SUP_r1,SUP_kr,SUP_sk,INC_avg,INC_sd,INC_r1,INC_kr,INC_sk,IND_avg,IND_sd,IND_r1,IND_kr,IND_sk
128,0.2568,0.0509682254,-0.1859496891,2.4847412346,-0.05308584,0.2304,0.060297927,0.1123656645,3.5191890713,0.3021294341,0.5128,0.0619367419,-0.0017677226,2.8380243774,-0.0658490962,0.5128,0.0619367419,-0.0017677226,2.8380243774,-0.0658490962
