Instance,INF_avg,INF_sd,INF_r1,INF_kr,INF_sk,SUP_avg,SUP_sd,SUP_r1,SUP_kr,SUP_sk,INC_avg,INC_sd,INC_r1,INC_kr,INC_sk,IND_avg,IND_sd,IND_r1,IND_kr,IND_sk
8,0.23,0.0748331477,0.4144144144,2.1339285714,-0.7301958931,0.36,0.08,-0.0080645161,2.5908203125,0.55078125,0.41,0.0374165739,-0.3768115942,1.8469387755,-0.3436215967,0.41,0.0374165739,-0.3768115942,1.8469387755,-0.3436215967
