Instance,INF_avg,INF_sd,INF_r1,INF_kr,INF_sk,SUP_avg,SUP_sd,SUP_r1,SUP_kr,SUP_sk,INC_avg,INC_sd,INC_r1,INC_kr,INC_sk,IND_avg,IND_sd,IND_r1,IND_kr,IND_sk
1,0.28,0.0459565012,0.134765625,1.7400568182,-0.0568719615,0.2268,0.0483917348,-0.2953362796,3.8000117976,0.4711683926,0.4932,0.0529694251,-0.134698043,2.1463800536,-0.1147094739,0.4932,0.0529694251,-0.134698043,2.1463800536,-0.1147094739
