Instance,INF_avg,INF_sd,INF_r1,INF_kr,INF_sk,SUP_avg,SUP_sd,SUP_r1,SUP_kr,SUP_sk,INC_avg,INC_sd,INC_r1,INC_kr,INC_sk,IND_avg,IND_sd,IND_r1,IND_kr,IND_sk
270,0.235,0.09367497,0.0914277564,2.2889181094,0.3932491982,0.2275,0.1005919977,-0.0514959127,2.7627898477,-0.588824242,0.5375,0.1059186008,0.1839581517,2.2790403551,-0.0808683229,0.5375,0.1059186008,0.1839581517,2.2790403551,-0.0808683229
