Instance,INF_avg,INF_sd,INF_r1,INF_kr,INF_sk,SUP_avg,SUP_sd,SUP_r1,SUP_kr,SUP_sk,INC_avg,INC_sd,INC_r1,INC_kr,INC_sk,IND_avg,IND_sd,IND_r1,IND_kr,IND_sk
137,0.34,0.1319090596,-0.4628297362,2.6331747919,-0.8286795856,0.18,0.0748331477,-0.0173160173,2.1339285714,-0.7301958931,0.48,0.1435270009,0.2160278746,1.4902912621,0.5053005453,0.48,0.1435270009,0.2160278746,1.4902912621,0.5053005453
