Instance,INF_avg,INF_sd,INF_r1,INF_kr,INF_sk,SUP_avg,SUP_sd,SUP_r1,SUP_kr,SUP_sk,INC_avg,INC_sd,INC_r1,INC_kr,INC_sk,IND_avg,IND_sd,IND_r1,IND_kr,IND_sk
224,0.2525,0.0138293167,-0.0661478599,1.7935409458,0.0992492291,0.236,0.0345543051,0.4039818548,1.8661439526,-0.0680597913,0.5115,0.0296690074,0.4206236175,1.6967837959,-0.2508793051,0.5115,0.0296690074,0.4206236175,1.6967837959,-0.2508793051
