Instance,INF_avg,INF_sd,INF_r1,INF_kr,INF_sk,SUP_avg,SUP_sd,SUP_r1,SUP_kr,SUP_sk,INC_avg,INC_sd,INC_r1,INC_kr,INC_sk,IND_avg,IND_sd,IND_r1,IND_kr,IND_sk
11,0.212,0.0254165301,-0.2444725205,2.0852351695,-0.4527659721,0.324,0.0315277655,0.3292682927,1.5003926982,-0.2071566764,0.464,0.0208326667,-0.0411899314,2.5349975578,0.4897483911,0.464,0.0208326667,-0.0411899314,2.5349975578,0.4897483911
