Instance,INF_avg,INF_sd,INF_r1,INF_kr,INF_sk,SUP_avg,SUP_sd,SUP_r1,SUP_kr,SUP_sk,INC_avg,INC_sd,INC_r1,INC_kr,INC_sk,IND_avg,IND_sd,IND_r1,IND_kr,IND_sk
19,0.2615,0.0212190952,0.3374810829,2.2660299463,-0.4911084665,0.2235,0.0383438391,0.7076919336,2.1674107456,-0.0482128351,0.515,0.0334664011,0.4342105263,2.3128587372,-0.0700329263,0.515,0.0334664011,0.4342105263,2.3128587372,-0.0700329263
