Instance,INF_avg,INF_sd,INF_r1,INF_kr,INF_sk,SUP_avg,SUP_sd,SUP_r1,SUP_kr,SUP_sk,INC_avg,INC_sd,INC_r1,INC_kr,INC_sk,IND_avg,IND_sd,IND_r1,IND_kr,IND_sk
142,0.2292,0.0529467657,-0.3488353919,2.3072305146,0.1450430742,0.2272,0.0537788062,0.206384512,2.0613668697,0.2069997118,0.5436,0.0635849039,-0.00940422,3.3882375139,-0.500518652,0.5436,0.0635849039,-0.00940422,3.3882375139,-0.500518652
