Instance,INF_avg,INF_sd,INF_r1,INF_kr,INF_sk,SUP_avg,SUP_sd,SUP_r1,SUP_kr,SUP_sk,INC_avg,INC_sd,INC_r1,INC_kr,INC_sk,IND_avg,IND_sd,IND_r1,IND_kr,IND_sk
260,0.297,0.1452274079,0.0037629673,2.8662148497,0.2480731858,0.258,0.1470918081,-0.0195963061,4.1046417471,0.6725022949,0.445,0.1681517172,-0.0744053388,2.9907642588,0.1686300808,0.445,0.1681517172,-0.0744053388,2.9907642588,0.1686300808
