Instance,INF_avg,INF_sd,INF_r1,INF_kr,INF_sk,SUP_avg,SUP_sd,SUP_r1,SUP_kr,SUP_sk,INC_avg,INC_sd,INC_r1,INC_kr,INC_sk,IND_avg,IND_sd,IND_r1,IND_kr,IND_sk
108,0.272,0.024,-0.2977099237,1.3981481481,0.1111111111,0.22,0.0334664011,0.1428571429,2.5,0.7683612489,0.508,0.0299332591,-0.6233766234,2.1339285714,0.7301958931,0.508,0.0299332591,-0.6233766234,2.1339285714,0.7301958931
