Instance,INF_avg,INF_sd,INF_r1,INF_kr,INF_sk,SUP_avg,SUP_sd,SUP_r1,SUP_kr,SUP_sk,INC_avg,INC_sd,INC_r1,INC_kr,INC_sk,IND_avg,IND_sd,IND_r1,IND_kr,IND_sk
218,0.23,0.0316227766,-0.5365853659,2.788,-1.1384199577,0.198,0.0305941171,-0.5965092402,1.2543282928,0.3989370954,0.572,0.0172046505,-0.0569105691,2.6519357195,-1.017952296,0.572,0.0172046505,-0.0569105691,2.6519357195,-1.017952296
