Instance,INF_avg,INF_sd,INF_r1,INF_kr,INF_sk,SUP_avg,SUP_sd,SUP_r1,SUP_kr,SUP_sk,INC_avg,INC_sd,INC_r1,INC_kr,INC_sk,IND_avg,IND_sd,IND_r1,IND_kr,IND_sk
167,0.24,0.0888819442,-0.1787072243,2.7122256049,-0.6579627978,0.245,0.0788986692,-0.1972679791,2.2789471138,0.6230349258,0.515,0.1119151464,-0.6536692661,2.7645188665,0.6388501313,0.515,0.1119151464,-0.6536692661,2.7645188665,0.6388501313
