Instance,INF_avg,INF_sd,INF_r1,INF_kr,INF_sk,SUP_avg,SUP_sd,SUP_r1,SUP_kr,SUP_sk,INC_avg,INC_sd,INC_r1,INC_kr,INC_sk,IND_avg,IND_sd,IND_r1,IND_kr,IND_sk
73,0.5821578947,0.1392114118,0.8948686973,2.814591884,-0.6754861936,0.0997368421,0.0802147395,0.8978214515,3.3285188972,0.9777081567,0.3181052632,0.0648162542,0.7443139149,2.702820556,0.2982659146,0.3181052632,0.0648162542,0.7443139149,2.702820556,0.2982659146
