Instance,INF_avg,INF_sd,INF_r1,INF_kr,INF_sk,SUP_avg,SUP_sd,SUP_r1,SUP_kr,SUP_sk,INC_avg,INC_sd,INC_r1,INC_kr,INC_sk,IND_avg,IND_sd,IND_r1,IND_kr,IND_sk
287,0.2,0.1414213562,-0.3,1.7,-0.0,0.3,0.1095445115,-0.4,2.5,0.9128709292,0.5,0.1264911064,-0.1428571429,1.5625,0.5929270613,0.5,0.1264911064,-0.1428571429,1.5625,0.5929270613
