Instance,INF_avg,INF_sd,INF_r1,INF_kr,INF_sk,SUP_avg,SUP_sd,SUP_r1,SUP_kr,SUP_sk,INC_avg,INC_sd,INC_r1,INC_kr,INC_sk,IND_avg,IND_sd,IND_r1,IND_kr,IND_sk
248,0.31,0.1220655562,0.4156318481,3.5087158236,1.128230806,0.25,0.1204159458,-0.2244897959,2.598097503,-0.6872729367,0.44,0.1019803903,0.12109375,4.6183431953,1.4029846591,0.44,0.1019803903,0.12109375,4.6183431953,1.4029846591
