Instance,INF_avg,INF_sd,INF_r1,INF_kr,INF_sk,SUP_avg,SUP_sd,SUP_r1,SUP_kr,SUP_sk,INC_avg,INC_sd,INC_r1,INC_kr,INC_sk,IND_avg,IND_sd,IND_r1,IND_kr,IND_sk
125,0.3726086957,0.0940267026,0.2419191775,2.536540663,-0.0622285401,0.1169565217,0.0878701999,0.3711285136,4.9205045849,1.4817484909,0.5104347826,0.0726802563,-0.194068397,2.1264364236,0.1669840947,0.5104347826,0.0726802563,-0.194068397,2.1264364236,0.1669840947
