Instance,INF_avg,INF_sd,INF_r1,INF_kr,INF_sk,SUP_avg,SUP_sd,SUP_r1,SUP_kr,SUP_sk,INC_avg,INC_sd,INC_r1,INC_kr,INC_sk,IND_avg,IND_sd,IND_r1,IND_kr,IND_sk
123,0.205,0.1011187421,-0.1836634874,2.6390145922,-0.2089097821,0.26,0.1113552873,-0.400322841,2.9475806452,0.7799794769,0.535,0.1184271928,-0.1301553294,2.7984691203,-0.1372715514,0.535,0.1184271928,-0.1301553294,2.7984691203,-0.1372715514
