Instance,INF_avg,INF_sd,INF_r1,INF_kr,INF_sk,SUP_avg,SUP_sd,SUP_r1,SUP_kr,SUP_sk,INC_avg,INC_sd,INC_r1,INC_kr,INC_sk,IND_avg,IND_sd,IND_r1,IND_kr,IND_sk
206,0.242,0.1045753317,0.3082351305,2.4672353185,0.2124592411,0.244,0.1125344392,-0.2600564069,2.4807146286,0.1706279096,0.514,0.1253156016,-0.1572586169,2.5058151711,0.900776142,0.514,0.1253156016,-0.1572586169,2.5058151711,0.900776142
