Instance,INF_avg,INF_sd,INF_r1,INF_kr,INF_sk,SUP_avg,SUP_sd,SUP_r1,SUP_kr,SUP_sk,INC_avg,INC_sd,INC_r1,INC_kr,INC_sk,IND_avg,IND_sd,IND_r1,IND_kr,IND_sk
242,0.243,0.1518255578,-0.1424064332,3.1344849575,0.7248882982,0.272,0.1312097557,0.039887029,2.4133960282,-0.2177619381,0.485,0.1651514456,0.0534507888,2.672005182,0.0800864791,0.485,0.1651514456,0.0534507888,2.672005182,0.0800864791
