Instance,INF_avg,INF_sd,INF_r1,INF_kr,INF_sk,SUP_avg,SUP_sd,SUP_r1,SUP_kr,SUP_sk,INC_avg,INC_sd,INC_r1,INC_kr,INC_sk,IND_avg,IND_sd,IND_r1,IND_kr,IND_sk
166,0.242,0.055027266,0.0613995605,2.5903980288,0.5813378405,0.262,0.0564623769,0.0023220016,4.1798290012,0.2661302914,0.496,0.0574108004,0.0826820239,3.0083891036,0.0740701603,0.496,0.0574108004,0.0826820239,3.0083891036,0.0740701603
