Instance,INF_avg,INF_sd,INF_r1,INF_kr,INF_sk,SUP_avg,SUP_sd,SUP_r1,SUP_kr,SUP_sk,INC_avg,INC_sd,INC_r1,INC_kr,INC_sk,IND_avg,IND_sd,IND_r1,IND_kr,IND_sk
60,0.218,0.0420475921,0.3490103505,2.8018979955,0.2305080318,0.2208,0.0499535785,0.3867567559,2.6097448488,-0.2226144791,0.5612,0.0577802735,0.3235513122,2.8058614241,0.1510576281,0.5612,0.0577802735,0.3235513122,2.8058614241,0.1510576281
