Instance,INF_avg,INF_sd,INF_r1,INF_kr,INF_sk,SUP_avg,SUP_sd,SUP_r1,SUP_kr,SUP_sk,INC_avg,INC_sd,INC_r1,INC_kr,INC_sk,IND_avg,IND_sd,IND_r1,IND_kr,IND_sk
51,0.2112,0.0343301617,0.3878674199,3.8055226776,0.5742799505,0.3424,0.0464137911,-0.2866456349,4.3939497205,0.5216271853,0.4464,0.0480732774,0.0257005805,2.4751580815,0.4594619693,0.4464,0.0480732774,0.0257005805,2.4751580815,0.4594619693
