Instance,INF_avg,INF_sd,INF_r1,INF_kr,INF_sk,SUP_avg,SUP_sd,SUP_r1,SUP_kr,SUP_sk,INC_avg,INC_sd,INC_r1,INC_kr,INC_sk,IND_avg,IND_sd,IND_r1,IND_kr,IND_sk
183,0.276,0.0407921561,-0.3695219124,2.607433432,0.3422603705,0.266,0.0558927544,-0.5549288553,3.9468375847,0.9824925089,0.458,0.0695413546,-0.2332417354,2.438738001,-0.3870806702,0.458,0.0695413546,-0.2332417354,2.438738001,-0.3870806702
