Instance,INF_avg,INF_sd,INF_r1,INF_kr,INF_sk,SUP_avg,SUP_sd,SUP_r1,SUP_kr,SUP_sk,INC_avg,INC_sd,INC_r1,INC_kr,INC_sk,IND_avg,IND_sd,IND_r1,IND_kr,IND_sk
63,0.234,0.099216934,-0.0523855987,2.0961599902,0.0170043458,0.355,0.1054751155,-0.1273427592,3.3344931196,0.0217315224,0.411,0.1141446451,-0.0860427424,2.8481542803,0.4647770158,0.411,0.1141446451,-0.0860427424,2.8481542803,0.4647770158
