Instance,INF_avg,INF_sd,INF_r1,INF_kr,INF_sk,SUP_avg,SUP_sd,SUP_r1,SUP_kr,SUP_sk,INC_avg,INC_sd,INC_r1,INC_kr,INC_sk,IND_avg,IND_sd,IND_r1,IND_kr,IND_sk
267,0.234,0.0443170396,0.0135622388,2.6205175854,-0.0118567994,0.2708,0.0540681052,0.0048393841,3.0033313539,0.2597955507,0.4952,0.0499695908,0.0187789134,2.628743822,0.2034655363,0.4952,0.0499695908,0.0187789134,2.628743822,0.2034655363
