Instance,INF_avg,INF_sd,INF_r1,INF_kr,INF_sk,SUP_avg,SUP_sd,SUP_r1,SUP_kr,SUP_sk,INC_avg,INC_sd,INC_r1,INC_kr,INC_sk,IND_avg,IND_sd,IND_r1,IND_kr,IND_sk
193,0.2125,0.1268611446,-0.3222036728,1.8200584409,-0.2353310703,0.225,0.171391365,0.1050847458,3.3159800815,0.9496742,0.5625,0.1218349293,0.2436750999,3.1198891967,-0.913660722,0.5625,0.1218349293,0.2436750999,3.1198891967,-0.913660722
