Instance,INF_avg,INF_sd,INF_r1,INF_kr,INF_sk,SUP_avg,SUP_sd,SUP_r1,SUP_kr,SUP_sk,INC_avg,INC_sd,INC_r1,INC_kr,INC_sk,IND_avg,IND_sd,IND_r1,IND_kr,IND_sk
79,0.2385,0.0433214727,0.2501752214,2.6923447622,0.1279002815,0.3091,0.0539090901,0.0589566945,3.3394891505,0.0931731444,0.4524,0.0590782532,0.0612370748,2.890579204,0.2304416792,0.4524,0.0590782532,0.0612370748,2.890579204,0.2304416792
