Instance,INF_avg,INF_sd,INF_r1,INF_kr,INF_sk,SUP_avg,SUP_sd,SUP_r1,SUP_kr,SUP_sk,INC_avg,INC_sd,INC_r1,INC_kr,INC_sk,IND_avg,IND_sd,IND_r1,IND_kr,IND_sk
149,0.2594,0.0377444036,-0.0786562139,3.7268909416,-0.9294848268,0.2434,0.0299239035,-0.1849944891,3.1523712759,0.8386698101,0.4972,0.0334986567,-0.0297991098,3.4468522573,-0.2429288875,0.4972,0.0334986567,-0.0297991098,3.4468522573,-0.2429288875
