Instance,INF_avg,INF_sd,INF_r1,INF_kr,INF_sk,SUP_avg,SUP_sd,SUP_r1,SUP_kr,SUP_sk,INC_avg,INC_sd,INC_r1,INC_kr,INC_sk,IND_avg,IND_sd,IND_r1,IND_kr,IND_sk
19,0.249,0.0284253408,-0.0266945565,2.5692579159,0.1306183561,0.2788,0.0294034012,0.1601222094,2.8451912566,0.1024406411,0.4722,0.0353858729,0.0018128773,3.1273266231,0.3331190297,0.4722,0.0353858729,0.0018128773,3.1273266231,0.3331190297
