Instance,INF_avg,INF_sd,INF_r1,INF_kr,INF_sk,SUP_avg,SUP_sd,SUP_r1,SUP_kr,SUP_sk,INC_avg,INC_sd,INC_r1,INC_kr,INC_sk,IND_avg,IND_sd,IND_r1,IND_kr,IND_sk
250,0.225,0.0642261629,-0.3846153846,3.0716253444,0.1415452626,0.3,0.0774596669,0.2608695652,2.0833333333,-0.3227486122,0.475,0.1054751155,0.209039548,1.9877540715,0.5432880589,0.475,0.1054751155,0.209039548,1.9877540715,0.5432880589
