Instance,INF_avg,INF_sd,INF_r1,INF_kr,INF_sk,SUP_avg,SUP_sd,SUP_r1,SUP_kr,SUP_sk,INC_avg,INC_sd,INC_r1,INC_kr,INC_sk,IND_avg,IND_sd,IND_r1,IND_kr,IND_sk
135,0.28,0.0748331477,0.0740740741,1.8469387755,0.3436215967,0.14,0.12,-0.2977099237,1.3981481481,-0.1111111111,0.58,0.1166190379,-0.7346938776,2.6660899654,1.1500493357,0.58,0.1166190379,-0.7346938776,2.6660899654,1.1500493357
