Instance,INF_avg,INF_sd,INF_r1,INF_kr,INF_sk,SUP_avg,SUP_sd,SUP_r1,SUP_kr,SUP_sk,INC_avg,INC_sd,INC_r1,INC_kr,INC_sk,IND_avg,IND_sd,IND_r1,IND_kr,IND_sk
239,0.22,0.1288409873,-0.3122923588,2.3327768907,0.8163607337,0.26,0.0489897949,-0.130952381,2.7291666667,0.8675276172,0.52,0.12489996,-0.6598778004,1.3269230769,-0.2278746804,0.52,0.12489996,-0.6598778004,1.3269230769,-0.2278746804
