Instance,INF_avg,INF_sd,INF_r1,INF_kr,INF_sk,SUP_avg,SUP_sd,SUP_r1,SUP_kr,SUP_sk,INC_avg,INC_sd,INC_r1,INC_kr,INC_sk,IND_avg,IND_sd,IND_r1,IND_kr,IND_sk
90,0.26,0.08,-0.1912225705,1.4189453125,-0.03515625,0.31,0.115758369,0.0747028862,1.3968589886,-0.2436882574,0.43,0.1435270009,-0.0869565217,2.6779621076,1.114096383,0.43,0.1435270009,-0.0869565217,2.6779621076,1.114096383
