Instance,INF_avg,INF_sd,INF_r1,INF_kr,INF_sk,SUP_avg,SUP_sd,SUP_r1,SUP_kr,SUP_sk,INC_avg,INC_sd,INC_r1,INC_kr,INC_sk,IND_avg,IND_sd,IND_r1,IND_kr,IND_sk
163,0.44003663,0.1045862182,0.8808821515,1.9904373421,-0.1591139664,0.0910989011,0.0622022675,0.9072810902,2.3923135618,0.6631671211,0.4688644689,0.0538175586,0.5598665168,2.6016946786,-0.1347133012,0.4688644689,0.0538175586,0.5598665168,2.6016946786,-0.1347133012
