Instance,INF_avg,INF_sd,INF_r1,INF_kr,INF_sk,SUP_avg,SUP_sd,SUP_r1,SUP_kr,SUP_sk,INC_avg,INC_sd,INC_r1,INC_kr,INC_sk,IND_avg,IND_sd,IND_r1,IND_kr,IND_sk
273,0.2542,0.0456985777,0.0261539194,3.270801202,0.5087497717,0.2541,0.0482927531,0.1674504593,2.6420366372,0.3236777906,0.4917,0.0438874697,0.0147015255,3.022729619,-0.190200824,0.4917,0.0438874697,0.0147015255,3.022729619,-0.190200824
