Instance,INF_avg,INF_sd,INF_r1,INF_kr,INF_sk,SUP_avg,SUP_sd,SUP_r1,SUP_kr,SUP_sk,INC_avg,INC_sd,INC_r1,INC_kr,INC_sk,IND_avg,IND_sd,IND_r1,IND_kr,IND_sk
61,0.222,0.1253634716,-0.0668316958,2.4753044965,0.1888608636,0.282,0.1211445418,-0.4042722598,3.3107465769,0.6852602219,0.496,0.1355876101,-0.2180368675,2.6667507448,-0.0238012459,0.496,0.1355876101,-0.2180368675,2.6667507448,-0.0238012459
