Instance,INF_avg,INF_sd,INF_r1,INF_kr,INF_sk,SUP_avg,SUP_sd,SUP_r1,SUP_kr,SUP_sk,INC_avg,INC_sd,INC_r1,INC_kr,INC_sk,IND_avg,IND_sd,IND_r1,IND_kr,IND_sk
219,0.2405,0.0399593543,-0.1102733544,3.3962344838,-0.0734306516,0.2504,0.0425187018,-0.1670733402,3.2719172532,0.0089834118,0.5091,0.0504399643,-0.00226246,2.3480418762,-0.008415551,0.5091,0.0504399643,-0.00226246,2.3480418762,-0.008415551
