Instance,INF_avg,INF_sd,INF_r1,INF_kr,INF_sk,SUP_avg,SUP_sd,SUP_r1,SUP_kr,SUP_sk,INC_avg,INC_sd,INC_r1,INC_kr,INC_sk,IND_avg,IND_sd,IND_r1,IND_kr,IND_sk
121,0.2728,0.0456745005,0.0932939123,2.5041852558,-0.0464472663,0.2192,0.0449817741,0.1745124564,2.7926181961,0.3801223267,0.508,0.0521727898,0.0307345996,2.3944521495,0.0840760201,0.508,0.0521727898,0.0307345996,2.3944521495,0.0840760201
