Instance,INF_avg,INF_sd,INF_r1,INF_kr,INF_sk,SUP_avg,SUP_sd,SUP_r1,SUP_kr,SUP_sk,INC_avg,INC_sd,INC_r1,INC_kr,INC_sk,IND_avg,IND_sd,IND_r1,IND_kr,IND_sk
283,0.2455,0.1041861315,-0.1124369763,2.717237077,0.2722400979,0.258,0.1019117265,-0.010773797,3.1165165568,0.6261238126,0.4965,0.1239465611,-0.0908269752,2.6541195857,0.4070570421,0.4965,0.1239465611,-0.0908269752,2.6541195857,0.4070570421
