Instance,INF_avg,INF_sd,INF_r1,INF_kr,INF_sk,SUP_avg,SUP_sd,SUP_r1,SUP_kr,SUP_sk,INC_avg,INC_sd,INC_r1,INC_kr,INC_sk,IND_avg,IND_sd,IND_r1,IND_kr,IND_sk
82,0.281,0.0356931366,0.0607978212,5.1528837836,1.5295211293,0.2135,0.0231354706,-0.0889221991,2.7803638445,0.5430314515,0.5055,0.0373128664,0.3537512689,2.9731194807,-1.0274724476,0.5055,0.0373128664,0.3537512689,2.9731194807,-1.0274724476
