Instance,INF_avg,INF_sd,INF_r1,INF_kr,INF_sk,SUP_avg,SUP_sd,SUP_r1,SUP_kr,SUP_sk,INC_avg,INC_sd,INC_r1,INC_kr,INC_sk,IND_avg,IND_sd,IND_r1,IND_kr,IND_sk
283,0.3980316742,0.0886657963,0.8587612068,2.1652343224,-0.1930629313,0.085158371,0.0701507574,0.8971987117,3.3214648389,1.0394603969,0.5168099548,0.0437716213,0.3307954477,2.6886559075,-0.1157306119,0.5168099548,0.0437716213,0.3307954477,2.6886559075,-0.1157306119
