Instance,INF_avg,INF_sd,INF_r1,INF_kr,INF_sk,SUP_avg,SUP_sd,SUP_r1,SUP_kr,SUP_sk,INC_avg,INC_sd,INC_r1,INC_kr,INC_sk,IND_avg,IND_sd,IND_r1,IND_kr,IND_sk
273,0.2558,0.0590115243,-0.0873940477,3.1556895578,0.2360679918,0.2276,0.0590443901,-0.0856069919,2.3181601846,0.2187821335,0.5166,0.0699173798,-0.163337097,2.8542200148,-0.0742527195,0.5166,0.0699173798,-0.163337097,2.8542200148,-0.0742527195
