Instance,INF_avg,INF_sd,INF_r1,INF_kr,INF_sk,SUP_avg,SUP_sd,SUP_r1,SUP_kr,SUP_sk,INC_avg,INC_sd,INC_r1,INC_kr,INC_sk,IND_avg,IND_sd,IND_r1,IND_kr,IND_sk
91,0.264,0.06,-0.2552226865,2.9790222222,-0.1973333333,0.2456,0.0561483749,0.1067586355,3.8450645683,0.721179506,0.4904,0.0749655921,-0.1103104939,2.9970071575,0.1675220201,0.4904,0.0749655921,-0.1103104939,2.9970071575,0.1675220201
