Instance,INF_avg,INF_sd,INF_r1,INF_kr,INF_sk,SUP_avg,SUP_sd,SUP_r1,SUP_kr,SUP_sk,INC_avg,INC_sd,INC_r1,INC_kr,INC_sk,IND_avg,IND_sd,IND_r1,IND_kr,IND_sk
94,0.21,0.17,-0.4953271028,1.8574609978,0.2100549562,0.24,0.1356465997,-0.1616161616,2.0094517958,0.4519416482,0.55,0.1688194302,-0.4285714286,2.5807940905,-0.4364675941,0.55,0.1688194302,-0.4285714286,2.5807940905,-0.4364675941
