Instance,INF_avg,INF_sd,INF_r1,INF_kr,INF_sk,SUP_avg,SUP_sd,SUP_r1,SUP_kr,SUP_sk,INC_avg,INC_sd,INC_r1,INC_kr,INC_sk,IND_avg,IND_sd,IND_r1,IND_kr,IND_sk
157,0.24925,0.0264705025,0.0155675565,2.8635881886,-0.0009047691,0.2496,0.0334041914,0.0718257875,2.4969769624,-0.3377962717,0.50115,0.0338736992,0.0102089992,2.6023127385,0.0617121557,0.50115,0.0338736992,0.0102089992,2.6023127385,0.0617121557
