Instance,INF_avg,INF_sd,INF_r1,INF_kr,INF_sk,SUP_avg,SUP_sd,SUP_r1,SUP_kr,SUP_sk,INC_avg,INC_sd,INC_r1,INC_kr,INC_sk,IND_avg,IND_sd,IND_r1,IND_kr,IND_sk
249,0.268,0.0936803074,0.008225537,3.7146487603,0.3925908444,0.257,0.0940797534,0.0413913462,2.9089713084,0.1396493507,0.475,0.1101135777,-0.0216816499,2.3280901265,0.0505569833,0.475,0.1101135777,-0.0216816499,2.3280901265,0.0505569833
