Instance,INF_avg,INF_sd,INF_r1,INF_kr,INF_sk,SUP_avg,SUP_sd,SUP_r1,SUP_kr,SUP_sk,INC_avg,INC_sd,INC_r1,INC_kr,INC_sk,IND_avg,IND_sd,IND_r1,IND_kr,IND_sk
253,0.2659,0.0437,0.5242521963,2.4191269591,0.1434704925,0.25135,0.0446086034,0.5412489426,2.8819938653,0.0462676696,0.48275,0.0342737144,-0.0716445195,2.8930428722,-0.1404146008,0.48275,0.0342737144,-0.0716445195,2.8930428722,-0.1404146008
