Instance,INF_avg,INF_sd,INF_r1,INF_kr,INF_sk,SUP_avg,SUP_sd,SUP_r1,SUP_kr,SUP_sk,INC_avg,INC_sd,INC_r1,INC_kr,INC_sk,IND_avg,IND_sd,IND_r1,IND_kr,IND_sk
143,0.234,0.0456508488,-0.0489211707,1.6658389853,-0.0322904903,0.276,0.0504380809,-0.3783962889,1.6932478937,-0.1855441446,0.49,0.0402492236,0.2298136646,3.0704160951,0.77296177,0.49,0.0402492236,0.2298136646,3.0704160951,0.77296177
