Instance,INF_avg,INF_sd,INF_r1,INF_kr,INF_sk,SUP_avg,SUP_sd,SUP_r1,SUP_kr,SUP_sk,INC_avg,INC_sd,INC_r1,INC_kr,INC_sk,IND_avg,IND_sd,IND_r1,IND_kr,IND_sk
225,0.3626190476,0.0755159877,0.2107732179,3.3345302225,0.0323639588,0.134047619,0.0628512804,0.320978621,4.0412049585,0.6689413477,0.5033333333,0.0732141889,-0.1296918838,2.4810674274,-0.115809875,0.5033333333,0.0732141889,-0.1296918838,2.4810674274,-0.115809875
