Instance,INF_avg,INF_sd,INF_r1,INF_kr,INF_sk,SUP_avg,SUP_sd,SUP_r1,SUP_kr,SUP_sk,INC_avg,INC_sd,INC_r1,INC_kr,INC_sk,IND_avg,IND_sd,IND_r1,IND_kr,IND_sk
261,0.288,0.037094474,0.2488262911,1.509194159,0.1579875514,0.232,0.0627375486,0.0319361277,2.1383105294,0.6826736025,0.48,0.0565685425,0.8,2.2625,-0.7954951288,0.48,0.0565685425,0.8,2.2625,-0.7954951288
