Instance,INF_avg,INF_sd,INF_r1,INF_kr,INF_sk,SUP_avg,SUP_sd,SUP_r1,SUP_kr,SUP_sk,INC_avg,INC_sd,INC_r1,INC_kr,INC_sk,IND_avg,IND_sd,IND_r1,IND_kr,IND_sk
291,0.282,0.1306751698,0.2187241759,2.9783989134,0.4965185231,0.244,0.1329059818,-0.1864776049,2.9965983381,0.4358262304,0.474,0.1507448175,0.1120425877,2.3146114579,0.0613184799,0.474,0.1507448175,0.1120425877,2.3146114579,0.0613184799
