Instance,INF_avg,INF_sd,INF_r1,INF_kr,INF_sk,SUP_avg,SUP_sd,SUP_r1,SUP_kr,SUP_sk,INC_avg,INC_sd,INC_r1,INC_kr,INC_sk,IND_avg,IND_sd,IND_r1,IND_kr,IND_sk
41,0.2685,0.0279329554,0.4287731459,2.1000442373,-0.4839711293,0.2445,0.0503711227,0.3537938777,3.0968687456,0.2303798771,0.487,0.0347994253,0.1184456134,2.1338166995,-0.2283701828,0.487,0.0347994253,0.1184456134,2.1338166995,-0.2283701828
