Instance,INF_avg,INF_sd,INF_r1,INF_kr,INF_sk,SUP_avg,SUP_sd,SUP_r1,SUP_kr,SUP_sk,INC_avg,INC_sd,INC_r1,INC_kr,INC_sk,IND_avg,IND_sd,IND_r1,IND_kr,IND_sk
113,0.359,0.0441474801,0.2897457036,2.2062588306,0.3875716788,0.12,0.0275680975,-0.28,2.9155124654,-0.6300188488,0.521,0.0452658812,0.0348889896,2.5783380387,0.2582431707,0.521,0.0452658812,0.0348889896,2.5783380387,0.2582431707
