Instance,INF_avg,INF_sd,INF_r1,INF_kr,INF_sk,SUP_avg,SUP_sd,SUP_r1,SUP_kr,SUP_sk,INC_avg,INC_sd,INC_r1,INC_kr,INC_sk,IND_avg,IND_sd,IND_r1,IND_kr,IND_sk
34,0.2445,0.0343110769,0.0859502604,2.1485971771,0.1529607493,0.2445,0.0295338789,0.6077557388,1.6864645476,0.1376503323,0.511,0.0304795013,-0.2084283828,2.0980776116,0.1937810877,0.511,0.0304795013,-0.2084283828,2.0980776116,0.1937810877
