Instance,INF_avg,INF_sd,INF_r1,INF_kr,INF_sk,SUP_avg,SUP_sd,SUP_r1,SUP_kr,SUP_sk,INC_avg,INC_sd,INC_r1,INC_kr,INC_sk,IND_avg,IND_sd,IND_r1,IND_kr,IND_sk
26,0.2502,0.030413155,0.0984772301,3.6199162755,-0.5207781114,0.2414,0.026852188,0.1460630743,2.0433172708,-0.2492633109,0.5084,0.031959975,0.4270962827,3.177424441,-0.1817416519,0.5084,0.031959975,0.4270962827,3.177424441,-0.1817416519
