Instance,INF_avg,INF_sd,INF_r1,INF_kr,INF_sk,SUP_avg,SUP_sd,SUP_r1,SUP_kr,SUP_sk,INC_avg,INC_sd,INC_r1,INC_kr,INC_sk,IND_avg,IND_sd,IND_r1,IND_kr,IND_sk
116,0.26,0.0347275107,0.2870448772,3.3543930431,-0.3882393753,0.2274,0.0241710571,-0.1604250146,2.5098551559,0.1727588236,0.5126,0.034903295,0.2570295023,2.9551864458,0.6172339555,0.5126,0.034903295,0.2570295023,2.9551864458,0.6172339555
