Instance,INF_avg,INF_sd,INF_r1,INF_kr,INF_sk,SUP_avg,SUP_sd,SUP_r1,SUP_kr,SUP_sk,INC_avg,INC_sd,INC_r1,INC_kr,INC_sk,IND_avg,IND_sd,IND_r1,IND_kr,IND_sk
234,0.187,0.0934398202,-0.0953901282,4.3908872083,0.8215090066,0.294,0.0985596266,0.1667928942,2.3175386785,0.1593552237,0.519,0.1108557621,-0.0024848585,2.504205645,-0.1430162783,0.519,0.1108557621,-0.0024848585,2.504205645,-0.1430162783
