Instance,INF_avg,INF_sd,INF_r1,INF_kr,INF_sk,SUP_avg,SUP_sd,SUP_r1,SUP_kr,SUP_sk,INC_avg,INC_sd,INC_r1,INC_kr,INC_sk,IND_avg,IND_sd,IND_r1,IND_kr,IND_sk
187,0.12,0.04,-0.3157894737,3.25,1.5,0.32,0.24,0.2672413793,1.3981481481,0.1111111111,0.56,0.2332380758,0.2199488491,1.5469290657,0.1097086537,0.56,0.2332380758,0.2199488491,1.5469290657,0.1097086537
