Instance,INF_avg,INF_sd,INF_r1,INF_kr,INF_sk,SUP_avg,SUP_sd,SUP_r1,SUP_kr,SUP_sk,INC_avg,INC_sd,INC_r1,INC_kr,INC_sk,IND_avg,IND_sd,IND_r1,IND_kr,IND_sk
283,0.2427,0.0301945359,0.0174605186,3.0698739156,-0.1458310702,0.28255,0.0357316037,0.0815481992,2.4418506744,0.1703202568,0.47475,0.0369145974,-0.0898104068,2.6976194514,0.2499506222,0.47475,0.0369145974,-0.0898104068,2.6976194514,0.2499506222
