Instance,INF_avg,INF_sd,INF_r1,INF_kr,INF_sk,SUP_avg,SUP_sd,SUP_r1,SUP_kr,SUP_sk,INC_avg,INC_sd,INC_r1,INC_kr,INC_sk,IND_avg,IND_sd,IND_r1,IND_kr,IND_sk
298,0.22,0.1029563014,-0.9527896996,1.3209327163,-0.1319482681,0.19,0.0583095189,-0.1363636364,2.6660899654,1.1500493357,0.59,0.0969535971,-0.6629955947,2.3587596197,0.2830922144,0.59,0.0969535971,-0.6629955947,2.3587596197,0.2830922144
