Instance,INF_avg,INF_sd,INF_r1,INF_kr,INF_sk,SUP_avg,SUP_sd,SUP_r1,SUP_kr,SUP_sk,INC_avg,INC_sd,INC_r1,INC_kr,INC_sk,IND_avg,IND_sd,IND_r1,IND_kr,IND_sk
169,0.36,0.1854723699,-0.2232779097,2.4826933478,0.9704949588,0.26,0.0489897949,0.4230769231,1.1666666667,-0.4082482905,0.38,0.1720465053,-0.3143631436,1.9945215486,-0.3958703373,0.38,0.1720465053,-0.3143631436,1.9945215486,-0.3958703373
