Instance,INF_avg,INF_sd,INF_r1,INF_kr,INF_sk,SUP_avg,SUP_sd,SUP_r1,SUP_kr,SUP_sk,INC_avg,INC_sd,INC_r1,INC_kr,INC_sk,IND_avg,IND_sd,IND_r1,IND_kr,IND_sk
140,0.302,0.0501597448,-0.110390663,4.1350037029,-1.0261650702,0.222,0.054,-0.533818082,2.9176841832,-0.3804298125,0.476,0.0624819974,-0.1917637271,1.6198938457,-0.0306973667,0.476,0.0624819974,-0.1917637271,1.6198938457,-0.0306973667
