Instance,INF_avg,INF_sd,INF_r1,INF_kr,INF_sk,SUP_avg,SUP_sd,SUP_r1,SUP_kr,SUP_sk,INC_avg,INC_sd,INC_r1,INC_kr,INC_sk,IND_avg,IND_sd,IND_r1,IND_kr,IND_sk
73,0.21,0.0830662386,0.3267651888,1.4738500315,-0.1884300309,0.18,0.1166190379,-0.4749262537,2.5363321799,0.0151322281,0.61,0.1220655562,-0.7457998539,1.5628575289,0.4684467089,0.61,0.1220655562,-0.7457998539,1.5628575289,0.4684467089
