Instance,INF_avg,INF_sd,INF_r1,INF_kr,INF_sk,SUP_avg,SUP_sd,SUP_r1,SUP_kr,SUP_sk,INC_avg,INC_sd,INC_r1,INC_kr,INC_sk,IND_avg,IND_sd,IND_r1,IND_kr,IND_sk
254,0.2742,0.0662296006,-0.0151426781,2.6191508509,-0.0634829184,0.2454,0.0743427199,0.1532971107,4.2916613912,0.8839258346,0.4804,0.0707095467,-0.0398924578,3.3029211405,-0.3220032379,0.4804,0.0707095467,-0.0398924578,3.3029211405,-0.3220032379
