Instance,INF_avg,INF_sd,INF_r1,INF_kr,INF_sk,SUP_avg,SUP_sd,SUP_r1,SUP_kr,SUP_sk,INC_avg,INC_sd,INC_r1,INC_kr,INC_sk,IND_avg,IND_sd,IND_r1,IND_kr,IND_sk
104,0.3813207547,0.1026082077,0.8003873346,2.6494383952,0.1294865973,0.1058490566,0.0640587573,0.8838286349,2.6406493041,0.6793110708,0.5128301887,0.062385816,0.3673640734,2.6259571774,-0.1322279501,0.5128301887,0.062385816,0.3673640734,2.6259571774,-0.1322279501
