Instance,INF_avg,INF_sd,INF_r1,INF_kr,INF_sk,SUP_avg,SUP_sd,SUP_r1,SUP_kr,SUP_sk,INC_avg,INC_sd,INC_r1,INC_kr,INC_sk,IND_avg,IND_sd,IND_r1,IND_kr,IND_sk
275,0.236,0.0344093011,0.0108401084,2.6519357195,1.017952296,0.276,0.0512249939,-0.6117216117,2.4171624033,0.2228332944,0.488,0.064,-0.7594043887,1.4509887695,0.2211914062,0.488,0.064,-0.7594043887,1.4509887695,0.2211914062
