Instance,INF_avg,INF_sd,INF_r1,INF_kr,INF_sk,SUP_avg,SUP_sd,SUP_r1,SUP_kr,SUP_sk,INC_avg,INC_sd,INC_r1,INC_kr,INC_sk,IND_avg,IND_sd,IND_r1,IND_kr,IND_sk
230,0.2274,0.0468106825,0.4210142008,2.7935608316,-0.282634101,0.3,0.048,0.1711555169,4.6404803241,1.1197916667,0.4726,0.0489820375,0.0872673426,2.8113667551,-0.1970023336,0.4726,0.0489820375,0.0872673426,2.8113667551,-0.1970023336
