Instance,INF_avg,INF_sd,INF_r1,INF_kr,INF_sk,SUP_avg,SUP_sd,SUP_r1,SUP_kr,SUP_sk,INC_avg,INC_sd,INC_r1,INC_kr,INC_sk,IND_avg,IND_sd,IND_r1,IND_kr,IND_sk
177,0.2352,0.0663397317,0.1387609909,2.4458779031,-0.1031502197,0.2242,0.063516612,0.0864869536,2.5215120019,0.1188414019,0.5406,0.0760765404,-0.0312071986,2.919038759,0.1872844708,0.5406,0.0760765404,-0.0312071986,2.919038759,0.1872844708
