Instance,INF_avg,INF_sd,INF_r1,INF_kr,INF_sk,SUP_avg,SUP_sd,SUP_r1,SUP_kr,SUP_sk,INC_avg,INC_sd,INC_r1,INC_kr,INC_sk,IND_avg,IND_sd,IND_r1,IND_kr,IND_sk
192,0.2465,0.0372860564,0.2129788048,2.9569979629,-0.6871933429,0.229,0.0391024296,-0.2685197771,1.8552703114,0.4777410852,0.5245,0.0377789624,-0.1648207079,2.9404410456,-0.8855059101,0.5245,0.0377789624,-0.1648207079,2.9404410456,-0.8855059101
