Instance,INF_avg,INF_sd,INF_r1,INF_kr,INF_sk,SUP_avg,SUP_sd,SUP_r1,SUP_kr,SUP_sk,INC_avg,INC_sd,INC_r1,INC_kr,INC_sk,IND_avg,IND_sd,IND_r1,IND_kr,IND_sk
240,0.4177602524,0.0996256365,0.750920371,2.3264702756,0.0934729311,0.1063722397,0.0730482766,0.8341940749,2.4109486708,0.611472535,0.4758675079,0.0565542211,0.1840608957,2.5790007187,-0.1141793844,0.4758675079,0.0565542211,0.1840608957,2.5790007187,-0.1141793844
