Instance,INF_avg,INF_sd,INF_r1,INF_kr,INF_sk,SUP_avg,SUP_sd,SUP_r1,SUP_kr,SUP_sk,INC_avg,INC_sd,INC_r1,INC_kr,INC_sk,IND_avg,IND_sd,IND_r1,IND_kr,IND_sk
14,0.212,0.1210619676,-0.0919696148,2.4644743617,0.4456197047,0.344,0.1329059818,-0.1580198627,3.26427615,-0.6375870317,0.444,0.1387948126,-0.2717235398,2.4755880178,0.2588012125,0.444,0.1387948126,-0.2717235398,2.4755880178,0.2588012125
