Instance,INF_avg,INF_sd,INF_r1,INF_kr,INF_sk,SUP_avg,SUP_sd,SUP_r1,SUP_kr,SUP_sk,INC_avg,INC_sd,INC_r1,INC_kr,INC_sk,IND_avg,IND_sd,IND_r1,IND_kr,IND_sk
194,0.252,0.089977775,-0.3473586435,2.7737242028,0.5579111589,0.226,0.0849941174,-0.1037417233,2.4163769348,-0.2052907367,0.522,0.0938935568,-0.097691846,3.1568267232,0.2204682108,0.522,0.0938935568,-0.097691846,3.1568267232,0.2204682108
