Instance,INF_avg,INF_sd,INF_r1,INF_kr,INF_sk,SUP_avg,SUP_sd,SUP_r1,SUP_kr,SUP_sk,INC_avg,INC_sd,INC_r1,INC_kr,INC_sk,IND_avg,IND_sd,IND_r1,IND_kr,IND_sk
44,0.252,0.094318609,-0.0221056787,1.7647920333,-0.09341901,0.288,0.1116064514,-0.0302507901,2.6209417844,0.3885452973,0.46,0.1113552873,0.1455901427,1.9154526535,0.3128608487,0.46,0.1113552873,0.1455901427,1.9154526535,0.3128608487
