Instance,INF_avg,INF_sd,INF_r1,INF_kr,INF_sk,SUP_avg,SUP_sd,SUP_r1,SUP_kr,SUP_sk,INC_avg,INC_sd,INC_r1,INC_kr,INC_sk,IND_avg,IND_sd,IND_r1,IND_kr,IND_sk
173,0.2305,0.0291933212,0.0957182014,2.3719052142,0.1064710271,0.2435,0.027152348,0.0211735334,2.6543346073,0.2127328115,0.526,0.0364554523,-0.0869298864,2.6611243879,-0.3127599621,0.526,0.0364554523,-0.0869298864,2.6611243879,-0.3127599621
