Instance,INF_avg,INF_sd,INF_r1,INF_kr,INF_sk,SUP_avg,SUP_sd,SUP_r1,SUP_kr,SUP_sk,INC_avg,INC_sd,INC_r1,INC_kr,INC_sk,IND_avg,IND_sd,IND_r1,IND_kr,IND_sk
221,0.221,0.0345543051,0.2879906072,2.5003871956,-0.7479305702,0.2865,0.0183098334,-0.2409250805,1.8297791057,0.4684467089,0.4925,0.0484381048,0.114552737,2.1778438996,0.4764716141,0.4925,0.0484381048,0.114552737,2.1778438996,0.4764716141
