Instance,INF_avg,INF_sd,INF_r1,INF_kr,INF_sk,SUP_avg,SUP_sd,SUP_r1,SUP_kr,SUP_sk,INC_avg,INC_sd,INC_r1,INC_kr,INC_sk,IND_avg,IND_sd,IND_r1,IND_kr,IND_sk
275,0.3378787879,0.1164697275,-0.0955427897,2.3713504024,0.0352336437,0.1833333333,0.0930678041,0.0815694373,2.2840738128,0.2939432945,0.4787878788,0.1062660348,-0.1876973885,2.5507287998,0.2501036729,0.4787878788,0.1062660348,-0.1876973885,2.5507287998,0.2501036729
