Instance,INF_avg,INF_sd,INF_r1,INF_kr,INF_sk,SUP_avg,SUP_sd,SUP_r1,SUP_kr,SUP_sk,INC_avg,INC_sd,INC_r1,INC_kr,INC_sk,IND_avg,IND_sd,IND_r1,IND_kr,IND_sk
163,0.288,0.1210619676,-0.1869234943,3.5728628363,0.0954435599,0.236,0.1410815367,-0.1893986024,1.9417267191,0.3716808043,0.476,0.1795104454,-0.1394237583,2.6447592769,0.3205009436,0.476,0.1795104454,-0.1394237583,2.6447592769,0.3205009436
