Instance,INF_avg,INF_sd,INF_r1,INF_kr,INF_sk,SUP_avg,SUP_sd,SUP_r1,SUP_kr,SUP_sk,INC_avg,INC_sd,INC_r1,INC_kr,INC_sk,IND_avg,IND_sd,IND_r1,IND_kr,IND_sk
236,0.351875,0.0909477013,0.4723198925,3.3336885531,0.2637392848,0.151875,0.0733472406,0.5503362772,2.6620232602,0.3292477216,0.49625,0.076010553,0.0073286951,2.7527049466,0.1788664273,0.49625,0.076010553,0.0073286951,2.7527049466,0.1788664273
