Instance,INF_avg,INF_sd,INF_r1,INF_kr,INF_sk,SUP_avg,SUP_sd,SUP_r1,SUP_kr,SUP_sk,INC_avg,INC_sd,INC_r1,INC_kr,INC_sk,IND_avg,IND_sd,IND_r1,IND_kr,IND_sk
53,0.3396,0.1086638854,0.4751477662,2.4162883349,-0.0934548029,0.286,0.0991362699,0.4342101422,3.3689232578,0.5557156344,0.3744,0.0874565035,0.3165145253,3.0958355311,0.2177122036,0.3744,0.0874565035,0.3165145253,3.0958355311,0.2177122036
