Instance,INF_avg,INF_sd,INF_r1,INF_kr,INF_sk,SUP_avg,SUP_sd,SUP_r1,SUP_kr,SUP_sk,INC_avg,INC_sd,INC_r1,INC_kr,INC_sk,IND_avg,IND_sd,IND_r1,IND_kr,IND_sk
110,0.24,0.1356465997,-0.0655737705,2.9310018904,1.1731251294,0.24,0.08,-0.0563380282,2.078125,-0.84375,0.52,0.1720465053,0.5175438596,2.6519357195,-1.017952296,0.52,0.1720465053,0.5175438596,2.6519357195,-1.017952296
