Instance,INF_avg,INF_sd,INF_r1,INF_kr,INF_sk,SUP_avg,SUP_sd,SUP_r1,SUP_kr,SUP_sk,INC_avg,INC_sd,INC_r1,INC_kr,INC_sk,IND_avg,IND_sd,IND_r1,IND_kr,IND_sk
113,0.27,0.092736185,-0.5325670498,1.509194159,0.1579875514,0.16,0.0734846923,0.1239316239,2.8127572016,1.1642636432,0.57,0.0748331477,-0.9047619048,2.1339285714,0.7301958931,0.57,0.0748331477,-0.9047619048,2.1339285714,0.7301958931
