Instance,INF_avg,INF_sd,INF_r1,INF_kr,INF_sk,SUP_avg,SUP_sd,SUP_r1,SUP_kr,SUP_sk,INC_avg,INC_sd,INC_r1,INC_kr,INC_sk,IND_avg,IND_sd,IND_r1,IND_kr,IND_sk
296,0.28,0.0979795897,0.0336134454,2.7291666667,-0.8675276172,0.34,0.1019803903,-0.5079365079,1.9556213018,0.2715454179,0.38,0.0979795897,-0.0924369748,2.7291666667,-0.8675276172,0.38,0.0979795897,-0.0924369748,2.7291666667,-0.8675276172
