Instance,INF_avg,INF_sd,INF_r1,INF_kr,INF_sk,SUP_avg,SUP_sd,SUP_r1,SUP_kr,SUP_sk,INC_avg,INC_sd,INC_r1,INC_kr,INC_sk,IND_avg,IND_sd,IND_r1,IND_kr,IND_sk
31,0.2895,0.0407707003,0.3457858353,3.9315729094,-1.1995379178,0.2445,0.0517421492,0.3883454348,2.6083141272,0.6401547134,0.466,0.0250798724,0.1010288413,1.4602303604,0.2812635543,0.466,0.0250798724,0.1010288413,1.4602303604,0.2812635543
