Instance,INF_avg,INF_sd,INF_r1,INF_kr,INF_sk,SUP_avg,SUP_sd,SUP_r1,SUP_kr,SUP_sk,INC_avg,INC_sd,INC_r1,INC_kr,INC_sk,IND_avg,IND_sd,IND_r1,IND_kr,IND_sk
47,0.3132,0.0451193972,0.3621026598,3.4016788823,0.2250781321,0.2452,0.0438743661,0.3058616331,2.7385233863,0.1767777936,0.4416,0.0405146887,-0.1603859336,2.5965566399,0.5582802261,0.4416,0.0405146887,-0.1603859336,2.5965566399,0.5582802261
