Instance,INF_avg,INF_sd,INF_r1,INF_kr,INF_sk,SUP_avg,SUP_sd,SUP_r1,SUP_kr,SUP_sk,INC_avg,INC_sd,INC_r1,INC_kr,INC_sk,IND_avg,IND_sd,IND_r1,IND_kr,IND_sk
124,0.224,0.0605309838,-0.1452636185,2.2574559982,0.6960237835,0.212,0.0348711915,-0.6951942067,2.3637898199,-0.761826261,0.564,0.0407921561,0.3063583815,1.3731508876,0.1527442976,0.564,0.0407921561,0.3063583815,1.3731508876,0.1527442976
