Instance,INF_avg,INF_sd,INF_r1,INF_kr,INF_sk,SUP_avg,SUP_sd,SUP_r1,SUP_kr,SUP_sk,INC_avg,INC_sd,INC_r1,INC_kr,INC_sk,IND_avg,IND_sd,IND_r1,IND_kr,IND_sk
143,0.2274,0.0423230434,-0.0635298351,2.8566848723,0.1779332335,0.2294,0.0478919617,-0.0551977637,3.1991644616,-0.2409829261,0.5432,0.0487827838,-0.038029631,3.0329015676,0.3333714938,0.5432,0.0487827838,-0.038029631,3.0329015676,0.3333714938
