Instance,INF_avg,INF_sd,INF_r1,INF_kr,INF_sk,SUP_avg,SUP_sd,SUP_r1,SUP_kr,SUP_sk,INC_avg,INC_sd,INC_r1,INC_kr,INC_sk,IND_avg,IND_sd,IND_r1,IND_kr,IND_sk
294,0.291,0.0457930126,0.0554291357,2.7019695007,-0.0407381404,0.2317,0.0447225894,0.2743791969,2.753941799,0.1621521529,0.4773,0.0526090296,0.2106135924,2.8401678958,0.3471556627,0.4773,0.0526090296,0.2106135924,2.8401678958,0.3471556627
