Instance,INF_avg,INF_sd,INF_r1,INF_kr,INF_sk,SUP_avg,SUP_sd,SUP_r1,SUP_kr,SUP_sk,INC_avg,INC_sd,INC_r1,INC_kr,INC_sk,IND_avg,IND_sd,IND_r1,IND_kr,IND_sk
174,0.262,0.1501865507,0.0355959299,2.6980995946,0.4859641609,0.231,0.142614866,0.019481912,3.5532374877,0.7476554103,0.507,0.170443539,0.0338157377,3.1627876868,-0.4241927824,0.507,0.170443539,0.0338157377,3.1627876868,-0.4241927824
