Instance,INF_avg,INF_sd,INF_r1,INF_kr,INF_sk,SUP_avg,SUP_sd,SUP_r1,SUP_kr,SUP_sk,INC_avg,INC_sd,INC_r1,INC_kr,INC_sk,IND_avg,IND_sd,IND_r1,IND_kr,IND_sk
76,0.25,0.1565247584,-0.3258426966,2.9258642232,0.8605276182,0.21,0.0830662386,0.8193760263,1.4738500315,-0.1884300309,0.54,0.1562049935,-0.1647254576,2.0658425155,-0.2077975592,0.54,0.1562049935,-0.1647254576,2.0658425155,-0.2077975592
