Instance,INF_avg,INF_sd,INF_r1,INF_kr,INF_sk,SUP_avg,SUP_sd,SUP_r1,SUP_kr,SUP_sk,INC_avg,INC_sd,INC_r1,INC_kr,INC_sk,IND_avg,IND_sd,IND_r1,IND_kr,IND_sk
293,0.258,0.066121101,-0.0005955926,2.1322087073,0.124532375,0.2576,0.0664096379,0.1075269768,2.4278239041,0.269075714,0.4844,0.0709129043,0.0756698131,1.894149012,-0.2568266858,0.4844,0.0709129043,0.0756698131,1.894149012,-0.2568266858
