Instance,INF_avg,INF_sd,INF_r1,INF_kr,INF_sk,SUP_avg,SUP_sd,SUP_r1,SUP_kr,SUP_sk,INC_avg,INC_sd,INC_r1,INC_kr,INC_sk,IND_avg,IND_sd,IND_r1,IND_kr,IND_sk
69,0.3547368421,0.082512965,0.4017898425,2.5923446744,0.1782331366,0.1118796992,0.0620956136,0.5464613661,3.3751177082,0.8934735789,0.5333834586,0.0652915638,-0.0225163406,2.951608151,-0.1077069213,0.5333834586,0.0652915638,-0.0225163406,2.951608151,-0.1077069213
