Instance,INF_avg,INF_sd,INF_r1,INF_kr,INF_sk,SUP_avg,SUP_sd,SUP_r1,SUP_kr,SUP_sk,INC_avg,INC_sd,INC_r1,INC_kr,INC_sk,IND_avg,IND_sd,IND_r1,IND_kr,IND_sk
103,0.2865,0.0193713706,-0.3673088875,2.4493096097,0.3089100289,0.239,0.0188148877,-0.105810928,2.1422005171,0.5049193033,0.4745,0.0315792653,-0.4852521657,2.0428286713,-0.2910700197,0.4745,0.0315792653,-0.4852521657,2.0428286713,-0.2910700197
