Instance,INF_avg,INF_sd,INF_r1,INF_kr,INF_sk,SUP_avg,SUP_sd,SUP_r1,SUP_kr,SUP_sk,INC_avg,INC_sd,INC_r1,INC_kr,INC_sk,IND_avg,IND_sd,IND_r1,IND_kr,IND_sk
224,0.252,0.0430813185,0.2732049037,1.7636741974,0.403407114,0.292,0.0926066952,-0.0936846508,1.9012168634,-0.5178375469,0.456,0.0662117814,-0.4991482112,2.6655921999,1.0688992367,0.456,0.0662117814,-0.4991482112,2.6655921999,1.0688992367
