Instance,INF_avg,INF_sd,INF_r1,INF_kr,INF_sk,SUP_avg,SUP_sd,SUP_r1,SUP_kr,SUP_sk,INC_avg,INC_sd,INC_r1,INC_kr,INC_sk,IND_avg,IND_sd,IND_r1,IND_kr,IND_sk
171,0.264,0.0922171351,-0.2377356359,2.5059585705,-0.3760603684,0.222,0.096,-0.0534980141,2.3815488462,-0.1287434896,0.514,0.087772433,0.081100185,2.1587474889,0.1459452405,0.514,0.087772433,0.081100185,2.1587474889,0.1459452405
