Instance,INF_avg,INF_sd,INF_r1,INF_kr,INF_sk,SUP_avg,SUP_sd,SUP_r1,SUP_kr,SUP_sk,INC_avg,INC_sd,INC_r1,INC_kr,INC_sk,IND_avg,IND_sd,IND_r1,IND_kr,IND_sk
272,0.26,0.0606630036,-0.0444444444,2.1219281664,0.3870276692,0.232,0.0515363949,-0.2590799031,2.3327768907,-0.8163607337,0.508,0.0890842298,-0.4047716989,1.9805703694,-0.4828703029,0.508,0.0890842298,-0.4047716989,1.9805703694,-0.4828703029
