Instance,INF_avg,INF_sd,INF_r1,INF_kr,INF_sk,SUP_avg,SUP_sd,SUP_r1,SUP_kr,SUP_sk,INC_avg,INC_sd,INC_r1,INC_kr,INC_sk,IND_avg,IND_sd,IND_r1,IND_kr,IND_sk
289,0.288,0.074404301,0.3307322929,1.9563132748,0.033561364,0.228,0.0271293199,-0.1878453039,2.9310018904,1.1731251294,0.484,0.0585149554,0.2188961646,2.3312516377,-0.772388211,0.484,0.0585149554,0.2188961646,2.3312516377,-0.772388211
