Instance,INF_avg,INF_sd,INF_r1,INF_kr,INF_sk,SUP_avg,SUP_sd,SUP_r1,SUP_kr,SUP_sk,INC_avg,INC_sd,INC_r1,INC_kr,INC_sk,IND_avg,IND_sd,IND_r1,IND_kr,IND_sk
121,0.2164,0.0365381992,0.333847523,2.3280573188,0.294692508,0.29445,0.0371678288,0.4201852785,2.7153543375,-0.1853465835,0.48915,0.0316153048,0.1298979237,2.9882467438,0.367184324,0.48915,0.0316153048,0.1298979237,2.9882467438,0.367184324
