Instance,INF_avg,INF_sd,INF_r1,INF_kr,INF_sk,SUP_avg,SUP_sd,SUP_r1,SUP_kr,SUP_sk,INC_avg,INC_sd,INC_r1,INC_kr,INC_sk,IND_avg,IND_sd,IND_r1,IND_kr,IND_sk
90,0.232,0.0299332591,-0.1438784629,2.9410873724,1.2832119003,0.37,0.0219089023,-0.0869565217,1.5625,0.1141088661,0.398,0.0435430821,0.0445586975,2.4805586712,-0.780254449,0.398,0.0435430821,0.0445586975,2.4805586712,-0.780254449
