Instance,INF_avg,INF_sd,INF_r1,INF_kr,INF_sk,SUP_avg,SUP_sd,SUP_r1,SUP_kr,SUP_sk,INC_avg,INC_sd,INC_r1,INC_kr,INC_sk,IND_avg,IND_sd,IND_r1,IND_kr,IND_sk
274,0.244,0.0405462699,-0.1216776396,2.7284174259,-1.0110104053,0.216,0.0382622529,0.2508901671,2.3088327511,-0.3778924471,0.54,0.0466904701,0.3027522936,1.9901523441,0.1296848341,0.54,0.0466904701,0.3027522936,1.9901523441,0.1296848341
