Instance,INF_avg,INF_sd,INF_r1,INF_kr,INF_sk,SUP_avg,SUP_sd,SUP_r1,SUP_kr,SUP_sk,INC_avg,INC_sd,INC_r1,INC_kr,INC_sk,IND_avg,IND_sd,IND_r1,IND_kr,IND_sk
239,0.3316666667,0.127464592,0.3198340658,2.4959747946,-0.3602576964,0.1416666667,0.0817346656,0.2930304197,3.151373827,0.7724062085,0.5266666667,0.1078064109,0.2244103284,3.1537350701,-0.2450808559,0.5266666667,0.1078064109,0.2244103284,3.1537350701,-0.2450808559
