Instance,INF_avg,INF_sd,INF_r1,INF_kr,INF_sk,SUP_avg,SUP_sd,SUP_r1,SUP_kr,SUP_sk,INC_avg,INC_sd,INC_r1,INC_kr,INC_sk,IND_avg,IND_sd,IND_r1,IND_kr,IND_sk
132,0.2094,0.0677911499,0.288459744,3.0319197401,0.1265067003,0.2804,0.0698558516,0.3328151774,2.3135115495,0.1790165604,0.5102,0.0699997143,-0.0112513583,3.1276768863,-0.0490967644,0.5102,0.0699997143,-0.0112513583,3.1276768863,-0.0490967644
