Instance,INF_avg,INF_sd,INF_r1,INF_kr,INF_sk,SUP_avg,SUP_sd,SUP_r1,SUP_kr,SUP_sk,INC_avg,INC_sd,INC_r1,INC_kr,INC_sk,IND_avg,IND_sd,IND_r1,IND_kr,IND_sk
260,0.2624,0.0440254472,-0.0270133275,3.420861646,0.6308409736,0.249,0.0508035432,0.0471499818,2.2806439812,0.0418230248,0.4886,0.0606633332,-0.0079159219,3.9714555465,-0.8279797347,0.4886,0.0606633332,-0.0079159219,3.9714555465,-0.8279797347
