Instance,INF_avg,INF_sd,INF_r1,INF_kr,INF_sk,SUP_avg,SUP_sd,SUP_r1,SUP_kr,SUP_sk,INC_avg,INC_sd,INC_r1,INC_kr,INC_sk,IND_avg,IND_sd,IND_r1,IND_kr,IND_sk
26,0.302,0.0318747549,-0.1483253589,1.3299336599,-0.1823080253,0.222,0.0172046505,0.1916167665,1.9945215486,0.3958703373,0.476,0.018547237,-0.279342723,1.509194159,-0.1579875514,0.476,0.018547237,-0.279342723,1.509194159,-0.1579875514
