Instance,INF_avg,INF_sd,INF_r1,INF_kr,INF_sk,SUP_avg,SUP_sd,SUP_r1,SUP_kr,SUP_sk,INC_avg,INC_sd,INC_r1,INC_kr,INC_sk,IND_avg,IND_sd,IND_r1,IND_kr,IND_sk
4,0.272,0.0515363949,0.3918053777,1.2876324575,-0.3955562318,0.184,0.0496386946,-0.0468140442,2.9432450666,1.2621071359,0.544,0.0897997773,0.347826087,1.8469387755,-0.3436215967,0.544,0.0897997773,0.347826087,1.8469387755,-0.3436215967
