Instance,INF_avg,INF_sd,INF_r1,INF_kr,INF_sk,SUP_avg,SUP_sd,SUP_r1,SUP_kr,SUP_sk,INC_avg,INC_sd,INC_r1,INC_kr,INC_sk,IND_avg,IND_sd,IND_r1,IND_kr,IND_sk
215,0.4086075949,0.0990937949,0.6329061514,3.0182438537,-0.4169327096,0.1060759494,0.0873436067,0.8466453955,3.5162061133,1.186094188,0.4853164557,0.0694068074,0.048506582,3.0215112771,0.2940236359,0.4853164557,0.0694068074,0.048506582,3.0215112771,0.2940236359
