Instance,INF_avg,INF_sd,INF_r1,INF_kr,INF_sk,SUP_avg,SUP_sd,SUP_r1,SUP_kr,SUP_sk,INC_avg,INC_sd,INC_r1,INC_kr,INC_sk,IND_avg,IND_sd,IND_r1,IND_kr,IND_sk
68,0.2675,0.0244182309,-0.1260504202,2.3526891078,-0.5872506777,0.209,0.023430749,-0.38016076,2.1892661272,0.1728148052,0.5235,0.0407461655,-0.1452411076,2.751771636,0.4857734313,0.5235,0.0407461655,-0.1452411076,2.751771636,0.4857734313
