Instance,INF_avg,INF_sd,INF_r1,INF_kr,INF_sk,SUP_avg,SUP_sd,SUP_r1,SUP_kr,SUP_sk,INC_avg,INC_sd,INC_r1,INC_kr,INC_sk,IND_avg,IND_sd,IND_r1,IND_kr,IND_sk
61,0.2695,0.0894133659,0.1725862406,3.3283325079,-0.1243048233,0.271,0.0995439601,0.0178325694,3.4235007842,0.3537902335,0.4595,0.1119586977,-0.0304497482,2.6158484809,-0.0137865929,0.4595,0.1119586977,-0.0304497482,2.6158484809,-0.0137865929
