Instance,INF_avg,INF_sd,INF_r1,INF_kr,INF_sk,SUP_avg,SUP_sd,SUP_r1,SUP_kr,SUP_sk,INC_avg,INC_sd,INC_r1,INC_kr,INC_sk,IND_avg,IND_sd,IND_r1,IND_kr,IND_sk
68,0.2485,0.0442803568,0.2344018115,2.4437056027,0.0266836869,0.2218,0.0446851206,0.102088828,3.0060959886,0.2697846964,0.5297,0.0514286885,0.1142571741,2.6697325001,0.1346116275,0.5297,0.0514286885,0.1142571741,2.6697325001,0.1346116275
