Instance,INF_avg,INF_sd,INF_r1,INF_kr,INF_sk,SUP_avg,SUP_sd,SUP_r1,SUP_kr,SUP_sk,INC_avg,INC_sd,INC_r1,INC_kr,INC_sk,IND_avg,IND_sd,IND_r1,IND_kr,IND_sk
186,0.2729,0.0327427855,0.0790636179,2.1012195413,0.0719571741,0.1834,0.0224151734,0.0330260478,2.4246145778,0.3348174692,0.5437,0.0365487346,-0.0774725581,3.512288208,-0.2586047538,0.5437,0.0365487346,-0.0774725581,3.512288208,-0.2586047538
