Instance,INF_avg,INF_sd,INF_r1,INF_kr,INF_sk,SUP_avg,SUP_sd,SUP_r1,SUP_kr,SUP_sk,INC_avg,INC_sd,INC_r1,INC_kr,INC_sk,IND_avg,IND_sd,IND_r1,IND_kr,IND_sk
8,0.29,0.1389244399,-0.0599223423,2.7061397621,0.0895107669,0.262,0.1263170614,-0.2330926077,2.2609265603,-0.0328174184,0.448,0.144554488,0.1321336998,2.2978771555,0.3973978001,0.448,0.144554488,0.1321336998,2.2978771555,0.3973978001
