Instance,INF_avg,INF_sd,INF_r1,INF_kr,INF_sk,SUP_avg,SUP_sd,SUP_r1,SUP_kr,SUP_sk,INC_avg,INC_sd,INC_r1,INC_kr,INC_sk,IND_avg,IND_sd,IND_r1,IND_kr,IND_sk
104,0.2548,0.0403603766,0.0654307352,3.7398108189,0.6235015626,0.2548,0.0427663419,0.1300955072,1.9451849871,0.0454164929,0.4904,0.0451202837,0.2205923096,2.5967048485,-0.3971695416,0.4904,0.0451202837,0.2205923096,2.5967048485,-0.3971695416
