Instance,INF_avg,INF_sd,INF_r1,INF_kr,INF_sk,SUP_avg,SUP_sd,SUP_r1,SUP_kr,SUP_sk,INC_avg,INC_sd,INC_r1,INC_kr,INC_sk,IND_avg,IND_sd,IND_r1,IND_kr,IND_sk
199,0.267,0.0478852796,0.0483020307,3.0968605222,0.0914746217,0.2678,0.0390532969,0.1134339936,2.3265734999,-0.1206009289,0.4652,0.0492438829,-0.0839389184,2.5190240292,0.1496470198,0.4652,0.0492438829,-0.0839389184,2.5190240292,0.1496470198
