Instance,INF_avg,INF_sd,INF_r1,INF_kr,INF_sk,SUP_avg,SUP_sd,SUP_r1,SUP_kr,SUP_sk,INC_avg,INC_sd,INC_r1,INC_kr,INC_sk,IND_avg,IND_sd,IND_r1,IND_kr,IND_sk
149,0.266,0.1450655024,0.1346040059,2.2659824704,0.3294698948,0.268,0.1348183964,-0.1391587479,2.2663859477,-0.2376436247,0.466,0.1607606917,0.15777512,2.6791285256,-0.3043801497,0.466,0.1607606917,0.15777512,2.6791285256,-0.3043801497
