Instance,INF_avg,INF_sd,INF_r1,INF_kr,INF_sk,SUP_avg,SUP_sd,SUP_r1,SUP_kr,SUP_sk,INC_avg,INC_sd,INC_r1,INC_kr,INC_sk,IND_avg,IND_sd,IND_r1,IND_kr,IND_sk
58,0.3278,0.0807908411,0.2973686135,2.9476010809,0.1031411345,0.2488,0.0782978927,0.3759815141,2.3585621106,0.0577316058,0.4234,0.067590236,0.0912816962,4.1698847318,0.2248920663,0.4234,0.067590236,0.0912816962,4.1698847318,0.2248920663
