Instance,INF_avg,INF_sd,INF_r1,INF_kr,INF_sk,SUP_avg,SUP_sd,SUP_r1,SUP_kr,SUP_sk,INC_avg,INC_sd,INC_r1,INC_kr,INC_sk,IND_avg,IND_sd,IND_r1,IND_kr,IND_sk
293,0.25,0.1104536102,-0.2561983471,2.7647137866,0.4675206558,0.302,0.092173749,0.3173129437,3.2043154904,0.4392956332,0.448,0.106282642,-0.018605915,2.9495476852,-0.272550828,0.448,0.106282642,-0.018605915,2.9495476852,-0.272550828
