Instance,INF_avg,INF_sd,INF_r1,INF_kr,INF_sk,SUP_avg,SUP_sd,SUP_r1,SUP_kr,SUP_sk,INC_avg,INC_sd,INC_r1,INC_kr,INC_sk,IND_avg,IND_sd,IND_r1,IND_kr,IND_sk
87,0.244,0.0149666295,-0.5217391304,1.8469387755,-0.3436215967,0.28,0.0252982213,-0.5714285714,1.5625,-0.5929270613,0.476,0.0366606056,-0.646039604,1.2091836735,0.296152851,0.476,0.0366606056,-0.646039604,1.2091836735,0.296152851
