Instance,INF_avg,INF_sd,INF_r1,INF_kr,INF_sk,SUP_avg,SUP_sd,SUP_r1,SUP_kr,SUP_sk,INC_avg,INC_sd,INC_r1,INC_kr,INC_sk,IND_avg,IND_sd,IND_r1,IND_kr,IND_sk
93,0.24,0.0860232527,0.0138408304,2.6519357195,1.017952296,0.26,0.0916515139,0.4648829431,1.2091836735,-0.296152851,0.5,0.161245155,0.5277777778,1.7825443787,-0.2146755022,0.5,0.161245155,0.5277777778,1.7825443787,-0.2146755022
