Instance,INF_avg,INF_sd,INF_r1,INF_kr,INF_sk,SUP_avg,SUP_sd,SUP_r1,SUP_kr,SUP_sk,INC_avg,INC_sd,INC_r1,INC_kr,INC_sk,IND_avg,IND_sd,IND_r1,IND_kr,IND_sk
50,0.24465,0.0339577311,0.3033646371,2.8896065538,0.2651357198,0.27315,0.0363500688,0.3267339619,2.6292642034,-0.1873097238,0.4822,0.0341490849,0.0794021622,3.0255227462,-0.0640907258,0.4822,0.0341490849,0.0794021622,3.0255227462,-0.0640907258
