Instance,INF_avg,INF_sd,INF_r1,INF_kr,INF_sk,SUP_avg,SUP_sd,SUP_r1,SUP_kr,SUP_sk,INC_avg,INC_sd,INC_r1,INC_kr,INC_sk,IND_avg,IND_sd,IND_r1,IND_kr,IND_sk
36,0.3383333333,0.1314555269,-0.1862641022,2.431254065,0.2981305801,0.1283333333,0.0679256129,0.1622058723,3.8208187186,0.8963187758,0.5333333333,0.1213351648,-0.4111640572,2.1238163047,0.2094100673,0.5333333333,0.1213351648,-0.4111640572,2.1238163047,0.2094100673
