Instance,INF_avg,INF_sd,INF_r1,INF_kr,INF_sk,SUP_avg,SUP_sd,SUP_r1,SUP_kr,SUP_sk,INC_avg,INC_sd,INC_r1,INC_kr,INC_sk,IND_avg,IND_sd,IND_r1,IND_kr,IND_sk
46,0.2498,0.0315746734,0.363623588,2.6970131907,-0.152700654,0.291,0.0391407716,0.2805934221,2.6001523632,-0.0062037572,0.4592,0.0402412723,0.2092142325,1.9464711845,0.2632847063,0.4592,0.0402412723,0.2092142325,1.9464711845,0.2632847063
