Instance,INF_avg,INF_sd,INF_r1,INF_kr,INF_sk,SUP_avg,SUP_sd,SUP_r1,SUP_kr,SUP_sk,INC_avg,INC_sd,INC_r1,INC_kr,INC_sk,IND_avg,IND_sd,IND_r1,IND_kr,IND_sk
185,0.2832,0.0634173478,-0.2874458431,2.8396517724,0.6288913669,0.2112,0.0642694329,0.2884344628,3.4433908524,0.6749127984,0.5056,0.0694020173,0.0227657513,3.0913158946,-0.6092270155,0.5056,0.0694020173,0.0227657513,3.0913158946,-0.6092270155
