Instance,INF_avg,INF_sd,INF_r1,INF_kr,INF_sk,SUP_avg,SUP_sd,SUP_r1,SUP_kr,SUP_sk,INC_avg,INC_sd,INC_r1,INC_kr,INC_sk,IND_avg,IND_sd,IND_r1,IND_kr,IND_sk
54,0.188,0.016,-0.8341708543,2.5908203125,-0.55078125,0.342,0.0299332591,0.4155844156,2.1339285714,-0.7301958931,0.47,0.032249031,0.1481481481,2.3150887574,-0.0,0.47,0.032249031,0.1481481481,2.3150887574,-0.0
