Instance,INF_avg,INF_sd,INF_r1,INF_kr,INF_sk,SUP_avg,SUP_sd,SUP_r1,SUP_kr,SUP_sk,INC_avg,INC_sd,INC_r1,INC_kr,INC_sk,IND_avg,IND_sd,IND_r1,IND_kr,IND_sk
29,0.28,0.153622915,0.2599277978,1.7112898592,-0.6553577383,0.26,0.1356465997,0.2424242424,2.3638941399,0.7500308204,0.46,0.1428285686,0.0019762846,3.6320645905,1.1366979506,0.46,0.1428285686,0.0019762846,3.6320645905,1.1366979506
