Instance,INF_avg,INF_sd,INF_r1,INF_kr,INF_sk,SUP_avg,SUP_sd,SUP_r1,SUP_kr,SUP_sk,INC_avg,INC_sd,INC_r1,INC_kr,INC_sk,IND_avg,IND_sd,IND_r1,IND_kr,IND_sk
173,0.2628,0.0262328039,0.306356768,2.3662419526,0.0796296715,0.23,0.0302654919,0.1411917098,2.5533456647,0.1872078895,0.5072,0.0318772646,0.1253000159,2.2756919136,0.4481821493,0.5072,0.0318772646,0.1253000159,2.2756919136,0.4481821493
