Instance,INF_avg,INF_sd,INF_r1,INF_kr,INF_sk,SUP_avg,SUP_sd,SUP_r1,SUP_kr,SUP_sk,INC_avg,INC_sd,INC_r1,INC_kr,INC_sk,IND_avg,IND_sd,IND_r1,IND_kr,IND_sk
68,0.4341764706,0.0761455536,0.7870506797,2.5918092467,-0.0563640717,0.0713235294,0.058920545,0.8961296334,2.7650106906,0.9413510647,0.4945,0.0418388013,0.357205508,2.9789090063,-0.400564794,0.4945,0.0418388013,0.357205508,2.9789090063,-0.400564794
