Instance,INF_avg,INF_sd,INF_r1,INF_kr,INF_sk,SUP_avg,SUP_sd,SUP_r1,SUP_kr,SUP_sk,INC_avg,INC_sd,INC_r1,INC_kr,INC_sk,IND_avg,IND_sd,IND_r1,IND_kr,IND_sk
213,0.375,0.0934841469,0.7445380453,1.9982095287,0.1463570041,0.0830952381,0.0495449817,0.6032274091,2.2266579875,0.5349326027,0.5419047619,0.0626113521,0.5565669394,2.224551403,-0.29306329,0.5419047619,0.0626113521,0.5565669394,2.224551403,-0.29306329
