Instance,INF_avg,INF_sd,INF_r1,INF_kr,INF_sk,SUP_avg,SUP_sd,SUP_r1,SUP_kr,SUP_sk,INC_avg,INC_sd,INC_r1,INC_kr,INC_sk,IND_avg,IND_sd,IND_r1,IND_kr,IND_sk
3,0.232,0.1348183964,0.1397868436,1.8566597649,0.2866140387,0.26,0.129614814,-0.0564053537,3.9149659864,0.2204333571,0.508,0.1622837022,0.0454722209,2.6559478481,0.3199473208,0.508,0.1622837022,0.0454722209,2.6559478481,0.3199473208
