Instance,INF_avg,INF_sd,INF_r1,INF_kr,INF_sk,SUP_avg,SUP_sd,SUP_r1,SUP_kr,SUP_sk,INC_avg,INC_sd,INC_r1,INC_kr,INC_sk,IND_avg,IND_sd,IND_r1,IND_kr,IND_sk
160,0.3036,0.0574720802,0.3212365454,2.1895145657,-0.0282327091,0.234,0.0601996678,0.0509269501,2.9366913732,0.066225531,0.4624,0.0590782532,0.0153905545,2.1753297583,0.3564375201,0.4624,0.0590782532,0.0153905545,2.1753297583,0.3564375201
