Instance,INF_avg,INF_sd,INF_r1,INF_kr,INF_sk,SUP_avg,SUP_sd,SUP_r1,SUP_kr,SUP_sk,INC_avg,INC_sd,INC_r1,INC_kr,INC_sk,IND_avg,IND_sd,IND_r1,IND_kr,IND_sk
140,0.225,0.0801560977,-0.1445544554,3.5765113779,0.6407730562,0.264,0.1063202709,-0.0365648149,2.1594760812,0.1185577824,0.511,0.1105848091,-0.0691460736,2.2857287894,0.1202447639,0.511,0.1105848091,-0.0691460736,2.2857287894,0.1202447639
