Instance,INF_avg,INF_sd,INF_r1,INF_kr,INF_sk,SUP_avg,SUP_sd,SUP_r1,SUP_kr,SUP_sk,INC_avg,INC_sd,INC_r1,INC_kr,INC_sk,IND_avg,IND_sd,IND_r1,IND_kr,IND_sk
250,0.385,0.0796249432,0.7263060815,2.2740993552,-0.0881219648,0.0802631579,0.0666436652,0.9196385116,2.4125394104,0.7166307794,0.5347368421,0.0382675376,-0.1052354227,2.7324986269,-0.1164914769,0.5347368421,0.0382675376,-0.1052354227,2.7324986269,-0.1164914769
