Instance,INF_avg,INF_sd,INF_r1,INF_kr,INF_sk,SUP_avg,SUP_sd,SUP_r1,SUP_kr,SUP_sk,INC_avg,INC_sd,INC_r1,INC_kr,INC_sk,IND_avg,IND_sd,IND_r1,IND_kr,IND_sk
32,0.28,0.081240384,-0.9172932331,1.4421487603,0.3804646085,0.21,0.1113552873,-0.9016697588,1.2989073881,-0.469291273,0.51,0.0489897949,-0.0924369748,2.7291666667,0.8675276172,0.51,0.0489897949,-0.0924369748,2.7291666667,0.8675276172
