Instance,INF_avg,INF_sd,INF_r1,INF_kr,INF_sk,SUP_avg,SUP_sd,SUP_r1,SUP_kr,SUP_sk,INC_avg,INC_sd,INC_r1,INC_kr,INC_sk,IND_avg,IND_sd,IND_r1,IND_kr,IND_sk
214,0.2512,0.0582628527,0.286604127,2.3151318394,-0.0563369762,0.2848,0.0583177503,0.1232844679,3.0910871773,-0.4604522692,0.464,0.0542586399,0.1612129145,3.0054347826,0.4375179786,0.464,0.0542586399,0.1612129145,3.0054347826,0.4375179786
