Instance,INF_avg,INF_sd,INF_r1,INF_kr,INF_sk,SUP_avg,SUP_sd,SUP_r1,SUP_kr,SUP_sk,INC_avg,INC_sd,INC_r1,INC_kr,INC_sk,IND_avg,IND_sd,IND_r1,IND_kr,IND_sk
79,0.225,0.1479019946,-0.2374100719,1.8457142857,-0.4346507596,0.25,0.15,-1.0,2.1851851852,-0.8888888889,0.525,0.1920286437,0.4434782609,1.5733984487,0.2780305557,0.525,0.1920286437,0.4434782609,1.5733984487,0.2780305557
