Instance,INF_avg,INF_sd,INF_r1,INF_kr,INF_sk,SUP_avg,SUP_sd,SUP_r1,SUP_kr,SUP_sk,INC_avg,INC_sd,INC_r1,INC_kr,INC_sk,IND_avg,IND_sd,IND_r1,IND_kr,IND_sk
83,0.312,0.0976524449,-0.166870665,1.4640444124,-0.1385546604,0.216,0.0387814389,0.1516709512,1.815527388,0.6122692079,0.472,0.1077775487,0.057943208,1.2827789541,-0.0555168599,0.472,0.1077775487,0.057943208,1.2827789541,-0.0555168599
