Instance,INF_avg,INF_sd,INF_r1,INF_kr,INF_sk,SUP_avg,SUP_sd,SUP_r1,SUP_kr,SUP_sk,INC_avg,INC_sd,INC_r1,INC_kr,INC_sk,IND_avg,IND_sd,IND_r1,IND_kr,IND_sk
250,0.2,0.0513809303,-0.3076923077,2.1074380165,0.5307947347,0.312,0.0581033562,-0.209406495,2.3862222322,-0.3592225869,0.488,0.0727736216,-0.488379497,2.5991639361,-0.2979068216,0.488,0.0727736216,-0.488379497,2.5991639361,-0.2979068216
