Instance,INF_avg,INF_sd,INF_r1,INF_kr,INF_sk,SUP_avg,SUP_sd,SUP_r1,SUP_kr,SUP_sk,INC_avg,INC_sd,INC_r1,INC_kr,INC_sk,IND_avg,IND_sd,IND_r1,IND_kr,IND_sk
200,0.28,0.0979795897,-0.6527196653,3.7708333333,0.4082482905,0.35,0.1284523258,-0.1076923077,3.0716253444,-0.1415452626,0.37,0.1187434209,-0.0206995004,3.1415421759,-0.8385682959,0.37,0.1187434209,-0.0206995004,3.1415421759,-0.8385682959
