Instance,INF_avg,INF_sd,INF_r1,INF_kr,INF_sk,SUP_avg,SUP_sd,SUP_r1,SUP_kr,SUP_sk,INC_avg,INC_sd,INC_r1,INC_kr,INC_sk,IND_avg,IND_sd,IND_r1,IND_kr,IND_sk
132,0.2478,0.0476776677,0.0139282874,3.3575316471,-0.4115788991,0.2722,0.0541217147,0.1800376682,2.9544006034,0.3403551415,0.48,0.0474130784,0.110100091,2.6978508378,0.2060335167,0.48,0.0474130784,0.110100091,2.6978508378,0.2060335167
