Instance,INF_avg,INF_sd,INF_r1,INF_kr,INF_sk,SUP_avg,SUP_sd,SUP_r1,SUP_kr,SUP_sk,INC_avg,INC_sd,INC_r1,INC_kr,INC_sk,IND_avg,IND_sd,IND_r1,IND_kr,IND_sk
107,0.237,0.0440567815,0.3000360806,1.8101370651,-0.2128768934,0.235,0.0294108823,-0.1111111111,2.9117244144,0.7547047224,0.528,0.042142615,0.0726577438,2.8672692963,0.7891479147,0.528,0.042142615,0.0726577438,2.8672692963,0.7891479147
