Instance,INF_avg,INF_sd,INF_r1,INF_kr,INF_sk,SUP_avg,SUP_sd,SUP_r1,SUP_kr,SUP_sk,INC_avg,INC_sd,INC_r1,INC_kr,INC_sk,IND_avg,IND_sd,IND_r1,IND_kr,IND_sk
144,0.2676,0.0322372455,-0.0389124183,2.4693202129,-0.0354796627,0.2494,0.0319318023,-0.0622938348,2.6599807346,-0.2969823689,0.483,0.0379341535,0.0783390288,2.6178268342,0.1708640853,0.483,0.0379341535,0.0783390288,2.6178268342,0.1708640853
