Instance,INF_avg,INF_sd,INF_r1,INF_kr,INF_sk,SUP_avg,SUP_sd,SUP_r1,SUP_kr,SUP_sk,INC_avg,INC_sd,INC_r1,INC_kr,INC_sk,IND_avg,IND_sd,IND_r1,IND_kr,IND_sk
102,0.2,0.0979795897,-0.125,4.1666666667,1.0206207262,0.28,0.16,-0.0615280595,1.9755859375,0.26953125,0.52,0.16,-0.1798512508,2.2099609375,-0.15234375,0.52,0.16,-0.1798512508,2.2099609375,-0.15234375
