Instance,INF_avg,INF_sd,INF_r1,INF_kr,INF_sk,SUP_avg,SUP_sd,SUP_r1,SUP_kr,SUP_sk,INC_avg,INC_sd,INC_r1,INC_kr,INC_sk,IND_avg,IND_sd,IND_r1,IND_kr,IND_sk
135,0.3564705882,0.1059775482,0.6097106883,2.5714440437,0.1834823266,0.1505882353,0.0867653468,0.6233114695,4.2776778512,1.0520850751,0.4929411765,0.0680873505,0.1301419465,2.9838746781,-0.3268137586,0.4929411765,0.0680873505,0.1301419465,2.9838746781,-0.3268137586
