Instance,INF_avg,INF_sd,INF_r1,INF_kr,INF_sk,SUP_avg,SUP_sd,SUP_r1,SUP_kr,SUP_sk,INC_avg,INC_sd,INC_r1,INC_kr,INC_sk,IND_avg,IND_sd,IND_r1,IND_kr,IND_sk
204,0.2628,0.0430367285,0.0371088353,3.1938832977,0.2551709013,0.2416,0.041874097,-0.2293222964,2.599379985,0.3777987994,0.4956,0.0461371867,-0.1572268495,2.181595033,0.0075678248,0.4956,0.0461371867,-0.1572268495,2.181595033,0.0075678248
