Instance,INF_avg,INF_sd,INF_r1,INF_kr,INF_sk,SUP_avg,SUP_sd,SUP_r1,SUP_kr,SUP_sk,INC_avg,INC_sd,INC_r1,INC_kr,INC_sk,IND_avg,IND_sd,IND_r1,IND_kr,IND_sk
285,0.263,0.0402616443,0.1609436602,2.2350568438,-0.6158207096,0.2165,0.033767588,0.0963762867,1.9130159463,0.0721492997,0.5205,0.0235,0.3442454718,3.2379692443,1.0004719571,0.5205,0.0235,0.3442454718,3.2379692443,1.0004719571
