Instance,INF_avg,INF_sd,INF_r1,INF_kr,INF_sk,SUP_avg,SUP_sd,SUP_r1,SUP_kr,SUP_sk,INC_avg,INC_sd,INC_r1,INC_kr,INC_sk,IND_avg,IND_sd,IND_r1,IND_kr,IND_sk
185,0.2668,0.0577733503,-0.0172717675,3.3147758587,0.1273391507,0.2484,0.0527772678,0.1559999954,2.8024333066,0.0441759078,0.4848,0.0619109037,0.1349777953,3.6662608281,-0.1966490487,0.4848,0.0619109037,0.1349777953,3.6662608281,-0.1966490487
