Instance,INF_avg,INF_sd,INF_r1,INF_kr,INF_sk,SUP_avg,SUP_sd,SUP_r1,SUP_kr,SUP_sk,INC_avg,INC_sd,INC_r1,INC_kr,INC_sk,IND_avg,IND_sd,IND_r1,IND_kr,IND_sk
232,0.339,0.0539351462,0.2937719903,3.0063829126,0.8848333543,0.22,0.0354964787,-0.4285714286,3.238851096,-0.8853996954,0.441,0.0408533964,0.6835651658,1.4798516349,0.1128118628,0.441,0.0408533964,0.6835651658,1.4798516349,0.1128118628
