Instance,INF_avg,INF_sd,INF_r1,INF_kr,INF_sk,SUP_avg,SUP_sd,SUP_r1,SUP_kr,SUP_sk,INC_avg,INC_sd,INC_r1,INC_kr,INC_sk,IND_avg,IND_sd,IND_r1,IND_kr,IND_sk
51,0.25,0.13,0.1565495208,3.1310178215,0.600819299,0.256,0.1185917366,-0.0204781277,5.1392910809,1.1161705227,0.494,0.1541557654,-0.0855463911,3.3552753396,-0.7512321466,0.494,0.1541557654,-0.0855463911,3.3552753396,-0.7512321466
