Instance,INF_avg,INF_sd,INF_r1,INF_kr,INF_sk,SUP_avg,SUP_sd,SUP_r1,SUP_kr,SUP_sk,INC_avg,INC_sd,INC_r1,INC_kr,INC_sk,IND_avg,IND_sd,IND_r1,IND_kr,IND_sk
291,0.4130102041,0.0794921373,0.8236680855,2.1907716961,-0.1232896517,0.0999234694,0.0734768411,0.9243733388,2.2865102582,0.6373827961,0.4870663265,0.0358417823,0.0145780025,3.0479271295,0.1771078658,0.4870663265,0.0358417823,0.0145780025,3.0479271295,0.1771078658
