Instance,INF_avg,INF_sd,INF_r1,INF_kr,INF_sk,SUP_avg,SUP_sd,SUP_r1,SUP_kr,SUP_sk,INC_avg,INC_sd,INC_r1,INC_kr,INC_sk,IND_avg,IND_sd,IND_r1,IND_kr,IND_sk
170,0.288,0.085416626,0.1290691034,1.2748730379,-0.1226188003,0.276,0.0585149554,-0.8319838057,1.8333915626,-0.569229029,0.436,0.0527636238,0.2577675489,1.8008323424,0.3476794476,0.436,0.0527636238,0.2577675489,1.8008323424,0.3476794476
