Instance,INF_avg,INF_sd,INF_r1,INF_kr,INF_sk,SUP_avg,SUP_sd,SUP_r1,SUP_kr,SUP_sk,INC_avg,INC_sd,INC_r1,INC_kr,INC_sk,IND_avg,IND_sd,IND_r1,IND_kr,IND_sk
9,0.2643,0.0339854381,0.0018096967,1.847629744,0.3483347154,0.3394,0.0387251856,0.3257962841,3.0075766241,0.0684399065,0.3963,0.0376803662,0.2372109635,2.6351099742,-0.6020108713,0.3963,0.0376803662,0.2372109635,2.6351099742,-0.6020108713
