Instance,INF_avg,INF_sd,INF_r1,INF_kr,INF_sk,SUP_avg,SUP_sd,SUP_r1,SUP_kr,SUP_sk,INC_avg,INC_sd,INC_r1,INC_kr,INC_sk,IND_avg,IND_sd,IND_r1,IND_kr,IND_sk
227,0.28,0.0678232998,-0.1504424779,2.9310018904,-1.1731251294,0.25,0.1140175425,-0.1363636364,2.1449704142,-0.8095920178,0.47,0.0871779789,-0.5889830508,1.7957063712,0.0543353054,0.47,0.0871779789,-0.5889830508,1.7957063712,0.0543353054
