Instance,INF_avg,INF_sd,INF_r1,INF_kr,INF_sk,SUP_avg,SUP_sd,SUP_r1,SUP_kr,SUP_sk,INC_avg,INC_sd,INC_r1,INC_kr,INC_sk,IND_avg,IND_sd,IND_r1,IND_kr,IND_sk
258,0.2625,0.1123332097,0.0122966091,2.8160226732,0.4011230115,0.284,0.099216934,-0.099287698,2.4890216677,0.0861152166,0.4535,0.1013052318,0.0426641078,2.6529059157,-0.0159201917,0.4535,0.1013052318,0.0426641078,2.6529059157,-0.0159201917
