Instance,INF_avg,INF_sd,INF_r1,INF_kr,INF_sk,SUP_avg,SUP_sd,SUP_r1,SUP_kr,SUP_sk,INC_avg,INC_sd,INC_r1,INC_kr,INC_sk,IND_avg,IND_sd,IND_r1,IND_kr,IND_sk
208,0.2235,0.0368137203,0.6838129429,2.448803445,0.183186436,0.2845,0.0311809237,-0.0258420726,1.7121520364,0.0922295818,0.492,0.0377624152,-0.2046690843,2.2963251103,0.0591652199,0.492,0.0377624152,-0.2046690843,2.2963251103,0.0591652199
