Instance,INF_avg,INF_sd,INF_r1,INF_kr,INF_sk,SUP_avg,SUP_sd,SUP_r1,SUP_kr,SUP_sk,INC_avg,INC_sd,INC_r1,INC_kr,INC_sk,IND_avg,IND_sd,IND_r1,IND_kr,IND_sk
266,0.239,0.0983819089,0.1372246565,2.9774959696,0.3158221403,0.2865,0.1185021097,0.0746159753,3.6895269678,0.4356371072,0.4745,0.1177911287,0.2164214392,2.8309933396,-0.0585871223,0.4745,0.1177911287,0.2164214392,2.8309933396,-0.0585871223
