Instance,INF_avg,INF_sd,INF_r1,INF_kr,INF_sk,SUP_avg,SUP_sd,SUP_r1,SUP_kr,SUP_sk,INC_avg,INC_sd,INC_r1,INC_kr,INC_sk,IND_avg,IND_sd,IND_r1,IND_kr,IND_sk
128,0.292,0.1016661202,0.0872352285,2.0707227856,0.3031686599,0.206,0.0897997773,0.2295251136,2.6615528156,-0.2628864299,0.502,0.0964157663,0.1819996902,3.2317440403,1.0813751926,0.502,0.0964157663,0.1819996902,3.2317440403,1.0813751926
