Instance,INF_avg,INF_sd,INF_r1,INF_kr,INF_sk,SUP_avg,SUP_sd,SUP_r1,SUP_kr,SUP_sk,INC_avg,INC_sd,INC_r1,INC_kr,INC_sk,IND_avg,IND_sd,IND_r1,IND_kr,IND_sk
197,0.18,0.0748331477,0.347826087,1.8469387755,0.3436215967,0.2,0.1264911064,-0.75,1.5625,0.5929270613,0.62,0.1326649916,-0.0606060606,2.2169421488,-0.3700366502,0.62,0.1326649916,-0.0606060606,2.2169421488,-0.3700366502
