Instance,INF_avg,INF_sd,INF_r1,INF_kr,INF_sk,SUP_avg,SUP_sd,SUP_r1,SUP_kr,SUP_sk,INC_avg,INC_sd,INC_r1,INC_kr,INC_sk,IND_avg,IND_sd,IND_r1,IND_kr,IND_sk
24,0.27,0.1024695077,0.1390506046,3.8206802721,0.5827517578,0.245,0.087321246,-0.1004000262,2.9655791454,0.2207788987,0.485,0.1289379696,0.01769941,3.2152705071,-0.0307894162,0.485,0.1289379696,0.01769941,3.2152705071,-0.0307894162
