Instance,INF_avg,INF_sd,INF_r1,INF_kr,INF_sk,SUP_avg,SUP_sd,SUP_r1,SUP_kr,SUP_sk,INC_avg,INC_sd,INC_r1,INC_kr,INC_sk,IND_avg,IND_sd,IND_r1,IND_kr,IND_sk
223,0.254,0.0321558704,-0.3397082019,2.5112163239,-0.2502919624,0.2755,0.030696091,0.066344525,2.3947590631,0.6179773169,0.4705,0.017670597,0.2159399664,2.3677529694,0.5426229092,0.4705,0.017670597,0.2159399664,2.3677529694,0.5426229092
