Instance,INF_avg,INF_sd,INF_r1,INF_kr,INF_sk,SUP_avg,SUP_sd,SUP_r1,SUP_kr,SUP_sk,INC_avg,INC_sd,INC_r1,INC_kr,INC_sk,IND_avg,IND_sd,IND_r1,IND_kr,IND_sk
7,0.2664,0.0401875603,-0.0669267767,2.9509831872,0.0198612986,0.3168,0.0500175969,-0.126789842,3.4571272446,0.699818174,0.4168,0.0486390789,0.0106115406,2.8905503082,0.685019281,0.4168,0.0486390789,0.0106115406,2.8905503082,0.685019281
