Instance,INF_avg,INF_sd,INF_r1,INF_kr,INF_sk,SUP_avg,SUP_sd,SUP_r1,SUP_kr,SUP_sk,INC_avg,INC_sd,INC_r1,INC_kr,INC_sk,IND_avg,IND_sd,IND_r1,IND_kr,IND_sk
263,0.222,0.0485386444,0.2155670417,2.9324745403,-0.6623465935,0.22,0.0593295879,0.1111111111,2.0506198347,0.206856776,0.558,0.0672011905,0.1915122213,2.3757097096,-0.5934350142,0.558,0.0672011905,0.1915122213,2.3757097096,-0.5934350142
