Instance,INF_avg,INF_sd,INF_r1,INF_kr,INF_sk,SUP_avg,SUP_sd,SUP_r1,SUP_kr,SUP_sk,INC_avg,INC_sd,INC_r1,INC_kr,INC_sk,IND_avg,IND_sd,IND_r1,IND_kr,IND_sk
168,0.2336,0.0410735925,0.1602587157,3.1893564809,0.6732779797,0.2708,0.0513357575,0.3599495031,3.0355590601,-0.2421894558,0.4956,0.0594023569,0.4041073945,3.2070561669,0.0751074238,0.4956,0.0594023569,0.4041073945,3.2070561669,0.0751074238
