Instance,INF_avg,INF_sd,INF_r1,INF_kr,INF_sk,SUP_avg,SUP_sd,SUP_r1,SUP_kr,SUP_sk,INC_avg,INC_sd,INC_r1,INC_kr,INC_sk,IND_avg,IND_sd,IND_r1,IND_kr,IND_sk
179,0.3226190476,0.1001203924,-0.2070129529,3.317911316,-0.0457798169,0.1726190476,0.0773076576,0.0434303506,2.3701394623,0.2244770476,0.5047619048,0.1056778144,0.0395474506,2.6175825195,-0.0797938433,0.5047619048,0.1056778144,0.0395474506,2.6175825195,-0.0797938433
