Instance,INF_avg,INF_sd,INF_r1,INF_kr,INF_sk,SUP_avg,SUP_sd,SUP_r1,SUP_kr,SUP_sk,INC_avg,INC_sd,INC_r1,INC_kr,INC_sk,IND_avg,IND_sd,IND_r1,IND_kr,IND_sk
246,0.212,0.0351567917,-0.3982004234,1.7042408961,0.5811000004,0.2465,0.0229183333,-0.1764705882,2.3225714008,-0.5735656608,0.5415,0.0259855729,-0.155961156,1.5225889571,-0.1156623911,0.5415,0.0259855729,-0.155961156,1.5225889571,-0.1156623911
