Instance,INF_avg,INF_sd,INF_r1,INF_kr,INF_sk,SUP_avg,SUP_sd,SUP_r1,SUP_kr,SUP_sk,INC_avg,INC_sd,INC_r1,INC_kr,INC_sk,IND_avg,IND_sd,IND_r1,IND_kr,IND_sk
91,0.2435,0.0342381366,0.1146335506,2.6190485157,0.2430756353,0.2713,0.0302788705,0.0863091777,1.9917022084,0.0014317018,0.4852,0.0329842387,0.4903350677,2.4450911109,0.1424589709,0.4852,0.0329842387,0.4903350677,2.4450911109,0.1424589709
