Instance,INF_avg,INF_sd,INF_r1,INF_kr,INF_sk,SUP_avg,SUP_sd,SUP_r1,SUP_kr,SUP_sk,INC_avg,INC_sd,INC_r1,INC_kr,INC_sk,IND_avg,IND_sd,IND_r1,IND_kr,IND_sk
5,0.216,0.0882836338,0.0163771764,3.0654175662,0.3150668056,0.255,0.1025914226,0.1173825324,2.6739242049,0.2472738009,0.529,0.1100409015,-0.0716430219,3.5846447034,-0.2817081785,0.529,0.1100409015,-0.0716430219,3.5846447034,-0.2817081785
