Instance,INF_avg,INF_sd,INF_r1,INF_kr,INF_sk,SUP_avg,SUP_sd,SUP_r1,SUP_kr,SUP_sk,INC_avg,INC_sd,INC_r1,INC_kr,INC_sk,IND_avg,IND_sd,IND_r1,IND_kr,IND_sk
11,0.234,0.0772787163,0.4539004155,2.3359670424,0.5776535068,0.2452,0.0872522779,0.257215217,2.7328931959,0.0351332822,0.5208,0.0658434507,-0.1086386335,2.9889411999,0.1160064345,0.5208,0.0658434507,-0.1086386335,2.9889411999,0.1160064345
