Instance,INF_avg,INF_sd,INF_r1,INF_kr,INF_sk,SUP_avg,SUP_sd,SUP_r1,SUP_kr,SUP_sk,INC_avg,INC_sd,INC_r1,INC_kr,INC_sk,IND_avg,IND_sd,IND_r1,IND_kr,IND_sk
199,0.196,0.128,-0.1478980179,2.0163269043,-0.1541748047,0.304,0.1455472432,-0.2506149305,1.9387441699,0.2418624781,0.5,0.1720465053,-0.0540540541,2.9127100073,0.42414679,0.5,0.1720465053,-0.0540540541,2.9127100073,0.42414679
