Instance,INF_avg,INF_sd,INF_r1,INF_kr,INF_sk,SUP_avg,SUP_sd,SUP_r1,SUP_kr,SUP_sk,INC_avg,INC_sd,INC_r1,INC_kr,INC_sk,IND_avg,IND_sd,IND_r1,IND_kr,IND_sk
126,0.224,0.1257934815,-0.1244818412,2.4338880363,0.1441044575,0.24,0.144222051,-0.0959167951,2.1139053254,0.240014508,0.536,0.164632925,-0.0142256592,2.7359191201,-0.2899656825,0.536,0.164632925,-0.0142256592,2.7359191201,-0.2899656825
