Instance,INF_avg,INF_sd,INF_r1,INF_kr,INF_sk,SUP_avg,SUP_sd,SUP_r1,SUP_kr,SUP_sk,INC_avg,INC_sd,INC_r1,INC_kr,INC_sk,IND_avg,IND_sd,IND_r1,IND_kr,IND_sk
292,0.3926037736,0.0908721556,0.8479676271,2.0600765296,0.0977078755,0.0950377358,0.0721855477,0.9205147557,2.6066738613,0.7818390942,0.5123584906,0.0443953484,0.3443906481,2.9693678724,-0.0350024349,0.5123584906,0.0443953484,0.3443906481,2.9693678724,-0.0350024349
