Instance,INF_avg,INF_sd,INF_r1,INF_kr,INF_sk,SUP_avg,SUP_sd,SUP_r1,SUP_kr,SUP_sk,INC_avg,INC_sd,INC_r1,INC_kr,INC_sk,IND_avg,IND_sd,IND_r1,IND_kr,IND_sk
202,0.264,0.1533101432,-0.0253572697,2.3563294239,0.3510815997,0.248,0.1486472334,-0.1795054132,2.4891799906,-0.0159585484,0.488,0.1632666531,0.0653327839,2.4308938461,-0.027264481,0.488,0.1632666531,0.0653327839,2.4308938461,-0.027264481
