Instance,INF_avg,INF_sd,INF_r1,INF_kr,INF_sk,SUP_avg,SUP_sd,SUP_r1,SUP_kr,SUP_sk,INC_avg,INC_sd,INC_r1,INC_kr,INC_sk,IND_avg,IND_sd,IND_r1,IND_kr,IND_sk
115,0.218,0.1194822162,-0.0064213907,4.083073705,0.6350742465,0.257,0.1430069928,0.1009628029,2.8399247762,0.3719047417,0.525,0.1512448346,0.1571467614,2.4021320434,0.0574467526,0.525,0.1512448346,0.1571467614,2.4021320434,0.0574467526
