Instance,INF_avg,INF_sd,INF_r1,INF_kr,INF_sk,SUP_avg,SUP_sd,SUP_r1,SUP_kr,SUP_sk,INC_avg,INC_sd,INC_r1,INC_kr,INC_sk,IND_avg,IND_sd,IND_r1,IND_kr,IND_sk
190,0.28,0.0842614977,0.2138810198,1.7708787939,-0.3610490678,0.215,0.1184271928,-0.017516237,2.1731533644,0.7694431699,0.505,0.0906917857,-0.0891089109,1.9602276402,-0.0482612583,0.505,0.0906917857,-0.0891089109,1.9602276402,-0.0482612583
