Instance,INF_avg,INF_sd,INF_r1,INF_kr,INF_sk,SUP_avg,SUP_sd,SUP_r1,SUP_kr,SUP_sk,INC_avg,INC_sd,INC_r1,INC_kr,INC_sk,IND_avg,IND_sd,IND_r1,IND_kr,IND_sk
18,0.254,0.1431223253,-0.0480461168,2.5833938775,0.3902585831,0.28,0.1240967365,-0.0864950915,3.1448810929,0.320236139,0.466,0.1563457706,0.0273832819,2.5357814646,0.1655256427,0.466,0.1563457706,0.0273832819,2.5357814646,0.1655256427
