Instance,INF_avg,INF_sd,INF_r1,INF_kr,INF_sk,SUP_avg,SUP_sd,SUP_r1,SUP_kr,SUP_sk,INC_avg,INC_sd,INC_r1,INC_kr,INC_sk,IND_avg,IND_sd,IND_r1,IND_kr,IND_sk
44,0.271,0.1464889074,0.1064801559,2.8727827883,0.4521455477,0.223,0.1398963902,-0.164364818,2.4622942062,0.3314328277,0.506,0.158,-0.0059698273,3.248061461,-0.0379199211,0.506,0.158,-0.0059698273,3.248061461,-0.0379199211
