Instance,INF_avg,INF_sd,INF_r1,INF_kr,INF_sk,SUP_avg,SUP_sd,SUP_r1,SUP_kr,SUP_sk,INC_avg,INC_sd,INC_r1,INC_kr,INC_sk,IND_avg,IND_sd,IND_r1,IND_kr,IND_sk
19,0.275,0.1101135777,-0.3621621622,2.4301200978,0.5336570458,0.245,0.085,0.7511664075,2.2022844554,0.0341949929,0.48,0.11,-0.0253054101,2.3548254901,0.9646882044,0.48,0.11,-0.0253054101,2.3548254901,0.9646882044
