Instance,INF_avg,INF_sd,INF_r1,INF_kr,INF_sk,SUP_avg,SUP_sd,SUP_r1,SUP_kr,SUP_sk,INC_avg,INC_sd,INC_r1,INC_kr,INC_sk,IND_avg,IND_sd,IND_r1,IND_kr,IND_sk
288,0.3165,0.0473576815,0.2532501868,2.8295779881,-0.2009034992,0.228,0.0450111097,0.169202197,3.6674641312,0.3522657791,0.4555,0.0481534007,0.1259464908,3.0100125747,-0.1011659075,0.4555,0.0481534007,0.1259464908,3.0100125747,-0.1011659075
