Instance,INF_avg,INF_sd,INF_r1,INF_kr,INF_sk,SUP_avg,SUP_sd,SUP_r1,SUP_kr,SUP_sk,INC_avg,INC_sd,INC_r1,INC_kr,INC_sk,IND_avg,IND_sd,IND_r1,IND_kr,IND_sk
80,0.205,0.1059481005,-0.3236780061,2.5203099191,1.0039794009,0.325,0.1078192933,-0.2203389831,2.8425251474,0.5385354919,0.47,0.1307669683,-0.0536398467,1.7347901919,-0.3058876452,0.47,0.1307669683,-0.0536398467,1.7347901919,-0.3058876452
