Instance,INF_avg,INF_sd,INF_r1,INF_kr,INF_sk,SUP_avg,SUP_sd,SUP_r1,SUP_kr,SUP_sk,INC_avg,INC_sd,INC_r1,INC_kr,INC_sk,IND_avg,IND_sd,IND_r1,IND_kr,IND_sk
99,0.29,0.0583095189,-0.1797752809,1.6280276817,-0.3631734744,0.3,0.1140175425,0.7058823529,1.4349112426,0.0,0.41,0.1356465997,0.7674418605,2.3638941399,0.7500308204,0.41,0.1356465997,0.7674418605,2.3638941399,0.7500308204
