Instance,INF_avg,INF_sd,INF_r1,INF_kr,INF_sk,SUP_avg,SUP_sd,SUP_r1,SUP_kr,SUP_sk,INC_avg,INC_sd,INC_r1,INC_kr,INC_sk,IND_avg,IND_sd,IND_r1,IND_kr,IND_sk
21,0.272,0.0701427117,0.6344656011,2.1258695221,-0.1569622251,0.2412,0.0619561135,0.5074101201,2.5795484601,0.5367851458,0.4868,0.0566547438,0.1951283533,3.7893716747,0.2998461619,0.4868,0.0566547438,0.1951283533,3.7893716747,0.2998461619
