Instance,INF_avg,INF_sd,INF_r1,INF_kr,INF_sk,SUP_avg,SUP_sd,SUP_r1,SUP_kr,SUP_sk,INC_avg,INC_sd,INC_r1,INC_kr,INC_sk,IND_avg,IND_sd,IND_r1,IND_kr,IND_sk
19,0.2425,0.03488911,-0.075224647,2.3011622944,-0.120618047,0.2767,0.0373913092,0.1988816982,2.7851261339,0.0811009194,0.4808,0.0387796338,-0.0856662253,2.838690763,-0.3774022722,0.4808,0.0387796338,-0.0856662253,2.838690763,-0.3774022722
