Instance,INF_avg,INF_sd,INF_r1,INF_kr,INF_sk,SUP_avg,SUP_sd,SUP_r1,SUP_kr,SUP_sk,INC_avg,INC_sd,INC_r1,INC_kr,INC_sk,IND_avg,IND_sd,IND_r1,IND_kr,IND_sk
50,0.2296,0.0571650243,-0.1734502343,2.0239275192,-0.2361727776,0.3084,0.0621082925,0.0664190621,3.338393608,-0.5264242097,0.462,0.0637808749,0.1833469975,2.5385409687,0.2937787097,0.462,0.0637808749,0.1833469975,2.5385409687,0.2937787097
