Instance,INF_avg,INF_sd,INF_r1,INF_kr,INF_sk,SUP_avg,SUP_sd,SUP_r1,SUP_kr,SUP_sk,INC_avg,INC_sd,INC_r1,INC_kr,INC_sk,IND_avg,IND_sd,IND_r1,IND_kr,IND_sk
241,0.238,0.0498397432,0.4144579867,2.9846904245,-0.2746968661,0.3176,0.0419313725,0.1397399446,2.7380923474,0.2093328564,0.4444,0.0466115865,0.2006491528,2.8143170078,0.1895519955,0.4444,0.0466115865,0.2006491528,2.8143170078,0.1895519955
