Instance,INF_avg,INF_sd,INF_r1,INF_kr,INF_sk,SUP_avg,SUP_sd,SUP_r1,SUP_kr,SUP_sk,INC_avg,INC_sd,INC_r1,INC_kr,INC_sk,IND_avg,IND_sd,IND_r1,IND_kr,IND_sk
210,0.2108,0.0554559284,-0.104005848,3.1411609147,0.407504364,0.2664,0.0622819396,0.0667885645,2.343164491,0.4085375997,0.5228,0.0670534115,0.1119946465,1.6404828969,0.0885300856,0.5228,0.0670534115,0.1119946465,1.6404828969,0.0885300856
