Instance,INF_avg,INF_sd,INF_r1,INF_kr,INF_sk,SUP_avg,SUP_sd,SUP_r1,SUP_kr,SUP_sk,INC_avg,INC_sd,INC_r1,INC_kr,INC_sk,IND_avg,IND_sd,IND_r1,IND_kr,IND_sk
88,0.268,0.0381575681,-0.4599354999,1.8030223554,0.1726862075,0.292,0.0169115345,-0.6257668712,1.2905521052,-0.1600265016,0.44,0.0288097206,-0.0882352941,2.5580635796,0.5081116346,0.44,0.0288097206,-0.0882352941,2.5580635796,0.5081116346
