Instance,INF_avg,INF_sd,INF_r1,INF_kr,INF_sk,SUP_avg,SUP_sd,SUP_r1,SUP_kr,SUP_sk,INC_avg,INC_sd,INC_r1,INC_kr,INC_sk,IND_avg,IND_sd,IND_r1,IND_kr,IND_sk
98,0.28,0.0748331477,-0.2035225049,3.712372449,-1.267104638,0.225,0.1030776406,0.1404958678,2.1515570934,0.2739225883,0.495,0.1293251716,-0.326612258,1.9166482334,-0.3058304043,0.495,0.1293251716,-0.326612258,1.9166482334,-0.3058304043
