Instance,INF_avg,INF_sd,INF_r1,INF_kr,INF_sk,SUP_avg,SUP_sd,SUP_r1,SUP_kr,SUP_sk,INC_avg,INC_sd,INC_r1,INC_kr,INC_sk,IND_avg,IND_sd,IND_r1,IND_kr,IND_sk
298,0.248,0.1389100428,0.1151769646,2.1901561843,0.2651775217,0.256,0.1022936948,-0.1553392076,1.9536374604,-0.3863672717,0.496,0.1310877569,0.0213788223,2.3349614556,-0.2458159668,0.496,0.1310877569,0.0213788223,2.3349614556,-0.2458159668
