Instance,INF_avg,INF_sd,INF_r1,INF_kr,INF_sk,SUP_avg,SUP_sd,SUP_r1,SUP_kr,SUP_sk,INC_avg,INC_sd,INC_r1,INC_kr,INC_sk,IND_avg,IND_sd,IND_r1,IND_kr,IND_sk
58,0.2824,0.04536783,-0.1139389444,1.9774448652,-0.1074467715,0.2968,0.0710335132,-0.1730449678,1.896073932,-0.0290385368,0.4208,0.0778675799,-0.0109816803,2.1230590357,0.2016511872,0.4208,0.0778675799,-0.0109816803,2.1230590357,0.2016511872
