Instance,INF_avg,INF_sd,INF_r1,INF_kr,INF_sk,SUP_avg,SUP_sd,SUP_r1,SUP_kr,SUP_sk,INC_avg,INC_sd,INC_r1,INC_kr,INC_sk,IND_avg,IND_sd,IND_r1,IND_kr,IND_sk
67,0.18,0.1166190379,-0.1872146119,2.1470588235,0.3934379306,0.26,0.1562049935,-0.1538461538,1.7433485622,-0.1070472275,0.56,0.1959591794,0.0273396425,3.2174479167,0.7271922674,0.56,0.1959591794,0.0273396425,3.2174479167,0.7271922674
