Instance,INF_avg,INF_sd,INF_r1,INF_kr,INF_sk,SUP_avg,SUP_sd,SUP_r1,SUP_kr,SUP_sk,INC_avg,INC_sd,INC_r1,INC_kr,INC_sk,IND_avg,IND_sd,IND_r1,IND_kr,IND_sk
195,0.2536,0.0719377509,-0.1764932008,2.8341455681,-0.1312372169,0.2464,0.0556330837,-0.2099976834,2.349309716,-0.1589375069,0.5,0.0725534286,-0.3835616438,2.602294879,-0.2287382554,0.5,0.0725534286,-0.3835616438,2.602294879,-0.2287382554
