Instance,INF_avg,INF_sd,INF_r1,INF_kr,INF_sk,SUP_avg,SUP_sd,SUP_r1,SUP_kr,SUP_sk,INC_avg,INC_sd,INC_r1,INC_kr,INC_sk,IND_avg,IND_sd,IND_r1,IND_kr,IND_sk
168,0.2757,0.0363594554,0.4069594077,2.7419604642,0.0148423582,0.2741,0.0465745639,0.5228800314,3.1175622044,0.3794951184,0.4502,0.0353335535,0.276646432,2.9110449629,0.1057163621,0.4502,0.0353335535,0.276646432,2.9110449629,0.1057163621
