Instance,INF_avg,INF_sd,INF_r1,INF_kr,INF_sk,SUP_avg,SUP_sd,SUP_r1,SUP_kr,SUP_sk,INC_avg,INC_sd,INC_r1,INC_kr,INC_sk,IND_avg,IND_sd,IND_r1,IND_kr,IND_sk
147,0.308,0.1831283703,0.0686265023,5.2826567144,1.2105761623,0.208,0.123028452,-0.166688292,2.1108148698,-0.0235082011,0.484,0.1759090674,0.2200107585,2.941613579,0.0237736819,0.484,0.1759090674,0.2200107585,2.941613579,0.0237736819
