Instance,INF_avg,INF_sd,INF_r1,INF_kr,INF_sk,SUP_avg,SUP_sd,SUP_r1,SUP_kr,SUP_sk,INC_avg,INC_sd,INC_r1,INC_kr,INC_sk,IND_avg,IND_sd,IND_r1,IND_kr,IND_sk
287,0.296,0.0407921561,-0.5289256198,1.9556213018,0.2715454179,0.192,0.0574108004,0.5325779037,1.7447921576,0.2009026265,0.512,0.0601331855,-0.3590263692,1.2397603571,-0.2754946631,0.512,0.0601331855,-0.3590263692,1.2397603571,-0.2754946631
