Instance,INF_avg,INF_sd,INF_r1,INF_kr,INF_sk,SUP_avg,SUP_sd,SUP_r1,SUP_kr,SUP_sk,INC_avg,INC_sd,INC_r1,INC_kr,INC_sk,IND_avg,IND_sd,IND_r1,IND_kr,IND_sk
266,0.232,0.0548452368,0.2983390119,3.7386826618,-1.0101926539,0.2184,0.0595771768,0.1183685365,1.7709765449,0.0412426768,0.5496,0.0667221103,0.0745108018,4.1679402874,0.4573930402,0.5496,0.0667221103,0.0745108018,4.1679402874,0.4573930402
