Instance,INF_avg,INF_sd,INF_r1,INF_kr,INF_sk,SUP_avg,SUP_sd,SUP_r1,SUP_kr,SUP_sk,INC_avg,INC_sd,INC_r1,INC_kr,INC_sk,IND_avg,IND_sd,IND_r1,IND_kr,IND_sk
233,0.219,0.0859592927,-0.0727764848,2.8309179676,0.3455355263,0.277,0.1096403211,-0.2652346879,4.443041145,0.5038868768,0.504,0.1211775557,-0.2533642793,2.7463167956,0.0414348613,0.504,0.1211775557,-0.2533642793,2.7463167956,0.0414348613
