Instance,INF_avg,INF_sd,INF_r1,INF_kr,INF_sk,SUP_avg,SUP_sd,SUP_r1,SUP_kr,SUP_sk,INC_avg,INC_sd,INC_r1,INC_kr,INC_sk,IND_avg,IND_sd,IND_r1,IND_kr,IND_sk
17,0.234,0.0645290632,0.015918958,1.7933847691,0.1457690471,0.212,0.0256124969,-0.2030075188,2.1160023795,0.2056922718,0.554,0.0753923073,-0.07595701,2.4105973482,-0.707236573,0.554,0.0753923073,-0.07595701,2.4105973482,-0.707236573
