Instance,INF_avg,INF_sd,INF_r1,INF_kr,INF_sk,SUP_avg,SUP_sd,SUP_r1,SUP_kr,SUP_sk,INC_avg,INC_sd,INC_r1,INC_kr,INC_sk,IND_avg,IND_sd,IND_r1,IND_kr,IND_sk
217,0.19,0.0860232527,0.0108401084,2.6519357195,1.017952296,0.28,0.1326649916,0.3255395683,1.432463843,-0.2081456157,0.53,0.0979795897,0.109947644,2.4361979167,0.5677202789,0.53,0.0979795897,0.109947644,2.4361979167,0.5677202789
