Instance,INF_avg,INF_sd,INF_r1,INF_kr,INF_sk,SUP_avg,SUP_sd,SUP_r1,SUP_kr,SUP_sk,INC_avg,INC_sd,INC_r1,INC_kr,INC_sk,IND_avg,IND_sd,IND_r1,IND_kr,IND_sk
205,0.25,0.0894427191,-0.0,1.25,-0.0,0.29,0.0734846923,-0.5598290598,1.5781893004,0.3477670622,0.46,0.1067707825,0.6974522293,1.7206832872,-0.1380231722,0.46,0.1067707825,0.6974522293,1.7206832872,-0.1380231722
