Instance,INF_avg,INF_sd,INF_r1,INF_kr,INF_sk,SUP_avg,SUP_sd,SUP_r1,SUP_kr,SUP_sk,INC_avg,INC_sd,INC_r1,INC_kr,INC_sk,IND_avg,IND_sd,IND_r1,IND_kr,IND_sk
287,0.268,0.064498062,-0.0586244038,2.6910207101,0.2193268047,0.2484,0.0751627567,0.1116037303,3.148548832,0.2873139693,0.4836,0.0872412746,0.1314110378,2.4292246356,-0.064587489,0.4836,0.0872412746,0.1314110378,2.4292246356,-0.064587489
