Instance,INF_avg,INF_sd,INF_r1,INF_kr,INF_sk,SUP_avg,SUP_sd,SUP_r1,SUP_kr,SUP_sk,INC_avg,INC_sd,INC_r1,INC_kr,INC_sk,IND_avg,IND_sd,IND_r1,IND_kr,IND_sk
66,0.2485,0.0947246008,0.1338358534,2.3243147872,0.4048882091,0.245,0.1042832681,0.0877633015,2.984240983,0.2784193792,0.5065,0.1182486786,0.1595480627,2.6239621185,0.2439225691,0.5065,0.1182486786,0.1595480627,2.6239621185,0.2439225691
