Instance,INF_avg,INF_sd,INF_r1,INF_kr,INF_sk,SUP_avg,SUP_sd,SUP_r1,SUP_kr,SUP_sk,INC_avg,INC_sd,INC_r1,INC_kr,INC_sk,IND_avg,IND_sd,IND_r1,IND_kr,IND_sk
192,0.24,0.0583095189,0.1791044776,1.6280276817,-0.3631734744,0.32,0.06,-0.7672413793,1.3981481481,-0.1111111111,0.44,0.1067707825,-0.3502673797,1.7206832872,0.1380231722,0.44,0.1067707825,-0.3502673797,1.7206832872,0.1380231722
