Instance,INF_avg,INF_sd,INF_r1,INF_kr,INF_sk,SUP_avg,SUP_sd,SUP_r1,SUP_kr,SUP_sk,INC_avg,INC_sd,INC_r1,INC_kr,INC_sk,IND_avg,IND_sd,IND_r1,IND_kr,IND_sk
114,0.2508,0.0315176141,0.338445776,2.5846874223,-0.1414024634,0.2675,0.032661139,0.223267649,3.2267255713,-0.4738992004,0.4817,0.028724728,-0.0134748749,3.3276730223,-0.1943151038,0.4817,0.028724728,-0.0134748749,3.3276730223,-0.1943151038
