Instance,INF_avg,INF_sd,INF_r1,INF_kr,INF_sk,SUP_avg,SUP_sd,SUP_r1,SUP_kr,SUP_sk,INC_avg,INC_sd,INC_r1,INC_kr,INC_sk,IND_avg,IND_sd,IND_r1,IND_kr,IND_sk
55,0.224,0.0494924237,0.4126960131,3.5714463391,0.3894773661,0.294,0.0781312997,0.8039095196,2.4698039572,0.3018319312,0.482,0.0620282194,0.5963965559,2.8124677299,0.0868811627,0.482,0.0620282194,0.5963965559,2.8124677299,0.0868811627
