Instance,INF_avg,INF_sd,INF_r1,INF_kr,INF_sk,SUP_avg,SUP_sd,SUP_r1,SUP_kr,SUP_sk,INC_avg,INC_sd,INC_r1,INC_kr,INC_sk,IND_avg,IND_sd,IND_r1,IND_kr,IND_sk
97,0.3184210526,0.1160881316,-0.1358995185,2.0026348617,0.4325011848,0.2,0.1158492669,-0.3953488372,2.26816609,0.2792675522,0.4815789474,0.1160881316,-0.1374455893,2.2142635326,-0.4072696192,0.4815789474,0.1160881316,-0.1374455893,2.2142635326,-0.4072696192
