Instance,INF_avg,INF_sd,INF_r1,INF_kr,INF_sk,SUP_avg,SUP_sd,SUP_r1,SUP_kr,SUP_sk,INC_avg,INC_sd,INC_r1,INC_kr,INC_sk,IND_avg,IND_sd,IND_r1,IND_kr,IND_sk
154,0.2428571429,0.0728431359,0.9146341463,2.3639053254,-0.8598938233,0.2142857143,0.1124858268,0.3301435407,2.226326743,-0.8849041107,0.5428571429,0.1678191446,0.8152492669,3.1597353497,1.1214379514,0.5428571429,0.1678191446,0.8152492669,3.1597353497,1.1214379514
