Instance,INF_avg,INF_sd,INF_r1,INF_kr,INF_sk,SUP_avg,SUP_sd,SUP_r1,SUP_kr,SUP_sk,INC_avg,INC_sd,INC_r1,INC_kr,INC_sk,IND_avg,IND_sd,IND_r1,IND_kr,IND_sk
36,0.255,0.1192686044,0.0150504858,1.9792902789,0.0141459731,0.225,0.075,-0.1692307692,2.4222222222,-0.3555555556,0.52,0.1268857754,0.2830712303,2.4415338914,-0.0484614473,0.52,0.1268857754,0.2830712303,2.4415338914,-0.0484614473
