Instance,INF_avg,INF_sd,INF_r1,INF_kr,INF_sk,SUP_avg,SUP_sd,SUP_r1,SUP_kr,SUP_sk,INC_avg,INC_sd,INC_r1,INC_kr,INC_sk,IND_avg,IND_sd,IND_r1,IND_kr,IND_sk
124,0.22,0.0521536192,0.0555555556,1.6003460208,0.4060402882,0.22,0.045607017,0.1363636364,1.4349112426,-0.0,0.56,0.0876356092,0.2666666667,1.5625,0.1141088661,0.56,0.0876356092,0.2666666667,1.5625,0.1141088661
