Instance,INF_avg,INF_sd,INF_r1,INF_kr,INF_sk,SUP_avg,SUP_sd,SUP_r1,SUP_kr,SUP_sk,INC_avg,INC_sd,INC_r1,INC_kr,INC_sk,IND_avg,IND_sd,IND_r1,IND_kr,IND_sk
215,0.4677433628,0.1110568521,0.9085737104,2.0097230864,-0.4622716541,0.0940265487,0.0709445078,0.9012730073,2.7910609812,0.8399620359,0.4382300885,0.0511285053,0.5924162907,2.760718539,0.2327229323,0.4382300885,0.0511285053,0.5924162907,2.760718539,0.2327229323
