Instance,INF_avg,INF_sd,INF_r1,INF_kr,INF_sk,SUP_avg,SUP_sd,SUP_r1,SUP_kr,SUP_sk,INC_avg,INC_sd,INC_r1,INC_kr,INC_sk,IND_avg,IND_sd,IND_r1,IND_kr,IND_sk
53,0.209,0.0484664833,-0.4134152705,1.7988138753,-0.1392385649,0.367,0.0447325385,-0.3318993082,1.7726511557,-0.3716240731,0.424,0.0402988834,-0.0601387818,2.2048702953,0.1840924262,0.424,0.0402988834,-0.0601387818,2.2048702953,0.1840924262
