Instance,INF_avg,INF_sd,INF_r1,INF_kr,INF_sk,SUP_avg,SUP_sd,SUP_r1,SUP_kr,SUP_sk,INC_avg,INC_sd,INC_r1,INC_kr,INC_sk,IND_avg,IND_sd,IND_r1,IND_kr,IND_sk
66,0.244,0.0575499783,0.301260587,2.7455716586,0.202470518,0.1816,0.0584930765,0.2649126029,2.1717186413,-0.2323833498,0.5744,0.0669375829,0.2031364876,2.3101918776,0.3017117869,0.5744,0.0669375829,0.2031364876,2.3101918776,0.3017117869
