Instance,INF_avg,INF_sd,INF_r1,INF_kr,INF_sk,SUP_avg,SUP_sd,SUP_r1,SUP_kr,SUP_sk,INC_avg,INC_sd,INC_r1,INC_kr,INC_sk,IND_avg,IND_sd,IND_r1,IND_kr,IND_sk
143,0.2616,0.0634148248,-0.1704117612,3.4979829384,0.2975975042,0.239,0.0614735716,0.1165783759,3.0526575431,0.040885266,0.4994,0.0745361657,0.0423562023,2.5968842342,-0.0285915079,0.4994,0.0745361657,0.0423562023,2.5968842342,-0.0285915079
