Instance,INF_avg,INF_sd,INF_r1,INF_kr,INF_sk,SUP_avg,SUP_sd,SUP_r1,SUP_kr,SUP_sk,INC_avg,INC_sd,INC_r1,INC_kr,INC_sk,IND_avg,IND_sd,IND_r1,IND_kr,IND_sk
227,0.248,0.0762627039,0.3072740907,1.3937749868,-0.0678534886,0.284,0.052,-0.1662574535,1.3330503134,-0.0491579426,0.468,0.0331058907,0.5909580194,1.5467259843,-0.2539958582,0.468,0.0331058907,0.5909580194,1.5467259843,-0.2539958582
