Instance,INF_avg,INF_sd,INF_r1,INF_kr,INF_sk,SUP_avg,SUP_sd,SUP_r1,SUP_kr,SUP_sk,INC_avg,INC_sd,INC_r1,INC_kr,INC_sk,IND_avg,IND_sd,IND_r1,IND_kr,IND_sk
8,0.289,0.035,-0.0881271586,2.5931681799,0.0071370262,0.2025,0.0318315881,0.2651449722,2.7154406556,-0.0941762445,0.5085,0.0406601771,-0.2416769956,2.7876472365,0.1782243939,0.5085,0.0406601771,-0.2416769956,2.7876472365,0.1782243939
