Instance,INF_avg,INF_sd,INF_r1,INF_kr,INF_sk,SUP_avg,SUP_sd,SUP_r1,SUP_kr,SUP_sk,INC_avg,INC_sd,INC_r1,INC_kr,INC_sk,IND_avg,IND_sd,IND_r1,IND_kr,IND_sk
204,0.2727272727,0.1958241748,-0.1138956805,1.6175312128,0.2389226657,0.2454545455,0.1304790918,0.0052049447,2.7540295975,-0.1461110011,0.4818181818,0.1465865045,-0.1241174285,4.4031952663,-1.4154271443,0.4818181818,0.1465865045,-0.1241174285,4.4031952663,-1.4154271443
