Instance,INF_avg,INF_sd,INF_r1,INF_kr,INF_sk,SUP_avg,SUP_sd,SUP_r1,SUP_kr,SUP_sk,INC_avg,INC_sd,INC_r1,INC_kr,INC_sk,IND_avg,IND_sd,IND_r1,IND_kr,IND_sk
86,0.267,0.055136195,0.6021393513,2.3603735284,0.2336439219,0.2216,0.0391336173,0.2440497926,2.7540464941,0.2879153256,0.5114,0.0418931975,0.4035030077,2.6639192139,0.4310291289,0.5114,0.0418931975,0.4035030077,2.6639192139,0.4310291289
