Instance,INF_avg,INF_sd,INF_r1,INF_kr,INF_sk,SUP_avg,SUP_sd,SUP_r1,SUP_kr,SUP_sk,INC_avg,INC_sd,INC_r1,INC_kr,INC_sk,IND_avg,IND_sd,IND_r1,IND_kr,IND_sk
261,0.22,0.055136195,-0.1733333333,4.4113573407,1.43186102,0.284,0.0585149554,-0.16507431,1.6106646869,0.1859098175,0.496,0.0504380809,-0.1130020422,1.9068470393,-0.6344412686,0.496,0.0504380809,-0.1130020422,1.9068470393,-0.6344412686
