Instance,INF_avg,INF_sd,INF_r1,INF_kr,INF_sk,SUP_avg,SUP_sd,SUP_r1,SUP_kr,SUP_sk,INC_avg,INC_sd,INC_r1,INC_kr,INC_sk,IND_avg,IND_sd,IND_r1,IND_kr,IND_sk
264,0.245,0.0310644491,0.1140583554,1.6189696368,-0.1901445516,0.239,0.0246779254,-0.4600098538,2.6452069532,-0.2044067685,0.516,0.0463033476,-0.2075151057,1.7492829695,-0.3909165795,0.516,0.0463033476,-0.2075151057,1.7492829695,-0.3909165795
