Instance,INF_avg,INF_sd,INF_r1,INF_kr,INF_sk,SUP_avg,SUP_sd,SUP_r1,SUP_kr,SUP_sk,INC_avg,INC_sd,INC_r1,INC_kr,INC_sk,IND_avg,IND_sd,IND_r1,IND_kr,IND_sk
53,0.2976,0.0980318316,0.448451305,1.7187723612,-0.0579894929,0.3208,0.0921702772,0.242290789,3.5267864969,0.8154209087,0.3816,0.0746018767,0.1529884115,3.828975921,0.8851845759,0.3816,0.0746018767,0.1529884115,3.828975921,0.8851845759
