Instance,INF_avg,INF_sd,INF_r1,INF_kr,INF_sk,SUP_avg,SUP_sd,SUP_r1,SUP_kr,SUP_sk,INC_avg,INC_sd,INC_r1,INC_kr,INC_sk,IND_avg,IND_sd,IND_r1,IND_kr,IND_sk
184,0.192,0.111067547,-0.2670629389,3.0056422757,0.5959846446,0.274,0.1368356679,0.3011891818,2.3670948675,0.2412260785,0.534,0.1569840756,-0.0185581798,2.4987864061,-0.0757336629,0.534,0.1569840756,-0.0185581798,2.4987864061,-0.0757336629
