Instance,INF_avg,INF_sd,INF_r1,INF_kr,INF_sk,SUP_avg,SUP_sd,SUP_r1,SUP_kr,SUP_sk,INC_avg,INC_sd,INC_r1,INC_kr,INC_sk,IND_avg,IND_sd,IND_r1,IND_kr,IND_sk
245,0.3199166667,0.0742854386,0.2206373071,2.6412697771,0.180386932,0.1226666667,0.0703530778,0.5496994207,2.5105710702,0.6233227885,0.5574166667,0.0717750634,-0.0164576278,2.6644765742,-0.0646113287,0.5574166667,0.0717750634,-0.0164576278,2.6644765742,-0.0646113287
