Instance,INF_avg,INF_sd,INF_r1,INF_kr,INF_sk,SUP_avg,SUP_sd,SUP_r1,SUP_kr,SUP_sk,INC_avg,INC_sd,INC_r1,INC_kr,INC_sk,IND_avg,IND_sd,IND_r1,IND_kr,IND_sk
219,0.2404,0.049838138,-0.1916594302,2.4900820672,0.3814471523,0.264,0.0400998753,-0.1560805577,2.6164327616,0.2754316824,0.4956,0.0487507949,-0.3631718604,1.9575653818,-0.0347234657,0.4956,0.0487507949,-0.3631718604,1.9575653818,-0.0347234657
