Instance,INF_avg,INF_sd,INF_r1,INF_kr,INF_sk,SUP_avg,SUP_sd,SUP_r1,SUP_kr,SUP_sk,INC_avg,INC_sd,INC_r1,INC_kr,INC_sk,IND_avg,IND_sd,IND_r1,IND_kr,IND_sk
266,0.2496,0.0460851386,0.0224104518,3.452084062,-0.2391901855,0.2072,0.0462618633,-0.0888240999,3.7239276972,0.4965194786,0.5432,0.0652821568,-0.066498428,2.9153298575,-0.0442304715,0.5432,0.0652821568,-0.066498428,2.9153298575,-0.0442304715
