Instance,INF_avg,INF_sd,INF_r1,INF_kr,INF_sk,SUP_avg,SUP_sd,SUP_r1,SUP_kr,SUP_sk,INC_avg,INC_sd,INC_r1,INC_kr,INC_sk,IND_avg,IND_sd,IND_r1,IND_kr,IND_sk
167,0.182,0.1160861749,0.076730277,2.3252548576,0.2004222392,0.322,0.1418308852,0.0764399132,2.2395450195,0.3230541038,0.496,0.1482700239,-0.0007715699,2.2598793565,-0.2626507395,0.496,0.1482700239,-0.0007715699,2.2598793565,-0.2626507395
