Instance,INF_avg,INF_sd,INF_r1,INF_kr,INF_sk,SUP_avg,SUP_sd,SUP_r1,SUP_kr,SUP_sk,INC_avg,INC_sd,INC_r1,INC_kr,INC_sk,IND_avg,IND_sd,IND_r1,IND_kr,IND_sk
53,0.294,0.158,0.1925391523,3.8950434275,0.4942732725,0.346,0.1675828153,-0.0813632958,2.9185679781,0.3499646173,0.36,0.1523154621,0.1764502762,2.8299643282,-0.0203751361,0.36,0.1523154621,0.1764502762,2.8299643282,-0.0203751361
