Instance,INF_avg,INF_sd,INF_r1,INF_kr,INF_sk,SUP_avg,SUP_sd,SUP_r1,SUP_kr,SUP_sk,INC_avg,INC_sd,INC_r1,INC_kr,INC_sk,IND_avg,IND_sd,IND_r1,IND_kr,IND_sk
143,0.275,0.1229837388,-0.112033195,2.6927805478,0.2620785909,0.245,0.0567890835,-0.4226633581,4.5536325942,-1.4414824141,0.48,0.1307669683,-0.1017459362,2.7402277624,-0.566160466,0.48,0.1307669683,-0.1017459362,2.7402277624,-0.566160466
