Instance,INF_avg,INF_sd,INF_r1,INF_kr,INF_sk,SUP_avg,SUP_sd,SUP_r1,SUP_kr,SUP_sk,INC_avg,INC_sd,INC_r1,INC_kr,INC_sk,IND_avg,IND_sd,IND_r1,IND_kr,IND_sk
94,0.32,0.081240384,0.099378882,2.2685950413,0.1790421687,0.28,0.092736185,0.0038314176,1.509194159,-0.1579875514,0.4,0.0316227766,0.0,2.5,0.0,0.4,0.0316227766,0.0,2.5,0.0
