Instance,INF_avg,INF_sd,INF_r1,INF_kr,INF_sk,SUP_avg,SUP_sd,SUP_r1,SUP_kr,SUP_sk,INC_avg,INC_sd,INC_r1,INC_kr,INC_sk,IND_avg,IND_sd,IND_r1,IND_kr,IND_sk
198,0.2866666667,0.103494498,-0.0363435107,3.6305030905,0.2382844948,0.2166666667,0.1048808848,0.0309981401,2.4433731252,0.2054599519,0.4966666667,0.1061445555,-0.0780500608,3.5813813709,0.0315275952,0.4966666667,0.1061445555,-0.0780500608,3.5813813709,0.0315275952
