Instance,INF_avg,INF_sd,INF_r1,INF_kr,INF_sk,SUP_avg,SUP_sd,SUP_r1,SUP_kr,SUP_sk,INC_avg,INC_sd,INC_r1,INC_kr,INC_sk,IND_avg,IND_sd,IND_r1,IND_kr,IND_sk
52,0.26855,0.1144143675,0.512173443,2.4103660404,0.301185885,0.3073,0.1109829266,0.5702016328,2.8829547148,0.3698767952,0.42415,0.0829308598,0.3097490024,2.0936909851,-0.028750196,0.42415,0.0829308598,0.3097490024,2.0936909851,-0.028750196
