Instance,INF_avg,INF_sd,INF_r1,INF_kr,INF_sk,SUP_avg,SUP_sd,SUP_r1,SUP_kr,SUP_sk,INC_avg,INC_sd,INC_r1,INC_kr,INC_sk,IND_avg,IND_sd,IND_r1,IND_kr,IND_sk
86,0.27,0.1734935157,-0.2462512496,1.7030385978,0.1217888059,0.27,0.1268857754,-0.0522331567,1.4172678523,-0.3054539711,0.46,0.1685229955,-0.1573373676,3.7942868478,-0.1103205485,0.46,0.1685229955,-0.1573373676,3.7942868478,-0.1103205485
