Instance,INF_avg,INF_sd,INF_r1,INF_kr,INF_sk,SUP_avg,SUP_sd,SUP_r1,SUP_kr,SUP_sk,INC_avg,INC_sd,INC_r1,INC_kr,INC_sk,IND_avg,IND_sd,IND_r1,IND_kr,IND_sk
238,0.2566,0.0602033222,-0.0661518047,2.6890255722,0.1369758754,0.2396,0.058170783,-0.0072332793,3.0984870198,-0.0899170495,0.5038,0.0651579619,-0.1256051401,2.5494261561,-0.0447318255,0.5038,0.0651579619,-0.1256051401,2.5494261561,-0.0447318255
