Instance,INF_avg,INF_sd,INF_r1,INF_kr,INF_sk,SUP_avg,SUP_sd,SUP_r1,SUP_kr,SUP_sk,INC_avg,INC_sd,INC_r1,INC_kr,INC_sk,IND_avg,IND_sd,IND_r1,IND_kr,IND_sk
285,0.2767,0.0298598392,-0.0178908902,3.1402595355,-0.0561396312,0.2345,0.0343110769,-0.0617795886,2.3025457277,-0.1340959616,0.4888,0.0351647551,0.0086622966,2.521028659,-0.0776540351,0.4888,0.0351647551,0.0086622966,2.521028659,-0.0776540351
