Instance,INF_avg,INF_sd,INF_r1,INF_kr,INF_sk,SUP_avg,SUP_sd,SUP_r1,SUP_kr,SUP_sk,INC_avg,INC_sd,INC_r1,INC_kr,INC_sk,IND_avg,IND_sd,IND_r1,IND_kr,IND_sk
282,0.246,0.1388668427,-0.1233946308,2.6015949718,0.3515699313,0.252,0.1459314908,-0.0311568232,2.8281933278,0.3659282209,0.502,0.1476346843,-0.0275317582,3.1028201207,-0.3327642592,0.502,0.1476346843,-0.0275317582,3.1028201207,-0.3327642592
