Instance,INF_avg,INF_sd,INF_r1,INF_kr,INF_sk,SUP_avg,SUP_sd,SUP_r1,SUP_kr,SUP_sk,INC_avg,INC_sd,INC_r1,INC_kr,INC_sk,IND_avg,IND_sd,IND_r1,IND_kr,IND_sk
55,0.291,0.1581739549,0.0488522906,2.4385622441,0.1936248225,0.255,0.1505822035,-0.100390612,2.6493984676,0.4926852872,0.454,0.1722904524,0.0459567477,2.6699739161,0.1317349353,0.454,0.1722904524,0.0459567477,2.6699739161,0.1317349353
