Instance,INF_avg,INF_sd,INF_r1,INF_kr,INF_sk,SUP_avg,SUP_sd,SUP_r1,SUP_kr,SUP_sk,INC_avg,INC_sd,INC_r1,INC_kr,INC_sk,IND_avg,IND_sd,IND_r1,IND_kr,IND_sk
227,0.256,0.0651766829,0.0454882958,2.9846468129,0.067612825,0.2046,0.0576093742,-0.0655153018,2.7314699486,0.1561885491,0.5394,0.067079356,-0.0937393359,3.8963235158,0.7289448204,0.5394,0.067079356,-0.0937393359,3.8963235158,0.7289448204
