Instance,INF_avg,INF_sd,INF_r1,INF_kr,INF_sk,SUP_avg,SUP_sd,SUP_r1,SUP_kr,SUP_sk,INC_avg,INC_sd,INC_r1,INC_kr,INC_sk,IND_avg,IND_sd,IND_r1,IND_kr,IND_sk
299,0.4500265957,0.1003564092,0.903741363,1.9662164468,0.0125938723,0.0906648936,0.0616739836,0.8850163108,2.6354416074,0.7697894516,0.4593085106,0.0533559956,0.6052904042,2.5486423391,-0.342001088,0.4593085106,0.0533559956,0.6052904042,2.5486423391,-0.342001088
