Instance,INF_avg,INF_sd,INF_r1,INF_kr,INF_sk,SUP_avg,SUP_sd,SUP_r1,SUP_kr,SUP_sk,INC_avg,INC_sd,INC_r1,INC_kr,INC_sk,IND_avg,IND_sd,IND_r1,IND_kr,IND_sk
240,0.257,0.0285306852,-0.4086306891,2.0897409583,0.291422945,0.2666,0.0329763552,-0.2593525979,2.2881199255,0.2260523,0.4764,0.0320162459,0.1291280448,2.8241412598,0.2811599406,0.4764,0.0320162459,0.1291280448,2.8241412598,0.2811599406
