Instance,INF_avg,INF_sd,INF_r1,INF_kr,INF_sk,SUP_avg,SUP_sd,SUP_r1,SUP_kr,SUP_sk,INC_avg,INC_sd,INC_r1,INC_kr,INC_sk,IND_avg,IND_sd,IND_r1,IND_kr,IND_sk
164,0.2321,0.0329862092,0.0410162298,2.3416482773,-0.289040407,0.247,0.0298496231,0.0386478327,3.6857501313,0.070160889,0.5209,0.0347662192,0.0387619788,2.5384575942,0.2191328281,0.5209,0.0347662192,0.0387619788,2.5384575942,0.2191328281
