Instance,INF_avg,INF_sd,INF_r1,INF_kr,INF_sk,SUP_avg,SUP_sd,SUP_r1,SUP_kr,SUP_sk,INC_avg,INC_sd,INC_r1,INC_kr,INC_sk,IND_avg,IND_sd,IND_r1,IND_kr,IND_sk
229,0.2516,0.044960427,-0.0171553775,2.3006646069,0.0177476531,0.2582,0.0480287414,0.2955460665,2.7873211709,0.3740594315,0.4902,0.0552445472,0.1931103498,3.4861886816,-0.0733741377,0.4902,0.0552445472,0.1931103498,3.4861886816,-0.0733741377
