Instance,INF_avg,INF_sd,INF_r1,INF_kr,INF_sk,SUP_avg,SUP_sd,SUP_r1,SUP_kr,SUP_sk,INC_avg,INC_sd,INC_r1,INC_kr,INC_sk,IND_avg,IND_sd,IND_r1,IND_kr,IND_sk
217,0.3134146341,0.1053590784,-0.2370249472,2.8273311036,-0.1051038169,0.1853658537,0.0983050891,0.013731228,3.0990387837,0.6424453019,0.5012195122,0.1090355754,0.0860932656,2.2845302916,-0.3839902384,0.5012195122,0.1090355754,0.0860932656,2.2845302916,-0.3839902384
