Instance,INF_avg,INF_sd,INF_r1,INF_kr,INF_sk,SUP_avg,SUP_sd,SUP_r1,SUP_kr,SUP_sk,INC_avg,INC_sd,INC_r1,INC_kr,INC_sk,IND_avg,IND_sd,IND_r1,IND_kr,IND_sk
130,0.3,0.1224744871,-0.1379310345,1.9666666667,-0.4082482905,0.21,0.1356465997,-0.2154696133,1.2296786389,-0.2115471545,0.49,0.0583095189,-0.5168539326,1.6280276817,-0.3631734744,0.49,0.0583095189,-0.5168539326,1.6280276817,-0.3631734744
