Instance,INF_avg,INF_sd,INF_r1,INF_kr,INF_sk,SUP_avg,SUP_sd,SUP_r1,SUP_kr,SUP_sk,INC_avg,INC_sd,INC_r1,INC_kr,INC_sk,IND_avg,IND_sd,IND_r1,IND_kr,IND_sk
188,0.2474,0.031689746,-0.1758453306,5.3006988471,1.3975456754,0.3014,0.0326961771,-0.3268055157,2.1338249617,-0.088051558,0.4512,0.0384260328,-0.0900837561,3.5929822699,0.2510234743,0.4512,0.0384260328,-0.0900837561,3.5929822699,0.2510234743
