Instance,INF_avg,INF_sd,INF_r1,INF_kr,INF_sk,SUP_avg,SUP_sd,SUP_r1,SUP_kr,SUP_sk,INC_avg,INC_sd,INC_r1,INC_kr,INC_sk,IND_avg,IND_sd,IND_r1,IND_kr,IND_sk
180,0.278,0.0440908154,-0.0092953276,2.9144185338,-0.0299606084,0.2508,0.0452035397,0.2031335154,2.8369158477,-0.081463807,0.4712,0.0516193762,-0.0803954686,2.8323447773,0.187620381,0.4712,0.0516193762,-0.0803954686,2.8323447773,0.187620381
