Instance,INF_avg,INF_sd,INF_r1,INF_kr,INF_sk,SUP_avg,SUP_sd,SUP_r1,SUP_kr,SUP_sk,INC_avg,INC_sd,INC_r1,INC_kr,INC_sk,IND_avg,IND_sd,IND_r1,IND_kr,IND_sk
170,0.255,0.0248997992,-0.3466666667,2.139698231,0.2331927084,0.265,0.020976177,0.2380952381,1.2732438017,-0.2437830484,0.48,0.0225831796,-0.4489795918,2.1770472895,0.8725911372,0.48,0.0225831796,-0.4489795918,2.1770472895,0.8725911372
