Instance,INF_avg,INF_sd,INF_r1,INF_kr,INF_sk,SUP_avg,SUP_sd,SUP_r1,SUP_kr,SUP_sk,INC_avg,INC_sd,INC_r1,INC_kr,INC_sk,IND_avg,IND_sd,IND_r1,IND_kr,IND_sk
99,0.259,0.0485489444,0.3167019891,2.3770724923,0.3828720867,0.2918,0.056522208,0.2562850605,2.5959856761,-0.1616921163,0.4492,0.0428877605,0.2094459055,3.0191014066,0.2496636694,0.4492,0.0428877605,0.2094459055,3.0191014066,0.2496636694
