Instance,INF_avg,INF_sd,INF_r1,INF_kr,INF_sk,SUP_avg,SUP_sd,SUP_r1,SUP_kr,SUP_sk,INC_avg,INC_sd,INC_r1,INC_kr,INC_sk,IND_avg,IND_sd,IND_r1,IND_kr,IND_sk
146,0.3648913043,0.0931279457,0.7328942625,2.3672496706,0.2097245248,0.13,0.0675824778,0.7213114754,2.3634107282,0.3642489877,0.5051086957,0.0589582491,0.1116472619,2.6517997414,-0.157388829,0.5051086957,0.0589582491,0.1116472619,2.6517997414,-0.157388829
