Instance,INF_avg,INF_sd,INF_r1,INF_kr,INF_sk,SUP_avg,SUP_sd,SUP_r1,SUP_kr,SUP_sk,INC_avg,INC_sd,INC_r1,INC_kr,INC_sk,IND_avg,IND_sd,IND_r1,IND_kr,IND_sk
165,0.262,0.0509509568,-0.4256555189,3.3648946702,1.0857898921,0.25,0.0601664358,-0.552407932,1.9689569915,0.2864980919,0.488,0.0607947366,-0.4440589766,1.8209366391,0.1298813736,0.488,0.0607947366,-0.4440589766,1.8209366391,0.1298813736
