Instance,INF_avg,INF_sd,INF_r1,INF_kr,INF_sk,SUP_avg,SUP_sd,SUP_r1,SUP_kr,SUP_sk,INC_avg,INC_sd,INC_r1,INC_kr,INC_sk,IND_avg,IND_sd,IND_r1,IND_kr,IND_sk
286,0.2248,0.0599413046,0.2500819485,2.7424571809,0.6106365468,0.258,0.0702281995,0.1059060163,4.2281441226,0.9562153833,0.5172,0.0684701395,0.0655637778,2.5623088716,-0.3054137659,0.5172,0.0684701395,0.0655637778,2.5623088716,-0.3054137659
