Instance,INF_avg,INF_sd,INF_r1,INF_kr,INF_sk,SUP_avg,SUP_sd,SUP_r1,SUP_kr,SUP_sk,INC_avg,INC_sd,INC_r1,INC_kr,INC_sk,IND_avg,IND_sd,IND_r1,IND_kr,IND_sk
20,0.5375657895,0.1529501411,0.9504264067,1.7292416043,-0.3283684864,0.0836184211,0.0664890112,0.9285228058,2.4690405361,0.7699267718,0.3788157895,0.0923304578,0.8694697528,1.7842914862,0.2174655372,0.3788157895,0.0923304578,0.8694697528,1.7842914862,0.2174655372
