Instance,INF_avg,INF_sd,INF_r1,INF_kr,INF_sk,SUP_avg,SUP_sd,SUP_r1,SUP_kr,SUP_sk,INC_avg,INC_sd,INC_r1,INC_kr,INC_sk,IND_avg,IND_sd,IND_r1,IND_kr,IND_sk
56,0.234,0.0174355958,-0.1848341232,1.7957063712,0.0543353054,0.288,0.0256124969,0.0271816881,1.6140690065,-0.2056922718,0.478,0.0324961536,0.1666666667,2.2685950413,0.1790421687,0.478,0.0324961536,0.1666666667,2.2685950413,0.1790421687
