Instance,INF_avg,INF_sd,INF_r1,INF_kr,INF_sk,SUP_avg,SUP_sd,SUP_r1,SUP_kr,SUP_sk,INC_avg,INC_sd,INC_r1,INC_kr,INC_sk,IND_avg,IND_sd,IND_r1,IND_kr,IND_sk
49,0.2636363636,0.0943660886,-0.1983435974,5.1460909448,1.267351693,0.1727272727,0.0793829509,0.0432966198,2.9729320075,0.1171479871,0.5636363636,0.1089013505,-0.2436903138,2.8605725455,-0.2456358812,0.5636363636,0.1089013505,-0.2436903138,2.8605725455,-0.2456358812
