Instance,INF_avg,INF_sd,INF_r1,INF_kr,INF_sk,SUP_avg,SUP_sd,SUP_r1,SUP_kr,SUP_sk,INC_avg,INC_sd,INC_r1,INC_kr,INC_sk,IND_avg,IND_sd,IND_r1,IND_kr,IND_sk
28,0.2339,0.0427,0.3897164682,3.744490378,0.4719148671,0.3018,0.0398717945,0.1177050796,3.2235020048,0.6198387965,0.4643,0.0446207351,0.0038959821,3.2140122282,-0.3212058766,0.4643,0.0446207351,0.0038959821,3.2140122282,-0.3212058766
