Instance,INF_avg,INF_sd,INF_r1,INF_kr,INF_sk,SUP_avg,SUP_sd,SUP_r1,SUP_kr,SUP_sk,INC_avg,INC_sd,INC_r1,INC_kr,INC_sk,IND_avg,IND_sd,IND_r1,IND_kr,IND_sk
181,0.2674,0.0377391044,0.2309637854,5.0441839612,-1.1281649984,0.23,0.0363318042,0.1122611465,4.5516528926,-0.9608411041,0.5026,0.0324998462,0.0323452344,2.1260755635,0.0043333014,0.5026,0.0324998462,0.0323452344,2.1260755635,0.0043333014
