Instance,INF_avg,INF_sd,INF_r1,INF_kr,INF_sk,SUP_avg,SUP_sd,SUP_r1,SUP_kr,SUP_sk,INC_avg,INC_sd,INC_r1,INC_kr,INC_sk,IND_avg,IND_sd,IND_r1,IND_kr,IND_sk
122,0.249,0.0956504051,0.1336748647,2.9790607164,-0.2028920953,0.242,0.1026450194,0.0280690743,3.8603598812,0.8330122235,0.509,0.1107655181,0.0486772322,2.8721990602,0.1033920871,0.509,0.1107655181,0.0486772322,2.8721990602,0.1033920871
