Instance,INF_avg,INF_sd,INF_r1,INF_kr,INF_sk,SUP_avg,SUP_sd,SUP_r1,SUP_kr,SUP_sk,INC_avg,INC_sd,INC_r1,INC_kr,INC_sk,IND_avg,IND_sd,IND_r1,IND_kr,IND_sk
8,0.204,0.0272763634,-0.5174129353,3.1437738467,-1.4286267334,0.388,0.0435430821,-0.7768595041,2.4805586712,-0.780254449,0.408,0.0348711915,-0.2870309414,2.3637898199,0.761826261,0.408,0.0348711915,-0.2870309414,2.3637898199,0.761826261
