Instance,INF_avg,INF_sd,INF_r1,INF_kr,INF_sk,SUP_avg,SUP_sd,SUP_r1,SUP_kr,SUP_sk,INC_avg,INC_sd,INC_r1,INC_kr,INC_sk,IND_avg,IND_sd,IND_r1,IND_kr,IND_sk
40,0.25,0.0547722558,0.1666666667,2.5,-0.0,0.2,0.0547722558,-0.1666666667,2.5,0.9128709292,0.55,0.0707106781,0.4,2.6,0.6363961031,0.55,0.0707106781,0.4,2.6,0.6363961031
