Instance,INF_avg,INF_sd,INF_r1,INF_kr,INF_sk,SUP_avg,SUP_sd,SUP_r1,SUP_kr,SUP_sk,INC_avg,INC_sd,INC_r1,INC_kr,INC_sk,IND_avg,IND_sd,IND_r1,IND_kr,IND_sk
198,0.244,0.0624819974,-0.6281866282,1.7584654663,0.1290863626,0.304,0.0527636238,-0.1388140162,1.5035671819,0.3058533486,0.452,0.0567097875,-0.5117441279,3.0703942972,0.8558895309,0.452,0.0567097875,-0.5117441279,3.0703942972,0.8558895309
