Instance,INF_avg,INF_sd,INF_r1,INF_kr,INF_sk,SUP_avg,SUP_sd,SUP_r1,SUP_kr,SUP_sk,INC_avg,INC_sd,INC_r1,INC_kr,INC_sk,IND_avg,IND_sd,IND_r1,IND_kr,IND_sk
34,0.22,0.0357770876,0.6666666667,1.25,0.0,0.324,0.099919968,0.4146429866,1.5973557692,0.4876980069,0.456,0.0674091982,0.2195668409,2.0052073001,-0.7672292692,0.456,0.0674091982,0.2195668409,2.0052073001,-0.7672292692
