Instance,INF_avg,INF_sd,INF_r1,INF_kr,INF_sk,SUP_avg,SUP_sd,SUP_r1,SUP_kr,SUP_sk,INC_avg,INC_sd,INC_r1,INC_kr,INC_sk,IND_avg,IND_sd,IND_r1,IND_kr,IND_sk
119,0.2506,0.0599302928,0.3832019009,2.3849005855,-0.0222309484,0.2177,0.0518816923,0.282703079,2.4967391311,0.2233788829,0.5317,0.0574117584,-0.0631062938,2.9825892992,0.4057110733,0.5317,0.0574117584,-0.0631062938,2.9825892992,0.4057110733
