Instance,INF_avg,INF_sd,INF_r1,INF_kr,INF_sk,SUP_avg,SUP_sd,SUP_r1,SUP_kr,SUP_sk,INC_avg,INC_sd,INC_r1,INC_kr,INC_sk,IND_avg,IND_sd,IND_r1,IND_kr,IND_sk
243,0.22,0.0824621125,0.0392030848,2.365916955,0.4708044486,0.324,0.1141227409,0.0084655622,1.957300527,0.3689936358,0.456,0.1089219904,-0.1970676049,3.368677559,0.1944143191,0.456,0.1089219904,-0.1970676049,3.368677559,0.1944143191
