Instance,INF_avg,INF_sd,INF_r1,INF_kr,INF_sk,SUP_avg,SUP_sd,SUP_r1,SUP_kr,SUP_sk,INC_avg,INC_sd,INC_r1,INC_kr,INC_sk,IND_avg,IND_sd,IND_r1,IND_kr,IND_sk
281,0.3352631579,0.0857087124,0.2934062885,2.4121354302,0.029544791,0.1418421053,0.0870074184,0.6235556605,2.6090533501,0.5215443068,0.5228947368,0.0692595384,0.0724478381,2.2029137845,-0.0060114793,0.5228947368,0.0692595384,0.0724478381,2.2029137845,-0.0060114793
