Instance,INF_avg,INF_sd,INF_r1,INF_kr,INF_sk,SUP_avg,SUP_sd,SUP_r1,SUP_kr,SUP_sk,INC_avg,INC_sd,INC_r1,INC_kr,INC_sk,IND_avg,IND_sd,IND_r1,IND_kr,IND_sk
44,0.2516,0.0505315743,0.292357308,4.1221721386,0.7134764064,0.2462,0.0577889263,0.4652933458,2.1789989881,0.3211875681,0.5022,0.061523654,0.2004317088,2.8481756736,0.2800934882,0.5022,0.061523654,0.2004317088,2.8481756736,0.2800934882
