Instance,INF_avg,INF_sd,INF_r1,INF_kr,INF_sk,SUP_avg,SUP_sd,SUP_r1,SUP_kr,SUP_sk,INC_avg,INC_sd,INC_r1,INC_kr,INC_sk,IND_avg,IND_sd,IND_r1,IND_kr,IND_sk
163,0.195,0.0960468636,-0.4217662147,1.659924648,-0.0270870481,0.265,0.095,-0.151361977,4.2014487304,1.1406910628,0.54,0.1280624847,-0.493354183,2.0602320048,0.5085170052,0.54,0.1280624847,-0.493354183,2.0602320048,0.5085170052
