Instance,INF_avg,INF_sd,INF_r1,INF_kr,INF_sk,SUP_avg,SUP_sd,SUP_r1,SUP_kr,SUP_sk,INC_avg,INC_sd,INC_r1,INC_kr,INC_sk,IND_avg,IND_sd,IND_r1,IND_kr,IND_sk
272,0.266,0.0432897216,0.0585774059,2.9517904391,0.4246782888,0.304,0.0386522962,0.2887686535,1.9978360564,-0.0916418693,0.43,0.0304138127,-0.4112149533,2.2315558802,-0.4665376667,0.43,0.0304138127,-0.4112149533,2.2315558802,-0.4665376667
