Instance,INF_avg,INF_sd,INF_r1,INF_kr,INF_sk,SUP_avg,SUP_sd,SUP_r1,SUP_kr,SUP_sk,INC_avg,INC_sd,INC_r1,INC_kr,INC_sk,IND_avg,IND_sd,IND_r1,IND_kr,IND_sk
214,0.23,0.1204159458,0.1712542776,2.5433055886,0.0962182111,0.28,0.1341640786,0.0676373884,2.7125925926,0.2186377578,0.49,0.133041347,0.0597807662,2.1828018769,0.3872888009,0.49,0.133041347,0.0597807662,2.1828018769,0.3872888009
