Instance,INF_avg,INF_sd,INF_r1,INF_kr,INF_sk,SUP_avg,SUP_sd,SUP_r1,SUP_kr,SUP_sk,INC_avg,INC_sd,INC_r1,INC_kr,INC_sk,IND_avg,IND_sd,IND_r1,IND_kr,IND_sk
202,0.4014388489,0.1087175811,0.4769207085,2.7820265537,0.4014696598,0.1395683453,0.0765992139,0.5476407164,2.902909594,0.58125169,0.4589928058,0.0836685389,0.0442276512,2.8481434632,-0.0465234479,0.4589928058,0.0836685389,0.0442276512,2.8481434632,-0.0465234479
