Instance,INF_avg,INF_sd,INF_r1,INF_kr,INF_sk,SUP_avg,SUP_sd,SUP_r1,SUP_kr,SUP_sk,INC_avg,INC_sd,INC_r1,INC_kr,INC_sk,IND_avg,IND_sd,IND_r1,IND_kr,IND_sk
39,0.248,0.1024499878,-0.0951266096,3.6169225907,0.0539228004,0.224,0.1209297317,-0.1739072435,2.4420298876,0.3467662907,0.528,0.1536749817,-0.0257553796,2.0709729658,0.318061198,0.528,0.1536749817,-0.0257553796,2.0709729658,0.318061198
