Instance,INF_avg,INF_sd,INF_r1,INF_kr,INF_sk,SUP_avg,SUP_sd,SUP_r1,SUP_kr,SUP_sk,INC_avg,INC_sd,INC_r1,INC_kr,INC_sk,IND_avg,IND_sd,IND_r1,IND_kr,IND_sk
139,0.248,0.0574108004,-0.1738148984,3.0172966349,1.3210869679,0.324,0.0637495098,0.3109869646,1.9437348875,-0.4046348854,0.428,0.0299332591,-0.3768115942,1.8469387755,-0.3436215967,0.428,0.0299332591,-0.3768115942,1.8469387755,-0.3436215967
