Instance,INF_avg,INF_sd,INF_r1,INF_kr,INF_sk,SUP_avg,SUP_sd,SUP_r1,SUP_kr,SUP_sk,INC_avg,INC_sd,INC_r1,INC_kr,INC_sk,IND_avg,IND_sd,IND_r1,IND_kr,IND_sk
164,0.2304,0.0377602966,0.0026664427,3.2964092108,0.4035822988,0.2638,0.0466214543,0.0924742309,2.7771851094,0.2489432225,0.5058,0.0495616787,-0.0904289224,2.7824728227,-0.2562463974,0.5058,0.0495616787,-0.0904289224,2.7824728227,-0.2562463974
