Instance,INF_avg,INF_sd,INF_r1,INF_kr,INF_sk,SUP_avg,SUP_sd,SUP_r1,SUP_kr,SUP_sk,INC_avg,INC_sd,INC_r1,INC_kr,INC_sk,IND_avg,IND_sd,IND_r1,IND_kr,IND_sk
27,0.2418,0.0543393044,0.0152052443,3.3992335689,-0.1996294887,0.209,0.0603572697,0.1984495395,2.7501639798,0.1529459955,0.5492,0.0695367529,0.1392230576,2.4756422751,-0.0271078789,0.5492,0.0695367529,0.1392230576,2.4756422751,-0.0271078789
