Instance,INF_avg,INF_sd,INF_r1,INF_kr,INF_sk,SUP_avg,SUP_sd,SUP_r1,SUP_kr,SUP_sk,INC_avg,INC_sd,INC_r1,INC_kr,INC_sk,IND_avg,IND_sd,IND_r1,IND_kr,IND_sk
185,0.2365,0.0268095132,-0.0954428987,2.7382191909,0.0791283037,0.2499,0.0280889658,-0.0383933663,3.1051327399,0.2660735093,0.5136,0.0310006452,0.0178686105,3.6875131733,0.0238853202,0.5136,0.0310006452,0.0178686105,3.6875131733,0.0238853202
