Instance,INF_avg,INF_sd,INF_r1,INF_kr,INF_sk,SUP_avg,SUP_sd,SUP_r1,SUP_kr,SUP_sk,INC_avg,INC_sd,INC_r1,INC_kr,INC_sk,IND_avg,IND_sd,IND_r1,IND_kr,IND_sk
282,0.2907142857,0.0643888062,0.2951314762,2.5527770709,-0.0833842067,0.14125,0.0649330012,0.7583320378,2.7111703636,0.2849343297,0.5680357143,0.0596543509,0.1753736848,2.8369899431,0.0030093949,0.5680357143,0.0596543509,0.1753736848,2.8369899431,0.0030093949
