Instance,INF_avg,INF_sd,INF_r1,INF_kr,INF_sk,SUP_avg,SUP_sd,SUP_r1,SUP_kr,SUP_sk,INC_avg,INC_sd,INC_r1,INC_kr,INC_sk,IND_avg,IND_sd,IND_r1,IND_kr,IND_sk
251,0.3092,0.0619948385,-0.0610222731,3.3923371617,-0.5256902747,0.256,0.0609261848,0.3028761838,2.4320005945,0.3514710983,0.4348,0.0625856214,-0.0208748436,2.7421180158,-0.0445238503,0.4348,0.0625856214,-0.0208748436,2.7421180158,-0.0445238503
