Instance,INF_avg,INF_sd,INF_r1,INF_kr,INF_sk,SUP_avg,SUP_sd,SUP_r1,SUP_kr,SUP_sk,INC_avg,INC_sd,INC_r1,INC_kr,INC_sk,IND_avg,IND_sd,IND_r1,IND_kr,IND_sk
5,0.2184,0.0391591624,0.1620892881,5.9554995318,1.2790487434,0.246,0.048,-0.4020318272,2.2396195023,0.0125868056,0.5356,0.0517748974,-0.0580769661,2.2327822622,-0.5378661488,0.5356,0.0517748974,-0.0580769661,2.2327822622,-0.5378661488
