Instance,INF_avg,INF_sd,INF_r1,INF_kr,INF_sk,SUP_avg,SUP_sd,SUP_r1,SUP_kr,SUP_sk,INC_avg,INC_sd,INC_r1,INC_kr,INC_sk,IND_avg,IND_sd,IND_r1,IND_kr,IND_sk
150,0.27,0.0948683298,0.0269128114,2.5948148148,0.1546002412,0.251,0.0972059669,0.0373153863,3.2193112036,0.44545712,0.479,0.1039663407,-0.0555163567,2.3672725263,-0.1933416795,0.479,0.1039663407,-0.0555163567,2.3672725263,-0.1933416795
