Instance,INF_avg,INF_sd,INF_r1,INF_kr,INF_sk,SUP_avg,SUP_sd,SUP_r1,SUP_kr,SUP_sk,INC_avg,INC_sd,INC_r1,INC_kr,INC_sk,IND_avg,IND_sd,IND_r1,IND_kr,IND_sk
204,0.2562,0.0438127835,-0.0921389861,2.9951313513,0.2285085201,0.2554,0.0455284526,-0.0910146418,2.4469371884,0.0487694399,0.4884,0.0506501728,-0.1304840263,2.8506673265,-0.2070324481,0.4884,0.0506501728,-0.1304840263,2.8506673265,-0.2070324481
