Instance,INF_avg,INF_sd,INF_r1,INF_kr,INF_sk,SUP_avg,SUP_sd,SUP_r1,SUP_kr,SUP_sk,INC_avg,INC_sd,INC_r1,INC_kr,INC_sk,IND_avg,IND_sd,IND_r1,IND_kr,IND_sk
59,0.21,0.0969535971,-0.0599415205,2.0871435038,-0.4476807111,0.22,0.1144552314,0.1237509608,2.4571411922,0.5042139441,0.57,0.0953939201,0.1093117409,1.8122207463,-0.4077943211,0.57,0.0953939201,0.1093117409,1.8122207463,-0.4077943211
