Instance,INF_avg,INF_sd,INF_r1,INF_kr,INF_sk,SUP_avg,SUP_sd,SUP_r1,SUP_kr,SUP_sk,INC_avg,INC_sd,INC_r1,INC_kr,INC_sk,IND_avg,IND_sd,IND_r1,IND_kr,IND_sk
270,0.3823943662,0.0833787352,0.65691188,2.2830223124,-0.0571131709,0.1005633803,0.0693711659,0.8237161357,2.8700038891,0.7901467617,0.5170422535,0.0521480656,0.2212932827,2.4887057859,0.2069854429,0.5170422535,0.0521480656,0.2212932827,2.4887057859,0.2069854429
