Instance,INF_avg,INF_sd,INF_r1,INF_kr,INF_sk,SUP_avg,SUP_sd,SUP_r1,SUP_kr,SUP_sk,INC_avg,INC_sd,INC_r1,INC_kr,INC_sk,IND_avg,IND_sd,IND_r1,IND_kr,IND_sk
182,0.2508,0.0559585561,0.0017165459,2.5481373818,0.0849428245,0.3002,0.0749663925,0.3420935839,2.1459305734,0.1118136893,0.449,0.0711266476,0.0563818283,2.8179534077,0.1472863371,0.449,0.0711266476,0.0563818283,2.8179534077,0.1472863371
