Instance,INF_avg,INF_sd,INF_r1,INF_kr,INF_sk,SUP_avg,SUP_sd,SUP_r1,SUP_kr,SUP_sk,INC_avg,INC_sd,INC_r1,INC_kr,INC_sk,IND_avg,IND_sd,IND_r1,IND_kr,IND_sk
266,0.276,0.0422374242,0.4697633655,2.2532224658,-0.0707085516,0.16,0.0433589668,-0.3103448276,1.4588048891,-0.044163728,0.564,0.0458693798,-0.6768409004,2.5275846116,-0.9295696495,0.564,0.0458693798,-0.6768409004,2.5275846116,-0.9295696495
