Instance,INF_avg,INF_sd,INF_r1,INF_kr,INF_sk,SUP_avg,SUP_sd,SUP_r1,SUP_kr,SUP_sk,INC_avg,INC_sd,INC_r1,INC_kr,INC_sk,IND_avg,IND_sd,IND_r1,IND_kr,IND_sk
62,0.4609859155,0.1130642959,0.8440951577,1.7782151709,-0.1688121151,0.103943662,0.0769759222,0.7788215731,3.1405288602,0.903313385,0.4350704225,0.0551533902,0.4498068332,2.2677604107,-0.0322793869,0.4350704225,0.0551533902,0.4498068332,2.2677604107,-0.0322793869
