Instance,INF_avg,INF_sd,INF_r1,INF_kr,INF_sk,SUP_avg,SUP_sd,SUP_r1,SUP_kr,SUP_sk,INC_avg,INC_sd,INC_r1,INC_kr,INC_sk,IND_avg,IND_sd,IND_r1,IND_kr,IND_sk
54,0.539047619,0.2088039582,0.8677944407,2.2947920722,-0.2409497685,0.1295238095,0.0996410792,0.7091971425,2.1270431304,0.5711205462,0.3314285714,0.1350233036,0.6245171881,2.0270921809,0.0305277794,0.3314285714,0.1350233036,0.6245171881,2.0270921809,0.0305277794
