Instance,INF_avg,INF_sd,INF_r1,INF_kr,INF_sk,SUP_avg,SUP_sd,SUP_r1,SUP_kr,SUP_sk,INC_avg,INC_sd,INC_r1,INC_kr,INC_sk,IND_avg,IND_sd,IND_r1,IND_kr,IND_sk
194,0.2188,0.0508582343,-0.2667923177,1.8519396352,0.3800391618,0.2664,0.0451557305,-0.1750858281,3.9706190159,0.585052117,0.5148,0.0514680483,-0.0907394696,2.4862140374,0.0820349597,0.5148,0.0514680483,-0.0907394696,2.4862140374,0.0820349597
