Instance,INF_avg,INF_sd,INF_r1,INF_kr,INF_sk,SUP_avg,SUP_sd,SUP_r1,SUP_kr,SUP_sk,INC_avg,INC_sd,INC_r1,INC_kr,INC_sk,IND_avg,IND_sd,IND_r1,IND_kr,IND_sk
114,0.2837349398,0.1092439609,-0.016461225,2.5643430014,0.0583660088,0.2030120482,0.1027775108,-0.0426212705,3.555251057,0.8012475985,0.513253012,0.1237185733,0.0503215448,3.6479730783,0.2531962004,0.513253012,0.1237185733,0.0503215448,3.6479730783,0.2531962004
