Instance,INF_avg,INF_sd,INF_r1,INF_kr,INF_sk,SUP_avg,SUP_sd,SUP_r1,SUP_kr,SUP_sk,INC_avg,INC_sd,INC_r1,INC_kr,INC_sk,IND_avg,IND_sd,IND_r1,IND_kr,IND_sk
105,0.3573262032,0.0872105787,0.4309141814,2.7319417665,0.3299362611,0.1389304813,0.0757347643,0.6693612108,3.1558830457,0.6931460905,0.5037433155,0.0664524952,0.0309395413,2.718108658,-0.2734075167,0.5037433155,0.0664524952,0.0309395413,2.718108658,-0.2734075167
