Instance,INF_avg,INF_sd,INF_r1,INF_kr,INF_sk,SUP_avg,SUP_sd,SUP_r1,SUP_kr,SUP_sk,INC_avg,INC_sd,INC_r1,INC_kr,INC_sk,IND_avg,IND_sd,IND_r1,IND_kr,IND_sk
128,0.2838235294,0.114866027,0.1338343684,3.0696349472,-0.1253781435,0.1867647059,0.11524196,0.0680507617,3.4209516359,0.9153667941,0.5294117647,0.1351021656,-0.0498525297,2.9121632488,-0.1326629769,0.5294117647,0.1351021656,-0.0498525297,2.9121632488,-0.1326629769
