Instance,INF_avg,INF_sd,INF_r1,INF_kr,INF_sk,SUP_avg,SUP_sd,SUP_r1,SUP_kr,SUP_sk,INC_avg,INC_sd,INC_r1,INC_kr,INC_sk,IND_avg,IND_sd,IND_r1,IND_kr,IND_sk
231,0.272,0.0574108004,-0.4862298196,2.1066606183,0.600424895,0.238,0.0511468474,-0.0718932986,1.9830962601,-0.7809856551,0.49,0.0525357021,-0.701754386,2.1345305608,0.6289718593,0.49,0.0525357021,-0.701754386,2.1345305608,0.6289718593
