Instance,INF_avg,INF_sd,INF_r1,INF_kr,INF_sk,SUP_avg,SUP_sd,SUP_r1,SUP_kr,SUP_sk,INC_avg,INC_sd,INC_r1,INC_kr,INC_sk,IND_avg,IND_sd,IND_r1,IND_kr,IND_sk
108,0.2728,0.0418110033,0.0002873335,2.7809586291,0.5151499111,0.276,0.0332264955,-0.0767540418,2.7065217391,0.5809925953,0.4512,0.0475243096,0.1473145374,2.901128716,0.2786326619,0.4512,0.0475243096,0.1473145374,2.901128716,0.2786326619
