Instance,INF_avg,INF_sd,INF_r1,INF_kr,INF_sk,SUP_avg,SUP_sd,SUP_r1,SUP_kr,SUP_sk,INC_avg,INC_sd,INC_r1,INC_kr,INC_sk,IND_avg,IND_sd,IND_r1,IND_kr,IND_sk
37,0.264,0.122898332,0.0980283962,2.6150239694,-0.0011377739,0.242,0.1282029641,-0.0648313001,2.7968011028,0.320327432,0.494,0.161752898,0.038652646,2.5765870967,-0.0446189537,0.494,0.161752898,0.038652646,2.5765870967,-0.0446189537
