Instance,INF_avg,INF_sd,INF_r1,INF_kr,INF_sk,SUP_avg,SUP_sd,SUP_r1,SUP_kr,SUP_sk,INC_avg,INC_sd,INC_r1,INC_kr,INC_sk,IND_avg,IND_sd,IND_r1,IND_kr,IND_sk
279,0.252,0.0697423831,0.20514862,4.0324619114,0.975771526,0.2072,0.0573773474,-0.455268653,2.5076888262,0.4397994467,0.5408,0.0757849589,0.0973035295,2.558815033,0.0881666071,0.5408,0.0757849589,0.0973035295,2.558815033,0.0881666071
