Instance,INF_avg,INF_sd,INF_r1,INF_kr,INF_sk,SUP_avg,SUP_sd,SUP_r1,SUP_kr,SUP_sk,INC_avg,INC_sd,INC_r1,INC_kr,INC_sk,IND_avg,IND_sd,IND_r1,IND_kr,IND_sk
175,0.248,0.136,-0.0429235574,3.1866925683,0.6145939345,0.286,0.1649363514,-0.0137462633,1.8351370524,0.143820433,0.466,0.1861289875,-0.1053081181,2.4789560854,0.2222295061,0.466,0.1861289875,-0.1053081181,2.4789560854,0.2222295061
