Instance,INF_avg,INF_sd,INF_r1,INF_kr,INF_sk,SUP_avg,SUP_sd,SUP_r1,SUP_kr,SUP_sk,INC_avg,INC_sd,INC_r1,INC_kr,INC_sk,IND_avg,IND_sd,IND_r1,IND_kr,IND_sk
165,0.258,0.1401285124,-0.073602874,2.444060512,0.1628979323,0.268,0.1391977011,0.039033826,2.7926207671,0.3607081411,0.474,0.1764199535,-0.2305962831,2.3130402221,0.3105592283,0.474,0.1764199535,-0.2305962831,2.3130402221,0.3105592283
