Instance,INF_avg,INF_sd,INF_r1,INF_kr,INF_sk,SUP_avg,SUP_sd,SUP_r1,SUP_kr,SUP_sk,INC_avg,INC_sd,INC_r1,INC_kr,INC_sk,IND_avg,IND_sd,IND_r1,IND_kr,IND_sk
214,0.236,0.0233238076,-0.1014263074,1.5469290657,0.1097086537,0.24,0.0346410162,-0.6571428571,1.45,0.2886751346,0.524,0.0382622529,-0.0918114144,2.4835169757,-0.3076267313,0.524,0.0382622529,-0.0918114144,2.4835169757,-0.3076267313
