Instance,INF_avg,INF_sd,INF_r1,INF_kr,INF_sk,SUP_avg,SUP_sd,SUP_r1,SUP_kr,SUP_sk,INC_avg,INC_sd,INC_r1,INC_kr,INC_sk,IND_avg,IND_sd,IND_r1,IND_kr,IND_sk
129,0.242,0.0641560597,-0.1156830232,2.1871244124,0.1348751975,0.262,0.0604317797,0.0747752561,2.8705494086,0.147895172,0.496,0.06835203,-0.1325943829,2.9809767311,0.5886127557,0.496,0.06835203,-0.1325943829,2.9809767311,0.5886127557
