Instance,INF_avg,INF_sd,INF_r1,INF_kr,INF_sk,SUP_avg,SUP_sd,SUP_r1,SUP_kr,SUP_sk,INC_avg,INC_sd,INC_r1,INC_kr,INC_sk,IND_avg,IND_sd,IND_r1,IND_kr,IND_sk
283,0.252,0.1090687856,0.0501540291,2.3942055085,0.399709507,0.26,0.0905538514,0.0790436692,8.1662700773,1.4383032908,0.488,0.1142628549,-0.0623216366,2.8169953413,-0.4680577753,0.488,0.1142628549,-0.0623216366,2.8169953413,-0.4680577753
