Instance,INF_avg,INF_sd,INF_r1,INF_kr,INF_sk,SUP_avg,SUP_sd,SUP_r1,SUP_kr,SUP_sk,INC_avg,INC_sd,INC_r1,INC_kr,INC_sk,IND_avg,IND_sd,IND_r1,IND_kr,IND_sk
297,0.2844,0.0549785413,0.0114921762,2.8095643306,0.1122633894,0.2179,0.0456573105,0.1239875854,3.0211524253,-0.2247168228,0.4977,0.047913568,-0.1543326787,2.5246997633,-0.0210684136,0.4977,0.047913568,-0.1543326787,2.5246997633,-0.0210684136
