Instance,INF_avg,INF_sd,INF_r1,INF_kr,INF_sk,SUP_avg,SUP_sd,SUP_r1,SUP_kr,SUP_sk,INC_avg,INC_sd,INC_r1,INC_kr,INC_sk,IND_avg,IND_sd,IND_r1,IND_kr,IND_sk
259,0.284,0.14192956,-0.1520005085,3.1944783894,0.3676101149,0.24,0.144222051,-0.0111710324,2.3357988166,0.240014508,0.476,0.1335065541,-0.0891240299,3.4534857485,-0.5643117542,0.476,0.1335065541,-0.0891240299,3.4534857485,-0.5643117542
