Instance,INF_avg,INF_sd,INF_r1,INF_kr,INF_sk,SUP_avg,SUP_sd,SUP_r1,SUP_kr,SUP_sk,INC_avg,INC_sd,INC_r1,INC_kr,INC_sk,IND_avg,IND_sd,IND_r1,IND_kr,IND_sk
75,0.188,0.11070682,0.0243456455,2.1362917465,0.2380148707,0.288,0.1394847662,0.0554092382,2.5760095654,0.2145112577,0.524,0.1656019324,-0.1530473394,3.1112990827,-0.6492069071,0.524,0.1656019324,-0.1530473394,3.1112990827,-0.6492069071
