Instance,INF_avg,INF_sd,INF_r1,INF_kr,INF_sk,SUP_avg,SUP_sd,SUP_r1,SUP_kr,SUP_sk,INC_avg,INC_sd,INC_r1,INC_kr,INC_sk,IND_avg,IND_sd,IND_r1,IND_kr,IND_sk
2,0.3,0.1058300524,0.0744186047,2.7702487245,0.341686633,0.24,0.0948683298,-0.1202489442,2.4985185185,0.4989371419,0.46,0.1024695077,0.0088105727,2.5662585034,-0.4238194603,0.46,0.1024695077,0.0088105727,2.5662585034,-0.4238194603
