Instance,INF_avg,INF_sd,INF_r1,INF_kr,INF_sk,SUP_avg,SUP_sd,SUP_r1,SUP_kr,SUP_sk,INC_avg,INC_sd,INC_r1,INC_kr,INC_sk,IND_avg,IND_sd,IND_r1,IND_kr,IND_sk
58,0.218,0.0602992537,-0.1113855273,3.4158561071,1.2124347545,0.32,0.0593295879,-0.2916666667,2.298553719,0.5286339831,0.462,0.0653911309,0.0595127968,1.6782310562,0.1342429371,0.462,0.0653911309,0.0595127968,1.6782310562,0.1342429371
