Instance,INF_avg,INF_sd,INF_r1,INF_kr,INF_sk,SUP_avg,SUP_sd,SUP_r1,SUP_kr,SUP_sk,INC_avg,INC_sd,INC_r1,INC_kr,INC_sk,IND_avg,IND_sd,IND_r1,IND_kr,IND_sk
50,0.28,0.1469693846,-0.2977099237,2.195473251,-0.4082482905,0.21,0.1220655562,0.2478173271,2.2114769605,0.1385546604,0.51,0.17,0.0067639729,3.7539900145,-1.1333197639,0.51,0.17,0.0067639729,3.7539900145,-1.1333197639
