Instance,INF_avg,INF_sd,INF_r1,INF_kr,INF_sk,SUP_avg,SUP_sd,SUP_r1,SUP_kr,SUP_sk,INC_avg,INC_sd,INC_r1,INC_kr,INC_sk,IND_avg,IND_sd,IND_r1,IND_kr,IND_sk
197,0.2324,0.0409174779,-0.0441839022,3.1980744817,0.6155934673,0.2176,0.0350177098,-0.2942790135,2.0741530502,0.138862036,0.55,0.0438178046,-0.0263736264,2.0065104167,-0.1283724744,0.55,0.0438178046,-0.0263736264,2.0065104167,-0.1283724744
