Instance,INF_avg,INF_sd,INF_r1,INF_kr,INF_sk,SUP_avg,SUP_sd,SUP_r1,SUP_kr,SUP_sk,INC_avg,INC_sd,INC_r1,INC_kr,INC_sk,IND_avg,IND_sd,IND_r1,IND_kr,IND_sk
7,0.26,0.0141421356,0.6666666667,1.7,0.0,0.21,0.0303315018,-0.1666666667,3.1427221172,1.4191014536,0.53,0.0228035085,-0.3461538462,2.5,-0.6071940134,0.53,0.0228035085,-0.3461538462,2.5,-0.6071940134
