Instance,INF_avg,INF_sd,INF_r1,INF_kr,INF_sk,SUP_avg,SUP_sd,SUP_r1,SUP_kr,SUP_sk,INC_avg,INC_sd,INC_r1,INC_kr,INC_sk,IND_avg,IND_sd,IND_r1,IND_kr,IND_sk
39,0.25,0.1284523258,-0.1409836066,4.6584022039,0.5378719978,0.298,0.1555506348,-0.1113996631,3.936313707,0.7665811773,0.452,0.1711607432,0.02982052,4.0811537806,0.1214951133,0.452,0.1711607432,0.02982052,4.0811537806,0.1214951133
