Instance,INF_avg,INF_sd,INF_r1,INF_kr,INF_sk,SUP_avg,SUP_sd,SUP_r1,SUP_kr,SUP_sk,INC_avg,INC_sd,INC_r1,INC_kr,INC_sk,IND_avg,IND_sd,IND_r1,IND_kr,IND_sk
95,0.2704,0.0681457262,0.1003766066,3.2907486972,-0.1206248229,0.232,0.0545527268,0.0645442652,3.1507110649,-0.629163429,0.4976,0.0776288606,0.2315629908,2.6703306128,0.5298789577,0.4976,0.0776288606,0.2315629908,2.6703306128,0.5298789577
