Instance,INF_avg,INF_sd,INF_r1,INF_kr,INF_sk,SUP_avg,SUP_sd,SUP_r1,SUP_kr,SUP_sk,INC_avg,INC_sd,INC_r1,INC_kr,INC_sk,IND_avg,IND_sd,IND_r1,IND_kr,IND_sk
41,0.2556,0.0534288312,0.1206295536,4.0005538483,0.5834407693,0.2923,0.0629262266,0.479215169,2.6273436008,0.0275147279,0.4521,0.0542087631,0.0299675233,3.1829891057,0.2568004259,0.4521,0.0542087631,0.0299675233,3.1829891057,0.2568004259
