Instance,INF_avg,INF_sd,INF_r1,INF_kr,INF_sk,SUP_avg,SUP_sd,SUP_r1,SUP_kr,SUP_sk,INC_avg,INC_sd,INC_r1,INC_kr,INC_sk,IND_avg,IND_sd,IND_r1,IND_kr,IND_sk
108,0.24,0.1496662955,0.1816546763,1.9904336735,0.1932871482,0.29,0.211896201,-0.5675527542,3.8536366387,1.0140696461,0.47,0.219317122,-0.3114754098,1.8448096265,-0.1274035866,0.47,0.219317122,-0.3114754098,1.8448096265,-0.1274035866
