Instance,INF_avg,INF_sd,INF_r1,INF_kr,INF_sk,SUP_avg,SUP_sd,SUP_r1,SUP_kr,SUP_sk,INC_avg,INC_sd,INC_r1,INC_kr,INC_sk,IND_avg,IND_sd,IND_r1,IND_kr,IND_sk
229,0.232,0.0348711915,-0.1652542373,1.7957063712,-0.0543353054,0.248,0.0203960781,-0.3095238095,1.9556213018,0.2715454179,0.52,0.0334664011,0.5,1.2755102041,0.2561204163,0.52,0.0334664011,0.5,1.2755102041,0.2561204163
