Instance,INF_avg,INF_sd,INF_r1,INF_kr,INF_sk,SUP_avg,SUP_sd,SUP_r1,SUP_kr,SUP_sk,INC_avg,INC_sd,INC_r1,INC_kr,INC_sk,IND_avg,IND_sd,IND_r1,IND_kr,IND_sk
142,0.2603,0.0310710476,-0.2521307291,2.2859873389,-0.239242706,0.2729,0.0283388426,-0.1867802352,2.5389589848,-0.0392717648,0.4668,0.0349679854,-0.2039824265,2.485097672,0.1141617091,0.4668,0.0349679854,-0.2039824265,2.485097672,0.1141617091
