Instance,INF_avg,INF_sd,INF_r1,INF_kr,INF_sk,SUP_avg,SUP_sd,SUP_r1,SUP_kr,SUP_sk,INC_avg,INC_sd,INC_r1,INC_kr,INC_sk,IND_avg,IND_sd,IND_r1,IND_kr,IND_sk
51,0.184,0.0293938769,-0.6666666667,1.1666666667,0.4082482905,0.376,0.0624819974,0.0237467018,2.6453238377,-0.994909526,0.44,0.055136195,-0.2727272727,1.8351800554,-0.0572744408,0.44,0.055136195,-0.2727272727,1.8351800554,-0.0572744408
