Instance,INF_avg,INF_sd,INF_r1,INF_kr,INF_sk,SUP_avg,SUP_sd,SUP_r1,SUP_kr,SUP_sk,INC_avg,INC_sd,INC_r1,INC_kr,INC_sk,IND_avg,IND_sd,IND_r1,IND_kr,IND_sk
155,0.244,0.0241660919,-0.8656716418,2.8430287108,1.1427763503,0.316,0.0233238076,-0.0064935065,2.6660899654,1.1500493357,0.44,0.0316227766,-0.2926829268,1.348,-0.0,0.44,0.0316227766,-0.2926829268,1.348,-0.0
