Instance,INF_avg,INF_sd,INF_r1,INF_kr,INF_sk,SUP_avg,SUP_sd,SUP_r1,SUP_kr,SUP_sk,INC_avg,INC_sd,INC_r1,INC_kr,INC_sk,IND_avg,IND_sd,IND_r1,IND_kr,IND_sk
267,0.214,0.1378549963,-0.0180120419,2.5710612453,0.3889951218,0.274,0.1253953747,0.1215040693,2.3550300817,0.0121964773,0.512,0.1557433787,-0.0297445099,2.5593785027,0.0066325871,0.512,0.1557433787,-0.0297445099,2.5593785027,0.0066325871
