Instance,INF_avg,INF_sd,INF_r1,INF_kr,INF_sk,SUP_avg,SUP_sd,SUP_r1,SUP_kr,SUP_sk,INC_avg,INC_sd,INC_r1,INC_kr,INC_sk,IND_avg,IND_sd,IND_r1,IND_kr,IND_sk
241,0.2402,0.0661207985,0.3220797374,3.3504961049,0.2934051249,0.315,0.0764395186,0.3247866912,2.5947698007,-0.4398883048,0.4448,0.0750530479,0.1401867882,3.7447969839,-0.0649647869,0.4448,0.0750530479,0.1401867882,3.7447969839,-0.0649647869
