Instance,INF_avg,INF_sd,INF_r1,INF_kr,INF_sk,SUP_avg,SUP_sd,SUP_r1,SUP_kr,SUP_sk,INC_avg,INC_sd,INC_r1,INC_kr,INC_sk,IND_avg,IND_sd,IND_r1,IND_kr,IND_sk
19,0.2366,0.0649956922,0.0543879781,2.7014304755,-0.2831747613,0.2278,0.0603917213,0.0373024579,3.0838011105,0.3611301584,0.5356,0.0708564747,-0.0319639046,2.8298468813,0.2409525585,0.5356,0.0708564747,-0.0319639046,2.8298468813,0.2409525585
