Instance,INF_avg,INF_sd,INF_r1,INF_kr,INF_sk,SUP_avg,SUP_sd,SUP_r1,SUP_kr,SUP_sk,INC_avg,INC_sd,INC_r1,INC_kr,INC_sk,IND_avg,IND_sd,IND_r1,IND_kr,IND_sk
25,0.19,0.1220655562,-0.5046132009,1.7790640061,0.1913373881,0.39,0.1374772708,-0.635610766,2.7025279248,-0.5126388533,0.42,0.1166190379,-0.7105263158,2.1470588235,-0.3934379306,0.42,0.1166190379,-0.7105263158,2.1470588235,-0.3934379306
