Instance,INF_avg,INF_sd,INF_r1,INF_kr,INF_sk,SUP_avg,SUP_sd,SUP_r1,SUP_kr,SUP_sk,INC_avg,INC_sd,INC_r1,INC_kr,INC_sk,IND_avg,IND_sd,IND_r1,IND_kr,IND_sk
230,0.34,0.0277488739,0.3524229075,2.1070163603,0.3018725524,0.294,0.0372021505,0.2702958064,1.8033731916,-0.1980470073,0.366,0.044260592,0.4530406621,2.4545049471,-0.2915352379,0.366,0.044260592,0.4530406621,2.4545049471,-0.2915352379
