Instance,INF_avg,INF_sd,INF_r1,INF_kr,INF_sk,SUP_avg,SUP_sd,SUP_r1,SUP_kr,SUP_sk,INC_avg,INC_sd,INC_r1,INC_kr,INC_sk,IND_avg,IND_sd,IND_r1,IND_kr,IND_sk
240,0.242,0.0278567766,0.4994110718,1.3296312042,0.2931045678,0.244,0.0174355958,-0.8882175227,1.3801939058,0.507129517,0.514,0.032,-0.0721757322,2.0369262695,-0.5844726562,0.514,0.032,-0.0721757322,2.0369262695,-0.5844726562
