Instance,INF_avg,INF_sd,INF_r1,INF_kr,INF_sk,SUP_avg,SUP_sd,SUP_r1,SUP_kr,SUP_sk,INC_avg,INC_sd,INC_r1,INC_kr,INC_sk,IND_avg,IND_sd,IND_r1,IND_kr,IND_sk
298,0.182,0.0423792402,-0.2611581598,2.282215862,-0.2573012535,0.296,0.0624819974,0.025974026,3.26259742,0.8744813951,0.522,0.0561782876,-0.2825651303,1.9073043319,0.1683938127,0.522,0.0561782876,-0.2825651303,1.9073043319,0.1683938127
