Instance,INF_avg,INF_sd,INF_r1,INF_kr,INF_sk,SUP_avg,SUP_sd,SUP_r1,SUP_kr,SUP_sk,INC_avg,INC_sd,INC_r1,INC_kr,INC_sk,IND_avg,IND_sd,IND_r1,IND_kr,IND_sk
249,0.379,0.0628410694,0.5184028042,2.9915415598,-0.341925415,0.251,0.0727255113,0.2084611961,1.6209735271,0.1695900404,0.37,0.0574456265,-0.4497991968,1.7955922865,-0.1519223179,0.37,0.0574456265,-0.4497991968,1.7955922865,-0.1519223179
