Instance,INF_avg,INF_sd,INF_r1,INF_kr,INF_sk,SUP_avg,SUP_sd,SUP_r1,SUP_kr,SUP_sk,INC_avg,INC_sd,INC_r1,INC_kr,INC_sk,IND_avg,IND_sd,IND_r1,IND_kr,IND_sk
261,0.284,0.1286234815,-0.0399736862,2.6551616415,0.4127020317,0.262,0.1440694277,0.1508709362,2.9925043419,0.1608718821,0.454,0.1486068639,0.1373705602,2.7793363509,0.0502548273,0.454,0.1486068639,0.1373705602,2.7793363509,0.0502548273
