Instance,INF_avg,INF_sd,INF_r1,INF_kr,INF_sk,SUP_avg,SUP_sd,SUP_r1,SUP_kr,SUP_sk,INC_avg,INC_sd,INC_r1,INC_kr,INC_sk,IND_avg,IND_sd,IND_r1,IND_kr,IND_sk
20,0.21,0.0489897949,-0.4705882353,2.7291666667,0.8675276172,0.27,0.081240384,0.1165413534,1.4421487603,-0.3804646085,0.52,0.0509901951,0.1975308642,1.9556213018,0.2715454179,0.52,0.0509901951,0.1975308642,1.9556213018,0.2715454179
