Instance,INF_avg,INF_sd,INF_r1,INF_kr,INF_sk,SUP_avg,SUP_sd,SUP_r1,SUP_kr,SUP_sk,INC_avg,INC_sd,INC_r1,INC_kr,INC_sk,IND_avg,IND_sd,IND_r1,IND_kr,IND_sk
25,0.198,0.0442266888,-0.5453622207,2.3088185479,-0.3520623537,0.336,0.0410365691,0.3505807814,1.8828995548,0.5567133468,0.466,0.0469467784,0.1210401025,3.1938201785,-0.7682174794,0.466,0.0469467784,0.1210401025,3.1938201785,-0.7682174794
