Instance,INF_avg,INF_sd,INF_r1,INF_kr,INF_sk,SUP_avg,SUP_sd,SUP_r1,SUP_kr,SUP_sk,INC_avg,INC_sd,INC_r1,INC_kr,INC_sk,IND_avg,IND_sd,IND_r1,IND_kr,IND_sk
73,0.4452380952,0.1100916954,0.0321869292,2.8640568763,-0.1735014932,0.1261904762,0.0629040229,0.2786733058,2.704349718,0.2331767912,0.4285714286,0.1006779739,0.1040432655,2.43279582,-0.3492620086,0.4285714286,0.1006779739,0.1040432655,2.43279582,-0.3492620086
