Instance,INF_avg,INF_sd,INF_r1,INF_kr,INF_sk,SUP_avg,SUP_sd,SUP_r1,SUP_kr,SUP_sk,INC_avg,INC_sd,INC_r1,INC_kr,INC_sk,IND_avg,IND_sd,IND_r1,IND_kr,IND_sk
39,0.2478,0.0654152887,0.0981851188,2.7016447443,0.0204095929,0.2194,0.072633601,0.3100870702,3.565059007,0.5552782501,0.5328,0.0871100453,0.2875303769,3.1798928779,-0.12980613,0.5328,0.0871100453,0.2875303769,3.1798928779,-0.12980613
