Instance,INF_avg,INF_sd,INF_r1,INF_kr,INF_sk,SUP_avg,SUP_sd,SUP_r1,SUP_kr,SUP_sk,INC_avg,INC_sd,INC_r1,INC_kr,INC_sk,IND_avg,IND_sd,IND_r1,IND_kr,IND_sk
27,0.25385,0.0460969359,0.5588702739,2.9914603792,0.270424247,0.3004,0.0485009278,0.3874219148,3.0730100556,-0.1502784725,0.44575,0.0489661873,0.5057288822,2.9174524766,0.02358091,0.44575,0.0489661873,0.5057288822,2.9174524766,0.02358091
