Instance,INF_avg,INF_sd,INF_r1,INF_kr,INF_sk,SUP_avg,SUP_sd,SUP_r1,SUP_kr,SUP_sk,INC_avg,INC_sd,INC_r1,INC_kr,INC_sk,IND_avg,IND_sd,IND_r1,IND_kr,IND_sk
300,0.248,0.073972968,-0.2886290419,2.2315071304,0.512278172,0.2592,0.0589182484,-0.242001422,2.5353072709,0.5742620354,0.4928,0.0644682868,-0.2250340763,1.9673615474,-0.2045741237,0.4928,0.0644682868,-0.2250340763,1.9673615474,-0.2045741237
