Instance,INF_avg,INF_sd,INF_r1,INF_kr,INF_sk,SUP_avg,SUP_sd,SUP_r1,SUP_kr,SUP_sk,INC_avg,INC_sd,INC_r1,INC_kr,INC_sk,IND_avg,IND_sd,IND_r1,IND_kr,IND_sk
266,0.254,0.1322270774,0.0542451263,2.936990023,0.2639123776,0.246,0.1314686274,0.0820604024,2.9837317052,0.3509530791,0.5,0.1542724862,0.0854700855,3.1318409717,0.1307301627,0.5,0.1542724862,0.0854700855,3.1318409717,0.1307301627
