Instance,INF_avg,INF_sd,INF_r1,INF_kr,INF_sk,SUP_avg,SUP_sd,SUP_r1,SUP_kr,SUP_sk,INC_avg,INC_sd,INC_r1,INC_kr,INC_sk,IND_avg,IND_sd,IND_r1,IND_kr,IND_sk
34,0.276,0.1510761397,0.0718762881,2.6093757083,0.376186522,0.265,0.1519045753,-0.0263074554,3.5715711051,0.5008989399,0.459,0.1606829176,-0.1339735116,3.1397877766,0.4663318488,0.459,0.1606829176,-0.1339735116,3.1397877766,0.4663318488
