Instance,INF_avg,INF_sd,INF_r1,INF_kr,INF_sk,SUP_avg,SUP_sd,SUP_r1,SUP_kr,SUP_sk,INC_avg,INC_sd,INC_r1,INC_kr,INC_sk,IND_avg,IND_sd,IND_r1,IND_kr,IND_sk
193,0.3135869565,0.1048039736,0.1349203147,3.1415663755,0.2261882418,0.1684782609,0.0889911425,-0.0855562549,2.7883845588,0.5441345919,0.5179347826,0.1126705282,0.0603578948,3.262879402,0.005743345,0.5179347826,0.1126705282,0.0603578948,3.262879402,0.005743345
