Instance,INF_avg,INF_sd,INF_r1,INF_kr,INF_sk,SUP_avg,SUP_sd,SUP_r1,SUP_kr,SUP_sk,INC_avg,INC_sd,INC_r1,INC_kr,INC_sk,IND_avg,IND_sd,IND_r1,IND_kr,IND_sk
6,0.232,0.056,0.0229257642,1.9380466472,-0.5160349854,0.212,0.0271293199,-0.1764705882,2.3638941399,0.7500308204,0.556,0.0571314274,-0.2625139043,1.664071511,0.2018050709,0.556,0.0571314274,-0.2625139043,1.664071511,0.2018050709
