Instance,INF_avg,INF_sd,INF_r1,INF_kr,INF_sk,SUP_avg,SUP_sd,SUP_r1,SUP_kr,SUP_sk,INC_avg,INC_sd,INC_r1,INC_kr,INC_sk,IND_avg,IND_sd,IND_r1,IND_kr,IND_sk
269,0.23565,0.0374009024,0.2369875766,2.9944915113,0.1577536354,0.28495,0.0482829939,0.5340153105,2.5450374504,0.3334538707,0.4794,0.038854086,0.1185116308,3.5493305484,0.2078241613,0.4794,0.038854086,0.1185116308,3.5493305484,0.2078241613
