Instance,INF_avg,INF_sd,INF_r1,INF_kr,INF_sk,SUP_avg,SUP_sd,SUP_r1,SUP_kr,SUP_sk,INC_avg,INC_sd,INC_r1,INC_kr,INC_sk,IND_avg,IND_sd,IND_r1,IND_kr,IND_sk
76,0.252,0.059464275,-0.1770943796,2.6765831985,0.8245568321,0.214,0.0473708771,0.2521157253,2.432430629,-0.8597534011,0.534,0.0447660586,0.1861185705,4.4091338282,-1.4949307092,0.534,0.0447660586,0.1861185705,4.4091338282,-1.4949307092
