Instance,INF_avg,INF_sd,INF_r1,INF_kr,INF_sk,SUP_avg,SUP_sd,SUP_r1,SUP_kr,SUP_sk,INC_avg,INC_sd,INC_r1,INC_kr,INC_sk,IND_avg,IND_sd,IND_r1,IND_kr,IND_sk
139,0.28615,0.0433984735,0.3955389192,2.6866557759,-0.2011992001,0.2328,0.0469271776,0.5910945407,3.1335283739,0.6497644137,0.48105,0.0418108539,0.1529428544,2.6584758896,0.0518312758,0.48105,0.0418108539,0.1529428544,2.6584758896,0.0518312758
