Instance,INF_avg,INF_sd,INF_r1,INF_kr,INF_sk,SUP_avg,SUP_sd,SUP_r1,SUP_kr,SUP_sk,INC_avg,INC_sd,INC_r1,INC_kr,INC_sk,IND_avg,IND_sd,IND_r1,IND_kr,IND_sk
156,0.247,0.0328785644,0.0408295528,2.7692324149,-0.2403934879,0.228,0.0411825206,-0.2048192771,1.8173838555,-0.0889963579,0.525,0.0412916456,-0.093206951,1.8949355441,0.409077801,0.525,0.0412916456,-0.093206951,1.8949355441,0.409077801
