Instance,INF_avg,INF_sd,INF_r1,INF_kr,INF_sk,SUP_avg,SUP_sd,SUP_r1,SUP_kr,SUP_sk,INC_avg,INC_sd,INC_r1,INC_kr,INC_sk,IND_avg,IND_sd,IND_r1,IND_kr,IND_sk
213,0.2498,0.037722142,0.1478973048,4.3093457026,0.8312443227,0.234,0.0331662479,-0.0020393951,3.779461157,0.0947293824,0.5162,0.0411650337,-0.3036416263,2.9869054077,0.0488535142,0.5162,0.0411650337,-0.3036416263,2.9869054077,0.0488535142
