Instance,INF_avg,INF_sd,INF_r1,INF_kr,INF_sk,SUP_avg,SUP_sd,SUP_r1,SUP_kr,SUP_sk,INC_avg,INC_sd,INC_r1,INC_kr,INC_sk,IND_avg,IND_sd,IND_r1,IND_kr,IND_sk
243,0.2632,0.052514379,0.335748365,2.9886287214,0.4870303532,0.2564,0.0416538114,0.1544591752,2.4824788922,0.3811359606,0.4804,0.0508708168,0.2555334768,3.8727756065,-0.338678195,0.4804,0.0508708168,0.2555334768,3.8727756065,-0.338678195
