Instance,INF_avg,INF_sd,INF_r1,INF_kr,INF_sk,SUP_avg,SUP_sd,SUP_r1,SUP_kr,SUP_sk,INC_avg,INC_sd,INC_r1,INC_kr,INC_sk,IND_avg,IND_sd,IND_r1,IND_kr,IND_sk
139,0.247,0.0436577599,-0.1301924114,2.3496909852,-0.2937568013,0.344,0.032,-0.266124231,2.1991462708,-0.4883422852,0.409,0.0461952378,-0.679778179,1.2412684708,-0.1696276309,0.409,0.0461952378,-0.679778179,1.2412684708,-0.1696276309
