Instance,INF_avg,INF_sd,INF_r1,INF_kr,INF_sk,SUP_avg,SUP_sd,SUP_r1,SUP_kr,SUP_sk,INC_avg,INC_sd,INC_r1,INC_kr,INC_sk,IND_avg,IND_sd,IND_r1,IND_kr,IND_sk
84,0.23485,0.0406291459,0.5257112003,2.793094894,0.2953969789,0.22585,0.033136498,0.2573042477,2.770621361,0.1373696616,0.5393,0.0432089111,0.4437428466,2.6814515305,-0.2149017017,0.5393,0.0432089111,0.4437428466,2.6814515305,-0.2149017017
