Instance,INF_avg,INF_sd,INF_r1,INF_kr,INF_sk,SUP_avg,SUP_sd,SUP_r1,SUP_kr,SUP_sk,INC_avg,INC_sd,INC_r1,INC_kr,INC_sk,IND_avg,IND_sd,IND_r1,IND_kr,IND_sk
234,0.3082,0.0393796902,-0.053875169,2.5984062108,0.1499945757,0.2154,0.0428116806,0.2035796941,2.8188425127,0.4263007981,0.4764,0.0523358386,0.2102471289,2.2639021105,0.1221366827,0.4764,0.0523358386,0.2102471289,2.2639021105,0.1221366827
