Instance,INF_avg,INF_sd,INF_r1,INF_kr,INF_sk,SUP_avg,SUP_sd,SUP_r1,SUP_kr,SUP_sk,INC_avg,INC_sd,INC_r1,INC_kr,INC_sk,IND_avg,IND_sd,IND_r1,IND_kr,IND_sk
146,0.246,0.0829698741,-0.1952346852,2.0852493432,0.3079182358,0.24,0.0758946638,-0.2428571429,2.1701388889,0.3184237922,0.514,0.0938296328,-0.537054487,1.8163023664,0.0264963486,0.514,0.0938296328,-0.537054487,1.8163023664,0.0264963486
