Instance,INF_avg,INF_sd,INF_r1,INF_kr,INF_sk,SUP_avg,SUP_sd,SUP_r1,SUP_kr,SUP_sk,INC_avg,INC_sd,INC_r1,INC_kr,INC_sk,IND_avg,IND_sd,IND_r1,IND_kr,IND_sk
227,0.2248,0.050368244,-0.2374432079,2.3812707404,0.1940581715,0.3024,0.0691248146,-0.1495117261,2.7531323893,0.2009805089,0.4728,0.0595664335,-0.1877564681,4.0610343541,1.0139212212,0.4728,0.0595664335,-0.1877564681,4.0610343541,1.0139212212
