Instance,INF_avg,INF_sd,INF_r1,INF_kr,INF_sk,SUP_avg,SUP_sd,SUP_r1,SUP_kr,SUP_sk,INC_avg,INC_sd,INC_r1,INC_kr,INC_sk,IND_avg,IND_sd,IND_r1,IND_kr,IND_sk
186,0.23,0.09,0.3071161049,1.5724737083,0.1975308642,0.325,0.0981070844,0.324137931,1.906729634,-0.3177021453,0.445,0.1011187421,0.1768520828,4.561528207,1.2244434452,0.445,0.1011187421,0.1768520828,4.561528207,1.2244434452
