Instance,INF_avg,INF_sd,INF_r1,INF_kr,INF_sk,SUP_avg,SUP_sd,SUP_r1,SUP_kr,SUP_sk,INC_avg,INC_sd,INC_r1,INC_kr,INC_sk,IND_avg,IND_sd,IND_r1,IND_kr,IND_sk
112,0.238,0.0914111591,-0.1293579414,2.8559721865,0.4746386227,0.247,0.0874128137,0.1142497528,3.7613822832,0.3612641138,0.515,0.1073545528,0.0582123352,2.3958902885,0.2630810653,0.515,0.1073545528,0.0582123352,2.3958902885,0.2630810653
