Instance,INF_avg,INF_sd,INF_r1,INF_kr,INF_sk,SUP_avg,SUP_sd,SUP_r1,SUP_kr,SUP_sk,INC_avg,INC_sd,INC_r1,INC_kr,INC_sk,IND_avg,IND_sd,IND_r1,IND_kr,IND_sk
192,0.246,0.0915641851,0.3324412428,2.4606921217,0.4698243522,0.292,0.1036146708,-0.3214775505,4.3165676826,0.8613537214,0.462,0.1051475154,-0.2506821903,2.3732504539,0.5077423227,0.462,0.1051475154,-0.2506821903,2.3732504539,0.5077423227
