Instance,INF_avg,INF_sd,INF_r1,INF_kr,INF_sk,SUP_avg,SUP_sd,SUP_r1,SUP_kr,SUP_sk,INC_avg,INC_sd,INC_r1,INC_kr,INC_sk,IND_avg,IND_sd,IND_r1,IND_kr,IND_sk
151,0.3589320388,0.0963500155,0.6970452544,2.1092477501,0.2492246958,0.1214563107,0.067642805,0.8106399158,2.5429807517,0.4634328119,0.5196116505,0.0568240741,0.0672403837,2.8700603304,-0.32226996,0.5196116505,0.0568240741,0.0672403837,2.8700603304,-0.32226996
