Instance,INF_avg,INF_sd,INF_r1,INF_kr,INF_sk,SUP_avg,SUP_sd,SUP_r1,SUP_kr,SUP_sk,INC_avg,INC_sd,INC_r1,INC_kr,INC_sk,IND_avg,IND_sd,IND_r1,IND_kr,IND_sk
286,0.5406666667,0.172161423,0.841687144,2.1052879666,-0.4348628073,0.185,0.1412621676,0.8000128968,2.0775060725,0.5824108094,0.2743333333,0.0710015649,0.3746279102,3.6033081749,0.1643206973,0.2743333333,0.0710015649,0.3746279102,3.6033081749,0.1643206973
