Instance,INF_avg,INF_sd,INF_r1,INF_kr,INF_sk,SUP_avg,SUP_sd,SUP_r1,SUP_kr,SUP_sk,INC_avg,INC_sd,INC_r1,INC_kr,INC_sk,IND_avg,IND_sd,IND_r1,IND_kr,IND_sk
248,0.35,0.0357770876,-0.1811023622,1.7333984375,0.0786117648,0.223,0.0447325385,0.4015870175,1.6539698666,-0.392537982,0.427,0.0349428104,0.2550744926,2.693766136,0.4902359291,0.427,0.0349428104,0.2550744926,2.693766136,0.4902359291
