Instance,INF_avg,INF_sd,INF_r1,INF_kr,INF_sk,SUP_avg,SUP_sd,SUP_r1,SUP_kr,SUP_sk,INC_avg,INC_sd,INC_r1,INC_kr,INC_sk,IND_avg,IND_sd,IND_r1,IND_kr,IND_sk
274,0.2745,0.0920584054,0.0319206081,2.9749176334,-0.498416073,0.2975,0.1107643896,0.2567571123,3.5563531549,0.3556308851,0.428,0.1054324428,0.1861150946,3.4630522628,-0.0709871334,0.428,0.1054324428,0.1861150946,3.4630522628,-0.0709871334
