Instance,INF_avg,INF_sd,INF_r1,INF_kr,INF_sk,SUP_avg,SUP_sd,SUP_r1,SUP_kr,SUP_sk,INC_avg,INC_sd,INC_r1,INC_kr,INC_sk,IND_avg,IND_sd,IND_r1,IND_kr,IND_sk
102,0.2245,0.0313488437,0.0551420365,3.4044860333,-0.1611833852,0.25765,0.0331998117,0.2566256884,2.4223558086,0.2143790323,0.51785,0.0378830767,0.0301437805,2.5953033958,0.1351050205,0.51785,0.0378830767,0.0301437805,2.5953033958,0.1351050205
