Instance,INF_avg,INF_sd,INF_r1,INF_kr,INF_sk,SUP_avg,SUP_sd,SUP_r1,SUP_kr,SUP_sk,INC_avg,INC_sd,INC_r1,INC_kr,INC_sk,IND_avg,IND_sd,IND_r1,IND_kr,IND_sk
174,0.282,0.1337011593,0.0170972695,2.2910427774,0.3310134404,0.238,0.1231097072,-0.0440759149,2.3322458832,0.3415835964,0.48,0.1697056275,-0.1324239841,2.6678240741,-0.2504336517,0.48,0.1697056275,-0.1324239841,2.6678240741,-0.2504336517
