Instance,INF_avg,INF_sd,INF_r1,INF_kr,INF_sk,SUP_avg,SUP_sd,SUP_r1,SUP_kr,SUP_sk,INC_avg,INC_sd,INC_r1,INC_kr,INC_sk,IND_avg,IND_sd,IND_r1,IND_kr,IND_sk
171,0.243,0.1478208375,0.1231263222,2.3710817533,0.2574939541,0.29,0.162788206,0.0537113441,3.9090494838,0.6203221633,0.467,0.1844207147,0.1731362531,2.7888747588,-0.0840156296,0.467,0.1844207147,0.1731362531,2.7888747588,-0.0840156296
