Instance,INF_avg,INF_sd,INF_r1,INF_kr,INF_sk,SUP_avg,SUP_sd,SUP_r1,SUP_kr,SUP_sk,INC_avg,INC_sd,INC_r1,INC_kr,INC_sk,IND_avg,IND_sd,IND_r1,IND_kr,IND_sk
258,0.274,0.0278208555,-0.0998526161,2.7070388398,0.8590398961,0.232,0.0220454077,-0.5704286964,1.9338261444,0.0677613761,0.494,0.0251793566,-0.1480075901,2.4616674462,0.9539134698,0.494,0.0251793566,-0.1480075901,2.4616674462,0.9539134698
