Instance,INF_avg,INF_sd,INF_r1,INF_kr,INF_sk,SUP_avg,SUP_sd,SUP_r1,SUP_kr,SUP_sk,INC_avg,INC_sd,INC_r1,INC_kr,INC_sk,IND_avg,IND_sd,IND_r1,IND_kr,IND_sk
258,0.264,0.0300665928,0.0319715808,2.5084579842,-0.7841001948,0.202,0.0278567766,0.4663382594,1.3296312042,0.2931045678,0.534,0.0215406592,-0.6666666667,1.7636741974,-0.403407114,0.534,0.0215406592,-0.6666666667,1.7636741974,-0.403407114
