Instance,INF_avg,INF_sd,INF_r1,INF_kr,INF_sk,SUP_avg,SUP_sd,SUP_r1,SUP_kr,SUP_sk,INC_avg,INC_sd,INC_r1,INC_kr,INC_sk,IND_avg,IND_sd,IND_r1,IND_kr,IND_sk
194,0.4394623656,0.1216385938,0.9432981007,1.8578753076,0.2075482249,0.0891397849,0.0813152093,0.9247674447,2.4977603021,0.8506591419,0.4713978495,0.0647508276,0.7475417341,2.3919643868,-0.3941135898,0.4713978495,0.0647508276,0.7475417341,2.3919643868,-0.3941135898
