Instance,INF_avg,INF_sd,INF_r1,INF_kr,INF_sk,SUP_avg,SUP_sd,SUP_r1,SUP_kr,SUP_sk,INC_avg,INC_sd,INC_r1,INC_kr,INC_sk,IND_avg,IND_sd,IND_r1,IND_kr,IND_sk
164,0.238,0.1037111373,0.0946380228,2.8192675392,0.3217736729,0.237,0.0978825827,0.1975420566,2.418698841,0.4540947808,0.525,0.1154339638,0.0699202252,2.7471144606,-0.3413174378,0.525,0.1154339638,0.0699202252,2.7471144606,-0.3413174378
