Instance,INF_avg,INF_sd,INF_r1,INF_kr,INF_sk,SUP_avg,SUP_sd,SUP_r1,SUP_kr,SUP_sk,INC_avg,INC_sd,INC_r1,INC_kr,INC_sk,IND_avg,IND_sd,IND_r1,IND_kr,IND_sk
43,0.31,0.1673320053,0.5633561644,2.4302040816,0.235630783,0.194,0.1243543325,0.6698799876,2.1320738533,0.4646702264,0.496,0.0947839649,0.2453389907,2.1057921117,-0.343058805,0.496,0.0947839649,0.2453389907,2.1057921117,-0.343058805
