Instance,INF_avg,INF_sd,INF_r1,INF_kr,INF_sk,SUP_avg,SUP_sd,SUP_r1,SUP_kr,SUP_sk,INC_avg,INC_sd,INC_r1,INC_kr,INC_sk,IND_avg,IND_sd,IND_r1,IND_kr,IND_sk
254,0.3716363636,0.1039364078,0.3782731636,2.4971830054,-0.1046082888,0.1305454545,0.080980765,0.4917113317,3.0894405916,0.6914708114,0.4978181818,0.0743136084,0.0049887156,2.8713971449,-0.1777133426,0.4978181818,0.0743136084,0.0049887156,2.8713971449,-0.1777133426
