Instance,INF_avg,INF_sd,INF_r1,INF_kr,INF_sk,SUP_avg,SUP_sd,SUP_r1,SUP_kr,SUP_sk,INC_avg,INC_sd,INC_r1,INC_kr,INC_sk,IND_avg,IND_sd,IND_r1,IND_kr,IND_sk
262,0.2702,0.0442940177,0.0122044257,2.8768545332,0.3954153489,0.2382,0.0451083141,0.0424963054,2.7643045815,0.2733959495,0.4916,0.0504126968,-0.1248130379,2.5927194094,-0.4883124865,0.4916,0.0504126968,-0.1248130379,2.5927194094,-0.4883124865
