Instance,INF_avg,INF_sd,INF_r1,INF_kr,INF_sk,SUP_avg,SUP_sd,SUP_r1,SUP_kr,SUP_sk,INC_avg,INC_sd,INC_r1,INC_kr,INC_sk,IND_avg,IND_sd,IND_r1,IND_kr,IND_sk
298,0.3875,0.0319570024,-0.0363516193,1.9262414811,0.0861776063,0.2175,0.0257147817,0.3449334698,2.481355484,0.5314957336,0.395,0.0334664011,0.2298850575,1.9684709821,0.5382530624,0.395,0.0334664011,0.2298850575,1.9684709821,0.5382530624
