Instance,INF_avg,INF_sd,INF_r1,INF_kr,INF_sk,SUP_avg,SUP_sd,SUP_r1,SUP_kr,SUP_sk,INC_avg,INC_sd,INC_r1,INC_kr,INC_sk,IND_avg,IND_sd,IND_r1,IND_kr,IND_sk
279,0.25,0.1374772708,-0.0132625995,3.8527756782,0.5772960059,0.22,0.1095445115,-0.2297843666,2.02,-0.0365148372,0.53,0.1577973384,-0.031267583,2.8704214448,0.0488654844,0.53,0.1577973384,-0.031267583,2.8704214448,0.0488654844
