Instance,INF_avg,INF_sd,INF_r1,INF_kr,INF_sk,SUP_avg,SUP_sd,SUP_r1,SUP_kr,SUP_sk,INC_avg,INC_sd,INC_r1,INC_kr,INC_sk,IND_avg,IND_sd,IND_r1,IND_kr,IND_sk
285,0.2246,0.0660820702,0.0466769724,2.9412422056,0.384379313,0.2652,0.0580082753,0.1189822532,2.2666389452,0.0779014577,0.5102,0.0689054425,0.0633504726,2.9467938445,-0.2455945535,0.5102,0.0689054425,0.0633504726,2.9467938445,-0.2455945535
