Instance,INF_avg,INF_sd,INF_r1,INF_kr,INF_sk,SUP_avg,SUP_sd,SUP_r1,SUP_kr,SUP_sk,INC_avg,INC_sd,INC_r1,INC_kr,INC_sk,IND_avg,IND_sd,IND_r1,IND_kr,IND_sk
169,0.31,0.13,-0.3175885643,1.7932495361,0.087391898,0.25,0.15,-0.3258426966,3.3703703704,1.0666666667,0.44,0.12,-0.0252808989,2.787037037,0.5833333333,0.44,0.12,-0.0252808989,2.787037037,0.5833333333
