Instance,INF_avg,INF_sd,INF_r1,INF_kr,INF_sk,SUP_avg,SUP_sd,SUP_r1,SUP_kr,SUP_sk,INC_avg,INC_sd,INC_r1,INC_kr,INC_sk,IND_avg,IND_sd,IND_r1,IND_kr,IND_sk
29,0.3815789474,0.1305761789,0.8122045938,1.6863478862,0.134216219,0.1376315789,0.088627969,0.8403322977,1.8305181312,0.1732926377,0.4807894737,0.0682249213,0.2992027694,2.2177274812,0.0237055504,0.4807894737,0.0682249213,0.2992027694,2.2177274812,0.0237055504
