Instance,INF_avg,INF_sd,INF_r1,INF_kr,INF_sk,SUP_avg,SUP_sd,SUP_r1,SUP_kr,SUP_sk,INC_avg,INC_sd,INC_r1,INC_kr,INC_sk,IND_avg,IND_sd,IND_r1,IND_kr,IND_sk
159,0.3325,0.0340771184,0.5190713101,2.1191866899,0.0938162073,0.2915,0.0275726314,0.0278268774,2.3580676064,-0.8020191499,0.376,0.029563491,0.3473101266,1.5328692091,-0.3269540763,0.376,0.029563491,0.3473101266,1.5328692091,-0.3269540763
