Instance,INF_avg,INF_sd,INF_r1,INF_kr,INF_sk,SUP_avg,SUP_sd,SUP_r1,SUP_kr,SUP_sk,INC_avg,INC_sd,INC_r1,INC_kr,INC_sk,IND_avg,IND_sd,IND_r1,IND_kr,IND_sk
49,0.232,0.1075918213,0.0859487602,2.1931372441,-0.3485105994,0.246,0.1130663522,0.0018394628,2.0857043614,-0.212065494,0.522,0.1087014259,0.0857589225,1.9946333512,-0.0821416083,0.522,0.1087014259,0.0857589225,1.9946333512,-0.0821416083
