Instance,INF_avg,INF_sd,INF_r1,INF_kr,INF_sk,SUP_avg,SUP_sd,SUP_r1,SUP_kr,SUP_sk,INC_avg,INC_sd,INC_r1,INC_kr,INC_sk,IND_avg,IND_sd,IND_r1,IND_kr,IND_sk
128,0.2592,0.0460365073,-0.1932165207,2.5836413052,0.4030727637,0.2724,0.0346733327,-0.1962751517,3.9598810815,0.3850255727,0.4684,0.0460156495,-0.3291859483,2.0212686791,0.1125649466,0.4684,0.0460156495,-0.3291859483,2.0212686791,0.1125649466
