Instance,INF_avg,INF_sd,INF_r1,INF_kr,INF_sk,SUP_avg,SUP_sd,SUP_r1,SUP_kr,SUP_sk,INC_avg,INC_sd,INC_r1,INC_kr,INC_sk,IND_avg,IND_sd,IND_r1,IND_kr,IND_sk
268,0.2476,0.0539466403,0.0151996305,4.5209643584,0.5027307205,0.2518,0.0463331415,0.1673215661,2.7030592001,0.5451268826,0.5006,0.0495745903,-0.0722001761,2.5608853162,0.1010865578,0.5006,0.0495745903,-0.0722001761,2.5608853162,0.1010865578
