Instance,INF_avg,INF_sd,INF_r1,INF_kr,INF_sk,SUP_avg,SUP_sd,SUP_r1,SUP_kr,SUP_sk,INC_avg,INC_sd,INC_r1,INC_kr,INC_sk,IND_avg,IND_sd,IND_r1,IND_kr,IND_sk
256,0.24,0.033015148,-0.4158415842,3.0858092753,-1.3921882979,0.258,0.0229346899,-0.5612985903,1.6427951828,0.6311524265,0.502,0.0215870331,-0.0665972945,2.3185267734,-0.5272597755,0.502,0.0215870331,-0.0665972945,2.3185267734,-0.5272597755
