Instance,INF_avg,INF_sd,INF_r1,INF_kr,INF_sk,SUP_avg,SUP_sd,SUP_r1,SUP_kr,SUP_sk,INC_avg,INC_sd,INC_r1,INC_kr,INC_sk,IND_avg,IND_sd,IND_r1,IND_kr,IND_sk
290,0.228,0.0530659966,-0.2911184211,1.8004907025,-0.0488242802,0.3136,0.0541760095,-0.1775609584,2.5442705753,0.3640988956,0.4584,0.0603774792,-0.2834313303,4.1715730682,-1.005067249,0.4584,0.0603774792,-0.2834313303,4.1715730682,-1.005067249
