Instance,INF_avg,INF_sd,INF_r1,INF_kr,INF_sk,SUP_avg,SUP_sd,SUP_r1,SUP_kr,SUP_sk,INC_avg,INC_sd,INC_r1,INC_kr,INC_sk,IND_avg,IND_sd,IND_r1,IND_kr,IND_sk
77,0.252,0.0685273668,-0.2794303043,2.3155173565,-0.1652680357,0.304,0.0773563184,-0.2909874969,2.0089007407,-0.0688528528,0.444,0.1051855503,-0.2240410101,2.5764097038,-0.3571418355,0.444,0.1051855503,-0.2240410101,2.5764097038,-0.3571418355
