Instance,INF_avg,INF_sd,INF_r1,INF_kr,INF_sk,SUP_avg,SUP_sd,SUP_r1,SUP_kr,SUP_sk,INC_avg,INC_sd,INC_r1,INC_kr,INC_sk,IND_avg,IND_sd,IND_r1,IND_kr,IND_sk
281,0.254,0.0324653662,-0.6830590124,2.1886461263,-0.0704881946,0.248,0.0197737199,-0.7353033637,2.7983006391,-0.7302570152,0.498,0.0294278779,-0.4148653335,2.2717759442,-0.5541005931,0.498,0.0294278779,-0.4148653335,2.2717759442,-0.5541005931
