Instance,INF_avg,INF_sd,INF_r1,INF_kr,INF_sk,SUP_avg,SUP_sd,SUP_r1,SUP_kr,SUP_sk,INC_avg,INC_sd,INC_r1,INC_kr,INC_sk,IND_avg,IND_sd,IND_r1,IND_kr,IND_sk
107,0.2168,0.065404587,0.0989392752,2.6272005174,-0.4272590816,0.3096,0.0617401004,0.1100735135,2.6793105789,0.1008495398,0.4736,0.0758356117,0.000943814,1.951766972,0.0674153735,0.4736,0.0758356117,0.000943814,1.951766972,0.0674153735
