Instance,INF_avg,INF_sd,INF_r1,INF_kr,INF_sk,SUP_avg,SUP_sd,SUP_r1,SUP_kr,SUP_sk,INC_avg,INC_sd,INC_r1,INC_kr,INC_sk,IND_avg,IND_sd,IND_r1,IND_kr,IND_sk
104,0.2095,0.0958371014,0.120674999,2.8692986202,0.3932192607,0.3155,0.1080960221,0.0810222232,2.7877557867,0.3516697361,0.475,0.1203120942,0.1580865604,3.9873553652,-0.4500385277,0.475,0.1203120942,0.1580865604,3.9873553652,-0.4500385277
