Instance,INF_avg,INF_sd,INF_r1,INF_kr,INF_sk,SUP_avg,SUP_sd,SUP_r1,SUP_kr,SUP_sk,INC_avg,INC_sd,INC_r1,INC_kr,INC_sk,IND_avg,IND_sd,IND_r1,IND_kr,IND_sk
123,0.239,0.0801810451,0.0683870484,2.4609570333,0.3317038359,0.231,0.0786701977,-0.1365072985,2.3005946863,-0.0058904493,0.53,0.0866025404,-0.0429613618,3.3552,0.0508068237,0.53,0.0866025404,-0.0429613618,3.3552,0.0508068237
