Instance,INF_avg,INF_sd,INF_r1,INF_kr,INF_sk,SUP_avg,SUP_sd,SUP_r1,SUP_kr,SUP_sk,INC_avg,INC_sd,INC_r1,INC_kr,INC_sk,IND_avg,IND_sd,IND_r1,IND_kr,IND_sk
54,0.2392,0.0796954202,0.0888762302,2.4620831743,0.5908711162,0.2576,0.0744730824,0.122140739,3.3106398392,-0.0078762444,0.5032,0.0777030244,-0.0821657688,2.1427181932,-0.23547851,0.5032,0.0777030244,-0.0821657688,2.1427181932,-0.23547851
