Instance,INF_avg,INF_sd,INF_r1,INF_kr,INF_sk,SUP_avg,SUP_sd,SUP_r1,SUP_kr,SUP_sk,INC_avg,INC_sd,INC_r1,INC_kr,INC_sk,IND_avg,IND_sd,IND_r1,IND_kr,IND_sk
265,0.319,0.1108557621,-0.3097024933,2.0473110691,-0.1430162783,0.317,0.1089082182,-0.0399388292,2.4348482433,0.0020715916,0.364,0.1315446692,-0.1646637941,2.1548213781,0.0639156801,0.364,0.1315446692,-0.1646637941,2.1548213781,0.0639156801
