Instance,INF_avg,INF_sd,INF_r1,INF_kr,INF_sk,SUP_avg,SUP_sd,SUP_r1,SUP_kr,SUP_sk,INC_avg,INC_sd,INC_r1,INC_kr,INC_sk,IND_avg,IND_sd,IND_r1,IND_kr,IND_sk
296,0.2298,0.0450328769,-0.0103948816,3.5705434553,-0.5532251438,0.2663,0.0467686861,0.0157267794,3.4783648197,-0.3364712468,0.5039,0.0453628703,-0.1116944205,3.2878368134,0.4912253192,0.5039,0.0453628703,-0.1116944205,3.2878368134,0.4912253192
