Instance,INF_avg,INF_sd,INF_r1,INF_kr,INF_sk,SUP_avg,SUP_sd,SUP_r1,SUP_kr,SUP_sk,INC_avg,INC_sd,INC_r1,INC_kr,INC_sk,IND_avg,IND_sd,IND_r1,IND_kr,IND_sk
193,0.4220209059,0.1004212014,0.8966981417,1.9888234967,-0.1356248484,0.0915853659,0.069669545,0.9135505042,2.848480066,0.875105556,0.4863937282,0.0477924705,0.5062172716,2.5495242939,-0.2561274272,0.4863937282,0.0477924705,0.5062172716,2.5495242939,-0.2561274272
