Instance,INF_avg,INF_sd,INF_r1,INF_kr,INF_sk,SUP_avg,SUP_sd,SUP_r1,SUP_kr,SUP_sk,INC_avg,INC_sd,INC_r1,INC_kr,INC_sk,IND_avg,IND_sd,IND_r1,IND_kr,IND_sk
185,0.225,0.0291547595,0.4088235294,2.9442906574,-0.1876396285,0.268,0.0407553677,0.0632503475,3.8903205275,0.8855793772,0.507,0.0309192497,-0.202142206,2.2993316819,-0.1190508302,0.507,0.0309192497,-0.202142206,2.2993316819,-0.1190508302
