Instance,INF_avg,INF_sd,INF_r1,INF_kr,INF_sk,SUP_avg,SUP_sd,SUP_r1,SUP_kr,SUP_sk,INC_avg,INC_sd,INC_r1,INC_kr,INC_sk,IND_avg,IND_sd,IND_r1,IND_kr,IND_sk
118,0.2541666667,0.1029933925,-0.0460091136,1.7347992746,-0.0546912982,0.2166666667,0.1196058341,-0.2628062361,1.8295786596,-0.1041717322,0.5291666667,0.1376262047,-0.1969635132,3.5023032376,-0.7132303139,0.5291666667,0.1376262047,-0.1969635132,3.5023032376,-0.7132303139
