Instance,INF_avg,INF_sd,INF_r1,INF_kr,INF_sk,SUP_avg,SUP_sd,SUP_r1,SUP_kr,SUP_sk,INC_avg,INC_sd,INC_r1,INC_kr,INC_sk,IND_avg,IND_sd,IND_r1,IND_kr,IND_sk
208,0.25,0.0911043358,-0.0060606061,2.6963274786,-0.2380429735,0.285,0.109658561,0.002135589,2.5128565316,0.2593573013,0.465,0.1045227248,0.0305332771,2.3000644084,0.0591114489,0.465,0.1045227248,0.0305332771,2.3000644084,0.0591114489
