Instance,INF_avg,INF_sd,INF_r1,INF_kr,INF_sk,SUP_avg,SUP_sd,SUP_r1,SUP_kr,SUP_sk,INC_avg,INC_sd,INC_r1,INC_kr,INC_sk,IND_avg,IND_sd,IND_r1,IND_kr,IND_sk
121,0.276,0.0533666563,0.1868296333,2.715124353,-0.3031813573,0.1752,0.050684909,0.2252551522,3.9136292781,-0.2016503138,0.5488,0.0622459637,0.4490144086,3.7945436889,-0.3407053396,0.5488,0.0622459637,0.4490144086,3.7945436889,-0.3407053396
