Instance,INF_avg,INF_sd,INF_r1,INF_kr,INF_sk,SUP_avg,SUP_sd,SUP_r1,SUP_kr,SUP_sk,INC_avg,INC_sd,INC_r1,INC_kr,INC_sk,IND_avg,IND_sd,IND_r1,IND_kr,IND_sk
208,0.4344067797,0.091340077,0.8472872727,2.0494380482,-0.1394229268,0.0697740113,0.0557380354,0.8846007418,3.3327981742,1.0856519153,0.495819209,0.0516483227,0.5211206688,2.7339966759,0.0013693786,0.495819209,0.0516483227,0.5211206688,2.7339966759,0.0013693786
