Instance,INF_avg,INF_sd,INF_r1,INF_kr,INF_sk,SUP_avg,SUP_sd,SUP_r1,SUP_kr,SUP_sk,INC_avg,INC_sd,INC_r1,INC_kr,INC_sk,IND_avg,IND_sd,IND_r1,IND_kr,IND_sk
70,0.2669,0.0353184088,-0.0635304157,2.6621182404,0.171839187,0.22505,0.0283944977,0.1801431688,4.0235548362,0.5389340251,0.50805,0.0400867497,0.034240484,2.6280876514,0.2602066088,0.50805,0.0400867497,0.034240484,2.6280876514,0.2602066088
