Instance,INF_avg,INF_sd,INF_r1,INF_kr,INF_sk,SUP_avg,SUP_sd,SUP_r1,SUP_kr,SUP_sk,INC_avg,INC_sd,INC_r1,INC_kr,INC_sk,IND_avg,IND_sd,IND_r1,IND_kr,IND_sk
88,0.2548,0.0649689156,0.21964777,3.1458272717,0.3310622056,0.2748,0.0730271183,-0.0722047096,5.0005810421,1.0183953539,0.4704,0.0715251005,0.0311008676,3.3631508609,-0.2901773401,0.4704,0.0715251005,0.0311008676,3.3631508609,-0.2901773401
