Instance,INF_avg,INF_sd,INF_r1,INF_kr,INF_sk,SUP_avg,SUP_sd,SUP_r1,SUP_kr,SUP_sk,INC_avg,INC_sd,INC_r1,INC_kr,INC_sk,IND_avg,IND_sd,IND_r1,IND_kr,IND_sk
126,0.2596,0.0397472012,-0.2094301789,2.3381360459,-0.2303417161,0.262,0.0518459256,-0.0432168581,2.5314891582,0.2111338248,0.4784,0.0474704118,-0.0594635386,2.4039756067,0.2342731973,0.4784,0.0474704118,-0.0594635386,2.4039756067,0.2342731973
