Instance,INF_avg,INF_sd,INF_r1,INF_kr,INF_sk,SUP_avg,SUP_sd,SUP_r1,SUP_kr,SUP_sk,INC_avg,INC_sd,INC_r1,INC_kr,INC_sk,IND_avg,IND_sd,IND_r1,IND_kr,IND_sk
240,0.25875,0.0328890179,-0.0017637713,3.4298795152,0.2042698694,0.25165,0.0324657897,0.081951753,3.4895221466,0.1475554084,0.4896,0.0331034741,-0.0703354697,3.163705426,-0.2836557638,0.4896,0.0331034741,-0.0703354697,3.163705426,-0.2836557638
