Instance,INF_avg,INF_sd,INF_r1,INF_kr,INF_sk,SUP_avg,SUP_sd,SUP_r1,SUP_kr,SUP_sk,INC_avg,INC_sd,INC_r1,INC_kr,INC_sk,IND_avg,IND_sd,IND_r1,IND_kr,IND_sk
206,0.244,0.090354856,0.0289746011,2.8510841325,0.0164954705,0.264,0.105848949,0.1088980812,3.047019215,0.2754695071,0.492,0.1148303096,0.0373033403,2.4868535678,-0.2149875974,0.492,0.1148303096,0.0373033403,2.4868535678,-0.2149875974
