Instance,INF_avg,INF_sd,INF_r1,INF_kr,INF_sk,SUP_avg,SUP_sd,SUP_r1,SUP_kr,SUP_sk,INC_avg,INC_sd,INC_r1,INC_kr,INC_sk,IND_avg,IND_sd,IND_r1,IND_kr,IND_sk
14,0.33,0.1526433752,0.0198723136,2.7199801065,0.4656144511,0.39,0.1486606875,-0.0712006564,3.087754141,0.3908198495,0.28,0.1574801575,0.0066807314,2.7211238293,0.3625648787,0.28,0.1574801575,0.0066807314,2.7211238293,0.3625648787
