Instance,INF_avg,INF_sd,INF_r1,INF_kr,INF_sk,SUP_avg,SUP_sd,SUP_r1,SUP_kr,SUP_sk,INC_avg,INC_sd,INC_r1,INC_kr,INC_sk,IND_avg,IND_sd,IND_r1,IND_kr,IND_sk
35,0.2036,0.0686661489,0.1515387124,2.6098909502,0.2487954248,0.2424,0.0845354364,0.43067784,2.9511009568,0.6148101013,0.554,0.0759210116,0.2235200702,2.7767444056,-0.1627755532,0.554,0.0759210116,0.2235200702,2.7767444056,-0.1627755532
