Instance,INF_avg,INF_sd,INF_r1,INF_kr,INF_sk,SUP_avg,SUP_sd,SUP_r1,SUP_kr,SUP_sk,INC_avg,INC_sd,INC_r1,INC_kr,INC_sk,IND_avg,IND_sd,IND_r1,IND_kr,IND_sk
36,0.256,0.0674091982,-0.6208104052,1.7020680421,-0.281442763,0.27,0.0608276253,0.1172413793,4.0223520818,1.2050001448,0.474,0.0698856208,-0.435282275,2.8161131871,0.9402516987,0.474,0.0698856208,-0.435282275,2.8161131871,0.9402516987
