Instance,INF_avg,INF_sd,INF_r1,INF_kr,INF_sk,SUP_avg,SUP_sd,SUP_r1,SUP_kr,SUP_sk,INC_avg,INC_sd,INC_r1,INC_kr,INC_sk,IND_avg,IND_sd,IND_r1,IND_kr,IND_sk
106,0.28,0.0246981781,0.3414634146,2.645122279,0.8363263738,0.238,0.0395727179,-0.175059952,2.3953626635,0.9593861448,0.482,0.0317175031,-0.5275517322,1.3663960571,-0.018616133,0.482,0.0317175031,-0.5275517322,1.3663960571,-0.018616133
