Instance,INF_avg,INF_sd,INF_r1,INF_kr,INF_sk,SUP_avg,SUP_sd,SUP_r1,SUP_kr,SUP_sk,INC_avg,INC_sd,INC_r1,INC_kr,INC_sk,IND_avg,IND_sd,IND_r1,IND_kr,IND_sk
97,0.242,0.0899221886,0.0106006189,2.8111466098,0.2916694334,0.2575,0.0980752262,-0.0690640644,2.6421842998,-0.0271303857,0.5005,0.098360307,0.0285674445,2.4674953954,0.1121652727,0.5005,0.098360307,0.0285674445,2.4674953954,0.1121652727
