Instance,INF_avg,INF_sd,INF_r1,INF_kr,INF_sk,SUP_avg,SUP_sd,SUP_r1,SUP_kr,SUP_sk,INC_avg,INC_sd,INC_r1,INC_kr,INC_sk,IND_avg,IND_sd,IND_r1,IND_kr,IND_sk
31,0.3112,0.0574330915,0.0180188375,1.9396797496,-0.2850226554,0.2928,0.0611568475,0.0766955498,2.3734977309,-0.3292842665,0.396,0.0582408791,0.1512112036,2.1124065504,-0.1710527777,0.396,0.0582408791,0.1512112036,2.1124065504,-0.1710527777
