Instance,INF_avg,INF_sd,INF_r1,INF_kr,INF_sk,SUP_avg,SUP_sd,SUP_r1,SUP_kr,SUP_sk,INC_avg,INC_sd,INC_r1,INC_kr,INC_sk,IND_avg,IND_sd,IND_r1,IND_kr,IND_sk
128,0.26,0.1019803903,0.1634504052,2.4257581361,0.2446737359,0.212,0.0778203058,-0.0146969868,2.9195417844,0.3612631182,0.528,0.1010742301,0.1159373647,2.8309811134,-0.1308341641,0.528,0.1010742301,0.1159373647,2.8309811134,-0.1308341641
