Instance,INF_avg,INF_sd,INF_r1,INF_kr,INF_sk,SUP_avg,SUP_sd,SUP_r1,SUP_kr,SUP_sk,INC_avg,INC_sd,INC_r1,INC_kr,INC_sk,IND_avg,IND_sd,IND_r1,IND_kr,IND_sk
150,0.242,0.0730479295,-0.3073302778,2.5681023806,-0.1062743119,0.222,0.100079968,-0.0581022096,3.0570020874,0.6716833154,0.536,0.0995188424,0.0640810829,3.6078619693,-0.7368734707,0.536,0.0995188424,0.0640810829,3.6078619693,-0.7368734707
