Instance,INF_avg,INF_sd,INF_r1,INF_kr,INF_sk,SUP_avg,SUP_sd,SUP_r1,SUP_kr,SUP_sk,INC_avg,INC_sd,INC_r1,INC_kr,INC_sk,IND_avg,IND_sd,IND_r1,IND_kr,IND_sk
11,0.2848,0.0557939065,0.2414232231,2.4571304955,0.0618523968,0.2456,0.0712224684,0.1977390158,2.2802603683,0.2481248828,0.4696,0.0614804034,0.2840833738,3.901891629,0.3870105685,0.4696,0.0614804034,0.2840833738,3.901891629,0.3870105685
