Instance,INF_avg,INF_sd,INF_r1,INF_kr,INF_sk,SUP_avg,SUP_sd,SUP_r1,SUP_kr,SUP_sk,INC_avg,INC_sd,INC_r1,INC_kr,INC_sk,IND_avg,IND_sd,IND_r1,IND_kr,IND_sk
207,0.264,0.0932952303,0.2052941291,3.8147124716,0.4392483868,0.384,0.1270590414,-0.0524449892,2.2034170169,0.0238918762,0.352,0.114437756,0.0805005652,2.3496915219,0.3712714979,0.352,0.114437756,0.0805005652,2.3496915219,0.3712714979
