Instance,INF_avg,INF_sd,INF_r1,INF_kr,INF_sk,SUP_avg,SUP_sd,SUP_r1,SUP_kr,SUP_sk,INC_avg,INC_sd,INC_r1,INC_kr,INC_sk,IND_avg,IND_sd,IND_r1,IND_kr,IND_sk
47,0.5087113402,0.1333360191,0.9011915048,2.5069326657,-0.5715048911,0.0887113402,0.0666707495,0.9008537332,3.6072086946,1.0686593047,0.4025773196,0.0748232054,0.7571783878,2.3602320032,0.2136790257,0.4025773196,0.0748232054,0.7571783878,2.3602320032,0.2136790257
