Instance,INF_avg,INF_sd,INF_r1,INF_kr,INF_sk,SUP_avg,SUP_sd,SUP_r1,SUP_kr,SUP_sk,INC_avg,INC_sd,INC_r1,INC_kr,INC_sk,IND_avg,IND_sd,IND_r1,IND_kr,IND_sk
254,0.2342,0.0348189604,0.1293365485,2.7483001791,-0.2655531121,0.2482,0.0441674088,-0.137323667,3.569988891,-0.5106784663,0.5176,0.047856452,-0.0182388256,2.8320697647,0.1067815439,0.5176,0.047856452,-0.0182388256,2.8320697647,0.1067815439
