Instance,INF_avg,INF_sd,INF_r1,INF_kr,INF_sk,SUP_avg,SUP_sd,SUP_r1,SUP_kr,SUP_sk,INC_avg,INC_sd,INC_r1,INC_kr,INC_sk,IND_avg,IND_sd,IND_r1,IND_kr,IND_sk
76,0.4024561404,0.113975693,0.8013639144,2.1134191556,-0.4154896847,0.1273684211,0.0816394795,0.8520543166,3.4010531744,0.9159131207,0.4701754386,0.0563974377,0.1380450683,2.3001975879,0.2072987813,0.4701754386,0.0563974377,0.1380450683,2.3001975879,0.2072987813
