Instance,INF_avg,INF_sd,INF_r1,INF_kr,INF_sk,SUP_avg,SUP_sd,SUP_r1,SUP_kr,SUP_sk,INC_avg,INC_sd,INC_r1,INC_kr,INC_sk,IND_avg,IND_sd,IND_r1,IND_kr,IND_sk
172,0.24,0.1496662955,-0.4502164502,2.1339285714,0.7301958931,0.3,0.2097617696,-0.8571428571,1.3429752066,0.3900528774,0.46,0.2059126028,-0.9948186528,1.3209327163,0.1319482681,0.46,0.2059126028,-0.9948186528,1.3209327163,0.1319482681
