Instance,INF_avg,INF_sd,INF_r1,INF_kr,INF_sk,SUP_avg,SUP_sd,SUP_r1,SUP_kr,SUP_sk,INC_avg,INC_sd,INC_r1,INC_kr,INC_sk,IND_avg,IND_sd,IND_r1,IND_kr,IND_sk
189,0.243,0.0352278299,-0.5403284524,1.8585106887,0.4644339216,0.304,0.0546260011,-0.25,6.7696202805,2.189688766,0.453,0.0556866232,-0.3838263282,2.2506909953,-0.7333385826,0.453,0.0556866232,-0.3838263282,2.2506909953,-0.7333385826
