Instance,INF_avg,INF_sd,INF_r1,INF_kr,INF_sk,SUP_avg,SUP_sd,SUP_r1,SUP_kr,SUP_sk,INC_avg,INC_sd,INC_r1,INC_kr,INC_sk,IND_avg,IND_sd,IND_r1,IND_kr,IND_sk
42,0.2522,0.0450905755,0.01798208,2.2641197031,-0.0576975822,0.2428,0.0475411401,0.2422486839,3.1105608673,-0.1307326176,0.505,0.0429068759,0.1376091539,3.0218282285,0.4101704106,0.505,0.0429068759,0.1376091539,3.0218282285,0.4101704106
