Instance,INF_avg,INF_sd,INF_r1,INF_kr,INF_sk,SUP_avg,SUP_sd,SUP_r1,SUP_kr,SUP_sk,INC_avg,INC_sd,INC_r1,INC_kr,INC_sk,IND_avg,IND_sd,IND_r1,IND_kr,IND_sk
134,0.2375,0.0884236959,0.0192971765,2.4275543594,0.1322117037,0.249,0.1004937809,0.1448425976,3.6666469915,0.7442190394,0.5135,0.1139857447,-0.0891623964,2.5306456272,-0.2126395956,0.5135,0.1139857447,-0.0891623964,2.5306456272,-0.2126395956
