Instance,INF_avg,INF_sd,INF_r1,INF_kr,INF_sk,SUP_avg,SUP_sd,SUP_r1,SUP_kr,SUP_sk,INC_avg,INC_sd,INC_r1,INC_kr,INC_sk,IND_avg,IND_sd,IND_r1,IND_kr,IND_sk
165,0.2591,0.0429207409,0.1782901632,2.7783619777,0.0094177227,0.2176,0.0385777138,0.1883790589,3.0435487067,-0.0785685492,0.5233,0.0504193415,-0.00937991,2.3849604302,0.0507692691,0.5233,0.0504193415,-0.00937991,2.3849604302,0.0507692691
