Instance,INF_avg,INF_sd,INF_r1,INF_kr,INF_sk,SUP_avg,SUP_sd,SUP_r1,SUP_kr,SUP_sk,INC_avg,INC_sd,INC_r1,INC_kr,INC_sk,IND_avg,IND_sd,IND_r1,IND_kr,IND_sk
181,0.2232,0.0456701215,0.2115821278,3.6969407351,-0.6405421117,0.2776,0.0621790962,0.1077228405,2.2606025136,0.3514600455,0.4992,0.0579599862,0.113272804,2.8703086574,-0.3152252565,0.4992,0.0579599862,0.113272804,2.8703086574,-0.3152252565
