Instance,INF_avg,INF_sd,INF_r1,INF_kr,INF_sk,SUP_avg,SUP_sd,SUP_r1,SUP_kr,SUP_sk,INC_avg,INC_sd,INC_r1,INC_kr,INC_sk,IND_avg,IND_sd,IND_r1,IND_kr,IND_sk
23,0.268,0.0511468474,0.3151008827,2.0065931599,-0.0590133855,0.253,0.0346554469,0.3395975534,2.4293500906,-0.7288594761,0.479,0.0350570963,0.2627553096,1.7512613866,0.0554251016,0.479,0.0350570963,0.2627553096,1.7512613866,0.0554251016
