Instance,INF_avg,INF_sd,INF_r1,INF_kr,INF_sk,SUP_avg,SUP_sd,SUP_r1,SUP_kr,SUP_sk,INC_avg,INC_sd,INC_r1,INC_kr,INC_sk,IND_avg,IND_sd,IND_r1,IND_kr,IND_sk
47,0.28,0.1161895004,-0.0484594675,3.6495473251,0.5374362075,0.241,0.1032908515,0.0160458156,3.1021469133,0.5274833714,0.479,0.1086692229,-0.1243044119,2.4737104319,0.1603148379,0.479,0.1086692229,-0.1243044119,2.4737104319,0.1603148379
