Instance,INF_avg,INF_sd,INF_r1,INF_kr,INF_sk,SUP_avg,SUP_sd,SUP_r1,SUP_kr,SUP_sk,INC_avg,INC_sd,INC_r1,INC_kr,INC_sk,IND_avg,IND_sd,IND_r1,IND_kr,IND_sk
130,0.27,0.0466904701,0.2307692308,1.5709957074,0.3772649719,0.272,0.0607947366,-0.1329305136,2.8554000112,0.553704803,0.458,0.0718052923,0.0061292575,4.0860976178,-1.2539729326,0.458,0.0718052923,0.0061292575,4.0860976178,-1.2539729326
