Instance,INF_avg,INF_sd,INF_r1,INF_kr,INF_sk,SUP_avg,SUP_sd,SUP_r1,SUP_kr,SUP_sk,INC_avg,INC_sd,INC_r1,INC_kr,INC_sk,IND_avg,IND_sd,IND_r1,IND_kr,IND_sk
275,0.282,0.030757113,-0.373746184,1.4497472388,0.0692873295,0.251,0.010198039,-0.5992292871,2.7045118343,1.0013237284,0.467,0.0317175031,-0.4431186999,1.9794177282,0.5361070231,0.467,0.0317175031,-0.4431186999,1.9794177282,0.5361070231
