Instance,INF_avg,INF_sd,INF_r1,INF_kr,INF_sk,SUP_avg,SUP_sd,SUP_r1,SUP_kr,SUP_sk,INC_avg,INC_sd,INC_r1,INC_kr,INC_sk,IND_avg,IND_sd,IND_r1,IND_kr,IND_sk
45,0.192,0.0169115345,-0.5024630542,2.7136045772,-1.1524389144,0.274,0.0452106182,0.3545160794,1.8348514673,-0.1351794386,0.534,0.0348425028,0.3239625167,1.94135552,0.3195835466,0.534,0.0348425028,0.3239625167,1.94135552,0.3195835466
