Instance,INF_avg,INF_sd,INF_r1,INF_kr,INF_sk,SUP_avg,SUP_sd,SUP_r1,SUP_kr,SUP_sk,INC_avg,INC_sd,INC_r1,INC_kr,INC_sk,IND_avg,IND_sd,IND_r1,IND_kr,IND_sk
270,0.2578,0.0486740177,0.3222085096,3.4630648184,0.4490865394,0.2414,0.0391412826,0.216314878,2.8379192097,0.2571904962,0.5008,0.0395898977,-0.0290589676,2.2402462668,0.1417823372,0.5008,0.0395898977,-0.0290589676,2.2402462668,0.1417823372
