Instance,INF_avg,INF_sd,INF_r1,INF_kr,INF_sk,SUP_avg,SUP_sd,SUP_r1,SUP_kr,SUP_sk,INC_avg,INC_sd,INC_r1,INC_kr,INC_sk,IND_avg,IND_sd,IND_r1,IND_kr,IND_sk
175,0.274,0.0726911274,0.3658694946,1.8398289782,0.2169435511,0.342,0.0423792402,0.8094229751,3.6393519873,-1.1401977116,0.384,0.0496386946,0.1489361702,1.6782762692,-0.307677859,0.384,0.0496386946,0.1489361702,1.6782762692,-0.307677859
