Instance,INF_avg,INF_sd,INF_r1,INF_kr,INF_sk,SUP_avg,SUP_sd,SUP_r1,SUP_kr,SUP_sk,INC_avg,INC_sd,INC_r1,INC_kr,INC_sk,IND_avg,IND_sd,IND_r1,IND_kr,IND_sk
175,0.225,0.0478016736,0.1766029246,2.4663991688,0.8706652482,0.253,0.0593380148,0.1925713148,2.1265499065,-0.4231865202,0.522,0.0274954542,-0.0088446656,1.7829008146,-0.4398995565,0.522,0.0274954542,-0.0088446656,1.7829008146,-0.4398995565
