Instance,INF_avg,INF_sd,INF_r1,INF_kr,INF_sk,SUP_avg,SUP_sd,SUP_r1,SUP_kr,SUP_sk,INC_avg,INC_sd,INC_r1,INC_kr,INC_sk,IND_avg,IND_sd,IND_r1,IND_kr,IND_sk
253,0.234,0.1394417441,0.1630882663,4.1061077041,0.7957082598,0.326,0.1610093165,-0.2293095304,3.2195618108,0.6373618786,0.44,0.164924225,-0.2558892815,2.625432526,0.203301921,0.44,0.164924225,-0.2558892815,2.625432526,0.203301921
