Instance,INF_avg,INF_sd,INF_r1,INF_kr,INF_sk,SUP_avg,SUP_sd,SUP_r1,SUP_kr,SUP_sk,INC_avg,INC_sd,INC_r1,INC_kr,INC_sk,IND_avg,IND_sd,IND_r1,IND_kr,IND_sk
68,0.236,0.1195993311,-0.0321317354,2.4755416423,0.2621729102,0.264,0.143888846,-0.2658129245,2.5399250852,0.725959649,0.5,0.1854723699,-0.3536585366,2.0348837209,-0.4890090878,0.5,0.1854723699,-0.3536585366,2.0348837209,-0.4890090878
