Instance,INF_avg,INF_sd,INF_r1,INF_kr,INF_sk,SUP_avg,SUP_sd,SUP_r1,SUP_kr,SUP_sk,INC_avg,INC_sd,INC_r1,INC_kr,INC_sk,IND_avg,IND_sd,IND_r1,IND_kr,IND_sk
77,0.2,0.1247219129,-0.4285714286,1.7448979592,0.6872431935,0.2444444444,0.1832491389,-0.5717922607,2.4347426471,0.7387528138,0.5555555556,0.2216659705,-0.6617172369,1.4988636651,-0.2269499955,0.5555555556,0.2216659705,-0.6617172369,1.4988636651,-0.2269499955
