Instance,INF_avg,INF_sd,INF_r1,INF_kr,INF_sk,SUP_avg,SUP_sd,SUP_r1,SUP_kr,SUP_sk,INC_avg,INC_sd,INC_r1,INC_kr,INC_sk,IND_avg,IND_sd,IND_r1,IND_kr,IND_sk
254,0.25005,0.0373998329,0.1970321751,2.4178382893,0.2064774282,0.22585,0.0354051903,0.2117857846,3.456536172,0.2517190955,0.5241,0.0425051762,0.1348466382,3.2850974281,-0.3400176827,0.5241,0.0425051762,0.1348466382,3.2850974281,-0.3400176827
