Instance,INF_avg,INF_sd,INF_r1,INF_kr,INF_sk,SUP_avg,SUP_sd,SUP_r1,SUP_kr,SUP_sk,INC_avg,INC_sd,INC_r1,INC_kr,INC_sk,IND_avg,IND_sd,IND_r1,IND_kr,IND_sk
232,0.2656,0.0545952379,0.5764016916,1.89409283,0.0777344631,0.3116,0.0489023517,0.3912233334,2.8042090357,-0.1304266274,0.4228,0.0493372071,0.5931537405,2.9959225513,0.4678901286,0.4228,0.0493372071,0.5931537405,2.9959225513,0.4678901286
