Instance,INF_avg,INF_sd,INF_r1,INF_kr,INF_sk,SUP_avg,SUP_sd,SUP_r1,SUP_kr,SUP_sk,INC_avg,INC_sd,INC_r1,INC_kr,INC_sk,IND_avg,IND_sd,IND_r1,IND_kr,IND_sk
3,0.2,0.0806225775,-0.0588235294,2.6923076923,-0.1431170014,0.27,0.1228820573,0.370294319,1.9581158721,0.3427612316,0.53,0.1763519209,0.2574257426,2.7836457439,-0.6930383798,0.53,0.1763519209,0.2574257426,2.7836457439,-0.6930383798
