Instance,INF_avg,INF_sd,INF_r1,INF_kr,INF_sk,SUP_avg,SUP_sd,SUP_r1,SUP_kr,SUP_sk,INC_avg,INC_sd,INC_r1,INC_kr,INC_sk,IND_avg,IND_sd,IND_r1,IND_kr,IND_sk
256,0.264,0.0527636238,0.1100702576,2.1575505351,-0.2169728883,0.296,0.0649923072,-0.019711903,2.5914256198,-0.6951871706,0.44,0.0521536192,-0.4242424242,1.6003460208,0.4060402882,0.44,0.0521536192,-0.4242424242,1.6003460208,0.4060402882
