Instance,INF_avg,INF_sd,INF_r1,INF_kr,INF_sk,SUP_avg,SUP_sd,SUP_r1,SUP_kr,SUP_sk,INC_avg,INC_sd,INC_r1,INC_kr,INC_sk,IND_avg,IND_sd,IND_r1,IND_kr,IND_sk
60,0.5575609756,0.1407519958,0.9198097261,2.1033976911,-0.4635144999,0.0691463415,0.0614152444,0.8496684827,3.3143721736,1.1529207204,0.3732926829,0.0869300936,0.8872299669,1.818449142,0.110963311,0.3732926829,0.0869300936,0.8872299669,1.818449142,0.110963311
