Instance,INF_avg,INF_sd,INF_r1,INF_kr,INF_sk,SUP_avg,SUP_sd,SUP_r1,SUP_kr,SUP_sk,INC_avg,INC_sd,INC_r1,INC_kr,INC_sk,IND_avg,IND_sd,IND_r1,IND_kr,IND_sk
230,0.234,0.0808949937,-0.1844081653,2.406322296,-0.4378582196,0.294,0.1168931136,-0.2222881428,2.5940686205,0.3137737103,0.472,0.1132077736,-0.38444749,2.4093198109,-0.242271051,0.472,0.1132077736,-0.38444749,2.4093198109,-0.242271051
