Instance,INF_avg,INF_sd,INF_r1,INF_kr,INF_sk,SUP_avg,SUP_sd,SUP_r1,SUP_kr,SUP_sk,INC_avg,INC_sd,INC_r1,INC_kr,INC_sk,IND_avg,IND_sd,IND_r1,IND_kr,IND_sk
219,0.2696,0.0639049294,-0.1017341295,2.7904331788,0.7377673055,0.2492,0.0558870289,-0.0284248109,2.6253329954,-0.5322291466,0.4812,0.071151669,-0.158401695,2.4364149605,-0.0785846477,0.4812,0.071151669,-0.158401695,2.4364149605,-0.0785846477
