Instance,INF_avg,INF_sd,INF_r1,INF_kr,INF_sk,SUP_avg,SUP_sd,SUP_r1,SUP_kr,SUP_sk,INC_avg,INC_sd,INC_r1,INC_kr,INC_sk,IND_avg,IND_sd,IND_r1,IND_kr,IND_sk
207,0.5712172285,0.0780348381,0.8215584194,2.7370717808,-0.5080783195,0.0942134831,0.0691707119,0.9213940212,2.9270646815,0.9025274649,0.3345692884,0.0312220193,0.052522158,2.6938259754,0.0173150004,0.3345692884,0.0312220193,0.052522158,2.6938259754,0.0173150004
