Instance,INF_avg,INF_sd,INF_r1,INF_kr,INF_sk,SUP_avg,SUP_sd,SUP_r1,SUP_kr,SUP_sk,INC_avg,INC_sd,INC_r1,INC_kr,INC_sk,IND_avg,IND_sd,IND_r1,IND_kr,IND_sk
61,0.23,0.092736185,0.0027322404,1.509194159,-0.1579875514,0.36,0.0374165739,0.347826087,1.8469387755,-0.3436215967,0.41,0.0916515139,0.0412979351,1.2091836735,-0.296152851,0.41,0.0916515139,0.0412979351,1.2091836735,-0.296152851
