Instance,INF_avg,INF_sd,INF_r1,INF_kr,INF_sk,SUP_avg,SUP_sd,SUP_r1,SUP_kr,SUP_sk,INC_avg,INC_sd,INC_r1,INC_kr,INC_sk,IND_avg,IND_sd,IND_r1,IND_kr,IND_sk
154,0.2585,0.0379506258,0.339918377,1.6928901793,-0.144131581,0.2065,0.0263675937,-0.3770395537,3.0626760337,0.6944387792,0.535,0.0394968353,-0.2532258065,3.1740014793,-1.1356800835,0.535,0.0394968353,-0.2532258065,3.1740014793,-1.1356800835
