Instance,INF_avg,INF_sd,INF_r1,INF_kr,INF_sk,SUP_avg,SUP_sd,SUP_r1,SUP_kr,SUP_sk,INC_avg,INC_sd,INC_r1,INC_kr,INC_sk,IND_avg,IND_sd,IND_r1,IND_kr,IND_sk
194,0.2524,0.0359616462,-0.1030787991,3.4964872103,0.1058946789,0.2474,0.0326073611,0.0067970153,3.2498305055,0.0669421625,0.5002,0.034116858,0.3138247457,2.7619909922,0.4664142302,0.5002,0.034116858,0.3138247457,2.7619909922,0.4664142302
