Instance,INF_avg,INF_sd,INF_r1,INF_kr,INF_sk,SUP_avg,SUP_sd,SUP_r1,SUP_kr,SUP_sk,INC_avg,INC_sd,INC_r1,INC_kr,INC_sk,IND_avg,IND_sd,IND_r1,IND_kr,IND_sk
102,0.2961538462,0.1224140805,0.1413999745,2.4420236823,-0.5556827122,0.2884615385,0.1527363819,0.2011193713,3.2478100501,0.4537487108,0.4153846154,0.1459512766,0.2936464985,2.8211111111,-0.4163665586,0.4153846154,0.1459512766,0.2936464985,2.8211111111,-0.4163665586
