Instance,INF_avg,INF_sd,INF_r1,INF_kr,INF_sk,SUP_avg,SUP_sd,SUP_r1,SUP_kr,SUP_sk,INC_avg,INC_sd,INC_r1,INC_kr,INC_sk,IND_avg,IND_sd,IND_r1,IND_kr,IND_sk
16,0.3,0.0282842712,-0.2222222222,1.7,0.0,0.328,0.089977775,-0.3865376864,2.8716352388,1.1734122969,0.372,0.098468269,-0.6354816355,2.4443191844,-0.6037025446,0.372,0.098468269,-0.6354816355,2.4443191844,-0.6037025446
