Instance,INF_avg,INF_sd,INF_r1,INF_kr,INF_sk,SUP_avg,SUP_sd,SUP_r1,SUP_kr,SUP_sk,INC_avg,INC_sd,INC_r1,INC_kr,INC_sk,IND_avg,IND_sd,IND_r1,IND_kr,IND_sk
274,0.2572,0.0369345367,-0.3407952487,1.8360270848,0.0222467899,0.2376,0.0579848256,0.6119369918,1.7732791979,-0.2709188859,0.5052,0.0646294051,0.498327198,2.3920630375,0.3894687417,0.5052,0.0646294051,0.498327198,2.3920630375,0.3894687417
