Instance,INF_avg,INF_sd,INF_r1,INF_kr,INF_sk,SUP_avg,SUP_sd,SUP_r1,SUP_kr,SUP_sk,INC_avg,INC_sd,INC_r1,INC_kr,INC_sk,IND_avg,IND_sd,IND_r1,IND_kr,IND_sk
197,0.2192,0.0624768757,-0.0657410082,2.5903506231,0.2221209426,0.2542,0.067307949,0.1213433251,2.7640356551,0.3318257575,0.5266,0.071164879,0.089234436,2.3037129455,-0.0546138948,0.5266,0.071164879,0.089234436,2.3037129455,-0.0546138948
