Instance,INF_avg,INF_sd,INF_r1,INF_kr,INF_sk,SUP_avg,SUP_sd,SUP_r1,SUP_kr,SUP_sk,INC_avg,INC_sd,INC_r1,INC_kr,INC_sk,IND_avg,IND_sd,IND_r1,IND_kr,IND_sk
129,0.21,0.0374165739,-0.0869565217,1.8469387755,-0.3436215967,0.27,0.1288409873,-0.6699604743,1.5489185658,-0.0252482701,0.52,0.1503329638,-0.6706302021,1.2397603571,0.2754946631,0.52,0.1503329638,-0.6706302021,1.2397603571,0.2754946631
