Instance,INF_avg,INF_sd,INF_r1,INF_kr,INF_sk,SUP_avg,SUP_sd,SUP_r1,SUP_kr,SUP_sk,INC_avg,INC_sd,INC_r1,INC_kr,INC_sk,IND_avg,IND_sd,IND_r1,IND_kr,IND_sk
249,0.318,0.106658333,-0.3866414959,2.1676265674,-0.1773081565,0.3,0.1407124728,0.2138728324,2.8351698806,0.5814564992,0.382,0.1094349122,0.0717258193,2.1978539577,-0.5207293616,0.382,0.1094349122,0.0717258193,2.1978539577,-0.5207293616
