Instance,INF_avg,INF_sd,INF_r1,INF_kr,INF_sk,SUP_avg,SUP_sd,SUP_r1,SUP_kr,SUP_sk,INC_avg,INC_sd,INC_r1,INC_kr,INC_sk,IND_avg,IND_sd,IND_r1,IND_kr,IND_sk
22,0.2535,0.0957222545,0.0481442141,3.1169773581,0.4133016684,0.2825,0.1063896142,0.0586130848,2.8748167908,-0.0428968274,0.464,0.1146908889,0.0476328819,5.6929570289,0.8383608324,0.464,0.1146908889,0.0476328819,5.6929570289,0.8383608324
