Instance,INF_avg,INF_sd,INF_r1,INF_kr,INF_sk,SUP_avg,SUP_sd,SUP_r1,SUP_kr,SUP_sk,INC_avg,INC_sd,INC_r1,INC_kr,INC_sk,IND_avg,IND_sd,IND_r1,IND_kr,IND_sk
144,0.2328,0.0444315203,-0.1321622304,2.6306942273,0.0560349759,0.2405,0.0471460497,0.0346055192,2.949650348,0.2474929788,0.5267,0.0467986111,-0.0198044537,2.7420063034,-0.1027568745,0.5267,0.0467986111,-0.0198044537,2.7420063034,-0.1027568745
