Instance,INF_avg,INF_sd,INF_r1,INF_kr,INF_sk,SUP_avg,SUP_sd,SUP_r1,SUP_kr,SUP_sk,INC_avg,INC_sd,INC_r1,INC_kr,INC_sk,IND_avg,IND_sd,IND_r1,IND_kr,IND_sk
294,0.2384,0.0282389802,0.0261314329,2.9435780372,-0.0714152355,0.268,0.0401995025,-9.98104e-05,2.5117145378,-0.3893945044,0.4936,0.0429772033,-0.057937741,2.3112456471,-0.0205930381,0.4936,0.0429772033,-0.057937741,2.3112456471,-0.0205930381
