Instance,INF_avg,INF_sd,INF_r1,INF_kr,INF_sk,SUP_avg,SUP_sd,SUP_r1,SUP_kr,SUP_sk,INC_avg,INC_sd,INC_r1,INC_kr,INC_sk,IND_avg,IND_sd,IND_r1,IND_kr,IND_sk
75,0.268,0.1462053351,-0.0242666627,2.8819953656,0.6031014304,0.22,0.14,0.0485912617,2.4643898376,0.2099125364,0.512,0.1762271262,0.185272249,2.6088537673,-0.270376107,0.512,0.1762271262,0.185272249,2.6088537673,-0.270376107
