Instance,INF_avg,INF_sd,INF_r1,INF_kr,INF_sk,SUP_avg,SUP_sd,SUP_r1,SUP_kr,SUP_sk,INC_avg,INC_sd,INC_r1,INC_kr,INC_sk,IND_avg,IND_sd,IND_r1,IND_kr,IND_sk
260,0.5935057471,0.1701252327,0.9476920921,2.2444034246,-0.6154293302,0.1158045977,0.1103413553,0.9483890467,3.5728636168,1.2076669433,0.2906896552,0.0713022239,0.8129110691,1.9616949163,0.0878190225,0.2906896552,0.0713022239,0.8129110691,1.9616949163,0.0878190225
