Instance,INF_avg,INF_sd,INF_r1,INF_kr,INF_sk,SUP_avg,SUP_sd,SUP_r1,SUP_kr,SUP_sk,INC_avg,INC_sd,INC_r1,INC_kr,INC_sk,IND_avg,IND_sd,IND_r1,IND_kr,IND_sk
206,0.228,0.061449166,-0.1312078479,2.344189888,0.1381878059,0.24,0.0709929574,0.3114754098,1.7649281935,0.1207363221,0.532,0.059464275,-0.2129099427,1.4235376016,-0.134230182,0.532,0.059464275,-0.2129099427,1.4235376016,-0.134230182
