Instance,INF_avg,INF_sd,INF_r1,INF_kr,INF_sk,SUP_avg,SUP_sd,SUP_r1,SUP_kr,SUP_sk,INC_avg,INC_sd,INC_r1,INC_kr,INC_sk,IND_avg,IND_sd,IND_r1,IND_kr,IND_sk
2,0.2692,0.042324461,-0.1464919702,2.3563643538,-0.3083715893,0.2284,0.0328243812,0.2208941747,2.8223293856,0.3929109775,0.5024,0.0527848463,-0.0195371999,3.634438668,-0.6423740322,0.5024,0.0527848463,-0.0195371999,3.634438668,-0.6423740322
