Instance,INF_avg,INF_sd,INF_r1,INF_kr,INF_sk,SUP_avg,SUP_sd,SUP_r1,SUP_kr,SUP_sk,INC_avg,INC_sd,INC_r1,INC_kr,INC_sk,IND_avg,IND_sd,IND_r1,IND_kr,IND_sk
136,0.225,0.0151657509,-0.3333333333,1.7816635161,0.6450461153,0.245,0.0424264069,-0.1841004184,2.5217592593,0.6580021436,0.53,0.0522494019,-0.3076923077,1.9276053617,-0.46480368,0.53,0.0522494019,-0.3076923077,1.9276053617,-0.46480368
