Instance,INF_avg,INF_sd,INF_r1,INF_kr,INF_sk,SUP_avg,SUP_sd,SUP_r1,SUP_kr,SUP_sk,INC_avg,INC_sd,INC_r1,INC_kr,INC_sk,IND_avg,IND_sd,IND_r1,IND_kr,IND_sk
229,0.2664,0.0597916382,-0.4164588898,3.2876569589,-0.31934745,0.2544,0.0421502076,0.0750806716,3.224228463,0.5248417853,0.4792,0.0643689366,-0.0277486433,2.6251776909,-0.4102509015,0.4792,0.0643689366,-0.0277486433,2.6251776909,-0.4102509015
