Instance,INF_avg,INF_sd,INF_r1,INF_kr,INF_sk,SUP_avg,SUP_sd,SUP_r1,SUP_kr,SUP_sk,INC_avg,INC_sd,INC_r1,INC_kr,INC_sk,IND_avg,IND_sd,IND_r1,IND_kr,IND_sk
46,0.2393,0.0409391011,0.118171028,3.4250306454,0.1452679365,0.2625,0.0485412196,0.6755813229,2.7671383039,0.7051787947,0.4982,0.0460191265,0.1583816735,2.2958805586,-0.1608728891,0.4982,0.0460191265,0.1583816735,2.2958805586,-0.1608728891
