Instance,INF_avg,INF_sd,INF_r1,INF_kr,INF_sk,SUP_avg,SUP_sd,SUP_r1,SUP_kr,SUP_sk,INC_avg,INC_sd,INC_r1,INC_kr,INC_sk,IND_avg,IND_sd,IND_r1,IND_kr,IND_sk
221,0.2537,0.0350543863,-0.0390252856,2.4618901796,0.1370175572,0.2766,0.0324721419,0.1180653201,2.3376044919,0.2602106143,0.4697,0.0344878239,0.0942688232,2.6937337822,-0.2362741483,0.4697,0.0344878239,0.0942688232,2.6937337822,-0.2362741483
