Instance,INF_avg,INF_sd,INF_r1,INF_kr,INF_sk,SUP_avg,SUP_sd,SUP_r1,SUP_kr,SUP_sk,INC_avg,INC_sd,INC_r1,INC_kr,INC_sk,IND_avg,IND_sd,IND_r1,IND_kr,IND_sk
226,0.2488,0.0616,0.1158204346,2.6054894369,0.1133806318,0.3348,0.0588978777,-0.3203074098,2.8505058827,0.438620048,0.4164,0.0668957398,0.080019674,3.4214591608,0.3620279452,0.4164,0.0668957398,0.080019674,3.4214591608,0.3620279452
