Instance,INF_avg,INF_sd,INF_r1,INF_kr,INF_sk,SUP_avg,SUP_sd,SUP_r1,SUP_kr,SUP_sk,INC_avg,INC_sd,INC_r1,INC_kr,INC_sk,IND_avg,IND_sd,IND_r1,IND_kr,IND_sk
92,0.26,0.0114017543,-0.9411764706,2.5,0.6071940134,0.219,0.0251793566,0.2692540934,2.0228134423,-0.1172659585,0.521,0.0298998328,-0.0102960103,2.3933381379,0.8994236741,0.521,0.0298998328,-0.0102960103,2.3933381379,0.8994236741
