Instance,INF_avg,INF_sd,INF_r1,INF_kr,INF_sk,SUP_avg,SUP_sd,SUP_r1,SUP_kr,SUP_sk,INC_avg,INC_sd,INC_r1,INC_kr,INC_sk,IND_avg,IND_sd,IND_r1,IND_kr,IND_sk
269,0.4745205479,0.1146649807,0.7282066013,2.0822499511,-0.0810704477,0.0897260274,0.065081037,0.7912160873,2.6185101279,0.7090566356,0.4357534247,0.0658748878,0.4845949248,2.3461377547,-0.1850516946,0.4357534247,0.0658748878,0.4845949248,2.3461377547,-0.1850516946
