Instance,INF_avg,INF_sd,INF_r1,INF_kr,INF_sk,SUP_avg,SUP_sd,SUP_r1,SUP_kr,SUP_sk,INC_avg,INC_sd,INC_r1,INC_kr,INC_sk,IND_avg,IND_sd,IND_r1,IND_kr,IND_sk
129,0.23,0.0908295106,0.0007316181,3.20815427,0.4744152952,0.2485,0.1049892852,0.0267381644,2.7418191962,0.4997584216,0.5215,0.1177401801,0.0215128521,2.861464632,-0.4060989224,0.5215,0.1177401801,0.0215128521,2.861464632,-0.4060989224
