Instance,INF_avg,INF_sd,INF_r1,INF_kr,INF_sk,SUP_avg,SUP_sd,SUP_r1,SUP_kr,SUP_sk,INC_avg,INC_sd,INC_r1,INC_kr,INC_sk,IND_avg,IND_sd,IND_r1,IND_kr,IND_sk
114,0.2285714286,0.1577908717,-0.4394366197,2.1423004569,0.396279413,0.2428571429,0.1916629695,0.2214212152,2.2448148148,0.596284794,0.5285714286,0.2432769481,-0.2673316708,2.3008561237,-0.3341080559,0.5285714286,0.2432769481,-0.2673316708,2.3008561237,-0.3341080559
