Instance,INF_avg,INF_sd,INF_r1,INF_kr,INF_sk,SUP_avg,SUP_sd,SUP_r1,SUP_kr,SUP_sk,INC_avg,INC_sd,INC_r1,INC_kr,INC_sk,IND_avg,IND_sd,IND_r1,IND_kr,IND_sk
252,0.2230769231,0.1120016906,-0.0677812102,2.2868903524,-0.2983704703,0.2423076923,0.1363622915,-0.0159857904,3.1646721083,0.5713782559,0.5346153846,0.1072104605,-0.4026293634,3.1908637816,0.2149717755,0.5346153846,0.1072104605,-0.4026293634,3.1908637816,0.2149717755
