Instance,INF_avg,INF_sd,INF_r1,INF_kr,INF_sk,SUP_avg,SUP_sd,SUP_r1,SUP_kr,SUP_sk,INC_avg,INC_sd,INC_r1,INC_kr,INC_sk,IND_avg,IND_sd,IND_r1,IND_kr,IND_sk
266,0.29,0.1058300524,-0.0514018692,2.5884885204,-0.1543917379,0.266,0.1111035553,0.2275358819,2.1915566674,0.0972626089,0.444,0.1263487238,0.2659403331,2.629366149,-0.2367003748,0.444,0.1263487238,0.2659403331,2.629366149,-0.2367003748
