Instance,INF_avg,INF_sd,INF_r1,INF_kr,INF_sk,SUP_avg,SUP_sd,SUP_r1,SUP_kr,SUP_sk,INC_avg,INC_sd,INC_r1,INC_kr,INC_sk,IND_avg,IND_sd,IND_r1,IND_kr,IND_sk
254,0.2652,0.0292738791,0.11876972,1.9777523923,0.5429530783,0.2308,0.0349765636,0.014630949,3.2166722992,-0.3016335383,0.504,0.0362491379,-0.113282555,5.842132149,1.1447918289,0.504,0.0362491379,-0.113282555,5.842132149,1.1447918289
