Instance,INF_avg,INF_sd,INF_r1,INF_kr,INF_sk,SUP_avg,SUP_sd,SUP_r1,SUP_kr,SUP_sk,INC_avg,INC_sd,INC_r1,INC_kr,INC_sk,IND_avg,IND_sd,IND_r1,IND_kr,IND_sk
122,0.251,0.0267207784,-0.1304723502,1.7198291081,-0.1660496082,0.3295,0.0189010582,-0.1405500883,1.7406002132,0.1663852105,0.4195,0.0322063658,0.046505396,2.4954917745,-0.6699833718,0.4195,0.0322063658,0.046505396,2.4954917745,-0.6699833718
