Instance,INF_avg,INF_sd,INF_r1,INF_kr,INF_sk,SUP_avg,SUP_sd,SUP_r1,SUP_kr,SUP_sk,INC_avg,INC_sd,INC_r1,INC_kr,INC_sk,IND_avg,IND_sd,IND_r1,IND_kr,IND_sk
208,0.244,0.1336562756,0.0928368406,3.6247915033,0.4426001827,0.258,0.1443468046,-0.1494093313,2.6941223714,0.3389481991,0.498,0.1503196594,-0.0145748286,2.8350201235,0.3696565651,0.498,0.1503196594,-0.0145748286,2.8350201235,0.3696565651
