Instance,INF_avg,INF_sd,INF_r1,INF_kr,INF_sk,SUP_avg,SUP_sd,SUP_r1,SUP_kr,SUP_sk,INC_avg,INC_sd,INC_r1,INC_kr,INC_sk,IND_avg,IND_sd,IND_r1,IND_kr,IND_sk
242,0.2536,0.0479065757,0.061188953,3.2428452122,-0.6264179107,0.2116,0.0323332646,-0.2438816363,3.2280181395,-0.832548417,0.5348,0.0524686573,0.1632674955,3.2494798958,0.1900166305,0.5348,0.0524686573,0.1632674955,3.2494798958,0.1900166305
