Instance,INF_avg,INF_sd,INF_r1,INF_kr,INF_sk,SUP_avg,SUP_sd,SUP_r1,SUP_kr,SUP_sk,INC_avg,INC_sd,INC_r1,INC_kr,INC_sk,IND_avg,IND_sd,IND_r1,IND_kr,IND_sk
116,0.286,0.1162067124,-0.0688825548,2.0793489659,-0.2804438256,0.307,0.0911098238,-0.0466263616,2.4786115484,0.0301942616,0.407,0.1118078709,0.0785543048,3.7695568276,0.5649497322,0.407,0.1118078709,0.0785543048,3.7695568276,0.5649497322
