Instance,INF_avg,INF_sd,INF_r1,INF_kr,INF_sk,SUP_avg,SUP_sd,SUP_r1,SUP_kr,SUP_sk,INC_avg,INC_sd,INC_r1,INC_kr,INC_sk,IND_avg,IND_sd,IND_r1,IND_kr,IND_sk
161,0.242,0.1006777036,-0.0117789188,4.3937231863,1.2188275703,0.254,0.078638413,0.3867411893,2.0013262955,0.1762862626,0.504,0.1148216008,0.1068265931,2.7347387831,-0.355574819,0.504,0.1148216008,0.1068265931,2.7347387831,-0.355574819
