Instance,INF_avg,INF_sd,INF_r1,INF_kr,INF_sk,SUP_avg,SUP_sd,SUP_r1,SUP_kr,SUP_sk,INC_avg,INC_sd,INC_r1,INC_kr,INC_sk,IND_avg,IND_sd,IND_r1,IND_kr,IND_sk
245,0.3763580247,0.0706871579,0.7477873134,2.3150543506,-0.1197236746,0.0942716049,0.0667612315,0.8890268113,2.3451183728,0.6716360303,0.5293703704,0.0388448781,0.0334614477,2.9100502162,0.0120606345,0.5293703704,0.0388448781,0.0334614477,2.9100502162,0.0120606345
