Instance,INF_avg,INF_sd,INF_r1,INF_kr,INF_sk,SUP_avg,SUP_sd,SUP_r1,SUP_kr,SUP_sk,INC_avg,INC_sd,INC_r1,INC_kr,INC_sk,IND_avg,IND_sd,IND_r1,IND_kr,IND_sk
244,0.22,0.1341640786,-0.0407341092,3.0088888889,0.2782662372,0.268,0.1256025477,-0.3115403363,2.3281437076,-0.1679207808,0.512,0.1644870816,-0.0603944321,2.842843509,0.1852109809,0.512,0.1644870816,-0.0603944321,2.842843509,0.1852109809
