Instance,INF_avg,INF_sd,INF_r1,INF_kr,INF_sk,SUP_avg,SUP_sd,SUP_r1,SUP_kr,SUP_sk,INC_avg,INC_sd,INC_r1,INC_kr,INC_sk,IND_avg,IND_sd,IND_r1,IND_kr,IND_sk
93,0.25185,0.0338057318,-0.0277672673,3.0222984681,0.1979396908,0.2288,0.0298422519,0.1437364164,3.2860549036,0.1940729492,0.51935,0.0354729122,-0.0124842436,2.2713565309,-0.0636751122,0.51935,0.0354729122,-0.0124842436,2.2713565309,-0.0636751122
