Instance,INF_avg,INF_sd,INF_r1,INF_kr,INF_sk,SUP_avg,SUP_sd,SUP_r1,SUP_kr,SUP_sk,INC_avg,INC_sd,INC_r1,INC_kr,INC_sk,IND_avg,IND_sd,IND_r1,IND_kr,IND_sk
283,0.31,0.06244998,-0.6343042071,2.0295857988,-0.0739053018,0.265,0.0895823643,0.2129802313,2.1329082598,-0.3505362846,0.425,0.0901387819,-0.1472868217,4.124260355,1.382483566,0.425,0.0901387819,-0.1472868217,4.124260355,1.382483566
