Instance,INF_avg,INF_sd,INF_r1,INF_kr,INF_sk,SUP_avg,SUP_sd,SUP_r1,SUP_kr,SUP_sk,INC_avg,INC_sd,INC_r1,INC_kr,INC_sk,IND_avg,IND_sd,IND_r1,IND_kr,IND_sk
222,0.1844,0.039097826,0.1530346784,1.7251191064,0.001619101,0.3672,0.0353858729,-0.1286421744,2.2791168887,-0.1692645321,0.4484,0.0450493063,0.2760803699,3.8415814201,-0.6118094074,0.4484,0.0450493063,0.2760803699,3.8415814201,-0.6118094074
