Instance,INF_avg,INF_sd,INF_r1,INF_kr,INF_sk,SUP_avg,SUP_sd,SUP_r1,SUP_kr,SUP_sk,INC_avg,INC_sd,INC_r1,INC_kr,INC_sk,IND_avg,IND_sd,IND_r1,IND_kr,IND_sk
176,0.3604,0.0924761591,0.1246874353,2.3794266886,-0.0552604816,0.3492,0.0822882738,-0.0175760558,3.7563090733,0.4278719805,0.2904,0.0703408843,0.208359187,2.2306938783,0.5692021695,0.2904,0.0703408843,0.208359187,2.2306938783,0.5692021695
