Instance,INF_avg,INF_sd,INF_r1,INF_kr,INF_sk,SUP_avg,SUP_sd,SUP_r1,SUP_kr,SUP_sk,INC_avg,INC_sd,INC_r1,INC_kr,INC_sk,IND_avg,IND_sd,IND_r1,IND_kr,IND_sk
17,0.4077777778,0.0960645359,0.4079722807,2.0590867127,-0.1647133766,0.1094444444,0.0615514439,0.5921218782,2.3127823429,0.3298800566,0.4827777778,0.0840836591,0.0340051816,2.6654614509,-0.2924042524,0.4827777778,0.0840836591,0.0340051816,2.6654614509,-0.2924042524
