Instance,INF_avg,INF_sd,INF_r1,INF_kr,INF_sk,SUP_avg,SUP_sd,SUP_r1,SUP_kr,SUP_sk,INC_avg,INC_sd,INC_r1,INC_kr,INC_sk,IND_avg,IND_sd,IND_r1,IND_kr,IND_sk
135,0.216,0.0526117858,-0.0761550964,2.4301179458,-0.1516177126,0.266,0.0526497863,-0.0377875927,2.3879799854,-0.1558941219,0.518,0.0573061951,-0.0681246796,2.0044018094,0.0698855001,0.518,0.0573061951,-0.0681246796,2.0044018094,0.0698855001
