Instance,INF_avg,INF_sd,INF_r1,INF_kr,INF_sk,SUP_avg,SUP_sd,SUP_r1,SUP_kr,SUP_sk,INC_avg,INC_sd,INC_r1,INC_kr,INC_sk,IND_avg,IND_sd,IND_r1,IND_kr,IND_sk
35,0.4674418605,0.1134674018,0.8507826131,3.1185300062,-0.4990249065,0.0937209302,0.0753294549,0.7752237921,4.9551256978,1.5437907275,0.4388372093,0.0591100394,0.5181895218,2.7038774935,-0.0867976628,0.4388372093,0.0591100394,0.5181895218,2.7038774935,-0.0867976628
