Instance,INF_avg,INF_sd,INF_r1,INF_kr,INF_sk,SUP_avg,SUP_sd,SUP_r1,SUP_kr,SUP_sk,INC_avg,INC_sd,INC_r1,INC_kr,INC_sk,IND_avg,IND_sd,IND_r1,IND_kr,IND_sk
139,0.24,0.07,-0.5189873418,1.8521449396,0.3586005831,0.435,0.0838152731,-0.0214818062,2.5837692025,0.6063155732,0.325,0.0844097151,-0.219047619,1.3988919668,0.4364675941,0.325,0.0844097151,-0.219047619,1.3988919668,0.4364675941
