Instance,INF_avg,INF_sd,INF_r1,INF_kr,INF_sk,SUP_avg,SUP_sd,SUP_r1,SUP_kr,SUP_sk,INC_avg,INC_sd,INC_r1,INC_kr,INC_sk,IND_avg,IND_sd,IND_r1,IND_kr,IND_sk
84,0.375,0.0829156198,-0.4736842105,1.6280991736,0.4933822002,0.325,0.2046338193,-1.0606060606,1.8580975718,-0.6892544771,0.3,0.158113883,-0.8333333333,1.36,0.0,0.3,0.158113883,-0.8333333333,1.36,0.0
