Instance,INF_avg,INF_sd,INF_r1,INF_kr,INF_sk,SUP_avg,SUP_sd,SUP_r1,SUP_kr,SUP_sk,INC_avg,INC_sd,INC_r1,INC_kr,INC_sk,IND_avg,IND_sd,IND_r1,IND_kr,IND_sk
253,0.2884,0.0436055042,0.3724655947,2.0895013006,0.1834569023,0.248,0.0389871774,-0.189072534,3.8568421053,0.4382007541,0.4636,0.0556330837,0.1408077396,3.7412751141,-0.0306242612,0.4636,0.0556330837,0.1408077396,3.7412751141,-0.0306242612
