Instance,INF_avg,INF_sd,INF_r1,INF_kr,INF_sk,SUP_avg,SUP_sd,SUP_r1,SUP_kr,SUP_sk,INC_avg,INC_sd,INC_r1,INC_kr,INC_sk,IND_avg,IND_sd,IND_r1,IND_kr,IND_sk
48,0.192,0.036,-0.5945747801,1.855395519,0.4032921811,0.294,0.0463033476,0.5446265938,1.1963689018,0.3365218792,0.514,0.0542586399,0.3850626118,1.5968587547,0.1114829465,0.514,0.0542586399,0.3850626118,1.5968587547,0.1114829465
