Instance,INF_avg,INF_sd,INF_r1,INF_kr,INF_sk,SUP_avg,SUP_sd,SUP_r1,SUP_kr,SUP_sk,INC_avg,INC_sd,INC_r1,INC_kr,INC_sk,IND_avg,IND_sd,IND_r1,IND_kr,IND_sk
106,0.274,0.0944669254,0.1379465007,3.4852388645,0.1021894018,0.216,0.094308006,0.0305316322,3.1095161771,0.3385793123,0.51,0.1129158979,-0.1020391907,3.619561707,0.1573268797,0.51,0.1129158979,-0.1020391907,3.619561707,0.1573268797
