Instance,INF_avg,INF_sd,INF_r1,INF_kr,INF_sk,SUP_avg,SUP_sd,SUP_r1,SUP_kr,SUP_sk,INC_avg,INC_sd,INC_r1,INC_kr,INC_sk,IND_avg,IND_sd,IND_r1,IND_kr,IND_sk
43,0.385,0.1584297952,0.8847605527,1.8480887208,-0.0969424073,0.163125,0.1115357986,0.8788285385,2.4724027502,0.6608623307,0.451875,0.0699302107,0.4780560589,2.4670252379,0.249062972,0.451875,0.0699302107,0.4780560589,2.4670252379,0.249062972
