Instance,INF_avg,INF_sd,INF_r1,INF_kr,INF_sk,SUP_avg,SUP_sd,SUP_r1,SUP_kr,SUP_sk,INC_avg,INC_sd,INC_r1,INC_kr,INC_sk,IND_avg,IND_sd,IND_r1,IND_kr,IND_sk
289,0.4470149254,0.1234759621,0.9180616324,1.9651510895,0.3147009852,0.1068656716,0.0822529581,0.8915763378,2.8159687,0.7938764628,0.446119403,0.0631441191,0.6714644592,2.7530895176,-0.5842636316,0.446119403,0.0631441191,0.6714644592,2.7530895176,-0.5842636316
