Instance,INF_avg,INF_sd,INF_r1,INF_kr,INF_sk,SUP_avg,SUP_sd,SUP_r1,SUP_kr,SUP_sk,INC_avg,INC_sd,INC_r1,INC_kr,INC_sk,IND_avg,IND_sd,IND_r1,IND_kr,IND_sk
268,0.429280303,0.1294380813,0.9224306068,1.7521216106,-0.1089356266,0.0959469697,0.0826459512,0.91831513,3.0220627931,0.9921859526,0.4747727273,0.0647748538,0.6290675618,2.2785729931,-0.1811388982,0.4747727273,0.0647748538,0.6290675618,2.2785729931,-0.1811388982
