Instance,INF_avg,INF_sd,INF_r1,INF_kr,INF_sk,SUP_avg,SUP_sd,SUP_r1,SUP_kr,SUP_sk,INC_avg,INC_sd,INC_r1,INC_kr,INC_sk,IND_avg,IND_sd,IND_r1,IND_kr,IND_sk
164,0.2336,0.0581639063,-0.3271551103,2.9041927727,-0.1401807837,0.2544,0.0668179617,0.066613692,2.2532564961,-0.1223473419,0.512,0.0821705543,0.0201220675,2.268289122,0.48794592,0.512,0.0821705543,0.0201220675,2.268289122,0.48794592
