Instance,INF_avg,INF_sd,INF_r1,INF_kr,INF_sk,SUP_avg,SUP_sd,SUP_r1,SUP_kr,SUP_sk,INC_avg,INC_sd,INC_r1,INC_kr,INC_sk,IND_avg,IND_sd,IND_r1,IND_kr,IND_sk
41,0.244,0.1035084538,0.1305519984,2.750968492,0.2620114805,0.2465,0.1017975933,0.0735940282,2.4960948885,0.1944271161,0.5095,0.09661651,0.1713397096,2.5382763587,-0.1365439444,0.5095,0.09661651,0.1713397096,2.5382763587,-0.1365439444
