Instance,INF_avg,INF_sd,INF_r1,INF_kr,INF_sk,SUP_avg,SUP_sd,SUP_r1,SUP_kr,SUP_sk,INC_avg,INC_sd,INC_r1,INC_kr,INC_sk,IND_avg,IND_sd,IND_r1,IND_kr,IND_sk
279,0.2595,0.0942589518,0.0191242095,3.5473124645,-0.1854672587,0.2355,0.1037533132,0.1592842267,3.3020181841,0.4835488019,0.505,0.1080509139,0.0532214088,3.0252098914,0.3822846874,0.505,0.1080509139,0.0532214088,3.0252098914,0.3822846874
