Instance,INF_avg,INF_sd,INF_r1,INF_kr,INF_sk,SUP_avg,SUP_sd,SUP_r1,SUP_kr,SUP_sk,INC_avg,INC_sd,INC_r1,INC_kr,INC_sk,IND_avg,IND_sd,IND_r1,IND_kr,IND_sk
259,0.26,0.1356465997,0.4434706398,5.0860113422,1.1346620104,0.248,0.136,-0.1026733683,1.7611528837,0.232953389,0.492,0.1494523335,-0.1303133456,2.4853818934,-0.2945999721,0.492,0.1494523335,-0.1303133456,2.4853818934,-0.2945999721
