Instance,INF_avg,INF_sd,INF_r1,INF_kr,INF_sk,SUP_avg,SUP_sd,SUP_r1,SUP_kr,SUP_sk,INC_avg,INC_sd,INC_r1,INC_kr,INC_sk,IND_avg,IND_sd,IND_r1,IND_kr,IND_sk
218,0.35,0.1095445115,0.0,2.5,0.9128709292,0.22,0.0748331477,-0.6233766234,2.1339285714,0.7301958931,0.43,0.12489996,-0.150712831,1.3269230769,0.2278746804,0.43,0.12489996,-0.150712831,1.3269230769,0.2278746804
