Instance,INF_avg,INF_sd,INF_r1,INF_kr,INF_sk,SUP_avg,SUP_sd,SUP_r1,SUP_kr,SUP_sk,INC_avg,INC_sd,INC_r1,INC_kr,INC_sk,IND_avg,IND_sd,IND_r1,IND_kr,IND_sk
235,0.27,0.0853463532,0.4636439038,3.0016592075,0.5381695356,0.2656,0.0762144343,0.240448604,3.0942180191,0.4282771284,0.4644,0.0903583975,0.3584845006,2.6573062016,0.0370610617,0.4644,0.0903583975,0.3584845006,2.6573062016,0.0370610617
