Instance,INF_avg,INF_sd,INF_r1,INF_kr,INF_sk,SUP_avg,SUP_sd,SUP_r1,SUP_kr,SUP_sk,INC_avg,INC_sd,INC_r1,INC_kr,INC_sk,IND_avg,IND_sd,IND_r1,IND_kr,IND_sk
42,0.193,0.0349428104,-0.1187607573,2.1142274729,-0.4902359291,0.213,0.0368917335,0.2085296702,2.2159965794,0.0841272556,0.594,0.0382622529,0.1441846523,1.2741646511,-0.2005143597,0.594,0.0382622529,0.1441846523,1.2741646511,-0.2005143597
