Instance,INF_avg,INF_sd,INF_r1,INF_kr,INF_sk,SUP_avg,SUP_sd,SUP_r1,SUP_kr,SUP_sk,INC_avg,INC_sd,INC_r1,INC_kr,INC_sk,IND_avg,IND_sd,IND_r1,IND_kr,IND_sk
36,0.2528,0.0465205331,0.0249900856,2.8462625329,0.2087757971,0.2535,0.0501871497,0.246992403,3.5987094607,0.6001180292,0.4937,0.0514714484,0.0402260562,3.0490266159,-0.4795112999,0.4937,0.0514714484,0.0402260562,3.0490266159,-0.4795112999
