Instance,INF_avg,INF_sd,INF_r1,INF_kr,INF_sk,SUP_avg,SUP_sd,SUP_r1,SUP_kr,SUP_sk,INC_avg,INC_sd,INC_r1,INC_kr,INC_sk,IND_avg,IND_sd,IND_r1,IND_kr,IND_sk
258,0.2472,0.0623230295,-0.1063530182,2.4489025409,-0.2955770238,0.2184,0.054308747,0.4235221283,2.4551172648,0.1518376119,0.5344,0.0636289242,0.0375056629,1.8791301005,-0.1464506152,0.5344,0.0636289242,0.0375056629,1.8791301005,-0.1464506152
