Instance,INF_avg,INF_sd,INF_r1,INF_kr,INF_sk,SUP_avg,SUP_sd,SUP_r1,SUP_kr,SUP_sk,INC_avg,INC_sd,INC_r1,INC_kr,INC_sk,IND_avg,IND_sd,IND_r1,IND_kr,IND_sk
263,0.2444,0.0314744341,0.0946245632,2.3073302492,0.2539579961,0.289,0.0388072158,0.2780298297,1.8884329878,0.3083995395,0.4666,0.0348631611,-0.1011108818,2.6105039293,0.4649491333,0.4666,0.0348631611,-0.1011108818,2.6105039293,0.4649491333
