Instance,INF_avg,INF_sd,INF_r1,INF_kr,INF_sk,SUP_avg,SUP_sd,SUP_r1,SUP_kr,SUP_sk,INC_avg,INC_sd,INC_r1,INC_kr,INC_sk,IND_avg,IND_sd,IND_r1,IND_kr,IND_sk
1,0.286,0.1385784976,0.1198609578,2.0552935819,0.0711361895,0.254,0.1388668427,0.0325169112,2.3073006798,-0.0378922624,0.46,0.1624807681,-0.0254854369,2.9779614325,-0.2629681853,0.46,0.1624807681,-0.0254854369,2.9779614325,-0.2629681853
