Instance,INF_avg,INF_sd,INF_r1,INF_kr,INF_sk,SUP_avg,SUP_sd,SUP_r1,SUP_kr,SUP_sk,INC_avg,INC_sd,INC_r1,INC_kr,INC_sk,IND_avg,IND_sd,IND_r1,IND_kr,IND_sk
39,0.24,0.0521536192,0.1525423729,3.5467128028,0.7105705044,0.254,0.0639061812,-0.2690252999,3.1414506912,1.0089472025,0.506,0.062,-0.4525064181,2.5172540744,-0.5027021584,0.506,0.062,-0.4525064181,2.5172540744,-0.5027021584
