Instance,INF_avg,INF_sd,INF_r1,INF_kr,INF_sk,SUP_avg,SUP_sd,SUP_r1,SUP_kr,SUP_sk,INC_avg,INC_sd,INC_r1,INC_kr,INC_sk,IND_avg,IND_sd,IND_r1,IND_kr,IND_sk
282,0.3,0.115207323,-0.0398550725,3.3388065303,0.7758496536,0.1981818182,0.0899311031,-0.0121131594,2.6256667046,0.3168916034,0.5018181818,0.1008886138,-0.0939492985,3.5922104459,-0.6206503355,0.5018181818,0.1008886138,-0.0939492985,3.5922104459,-0.6206503355
