Instance,INF_avg,INF_sd,INF_r1,INF_kr,INF_sk,SUP_avg,SUP_sd,SUP_r1,SUP_kr,SUP_sk,INC_avg,INC_sd,INC_r1,INC_kr,INC_sk,IND_avg,IND_sd,IND_r1,IND_kr,IND_sk
133,0.271,0.1471699698,0.0116593673,2.8826641548,0.263123982,0.224,0.1372005831,-0.1162598368,2.504384543,0.3759095586,0.505,0.1479019946,-0.1130402358,3.6874096327,0.5445304716,0.505,0.1479019946,-0.1130402358,3.6874096327,0.5445304716
