Instance,INF_avg,INF_sd,INF_r1,INF_kr,INF_sk,SUP_avg,SUP_sd,SUP_r1,SUP_kr,SUP_sk,INC_avg,INC_sd,INC_r1,INC_kr,INC_sk,IND_avg,IND_sd,IND_r1,IND_kr,IND_sk
90,0.2552,0.082806763,0.2721434456,2.674361073,0.3296406104,0.31,0.0731300212,0.3748584371,2.8234015023,0.1129124853,0.4348,0.0630948492,0.1756750208,2.8854683077,-0.456076502,0.4348,0.0630948492,0.1756750208,2.8854683077,-0.456076502
