Instance,INF_avg,INF_sd,INF_r1,INF_kr,INF_sk,SUP_avg,SUP_sd,SUP_r1,SUP_kr,SUP_sk,INC_avg,INC_sd,INC_r1,INC_kr,INC_sk,IND_avg,IND_sd,IND_r1,IND_kr,IND_sk
159,0.5666363636,0.0727358518,0.7238655598,3.4649864568,-0.5703144315,0.07675,0.0623863057,0.8864672939,4.4238498088,1.2873174483,0.3566136364,0.0362348501,0.1547515823,3.4187450638,0.0652933303,0.3566136364,0.0362348501,0.1547515823,3.4187450638,0.0652933303
