Instance,INF_avg,INF_sd,INF_r1,INF_kr,INF_sk,SUP_avg,SUP_sd,SUP_r1,SUP_kr,SUP_sk,INC_avg,INC_sd,INC_r1,INC_kr,INC_sk,IND_avg,IND_sd,IND_r1,IND_kr,IND_sk
294,0.31,0.0583095189,-0.0946745562,2.6660899654,-1.1500493357,0.22,0.1029563014,-0.3212435233,1.3209327163,-0.1319482681,0.47,0.1077032961,-0.8126520681,1.7636741974,-0.403407114,0.47,0.1077032961,-0.8126520681,1.7636741974,-0.403407114
