Instance,INF_avg,INF_sd,INF_r1,INF_kr,INF_sk,SUP_avg,SUP_sd,SUP_r1,SUP_kr,SUP_sk,INC_avg,INC_sd,INC_r1,INC_kr,INC_sk,IND_avg,IND_sd,IND_r1,IND_kr,IND_sk
246,0.24,0.0244948974,-0.7142857143,1.9666666667,0.4082482905,0.234,0.0516139516,-0.5425803162,1.8430186944,0.0928584742,0.526,0.028,-0.4399421129,1.9380466472,-0.5160349854,0.526,0.028,-0.4399421129,1.9380466472,-0.5160349854
