Instance,INF_avg,INF_sd,INF_r1,INF_kr,INF_sk,SUP_avg,SUP_sd,SUP_r1,SUP_kr,SUP_sk,INC_avg,INC_sd,INC_r1,INC_kr,INC_sk,IND_avg,IND_sd,IND_r1,IND_kr,IND_sk
5,0.27065,0.0400353281,0.4163285075,3.083609201,-0.0737035768,0.2612,0.0367159366,0.2374738659,2.8892862367,0.4762121436,0.46815,0.0357886504,0.0072098308,3.4678233774,-0.2680861766,0.46815,0.0357886504,0.0072098308,3.4678233774,-0.2680861766
