Instance,INF_avg,INF_sd,INF_r1,INF_kr,INF_sk,SUP_avg,SUP_sd,SUP_r1,SUP_kr,SUP_sk,INC_avg,INC_sd,INC_r1,INC_kr,INC_sk,IND_avg,IND_sd,IND_r1,IND_kr,IND_sk
87,0.228,0.1049571341,0.0565685667,3.3069284843,0.3958665598,0.291,0.0973087869,-0.0445665984,3.3388363768,0.1236052862,0.481,0.1053043209,0.0344884903,2.5976688045,-0.1357928719,0.481,0.1053043209,0.0344884903,2.5976688045,-0.1357928719
