Instance,INF_avg,INF_sd,INF_r1,INF_kr,INF_sk,SUP_avg,SUP_sd,SUP_r1,SUP_kr,SUP_sk,INC_avg,INC_sd,INC_r1,INC_kr,INC_sk,IND_avg,IND_sd,IND_r1,IND_kr,IND_sk
94,0.2405,0.0311809237,-0.235085012,2.5170013913,0.5213148464,0.2665,0.0319413525,0.0736259075,1.9213245549,0.2537117394,0.493,0.031,-0.1705049651,1.5799175114,-0.1729045685,0.493,0.031,-0.1705049651,1.5799175114,-0.1729045685
