Instance,INF_avg,INF_sd,INF_r1,INF_kr,INF_sk,SUP_avg,SUP_sd,SUP_r1,SUP_kr,SUP_sk,INC_avg,INC_sd,INC_r1,INC_kr,INC_sk,IND_avg,IND_sd,IND_r1,IND_kr,IND_sk
174,0.28,0.081240384,0.0965732087,1.4421487603,0.3804646085,0.26,0.08,0.0585774059,1.4189453125,-0.03515625,0.46,0.0489897949,-0.130952381,2.7291666667,0.8675276172,0.46,0.0489897949,-0.130952381,2.7291666667,0.8675276172
