Instance,INF_avg,INF_sd,INF_r1,INF_kr,INF_sk,SUP_avg,SUP_sd,SUP_r1,SUP_kr,SUP_sk,INC_avg,INC_sd,INC_r1,INC_kr,INC_sk,IND_avg,IND_sd,IND_r1,IND_kr,IND_sk
129,0.2632,0.0373866286,0.0935914643,2.1510006277,0.2217620141,0.2624,0.0379241348,0.0280945702,2.79474269,-0.0977037118,0.4744,0.0458327394,0.3774808555,2.1631472439,-0.0562291197,0.4744,0.0458327394,0.3774808555,2.1631472439,-0.0562291197
