Instance,INF_avg,INF_sd,INF_r1,INF_kr,INF_sk,SUP_avg,SUP_sd,SUP_r1,SUP_kr,SUP_sk,INC_avg,INC_sd,INC_r1,INC_kr,INC_sk,IND_avg,IND_sd,IND_r1,IND_kr,IND_sk
18,0.267,0.0987977733,0.035544659,2.5535105852,0.0049524814,0.252,0.1004788535,0.2370697663,2.8303205236,0.0634994173,0.481,0.1148433716,0.0701559273,3.0791848008,0.0733704745,0.481,0.1148433716,0.0701559273,3.0791848008,0.0733704745
