Instance,INF_avg,INF_sd,INF_r1,INF_kr,INF_sk,SUP_avg,SUP_sd,SUP_r1,SUP_kr,SUP_sk,INC_avg,INC_sd,INC_r1,INC_kr,INC_sk,IND_avg,IND_sd,IND_r1,IND_kr,IND_sk
156,0.242,0.1401285124,-0.1584012307,2.8723068255,0.6221103087,0.248,0.1315142578,0.0956479798,2.7110839742,0.1753150542,0.51,0.1431782106,-0.093888834,2.2461154075,-0.053148842,0.51,0.1431782106,-0.093888834,2.2461154075,-0.053148842
