Instance,INF_avg,INF_sd,INF_r1,INF_kr,INF_sk,SUP_avg,SUP_sd,SUP_r1,SUP_kr,SUP_sk,INC_avg,INC_sd,INC_r1,INC_kr,INC_sk,IND_avg,IND_sd,IND_r1,IND_kr,IND_sk
173,0.215,0.0475920161,0.0510783201,3.954724208,1.0018932391,0.227,0.049,0.1170672371,1.5183346312,-0.1603413544,0.558,0.0543691089,0.3738101713,1.8817935952,-0.3500355907,0.558,0.0543691089,0.3738101713,1.8817935952,-0.3500355907
