Instance,INF_avg,INF_sd,INF_r1,INF_kr,INF_sk,SUP_avg,SUP_sd,SUP_r1,SUP_kr,SUP_sk,INC_avg,INC_sd,INC_r1,INC_kr,INC_sk,IND_avg,IND_sd,IND_r1,IND_kr,IND_sk
89,0.282,0.1465469208,0.0330585638,2.4173880455,0.5419145328,0.268,0.1448309359,0.0645255206,2.8473713884,0.2127944681,0.45,0.1711724277,0.3552859619,3.191941665,-0.035889803,0.45,0.1711724277,0.3552859619,3.191941665,-0.035889803
