Instance,INF_avg,INF_sd,INF_r1,INF_kr,INF_sk,SUP_avg,SUP_sd,SUP_r1,SUP_kr,SUP_sk,INC_avg,INC_sd,INC_r1,INC_kr,INC_sk,IND_avg,IND_sd,IND_r1,IND_kr,IND_sk
106,0.236,0.042708313,-0.5974729242,2.2746999077,-0.8478566294,0.212,0.0775628777,-0.6691339748,1.2447091444,-0.2312468379,0.552,0.094318609,-0.7186738176,1.359569898,-0.3322581814,0.552,0.094318609,-0.7186738176,1.359569898,-0.3322581814
