Instance,INF_avg,INF_sd,INF_r1,INF_kr,INF_sk,SUP_avg,SUP_sd,SUP_r1,SUP_kr,SUP_sk,INC_avg,INC_sd,INC_r1,INC_kr,INC_sk,IND_avg,IND_sd,IND_r1,IND_kr,IND_sk
260,0.336,0.0695125888,-0.0001454757,1.9780930661,-0.0834571781,0.2144,0.0605362701,0.0497969965,2.8017906202,0.4586183738,0.4496,0.0672,-0.0513477679,3.9031385939,-0.5010831714,0.4496,0.0672,-0.0513477679,3.9031385939,-0.5010831714
