Instance,INF_avg,INF_sd,INF_r1,INF_kr,INF_sk,SUP_avg,SUP_sd,SUP_r1,SUP_kr,SUP_sk,INC_avg,INC_sd,INC_r1,INC_kr,INC_sk,IND_avg,IND_sd,IND_r1,IND_kr,IND_sk
270,0.222,0.1087014259,-0.1268171001,1.7118614971,0.0813568159,0.218,0.0915204895,-0.0436396334,3.156729693,0.5959803417,0.56,0.1208304597,-0.0597903089,2.5339650966,-0.3707220898,0.56,0.1208304597,-0.0597903089,2.5339650966,-0.3707220898
