Instance,INF_avg,INF_sd,INF_r1,INF_kr,INF_sk,SUP_avg,SUP_sd,SUP_r1,SUP_kr,SUP_sk,INC_avg,INC_sd,INC_r1,INC_kr,INC_sk,IND_avg,IND_sd,IND_r1,IND_kr,IND_sk
142,0.2562,0.0450950108,-0.147711437,2.2971559351,-0.004607724,0.2546,0.0403836601,-0.1473000729,3.8292032411,0.6276574367,0.4892,0.0492276345,-0.0896942117,2.3633410717,-0.0826800632,0.4892,0.0492276345,-0.0896942117,2.3633410717,-0.0826800632
