Instance,INF_avg,INF_sd,INF_r1,INF_kr,INF_sk,SUP_avg,SUP_sd,SUP_r1,SUP_kr,SUP_sk,INC_avg,INC_sd,INC_r1,INC_kr,INC_sk,IND_avg,IND_sd,IND_r1,IND_kr,IND_sk
137,0.21,0.0688476579,-0.3937677054,1.9160925065,-0.1176694468,0.27,0.0440454311,0.2662721893,1.81794027,0.5898314717,0.52,0.0698569968,-0.4867256637,1.7024993281,0.4364888942,0.52,0.0698569968,-0.4867256637,1.7024993281,0.4364888942
