Instance,INF_avg,INF_sd,INF_r1,INF_kr,INF_sk,SUP_avg,SUP_sd,SUP_r1,SUP_kr,SUP_sk,INC_avg,INC_sd,INC_r1,INC_kr,INC_sk,IND_avg,IND_sd,IND_r1,IND_kr,IND_sk
232,0.28,0.1326649916,0.1913439636,1.9070247934,-0.1439031417,0.24,0.1562049935,0.0515806988,2.2270894921,0.4218920142,0.48,0.1469693846,-0.1545801527,2.4012345679,-0.0302406141,0.48,0.1469693846,-0.1545801527,2.4012345679,-0.0302406141
