Instance,INF_avg,INF_sd,INF_r1,INF_kr,INF_sk,SUP_avg,SUP_sd,SUP_r1,SUP_kr,SUP_sk,INC_avg,INC_sd,INC_r1,INC_kr,INC_sk,IND_avg,IND_sd,IND_r1,IND_kr,IND_sk
53,0.3465,0.1360615669,0.287634886,2.471146741,-0.0364540895,0.262,0.1124988889,0.4442332647,2.7740835586,0.2371536276,0.3915,0.1382126984,0.2656963892,2.7443967618,0.1539571577,0.3915,0.1382126984,0.2656963892,2.7443967618,0.1539571577
