Instance,INF_avg,INF_sd,INF_r1,INF_kr,INF_sk,SUP_avg,SUP_sd,SUP_r1,SUP_kr,SUP_sk,INC_avg,INC_sd,INC_r1,INC_kr,INC_sk,IND_avg,IND_sd,IND_r1,IND_kr,IND_sk
244,0.253,0.04621688,0.0630022501,2.7144378866,1.0957740633,0.212,0.0196468827,-0.1853832442,2.7004886037,-1.1108039135,0.535,0.0266458252,0.2380952381,2.6983733386,-1.0703788139,0.535,0.0266458252,0.2380952381,2.6983733386,-1.0703788139
