Instance,INF_avg,INF_sd,INF_r1,INF_kr,INF_sk,SUP_avg,SUP_sd,SUP_r1,SUP_kr,SUP_sk,INC_avg,INC_sd,INC_r1,INC_kr,INC_sk,IND_avg,IND_sd,IND_r1,IND_kr,IND_sk
256,0.22,0.092736185,-0.1055276382,4.1863169281,1.2864700617,0.225,0.0901387819,0.4108527132,2.3065088757,-0.2560154752,0.555,0.1556438242,0.2680289761,3.2580873966,-0.8290739987,0.555,0.1556438242,0.2680289761,3.2580873966,-0.8290739987
