Instance,INF_avg,INF_sd,INF_r1,INF_kr,INF_sk,SUP_avg,SUP_sd,SUP_r1,SUP_kr,SUP_sk,INC_avg,INC_sd,INC_r1,INC_kr,INC_sk,IND_avg,IND_sd,IND_r1,IND_kr,IND_sk
114,0.284,0.1405133446,-0.0696281528,2.8664191768,0.13401889,0.22,0.1216552506,0.0875912409,3.5354273192,0.5131914333,0.496,0.1509436981,0.0653024249,2.9286010881,0.190012436,0.496,0.1509436981,0.0653024249,2.9286010881,0.190012436
