Instance,INF_avg,INF_sd,INF_r1,INF_kr,INF_sk,SUP_avg,SUP_sd,SUP_r1,SUP_kr,SUP_sk,INC_avg,INC_sd,INC_r1,INC_kr,INC_sk,IND_avg,IND_sd,IND_r1,IND_kr,IND_sk
159,0.254,0.0438634244,-0.0790110185,1.8117444167,-0.1345131617,0.244,0.0326190129,0.0777065258,2.6588840522,0.488897947,0.502,0.0561782876,0.1287534122,1.4400911776,-0.0109645489,0.502,0.0561782876,0.1287534122,1.4400911776,-0.0109645489
