Instance,INF_avg,INF_sd,INF_r1,INF_kr,INF_sk,SUP_avg,SUP_sd,SUP_r1,SUP_kr,SUP_sk,INC_avg,INC_sd,INC_r1,INC_kr,INC_sk,IND_avg,IND_sd,IND_r1,IND_kr,IND_sk
170,0.297,0.0907799537,0.0663452412,2.49992718,0.2896549959,0.282,0.0926066952,-0.0153804081,2.8046622647,-0.1083663307,0.421,0.109585583,0.1475961194,3.2087562898,-0.4622506594,0.421,0.109585583,0.1475961194,3.2087562898,-0.4622506594
