Instance,INF_avg,INF_sd,INF_r1,INF_kr,INF_sk,SUP_avg,SUP_sd,SUP_r1,SUP_kr,SUP_sk,INC_avg,INC_sd,INC_r1,INC_kr,INC_sk,IND_avg,IND_sd,IND_r1,IND_kr,IND_sk
14,0.238,0.0513809303,0.3661526795,2.3363360882,0.1790547572,0.2196,0.0367129405,0.1577153087,3.4639669118,-0.3512816196,0.5424,0.0489309718,-0.0373721284,1.9662091988,0.3013819683,0.5424,0.0489309718,-0.0373721284,1.9662091988,0.3013819683
