Instance,INF_avg,INF_sd,INF_r1,INF_kr,INF_sk,SUP_avg,SUP_sd,SUP_r1,SUP_kr,SUP_sk,INC_avg,INC_sd,INC_r1,INC_kr,INC_sk,IND_avg,IND_sd,IND_r1,IND_kr,IND_sk
246,0.2785,0.0373262642,0.0973520095,2.7264089127,-0.1164699787,0.21875,0.0345931713,0.1312592748,2.2393783022,-0.3814681373,0.50275,0.0437228487,0.0264767529,3.072646336,0.3024371077,0.50275,0.0437228487,0.0264767529,3.072646336,0.3024371077
