Instance,INF_avg,INF_sd,INF_r1,INF_kr,INF_sk,SUP_avg,SUP_sd,SUP_r1,SUP_kr,SUP_sk,INC_avg,INC_sd,INC_r1,INC_kr,INC_sk,IND_avg,IND_sd,IND_r1,IND_kr,IND_sk
186,0.4641269841,0.1110503235,0.8446006919,1.9088291432,-0.1079101866,0.0762698413,0.0616117404,0.8940518087,2.2966905014,0.6890415586,0.4596031746,0.0635478921,0.4777362805,2.823201274,0.0893923164,0.4596031746,0.0635478921,0.4777362805,2.823201274,0.0893923164
