Instance,INF_avg,INF_sd,INF_r1,INF_kr,INF_sk,SUP_avg,SUP_sd,SUP_r1,SUP_kr,SUP_sk,INC_avg,INC_sd,INC_r1,INC_kr,INC_sk,IND_avg,IND_sd,IND_r1,IND_kr,IND_sk
10,0.1805,0.0280579757,-0.0452994995,2.1068448492,-0.2600205194,0.2915,0.0508453538,0.0122967077,2.4380692368,0.4709126282,0.528,0.0518266341,-0.017277331,2.425743867,-0.3618800718,0.528,0.0518266341,-0.017277331,2.425743867,-0.3618800718
