Instance,INF_avg,INF_sd,INF_r1,INF_kr,INF_sk,SUP_avg,SUP_sd,SUP_r1,SUP_kr,SUP_sk,INC_avg,INC_sd,INC_r1,INC_kr,INC_sk,IND_avg,IND_sd,IND_r1,IND_kr,IND_sk
140,0.21,0.0848528137,0.0532879819,2.8356481481,-0.1669557678,0.288,0.1142628549,-0.0348590632,2.5593382803,0.1754532927,0.502,0.130751673,-0.2983275464,3.5733700347,1.0031697315,0.502,0.130751673,-0.2983275464,3.5733700347,1.0031697315
