Instance,INF_avg,INF_sd,INF_r1,INF_kr,INF_sk,SUP_avg,SUP_sd,SUP_r1,SUP_kr,SUP_sk,INC_avg,INC_sd,INC_r1,INC_kr,INC_sk,IND_avg,IND_sd,IND_r1,IND_kr,IND_sk
274,0.257,0.0377888873,0.1690257642,2.8232763694,-0.5855173843,0.2794,0.0407264042,-0.0797619197,2.9282734705,0.5751371305,0.4636,0.0317023658,0.1689438781,2.478436202,-0.4296976136,0.4636,0.0317023658,0.1689438781,2.478436202,-0.4296976136
