Instance,INF_avg,INF_sd,INF_r1,INF_kr,INF_sk,SUP_avg,SUP_sd,SUP_r1,SUP_kr,SUP_sk,INC_avg,INC_sd,INC_r1,INC_kr,INC_sk,IND_avg,IND_sd,IND_r1,IND_kr,IND_sk
214,0.3788268156,0.0982202983,0.7359921384,2.3018656062,-0.0354630284,0.1202234637,0.0742783178,0.851262625,2.74456257,0.7210247449,0.5009497207,0.0548200993,0.0707793573,2.5363675177,-0.194637425,0.5009497207,0.0548200993,0.0707793573,2.5363675177,-0.194637425
