Instance,INF_avg,INF_sd,INF_r1,INF_kr,INF_sk,SUP_avg,SUP_sd,SUP_r1,SUP_kr,SUP_sk,INC_avg,INC_sd,INC_r1,INC_kr,INC_sk,IND_avg,IND_sd,IND_r1,IND_kr,IND_sk
251,0.243,0.0974730732,-0.1869411044,2.6457088741,0.0673410658,0.33,0.1236931688,0.1062483522,2.283096245,-0.0126816013,0.427,0.1096403211,-0.0654082039,2.3528631691,0.1283139287,0.427,0.1096403211,-0.0654082039,2.3528631691,0.1283139287
