Instance,INF_avg,INF_sd,INF_r1,INF_kr,INF_sk,SUP_avg,SUP_sd,SUP_r1,SUP_kr,SUP_sk,INC_avg,INC_sd,INC_r1,INC_kr,INC_sk,IND_avg,IND_sd,IND_r1,IND_kr,IND_sk
179,0.232,0.0411825206,-0.1772853186,1.3209327163,0.1319482681,0.24,0.04,0.1818181818,2.05,0.0,0.528,0.0722218803,0.0898345154,2.1690880349,0.0825676396,0.528,0.0722218803,0.0898345154,2.1690880349,0.0825676396
