Instance,INF_avg,INF_sd,INF_r1,INF_kr,INF_sk,SUP_avg,SUP_sd,SUP_r1,SUP_kr,SUP_sk,INC_avg,INC_sd,INC_r1,INC_kr,INC_sk,IND_avg,IND_sd,IND_r1,IND_kr,IND_sk
201,0.3670769231,0.0944900984,0.3778501462,2.5716268105,-0.0895785118,0.1483076923,0.0845543836,0.6878170298,2.5811493381,0.4879327673,0.4846153846,0.0645714136,0.046851162,2.8326962175,-0.2819974018,0.4846153846,0.0645714136,0.046851162,2.8326962175,-0.2819974018
