Instance,INF_avg,INF_sd,INF_r1,INF_kr,INF_sk,SUP_avg,SUP_sd,SUP_r1,SUP_kr,SUP_sk,INC_avg,INC_sd,INC_r1,INC_kr,INC_sk,IND_avg,IND_sd,IND_r1,IND_kr,IND_sk
266,0.29,0.0495983871,0.135021097,3.7209994051,1.2982326181,0.191,0.0254754784,0.0987596169,2.2708801736,0.7954717391,0.519,0.0410974452,-0.1933723453,3.8283228539,-1.0434845009,0.519,0.0410974452,-0.1933723453,3.8283228539,-1.0434845009
