Instance,INF_avg,INF_sd,INF_r1,INF_kr,INF_sk,SUP_avg,SUP_sd,SUP_r1,SUP_kr,SUP_sk,INC_avg,INC_sd,INC_r1,INC_kr,INC_sk,IND_avg,IND_sd,IND_r1,IND_kr,IND_sk
142,0.28,0.0678232998,-0.1616161616,4.3487712665,1.2308198079,0.245,0.0567890835,-0.016291699,1.9576347575,-0.6224583152,0.475,0.0955248659,-0.3722627737,3.5250516044,-0.9894863194,0.475,0.0955248659,-0.3722627737,3.5250516044,-0.9894863194
