Instance,INF_avg,INF_sd,INF_r1,INF_kr,INF_sk,SUP_avg,SUP_sd,SUP_r1,SUP_kr,SUP_sk,INC_avg,INC_sd,INC_r1,INC_kr,INC_sk,IND_avg,IND_sd,IND_r1,IND_kr,IND_sk
112,0.4355952381,0.0936603691,0.7821935823,2.32986724,-0.2047453043,0.1020238095,0.0710596624,0.7949661908,4.9123380746,1.3565546548,0.4623809524,0.0521129508,0.3199212014,2.9996173203,-0.0481645106,0.4623809524,0.0521129508,0.3199212014,2.9996173203,-0.0481645106
