Instance,INF_avg,INF_sd,INF_r1,INF_kr,INF_sk,SUP_avg,SUP_sd,SUP_r1,SUP_kr,SUP_sk,INC_avg,INC_sd,INC_r1,INC_kr,INC_sk,IND_avg,IND_sd,IND_r1,IND_kr,IND_sk
1,0.2705,0.1065586693,0.1088755851,3.0587898022,0.6048345256,0.2345,0.0968749194,0.0179148797,2.8277652782,0.1609913096,0.495,0.1068877916,-0.0545968758,3.0850279388,-0.183017751,0.495,0.1068877916,-0.0545968758,3.0850279388,-0.183017751
