Instance,INF_avg,INF_sd,INF_r1,INF_kr,INF_sk,SUP_avg,SUP_sd,SUP_r1,SUP_kr,SUP_sk,INC_avg,INC_sd,INC_r1,INC_kr,INC_sk,IND_avg,IND_sd,IND_r1,IND_kr,IND_sk
250,0.2307,0.0367492857,-0.0921580823,3.6582917972,-0.2068578788,0.2038,0.0393898464,0.300913507,2.7042465689,-0.0926546708,0.5655,0.0488748402,0.1518215195,2.8569263464,0.3342982905,0.5655,0.0488748402,0.1518215195,2.8569263464,0.3342982905
