Instance,INF_avg,INF_sd,INF_r1,INF_kr,INF_sk,SUP_avg,SUP_sd,SUP_r1,SUP_kr,SUP_sk,INC_avg,INC_sd,INC_r1,INC_kr,INC_sk,IND_avg,IND_sd,IND_r1,IND_kr,IND_sk
13,0.22,0.1326649916,-0.4578587699,2.604338843,0.9148128296,0.22,0.1166190379,0.1282894737,1.6280276817,0.3631734744,0.56,0.1907878403,0.1463414634,2.0295857988,-0.628970902,0.56,0.1907878403,0.1463414634,2.0295857988,-0.628970902
