Instance,INF_avg,INF_sd,INF_r1,INF_kr,INF_sk,SUP_avg,SUP_sd,SUP_r1,SUP_kr,SUP_sk,INC_avg,INC_sd,INC_r1,INC_kr,INC_sk,IND_avg,IND_sd,IND_r1,IND_kr,IND_sk
59,0.26,0.12,-0.7251461988,1.3981481481,0.1111111111,0.2,0.0894427191,-0.75,1.25,-0.0,0.54,0.0489897949,-0.6666666667,1.1666666667,0.4082482905,0.54,0.0489897949,-0.6666666667,1.1666666667,0.4082482905
