Instance,INF_avg,INF_sd,INF_r1,INF_kr,INF_sk,SUP_avg,SUP_sd,SUP_r1,SUP_kr,SUP_sk,INC_avg,INC_sd,INC_r1,INC_kr,INC_sk,IND_avg,IND_sd,IND_r1,IND_kr,IND_sk
226,0.219,0.0315277655,-0.3107357705,1.6546380901,0.3384963067,0.339,0.0440908154,0.1860324377,2.3864295966,0.2506400899,0.442,0.0366878727,0.1980054811,2.5358290151,-0.2690055728,0.442,0.0366878727,0.1980054811,2.5358290151,-0.2690055728
