Instance,INF_avg,INF_sd,INF_r1,INF_kr,INF_sk,SUP_avg,SUP_sd,SUP_r1,SUP_kr,SUP_sk,INC_avg,INC_sd,INC_r1,INC_kr,INC_sk,IND_avg,IND_sd,IND_r1,IND_kr,IND_sk
284,0.234,0.1313164118,0.0059192242,3.497272679,0.2569346444,0.275,0.1373863166,0.1308380258,2.5148458401,0.2472845241,0.491,0.1490603904,-0.0074955878,2.7645583507,0.4078058835,0.491,0.1490603904,-0.0074955878,2.7645583507,0.4078058835
