Instance,INF_avg,INF_sd,INF_r1,INF_kr,INF_sk,SUP_avg,SUP_sd,SUP_r1,SUP_kr,SUP_sk,INC_avg,INC_sd,INC_r1,INC_kr,INC_sk,IND_avg,IND_sd,IND_r1,IND_kr,IND_sk
158,0.2868,0.0352953255,0.3420489008,4.0620819903,-0.6454004024,0.2276,0.0409907307,-0.1100216661,1.9972137043,0.2982471307,0.4856,0.0332361249,-0.3788201179,1.9114661255,0.1170245001,0.4856,0.0332361249,-0.3788201179,1.9114661255,0.1170245001
