Instance,INF_avg,INF_sd,INF_r1,INF_kr,INF_sk,SUP_avg,SUP_sd,SUP_r1,SUP_kr,SUP_sk,INC_avg,INC_sd,INC_r1,INC_kr,INC_sk,IND_avg,IND_sd,IND_r1,IND_kr,IND_sk
54,0.268,0.0930376268,-0.1557359539,1.7609855098,0.2877614593,0.21,0.0574456265,0.0654205607,2.4104683196,-0.708970817,0.522,0.074,-0.1742953406,1.6728642843,-0.3278779144,0.522,0.074,-0.1742953406,1.6728642843,-0.3278779144
