Instance,INF_avg,INF_sd,INF_r1,INF_kr,INF_sk,SUP_avg,SUP_sd,SUP_r1,SUP_kr,SUP_sk,INC_avg,INC_sd,INC_r1,INC_kr,INC_sk,IND_avg,IND_sd,IND_r1,IND_kr,IND_sk
210,0.316,0.0512249939,0.014643075,6.3433967876,2.0797774144,0.26,0.0309838668,-0.0416666667,2.2916666667,-0.4841229183,0.424,0.0397994975,-0.1425682508,3.4126109581,-0.2010075631,0.424,0.0397994975,-0.1425682508,3.4126109581,-0.2010075631
