Instance,INF_avg,INF_sd,INF_r1,INF_kr,INF_sk,SUP_avg,SUP_sd,SUP_r1,SUP_kr,SUP_sk,INC_avg,INC_sd,INC_r1,INC_kr,INC_sk,IND_avg,IND_sd,IND_r1,IND_kr,IND_sk
65,0.2769230769,0.10490909,-0.2789539228,1.8947277142,-0.3287733708,0.2076923077,0.1206491319,0.6682867558,1.9429902836,0.1150748214,0.5153846154,0.0948371385,-0.0214285714,1.9740304709,0.2305251774,0.5153846154,0.0948371385,-0.0214285714,1.9740304709,0.2305251774
