Instance,INF_avg,INF_sd,INF_r1,INF_kr,INF_sk,SUP_avg,SUP_sd,SUP_r1,SUP_kr,SUP_sk,INC_avg,INC_sd,INC_r1,INC_kr,INC_sk,IND_avg,IND_sd,IND_r1,IND_kr,IND_sk
140,0.24,0.115758369,-0.1494755245,3.1010247271,0.8238983939,0.235,0.0502493781,0.4605394605,1.7544358396,0.0354666721,0.525,0.1054751155,-0.1764705882,1.9877540715,0.2237068478,0.525,0.1054751155,-0.1764705882,1.9877540715,0.2237068478
