Instance,INF_avg,INF_sd,INF_r1,INF_kr,INF_sk,SUP_avg,SUP_sd,SUP_r1,SUP_kr,SUP_sk,INC_avg,INC_sd,INC_r1,INC_kr,INC_sk,IND_avg,IND_sd,IND_r1,IND_kr,IND_sk
238,0.2701,0.0476339165,0.0352843792,2.4096316262,0.1392411125,0.259,0.0545435606,0.0468004861,2.7522048443,-0.0336112511,0.4709,0.0438427873,-0.0822226639,3.1077717527,0.0498297181,0.4709,0.0438427873,-0.0822226639,3.1077717527,0.0498297181
