Instance,INF_avg,INF_sd,INF_r1,INF_kr,INF_sk,SUP_avg,SUP_sd,SUP_r1,SUP_kr,SUP_sk,INC_avg,INC_sd,INC_r1,INC_kr,INC_sk,IND_avg,IND_sd,IND_r1,IND_kr,IND_sk
237,0.2284,0.0332180674,-0.0330686527,2.640012926,0.6280492551,0.2276,0.0337674399,0.3620608879,1.9864090103,-0.0115951527,0.544,0.034176015,0.230215334,2.9462580925,0.1029621393,0.544,0.034176015,0.230215334,2.9462580925,0.1029621393
