Instance,INF_avg,INF_sd,INF_r1,INF_kr,INF_sk,SUP_avg,SUP_sd,SUP_r1,SUP_kr,SUP_sk,INC_avg,INC_sd,INC_r1,INC_kr,INC_sk,IND_avg,IND_sd,IND_r1,IND_kr,IND_sk
66,0.23,0.04,0.1447368421,2.078125,0.84375,0.26,0.1019803903,0.2975206612,1.9556213018,-0.2715454179,0.51,0.0663324958,0.2401960784,2.2169421488,-0.3700366502,0.51,0.0663324958,0.2401960784,2.2169421488,-0.3700366502
