Instance,INF_avg,INF_sd,INF_r1,INF_kr,INF_sk,SUP_avg,SUP_sd,SUP_r1,SUP_kr,SUP_sk,INC_avg,INC_sd,INC_r1,INC_kr,INC_sk,IND_avg,IND_sd,IND_r1,IND_kr,IND_sk
295,0.24,0.1624807681,-0.7635658915,1.5798898072,0.1790421687,0.26,0.1624807681,-0.5284178187,1.8553719008,0.1007112199,0.5,0.1673320053,-0.4210526316,2.3469387755,0.1280602081,0.5,0.1673320053,-0.4210526316,2.3469387755,0.1280602081
