Instance,INF_avg,INF_sd,INF_r1,INF_kr,INF_sk,SUP_avg,SUP_sd,SUP_r1,SUP_kr,SUP_sk,INC_avg,INC_sd,INC_r1,INC_kr,INC_sk,IND_avg,IND_sd,IND_r1,IND_kr,IND_sk
72,0.264,0.1195993311,-0.1236082194,1.8092803627,0.1586954174,0.22,0.1019803903,0.3066255778,2.5059171598,0.0452575696,0.516,0.1286234815,-0.1885552363,3.2444114797,-0.187132491,0.516,0.1286234815,-0.1885552363,3.2444114797,-0.187132491
