Instance,INF_avg,INF_sd,INF_r1,INF_kr,INF_sk,SUP_avg,SUP_sd,SUP_r1,SUP_kr,SUP_sk,INC_avg,INC_sd,INC_r1,INC_kr,INC_sk,IND_avg,IND_sd,IND_r1,IND_kr,IND_sk
14,0.267,0.0941328848,0.0169962472,2.4111945567,0.2046201276,0.421,0.1086692229,0.0166878253,2.8196347184,-0.1486259935,0.312,0.1168588893,-0.0714980058,3.2388485127,0.5180116894,0.312,0.1168588893,-0.0714980058,3.2388485127,0.5180116894
