Instance,INF_avg,INF_sd,INF_r1,INF_kr,INF_sk,SUP_avg,SUP_sd,SUP_r1,SUP_kr,SUP_sk,INC_avg,INC_sd,INC_r1,INC_kr,INC_sk,IND_avg,IND_sd,IND_r1,IND_kr,IND_sk
215,0.2736,0.0452221185,0.2795734632,2.7475370649,-0.1439547807,0.1996,0.0489473186,0.3355061329,2.6460253692,0.0778978117,0.5268,0.0460191265,0.0561868784,3.1446512568,-0.0855423028,0.5268,0.0460191265,0.0561868784,3.1446512568,-0.0855423028
