Instance,INF_avg,INF_sd,INF_r1,INF_kr,INF_sk,SUP_avg,SUP_sd,SUP_r1,SUP_kr,SUP_sk,INC_avg,INC_sd,INC_r1,INC_kr,INC_sk,IND_avg,IND_sd,IND_r1,IND_kr,IND_sk
217,0.284,0.0250798724,-0.3271506236,3.1090736299,0.7979593467,0.205,0.0109544512,-0.28125,2.03125,0.1711632992,0.511,0.0303150128,-0.2925769321,2.8735840277,-0.7441986547,0.511,0.0303150128,-0.2925769321,2.8735840277,-0.7441986547
