Instance,INF_avg,INF_sd,INF_r1,INF_kr,INF_sk,SUP_avg,SUP_sd,SUP_r1,SUP_kr,SUP_sk,INC_avg,INC_sd,INC_r1,INC_kr,INC_sk,IND_avg,IND_sd,IND_r1,IND_kr,IND_sk
28,0.2252,0.0306750713,-0.112910897,2.0624294497,0.0481712608,0.3456,0.0303090745,0.1327397719,2.4543630787,-0.0006740622,0.4292,0.0266713329,0.1473774031,3.4744071609,-0.1861718762,0.4292,0.0266713329,0.1473774031,3.4744071609,-0.1861718762
