Instance,INF_avg,INF_sd,INF_r1,INF_kr,INF_sk,SUP_avg,SUP_sd,SUP_r1,SUP_kr,SUP_sk,INC_avg,INC_sd,INC_r1,INC_kr,INC_sk,IND_avg,IND_sd,IND_r1,IND_kr,IND_sk
227,0.28,0.1264911064,0.0560165975,2.7175,0.260887907,0.208,0.1163443166,0.2703589442,1.9408564291,0.3013798251,0.512,0.1336263447,-0.2970133735,2.4738987166,-0.4210102779,0.512,0.1336263447,-0.2970133735,2.4738987166,-0.4210102779
