Instance,INF_avg,INF_sd,INF_r1,INF_kr,INF_sk,SUP_avg,SUP_sd,SUP_r1,SUP_kr,SUP_sk,INC_avg,INC_sd,INC_r1,INC_kr,INC_sk,IND_avg,IND_sd,IND_r1,IND_kr,IND_sk
102,0.284,0.0310483494,-0.1189258312,3.7500559563,-1.477818252,0.242,0.0401995025,-0.3617830932,2.0329011862,0.4355750671,0.474,0.0431740663,-0.2795726278,2.1085394831,-0.7061940884,0.474,0.0431740663,-0.2795726278,2.1085394831,-0.7061940884
