Instance,INF_avg,INF_sd,INF_r1,INF_kr,INF_sk,SUP_avg,SUP_sd,SUP_r1,SUP_kr,SUP_sk,INC_avg,INC_sd,INC_r1,INC_kr,INC_sk,IND_avg,IND_sd,IND_r1,IND_kr,IND_sk
23,0.24,0.0883176087,-0.2695562965,3.8126232742,1.0669533591,0.292,0.1026450194,0.0414181886,2.4153197282,0.077095213,0.468,0.1143503389,0.0782589127,3.6667923721,-0.5664195382,0.468,0.1143503389,0.0782589127,3.6667923721,-0.5664195382
