Instance,INF_avg,INF_sd,INF_r1,INF_kr,INF_sk,SUP_avg,SUP_sd,SUP_r1,SUP_kr,SUP_sk,INC_avg,INC_sd,INC_r1,INC_kr,INC_sk,IND_avg,IND_sd,IND_r1,IND_kr,IND_sk
291,0.2752,0.0361242301,-0.3085559331,2.9300286757,-0.6070762418,0.2652,0.0450883577,-0.2603568594,2.307983274,0.4829134899,0.4596,0.0357189026,-0.2155760802,3.5653200781,-0.6097860328,0.4596,0.0357189026,-0.2155760802,3.5653200781,-0.6097860328
