Instance,INF_avg,INF_sd,INF_r1,INF_kr,INF_sk,SUP_avg,SUP_sd,SUP_r1,SUP_kr,SUP_sk,INC_avg,INC_sd,INC_r1,INC_kr,INC_sk,IND_avg,IND_sd,IND_r1,IND_kr,IND_sk
197,0.2352,0.0278560586,-0.0435387723,2.9637850433,-0.1371990892,0.2303,0.0314071648,-0.0934611574,2.9895623539,0.4659310821,0.5345,0.0332001506,-0.0446540028,2.6012081928,0.2936477483,0.5345,0.0332001506,-0.0446540028,2.6012081928,0.2936477483
