Instance,INF_avg,INF_sd,INF_r1,INF_kr,INF_sk,SUP_avg,SUP_sd,SUP_r1,SUP_kr,SUP_sk,INC_avg,INC_sd,INC_r1,INC_kr,INC_sk,IND_avg,IND_sd,IND_r1,IND_kr,IND_sk
281,0.306,0.0431740663,-0.129112662,1.368057986,0.0501016076,0.202,0.0507543102,-0.0826343585,2.9124358628,1.2599976308,0.492,0.0365513338,-0.6119174943,1.2969450321,0.2329592161,0.492,0.0365513338,-0.6119174943,1.2969450321,0.2329592161
