Instance,INF_avg,INF_sd,INF_r1,INF_kr,INF_sk,SUP_avg,SUP_sd,SUP_r1,SUP_kr,SUP_sk,INC_avg,INC_sd,INC_r1,INC_kr,INC_sk,IND_avg,IND_sd,IND_r1,IND_kr,IND_sk
136,0.22355,0.0509769311,0.5277023094,2.3989920003,0.0011203597,0.2513,0.0584235398,0.8065970211,2.1261348324,-0.0437729854,0.52515,0.0438660176,0.4328501062,3.8802975062,0.5949699888,0.52515,0.0438660176,0.4328501062,3.8802975062,0.5949699888
