Instance,INF_avg,INF_sd,INF_r1,INF_kr,INF_sk,SUP_avg,SUP_sd,SUP_r1,SUP_kr,SUP_sk,INC_avg,INC_sd,INC_r1,INC_kr,INC_sk,IND_avg,IND_sd,IND_r1,IND_kr,IND_sk
34,0.231,0.0096953597,-0.1343612335,2.3587596197,-0.2830922144,0.297,0.0112249722,-0.4814814815,1.8469387755,0.3436215967,0.472,0.014,-0.6102620087,1.1883590171,-0.3586005831,0.472,0.014,-0.6102620087,1.1883590171,-0.3586005831
