Instance,INF_avg,INF_sd,INF_r1,INF_kr,INF_sk,SUP_avg,SUP_sd,SUP_r1,SUP_kr,SUP_sk,INC_avg,INC_sd,INC_r1,INC_kr,INC_sk,IND_avg,IND_sd,IND_r1,IND_kr,IND_sk
79,0.21,0.0830662386,-0.0016420361,1.4738500315,-0.1884300309,0.29,0.1220655562,0.1851195748,4.8059546867,1.1810135337,0.5,0.1095445115,0.0,2.5,0.0,0.5,0.1095445115,0.0,2.5,0.0
