Instance,INF_avg,INF_sd,INF_r1,INF_kr,INF_sk,SUP_avg,SUP_sd,SUP_r1,SUP_kr,SUP_sk,INC_avg,INC_sd,INC_r1,INC_kr,INC_sk,IND_avg,IND_sd,IND_r1,IND_kr,IND_sk
12,0.2595,0.0578165201,0.3040291118,2.1830054854,-0.0311267612,0.2596,0.0638892792,0.5705656054,2.6021866327,0.1759998791,0.4809,0.0567114627,0.2530745608,3.8498992549,-0.2625866073,0.4809,0.0567114627,0.2530745608,3.8498992549,-0.2625866073
