Instance,INF_avg,INF_sd,INF_r1,INF_kr,INF_sk,SUP_avg,SUP_sd,SUP_r1,SUP_kr,SUP_sk,INC_avg,INC_sd,INC_r1,INC_kr,INC_sk,IND_avg,IND_sd,IND_r1,IND_kr,IND_sk
231,0.289,0.047,-0.2083790178,2.6989176137,-0.0527050846,0.253,0.040012498,-0.344228409,1.9772530519,-0.2674991803,0.458,0.0416653333,-0.5917266187,3.1752744802,0.589290747,0.458,0.0416653333,-0.5917266187,3.1752744802,0.589290747
