Instance,INF_avg,INF_sd,INF_r1,INF_kr,INF_sk,SUP_avg,SUP_sd,SUP_r1,SUP_kr,SUP_sk,INC_avg,INC_sd,INC_r1,INC_kr,INC_sk,IND_avg,IND_sd,IND_r1,IND_kr,IND_sk
299,0.2616,0.0603774792,-0.1549660675,3.0207201757,0.0585990313,0.2412,0.0687499818,-0.2226423219,2.9880922022,-0.3256410104,0.4972,0.0641261257,-0.1426089659,1.9473848196,-0.0952453557,0.4972,0.0641261257,-0.1426089659,1.9473848196,-0.0952453557
