Instance,INF_avg,INF_sd,INF_r1,INF_kr,INF_sk,SUP_avg,SUP_sd,SUP_r1,SUP_kr,SUP_sk,INC_avg,INC_sd,INC_r1,INC_kr,INC_sk,IND_avg,IND_sd,IND_r1,IND_kr,IND_sk
285,0.274,0.1487413863,-0.0605848149,2.7207839667,0.1225396816,0.259,0.1393520721,-0.1297866973,2.9176993722,0.1801345047,0.467,0.1587797216,0.0371177747,2.7317517374,0.4451231515,0.467,0.1587797216,0.0371177747,2.7317517374,0.4451231515
