Instance,INF_avg,INF_sd,INF_r1,INF_kr,INF_sk,SUP_avg,SUP_sd,SUP_r1,SUP_kr,SUP_sk,INC_avg,INC_sd,INC_r1,INC_kr,INC_sk,IND_avg,IND_sd,IND_r1,IND_kr,IND_sk
182,0.27,0.0678232998,-0.6968325792,2.3638941399,-0.7500308204,0.3,0.1095445115,0.05,1.5625,0.1141088661,0.43,0.1326649916,-0.2517580872,1.432463843,-0.2081456157,0.43,0.1326649916,-0.2517580872,1.432463843,-0.2081456157
