Instance,INF_avg,INF_sd,INF_r1,INF_kr,INF_sk,SUP_avg,SUP_sd,SUP_r1,SUP_kr,SUP_sk,INC_avg,INC_sd,INC_r1,INC_kr,INC_sk,IND_avg,IND_sd,IND_r1,IND_kr,IND_sk
52,0.272,0.1250279969,0.6645010502,2.2504931752,0.2155095614,0.1896,0.0898211556,0.1212444454,3.5260754674,0.6442189781,0.5384,0.1033316989,0.6613511531,2.1917360533,-0.1733898925,0.5384,0.1033316989,0.6613511531,2.1917360533,-0.1733898925
