Instance,INF_avg,INF_sd,INF_r1,INF_kr,INF_sk,SUP_avg,SUP_sd,SUP_r1,SUP_kr,SUP_sk,INC_avg,INC_sd,INC_r1,INC_kr,INC_sk,IND_avg,IND_sd,IND_r1,IND_kr,IND_sk
235,0.213,0.0294278779,-0.2855278422,1.8839531919,0.4141333942,0.2315,0.0261772802,0.0182656895,2.4472060131,0.5742284955,0.5555,0.0302034766,-0.1446794226,1.6642104764,0.4897448725,0.5555,0.0302034766,-0.1446794226,1.6642104764,0.4897448725
