Instance,INF_avg,INF_sd,INF_r1,INF_kr,INF_sk,SUP_avg,SUP_sd,SUP_r1,SUP_kr,SUP_sk,INC_avg,INC_sd,INC_r1,INC_kr,INC_sk,IND_avg,IND_sd,IND_r1,IND_kr,IND_sk
219,0.272,0.1096175168,0.1107328486,2.1315844298,-0.2040019187,0.244,0.1022936948,-0.2721067329,1.8878812109,0.1060985335,0.484,0.1369087287,-0.0939368728,2.2252316132,0.2080135686,0.484,0.1369087287,-0.0939368728,2.2252316132,0.2080135686
