Instance,INF_avg,INF_sd,INF_r1,INF_kr,INF_sk,SUP_avg,SUP_sd,SUP_r1,SUP_kr,SUP_sk,INC_avg,INC_sd,INC_r1,INC_kr,INC_sk,IND_avg,IND_sd,IND_r1,IND_kr,IND_sk
88,0.1666666667,0.0942809042,0.2340425532,2.34375,-0.4861359121,0.25,0.15,-0.2413793103,2.5802469136,0.0,0.5833333333,0.1213351648,-1.0939597315,2.6005695977,0.3213718855,0.5833333333,0.1213351648,-1.0939597315,2.6005695977,0.3213718855
