Instance,INF_avg,INF_sd,INF_r1,INF_kr,INF_sk,SUP_avg,SUP_sd,SUP_r1,SUP_kr,SUP_sk,INC_avg,INC_sd,INC_r1,INC_kr,INC_sk,IND_avg,IND_sd,IND_r1,IND_kr,IND_sk
214,0.288,0.0466476152,-0.2440570523,1.5469290657,-0.1097086537,0.224,0.0366606056,-0.646039604,1.2091836735,-0.296152851,0.488,0.0203960781,0.2975206612,1.9556213018,0.2715454179,0.488,0.0203960781,0.2975206612,1.9556213018,0.2715454179
