Instance,INF_avg,INF_sd,INF_r1,INF_kr,INF_sk,SUP_avg,SUP_sd,SUP_r1,SUP_kr,SUP_sk,INC_avg,INC_sd,INC_r1,INC_kr,INC_sk,IND_avg,IND_sd,IND_r1,IND_kr,IND_sk
208,0.3146341463,0.1111162336,0.3037544847,3.0252219557,0.5092913491,0.1658536585,0.0836944387,0.1037545672,2.6144722572,0.4910150702,0.5195121951,0.0968265036,0.1448229321,2.9654148563,-0.2567352964,0.5195121951,0.0968265036,0.1448229321,2.9654148563,-0.2567352964
