Instance,INF_avg,INF_sd,INF_r1,INF_kr,INF_sk,SUP_avg,SUP_sd,SUP_r1,SUP_kr,SUP_sk,INC_avg,INC_sd,INC_r1,INC_kr,INC_sk,IND_avg,IND_sd,IND_r1,IND_kr,IND_sk
210,0.2692,0.0656304807,-0.0178761048,2.5852045616,0.2400409991,0.2264,0.0660230263,0.0869876129,2.7011148008,0.1658262106,0.5044,0.0712505439,-0.0017626517,2.3951958479,-0.1195887038,0.5044,0.0712505439,-0.0017626517,2.3951958479,-0.1195887038
