Instance,INF_avg,INF_sd,INF_r1,INF_kr,INF_sk,SUP_avg,SUP_sd,SUP_r1,SUP_kr,SUP_sk,INC_avg,INC_sd,INC_r1,INC_kr,INC_sk,IND_avg,IND_sd,IND_r1,IND_kr,IND_sk
251,0.2616,0.0285559101,-0.1045757688,3.0288410524,-0.8242511335,0.2588,0.0263734715,0.1879515047,2.6068895789,-0.1242485155,0.4796,0.0289108976,0.0488808267,3.2997229067,-0.032771851,0.4796,0.0289108976,0.0488808267,3.2997229067,-0.032771851
