Instance,INF_avg,INF_sd,INF_r1,INF_kr,INF_sk,SUP_avg,SUP_sd,SUP_r1,SUP_kr,SUP_sk,INC_avg,INC_sd,INC_r1,INC_kr,INC_sk,IND_avg,IND_sd,IND_r1,IND_kr,IND_sk
152,0.215,0.0807774721,0.2848904268,1.8927643458,0.0768394503,0.28,0.0714142843,0.1788856305,4.324106113,0.724850867,0.505,0.0820060973,0.129259059,1.9156313484,0.383505802,0.505,0.0820060973,0.129259059,1.9156313484,0.383505802
