Instance,INF_avg,INF_sd,INF_r1,INF_kr,INF_sk,SUP_avg,SUP_sd,SUP_r1,SUP_kr,SUP_sk,INC_avg,INC_sd,INC_r1,INC_kr,INC_sk,IND_avg,IND_sd,IND_r1,IND_kr,IND_sk
191,0.278,0.1389820132,0.080765883,2.4861348189,0.3298486662,0.257,0.13435401,0.1588094687,2.5633371689,0.1723906574,0.465,0.162711401,0.0478363808,2.6911459044,0.1283142229,0.465,0.162711401,0.0478363808,2.6911459044,0.1283142229
