Instance,INF_avg,INF_sd,INF_r1,INF_kr,INF_sk,SUP_avg,SUP_sd,SUP_r1,SUP_kr,SUP_sk,INC_avg,INC_sd,INC_r1,INC_kr,INC_sk,IND_avg,IND_sd,IND_r1,IND_kr,IND_sk
151,0.215,0.105,0.182237321,1.5459453623,-0.139941691,0.27,0.1029563014,0.6368352789,1.7347810609,-0.0632252118,0.515,0.0807774721,0.0995260664,1.3995243757,-0.2077511063,0.515,0.0807774721,0.0995260664,1.3995243757,-0.2077511063
