Instance,INF_avg,INF_sd,INF_r1,INF_kr,INF_sk,SUP_avg,SUP_sd,SUP_r1,SUP_kr,SUP_sk,INC_avg,INC_sd,INC_r1,INC_kr,INC_sk,IND_avg,IND_sd,IND_r1,IND_kr,IND_sk
155,0.298,0.0309192497,0.2783505155,1.3495386986,-0.1169194854,0.249,0.0273678644,0.0718713352,2.5367102732,0.3974919097,0.453,0.0355105618,-0.1949685535,1.7536634005,-0.367941821,0.453,0.0355105618,-0.1949685535,1.7536634005,-0.367941821
