Instance,INF_avg,INF_sd,INF_r1,INF_kr,INF_sk,SUP_avg,SUP_sd,SUP_r1,SUP_kr,SUP_sk,INC_avg,INC_sd,INC_r1,INC_kr,INC_sk,IND_avg,IND_sd,IND_r1,IND_kr,IND_sk
52,0.275,0.1961504525,0.3284529039,3.1867671851,0.7885700014,0.29,0.2061552813,0.2309870455,2.9184941176,0.6820672448,0.435,0.1796524422,0.3191838885,2.7149748512,0.2859898563,0.435,0.1796524422,0.3191838885,2.7149748512,0.2859898563
