Instance,INF_avg,INF_sd,INF_r1,INF_kr,INF_sk,SUP_avg,SUP_sd,SUP_r1,SUP_kr,SUP_sk,INC_avg,INC_sd,INC_r1,INC_kr,INC_sk,IND_avg,IND_sd,IND_r1,IND_kr,IND_sk
185,0.2576,0.031862831,0.0095298246,2.9862992358,0.0947048402,0.2404,0.0320443443,0.1309449875,3.4677802599,0.2746661244,0.502,0.0313209195,-0.0518562798,2.4405883031,-0.1867810075,0.502,0.0313209195,-0.0518562798,2.4405883031,-0.1867810075
