Instance,INF_avg,INF_sd,INF_r1,INF_kr,INF_sk,SUP_avg,SUP_sd,SUP_r1,SUP_kr,SUP_sk,INC_avg,INC_sd,INC_r1,INC_kr,INC_sk,IND_avg,IND_sd,IND_r1,IND_kr,IND_sk
94,0.2691,0.0338332677,0.0483029186,2.4335317725,-0.0202978661,0.2568,0.0330266559,-0.1679018977,2.1295500368,-0.0862181496,0.4741,0.0380879246,0.0307417295,2.174292997,0.1142020146,0.4741,0.0380879246,0.0307417295,2.174292997,0.1142020146
