Instance,INF_avg,INF_sd,INF_r1,INF_kr,INF_sk,SUP_avg,SUP_sd,SUP_r1,SUP_kr,SUP_sk,INC_avg,INC_sd,INC_r1,INC_kr,INC_sk,IND_avg,IND_sd,IND_r1,IND_kr,IND_sk
107,0.2506,0.0605610436,0.0900365521,3.3536229842,0.2298709128,0.2616,0.0531924807,0.0880232433,2.9132680943,0.0798285598,0.4878,0.0628582532,-0.1553323338,3.0461567623,0.2413737158,0.4878,0.0628582532,-0.1553323338,3.0461567623,0.2413737158
