Instance,INF_avg,INF_sd,INF_r1,INF_kr,INF_sk,SUP_avg,SUP_sd,SUP_r1,SUP_kr,SUP_sk,INC_avg,INC_sd,INC_r1,INC_kr,INC_sk,IND_avg,IND_sd,IND_r1,IND_kr,IND_sk
293,0.23,0.1204159458,-0.0854854302,2.4976456599,0.3711273858,0.27,0.1431782106,0.0167630624,2.1547412255,-0.2412139753,0.5,0.153622915,0.094017094,2.9230106291,-0.1323955027,0.5,0.153622915,0.094017094,2.9230106291,-0.1323955027
