Instance,INF_avg,INF_sd,INF_r1,INF_kr,INF_sk,SUP_avg,SUP_sd,SUP_r1,SUP_kr,SUP_sk,INC_avg,INC_sd,INC_r1,INC_kr,INC_sk,IND_avg,IND_sd,IND_r1,IND_kr,IND_sk
99,0.275,0.0861684397,0.0593293207,3.6348331803,0.2813376258,0.25,0.0905538514,0.0091743119,2.256841166,0.111104889,0.475,0.1101135777,-0.0142781597,2.5933680519,-0.0337046555,0.475,0.1101135777,-0.0142781597,2.5933680519,-0.0337046555
