Instance,INF_avg,INF_sd,INF_r1,INF_kr,INF_sk,SUP_avg,SUP_sd,SUP_r1,SUP_kr,SUP_sk,INC_avg,INC_sd,INC_r1,INC_kr,INC_sk,IND_avg,IND_sd,IND_r1,IND_kr,IND_sk
88,0.16,0.0374165739,-0.3888888889,1.8469387755,-0.3436215967,0.31,0.1462873884,-0.0073710074,1.3093283256,0.0900800147,0.53,0.1503329638,0.224137931,1.2397603571,-0.2754946631,0.53,0.1503329638,0.224137931,1.2397603571,-0.2754946631
