Instance,INF_avg,INF_sd,INF_r1,INF_kr,INF_sk,SUP_avg,SUP_sd,SUP_r1,SUP_kr,SUP_sk,INC_avg,INC_sd,INC_r1,INC_kr,INC_sk,IND_avg,IND_sd,IND_r1,IND_kr,IND_sk
277,0.2393,0.037835301,0.1151643849,2.809952024,0.5103525012,0.2972,0.0575122596,0.6123891342,2.6208031334,0.2941623388,0.4635,0.0542194615,0.4662260859,2.547790493,-0.0250656148,0.4635,0.0542194615,0.4662260859,2.547790493,-0.0250656148
