Instance,INF_avg,INF_sd,INF_r1,INF_kr,INF_sk,SUP_avg,SUP_sd,SUP_r1,SUP_kr,SUP_sk,INC_avg,INC_sd,INC_r1,INC_kr,INC_sk,IND_avg,IND_sd,IND_r1,IND_kr,IND_sk
97,0.2736,0.0668658358,0.1112841715,3.027670756,0.0466487827,0.27,0.0599666574,0.2228094576,2.4893869223,-0.0011129655,0.4564,0.073505374,0.1354783201,3.1048895695,0.107161583,0.4564,0.073505374,0.1354783201,3.1048895695,0.107161583
