Instance,INF_avg,INF_sd,INF_r1,INF_kr,INF_sk,SUP_avg,SUP_sd,SUP_r1,SUP_kr,SUP_sk,INC_avg,INC_sd,INC_r1,INC_kr,INC_sk,IND_avg,IND_sd,IND_r1,IND_kr,IND_sk
200,0.247,0.1045992352,0.0868895696,2.6127129216,0.2892259248,0.267,0.1129645962,0.0694073882,2.9596161879,0.4382642651,0.486,0.105375519,-0.0698634629,2.094777228,0.0248801425,0.486,0.105375519,-0.0698634629,2.094777228,0.0248801425
