Instance,INF_avg,INF_sd,INF_r1,INF_kr,INF_sk,SUP_avg,SUP_sd,SUP_r1,SUP_kr,SUP_sk,INC_avg,INC_sd,INC_r1,INC_kr,INC_sk,IND_avg,IND_sd,IND_r1,IND_kr,IND_sk
8,0.264,0.0806473806,-0.4151062434,3.1259491746,0.9133652704,0.258,0.1016661202,-0.1838564295,3.8454570397,0.8387955555,0.478,0.1208966501,-0.3483574338,2.2939824364,-0.328063189,0.478,0.1208966501,-0.3483574338,2.2939824364,-0.328063189
