Instance,INF_avg,INF_sd,INF_r1,INF_kr,INF_sk,SUP_avg,SUP_sd,SUP_r1,SUP_kr,SUP_sk,INC_avg,INC_sd,INC_r1,INC_kr,INC_sk,IND_avg,IND_sd,IND_r1,IND_kr,IND_sk
128,0.316,0.032,0.2211055276,1.4189453125,0.03515625,0.264,0.0624819974,-0.2264150943,2.6453238377,0.994909526,0.42,0.0606630036,-0.6904761905,1.4413988658,0.1290092231,0.42,0.0606630036,-0.6904761905,1.4413988658,0.1290092231
