Instance,INF_avg,INF_sd,INF_r1,INF_kr,INF_sk,SUP_avg,SUP_sd,SUP_r1,SUP_kr,SUP_sk,INC_avg,INC_sd,INC_r1,INC_kr,INC_sk,IND_avg,IND_sd,IND_r1,IND_kr,IND_sk
160,0.236,0.1621850795,-0.3560037013,2.3418091889,0.7577177343,0.292,0.144,-0.1781870666,2.0234696502,-0.0207047325,0.472,0.1661806246,-0.2148616256,2.4601661723,0.0831718665,0.472,0.1661806246,-0.2148616256,2.4601661723,0.0831718665
