Instance,INF_avg,INF_sd,INF_r1,INF_kr,INF_sk,SUP_avg,SUP_sd,SUP_r1,SUP_kr,SUP_sk,INC_avg,INC_sd,INC_r1,INC_kr,INC_sk,IND_avg,IND_sd,IND_r1,IND_kr,IND_sk
293,0.259,0.0333016516,-0.4814477163,1.5471878987,-0.091304093,0.226,0.0385227206,-0.2346353455,2.9549843433,1.0193165431,0.515,0.0400624512,-0.2123176661,1.6535650857,0.0606529672,0.515,0.0400624512,-0.2123176661,1.6535650857,0.0606529672
