Instance,INF_avg,INF_sd,INF_r1,INF_kr,INF_sk,SUP_avg,SUP_sd,SUP_r1,SUP_kr,SUP_sk,INC_avg,INC_sd,INC_r1,INC_kr,INC_sk,IND_avg,IND_sd,IND_r1,IND_kr,IND_sk
149,0.2336,0.0458589141,-0.0022402457,2.8924496027,-0.8369646179,0.252,0.0401995025,0.1437802908,2.178291344,0.4669778497,0.5144,0.0555755342,0.0779658217,1.889164903,-0.1599462935,0.5144,0.0555755342,0.0779658217,1.889164903,-0.1599462935
