Instance,INF_avg,INF_sd,INF_r1,INF_kr,INF_sk,SUP_avg,SUP_sd,SUP_r1,SUP_kr,SUP_sk,INC_avg,INC_sd,INC_r1,INC_kr,INC_sk,IND_avg,IND_sd,IND_r1,IND_kr,IND_sk
250,0.268,0.1541946821,-0.0846411045,2.2503265109,0.3478499232,0.268,0.1256025477,0.0517630639,2.6945821624,-0.4707208039,0.464,0.1786169085,-0.0252365931,2.2178224744,-0.0399593314,0.464,0.1786169085,-0.0252365931,2.2178224744,-0.0399593314
