Instance,INF_avg,INF_sd,INF_r1,INF_kr,INF_sk,SUP_avg,SUP_sd,SUP_r1,SUP_kr,SUP_sk,INC_avg,INC_sd,INC_r1,INC_kr,INC_sk,IND_avg,IND_sd,IND_r1,IND_kr,IND_sk
20,0.248,0.1117855089,0.0779396905,2.8384880345,-0.4223838108,0.252,0.1459314908,-0.0733493018,3.6410357871,0.9837371367,0.5,0.1148912529,-0.1692307692,3.3746556474,-0.0791262073,0.5,0.1148912529,-0.1692307692,3.3746556474,-0.0791262073
