Instance,INF_avg,INF_sd,INF_r1,INF_kr,INF_sk,SUP_avg,SUP_sd,SUP_r1,SUP_kr,SUP_sk,INC_avg,INC_sd,INC_r1,INC_kr,INC_sk,IND_avg,IND_sd,IND_r1,IND_kr,IND_sk
167,0.252,0.0470744092,0.3911174785,1.2257490649,-0.3671888581,0.33,0.0346410162,0.1694915254,1.45,-0.2886751346,0.418,0.044,-0.4123294593,2.2152346151,-0.8519909842,0.418,0.044,-0.4123294593,2.2152346151,-0.8519909842
