Instance,INF_avg,INF_sd,INF_r1,INF_kr,INF_sk,SUP_avg,SUP_sd,SUP_r1,SUP_kr,SUP_sk,INC_avg,INC_sd,INC_r1,INC_kr,INC_sk,IND_avg,IND_sd,IND_r1,IND_kr,IND_sk
36,0.251,0.0336005952,-0.3518280949,1.4913430527,-0.1479633411,0.2435,0.0438776709,-0.0297280395,2.8069399109,0.058650151,0.5055,0.0511590657,-0.1040075147,3.6248828318,0.8059348145,0.5055,0.0511590657,-0.1040075147,3.6248828318,0.8059348145
