Instance,INF_avg,INF_sd,INF_r1,INF_kr,INF_sk,SUP_avg,SUP_sd,SUP_r1,SUP_kr,SUP_sk,INC_avg,INC_sd,INC_r1,INC_kr,INC_sk,IND_avg,IND_sd,IND_r1,IND_kr,IND_sk
293,0.2272,0.0292943681,-0.094749315,2.9613742216,0.4125220116,0.2774,0.0288832131,0.1308493331,1.9597074057,-0.0070698585,0.4954,0.0299305864,-0.0481603168,2.6568750428,0.2825093552,0.4954,0.0299305864,-0.0481603168,2.6568750428,0.2825093552
