Instance,INF_avg,INF_sd,INF_r1,INF_kr,INF_sk,SUP_avg,SUP_sd,SUP_r1,SUP_kr,SUP_sk,INC_avg,INC_sd,INC_r1,INC_kr,INC_sk,IND_avg,IND_sd,IND_r1,IND_kr,IND_sk
205,0.274,0.0566038868,0.2576309509,3.0836875254,0.6500261656,0.23,0.0475394573,-0.4222222222,2.8306836871,-0.022338221,0.496,0.0527636238,-0.0207015526,2.3359096314,0.4783860068,0.496,0.0527636238,-0.0207015526,2.3359096314,0.4783860068
