Instance,INF_avg,INF_sd,INF_r1,INF_kr,INF_sk,SUP_avg,SUP_sd,SUP_r1,SUP_kr,SUP_sk,INC_avg,INC_sd,INC_r1,INC_kr,INC_sk,IND_avg,IND_sd,IND_r1,IND_kr,IND_sk
212,0.2328,0.0621945335,-0.0074978123,3.227426733,-0.110045188,0.2464,0.0535820866,-0.2372915633,2.8022814924,0.5302641879,0.5208,0.067995294,-0.0004339782,2.3366144321,-0.1136779865,0.5208,0.067995294,-0.0004339782,2.3366144321,-0.1136779865
