Instance,INF_avg,INF_sd,INF_r1,INF_kr,INF_sk,SUP_avg,SUP_sd,SUP_r1,SUP_kr,SUP_sk,INC_avg,INC_sd,INC_r1,INC_kr,INC_sk,IND_avg,IND_sd,IND_r1,IND_kr,IND_sk
153,0.4444444444,0.149897084,-0.2233009709,1.9640743872,-0.5856684161,0.1666666667,0.1333333333,-0.1848739496,4.640625,1.46875,0.3888888889,0.119670329,-0.5445829338,2.0324019025,0.214510132,0.3888888889,0.119670329,-0.5445829338,2.0324019025,0.214510132
