Instance,INF_avg,INF_sd,INF_r1,INF_kr,INF_sk,SUP_avg,SUP_sd,SUP_r1,SUP_kr,SUP_sk,INC_avg,INC_sd,INC_r1,INC_kr,INC_sk,IND_avg,IND_sd,IND_r1,IND_kr,IND_sk
29,0.35125,0.094991776,0.673429425,3.2686969135,0.2205385723,0.134375,0.0853279519,0.8070891257,1.9764723457,0.474506796,0.514375,0.058359741,-0.1898318833,3.5975774234,-0.7325137343,0.514375,0.058359741,-0.1898318833,3.5975774234,-0.7325137343
