Instance,INF_avg,INF_sd,INF_r1,INF_kr,INF_sk,SUP_avg,SUP_sd,SUP_r1,SUP_kr,SUP_sk,INC_avg,INC_sd,INC_r1,INC_kr,INC_sk,IND_avg,IND_sd,IND_r1,IND_kr,IND_sk
122,0.2488,0.0316,0.0307854423,2.8227695021,-0.1256066964,0.322,0.0418090899,0.2505456338,4.8738735083,1.0101489817,0.4292,0.0431202968,0.0840689707,2.0883837264,0.0344613183,0.4292,0.0431202968,0.0840689707,2.0883837264,0.0344613183
