Instance,INF_avg,INF_sd,INF_r1,INF_kr,INF_sk,SUP_avg,SUP_sd,SUP_r1,SUP_kr,SUP_sk,INC_avg,INC_sd,INC_r1,INC_kr,INC_sk,IND_avg,IND_sd,IND_r1,IND_kr,IND_sk
279,0.2,0.1048808848,-0.6666666667,2.8305785124,1.1701586323,0.26,0.0860232527,-0.5868263473,1.9945215486,0.3958703373,0.54,0.1280624847,-0.7287234043,1.6140690065,-0.2056922718,0.54,0.1280624847,-0.7287234043,1.6140690065,-0.2056922718
