Instance,INF_avg,INF_sd,INF_r1,INF_kr,INF_sk,SUP_avg,SUP_sd,SUP_r1,SUP_kr,SUP_sk,INC_avg,INC_sd,INC_r1,INC_kr,INC_sk,IND_avg,IND_sd,IND_r1,IND_kr,IND_sk
53,0.2964,0.0974014374,0.6976534847,2.2010000297,0.1458649355,0.3296,0.0719711053,0.3778625233,2.1914335351,-0.4694868203,0.374,0.0676461381,0.3891279904,2.1271089051,-0.0623359047,0.374,0.0676461381,0.3891279904,2.1271089051,-0.0623359047
