Instance,INF_avg,INF_sd,INF_r1,INF_kr,INF_sk,SUP_avg,SUP_sd,SUP_r1,SUP_kr,SUP_sk,INC_avg,INC_sd,INC_r1,INC_kr,INC_sk,IND_avg,IND_sd,IND_r1,IND_kr,IND_sk
144,0.254,0.1344767638,0.1665947365,2.2116151317,0.1862462006,0.252,0.1284367549,-0.0716207329,3.0444362493,0.4370695176,0.494,0.1528528704,-0.0866624892,3.168208422,-0.1341915018,0.494,0.1528528704,-0.0866624892,3.168208422,-0.1341915018
