Instance,INF_avg,INF_sd,INF_r1,INF_kr,INF_sk,SUP_avg,SUP_sd,SUP_r1,SUP_kr,SUP_sk,INC_avg,INC_sd,INC_r1,INC_kr,INC_sk,IND_avg,IND_sd,IND_r1,IND_kr,IND_sk
217,0.2644,0.0417688879,-0.2368165738,3.4279890288,0.5714918634,0.2088,0.0406270846,-0.2861632816,3.2049275842,0.7095967801,0.5268,0.0437922368,-0.1356425886,3.9249421756,-0.5414993037,0.5268,0.0437922368,-0.1356425886,3.9249421756,-0.5414993037
