Instance,INF_avg,INF_sd,INF_r1,INF_kr,INF_sk,SUP_avg,SUP_sd,SUP_r1,SUP_kr,SUP_sk,INC_avg,INC_sd,INC_r1,INC_kr,INC_sk,IND_avg,IND_sd,IND_r1,IND_kr,IND_sk
261,0.27,0.1345362405,-0.3467397928,3.9991758493,1.2960421688,0.22,0.1077032961,-0.5354330709,2.7669441141,-0.403407114,0.51,0.07,-0.2065439673,2.0395668471,-0.139941691,0.51,0.07,-0.2065439673,2.0395668471,-0.139941691
