Instance,INF_avg,INF_sd,INF_r1,INF_kr,INF_sk,SUP_avg,SUP_sd,SUP_r1,SUP_kr,SUP_sk,INC_avg,INC_sd,INC_r1,INC_kr,INC_sk,IND_avg,IND_sd,IND_r1,IND_kr,IND_sk
102,0.3066666667,0.102252411,-0.3641677886,2.7741498688,0.7083108939,0.195,0.085,0.1579241852,2.9110882293,-0.006513332,0.4983333333,0.1200578564,0.221649448,2.1078186541,0.4004086484,0.4983333333,0.1200578564,0.221649448,2.1078186541,0.4004086484
