Instance,INF_avg,INF_sd,INF_r1,INF_kr,INF_sk,SUP_avg,SUP_sd,SUP_r1,SUP_kr,SUP_sk,INC_avg,INC_sd,INC_r1,INC_kr,INC_sk,IND_avg,IND_sd,IND_r1,IND_kr,IND_sk
196,0.26,0.0512249939,0.1640625,2.8071088638,0.7142092769,0.2224,0.0583287236,0.166262981,2.5661111649,-0.0219198231,0.5176,0.0674851095,0.5669136772,1.7967457133,-0.0900479703,0.5176,0.0674851095,0.5669136772,1.7967457133,-0.0900479703
