Instance,INF_avg,INF_sd,INF_r1,INF_kr,INF_sk,SUP_avg,SUP_sd,SUP_r1,SUP_kr,SUP_sk,INC_avg,INC_sd,INC_r1,INC_kr,INC_sk,IND_avg,IND_sd,IND_r1,IND_kr,IND_sk
91,0.3377777778,0.0781420043,0.2108942267,3.4568575553,0.4621130144,0.1472222222,0.0701035389,0.5535419441,2.1724032754,0.062011713,0.515,0.0693421469,-0.1868758916,2.5249257349,-0.0012496745,0.515,0.0693421469,-0.1868758916,2.5249257349,-0.0012496745
