Instance,INF_avg,INF_sd,INF_r1,INF_kr,INF_sk,SUP_avg,SUP_sd,SUP_r1,SUP_kr,SUP_sk,INC_avg,INC_sd,INC_r1,INC_kr,INC_sk,IND_avg,IND_sd,IND_r1,IND_kr,IND_sk
231,0.27,0.1473091986,-0.0038533742,3.4301216845,0.3003181862,0.242,0.1328006024,0.14142863,2.9838890132,0.2748746231,0.488,0.1692808318,0.0857841159,3.3959757844,-0.182781318,0.488,0.1692808318,0.0857841159,3.3959757844,-0.182781318
