Instance,INF_avg,INF_sd,INF_r1,INF_kr,INF_sk,SUP_avg,SUP_sd,SUP_r1,SUP_kr,SUP_sk,INC_avg,INC_sd,INC_r1,INC_kr,INC_sk,IND_avg,IND_sd,IND_r1,IND_kr,IND_sk
9,0.306,0.1177454882,-0.1776541603,1.9900500751,-0.0703052876,0.296,0.1038460399,-0.0134860341,1.7493153942,0.0263172066,0.398,0.094318609,0.1929757483,5.0279189418,1.0230325514,0.398,0.094318609,0.1929757483,5.0279189418,1.0230325514
