Instance,INF_avg,INF_sd,INF_r1,INF_kr,INF_sk,SUP_avg,SUP_sd,SUP_r1,SUP_kr,SUP_sk,INC_avg,INC_sd,INC_r1,INC_kr,INC_sk,IND_avg,IND_sd,IND_r1,IND_kr,IND_sk
206,0.2657,0.0327720918,-0.0282449102,3.1194206071,0.1533270168,0.2337,0.0266422597,0.1108324004,3.2933167222,-0.5762295611,0.5006,0.0368732966,0.197134752,3.4738301987,0.0026415391,0.5006,0.0368732966,0.197134752,3.4738301987,0.0026415391
