Instance,INF_avg,INF_sd,INF_r1,INF_kr,INF_sk,SUP_avg,SUP_sd,SUP_r1,SUP_kr,SUP_sk,INC_avg,INC_sd,INC_r1,INC_kr,INC_sk,IND_avg,IND_sd,IND_r1,IND_kr,IND_sk
33,0.2753,0.0346036125,0.2223688241,2.1028669726,0.0567110016,0.2538,0.0333700464,0.1770704307,2.6144055477,0.3868600243,0.4709,0.0379168828,-0.2090080726,2.4314378555,0.4178842417,0.4709,0.0379168828,-0.2090080726,2.4314378555,0.4178842417
