Instance,INF_avg,INF_sd,INF_r1,INF_kr,INF_sk,SUP_avg,SUP_sd,SUP_r1,SUP_kr,SUP_sk,INC_avg,INC_sd,INC_r1,INC_kr,INC_sk,IND_avg,IND_sd,IND_r1,IND_kr,IND_sk
268,0.2587,0.0497725828,-0.0680328235,3.6501593335,0.4792594594,0.2297,0.0406067728,0.1049589461,3.2617973353,0.07100157,0.5116,0.0491064151,-0.0461889898,3.8891509264,-0.4338813913,0.5116,0.0491064151,-0.0461889898,3.8891509264,-0.4338813913
