Instance,INF_avg,INF_sd,INF_r1,INF_kr,INF_sk,SUP_avg,SUP_sd,SUP_r1,SUP_kr,SUP_sk,INC_avg,INC_sd,INC_r1,INC_kr,INC_sk,IND_avg,IND_sd,IND_r1,IND_kr,IND_sk
263,0.25,0.1118033989,0.619047619,1.64,0.3577708764,0.1166666667,0.0687184271,-0.2452830189,2.107266436,-0.2282688236,0.6333333333,0.1247219129,0.2771084337,2.6020408163,-0.6490630161,0.6333333333,0.1247219129,0.2771084337,2.6020408163,-0.6490630161
