Instance,INF_avg,INF_sd,INF_r1,INF_kr,INF_sk,SUP_avg,SUP_sd,SUP_r1,SUP_kr,SUP_sk,INC_avg,INC_sd,INC_r1,INC_kr,INC_sk,IND_avg,IND_sd,IND_r1,IND_kr,IND_sk
226,0.258,0.1201499064,0.116988595,2.3407397734,0.088224507,0.282,0.1351887569,0.0940119681,2.5338102405,0.1346722349,0.46,0.1523154621,-0.0877071823,2.3929845422,0.2852519059,0.46,0.1523154621,-0.0877071823,2.3929845422,0.2852519059
