Instance,INF_avg,INF_sd,INF_r1,INF_kr,INF_sk,SUP_avg,SUP_sd,SUP_r1,SUP_kr,SUP_sk,INC_avg,INC_sd,INC_r1,INC_kr,INC_sk,IND_avg,IND_sd,IND_r1,IND_kr,IND_sk
207,0.34,0.1743559577,-0.2982689747,2.652700831,0.3939309641,0.39,0.1920937271,-0.3127413127,1.5894198779,-0.3656751498,0.27,0.1846618531,-0.3467545991,3.4025937169,1.2062946108,0.27,0.1846618531,-0.3467545991,3.4025937169,1.2062946108
