Instance,INF_avg,INF_sd,INF_r1,INF_kr,INF_sk,SUP_avg,SUP_sd,SUP_r1,SUP_kr,SUP_sk,INC_avg,INC_sd,INC_r1,INC_kr,INC_sk,IND_avg,IND_sd,IND_r1,IND_kr,IND_sk
118,0.254,0.0338230691,-0.3982430454,1.921389799,0.5222570323,0.26,0.0477493455,0.14,2.5,-0.3086291956,0.486,0.0440908154,0.7475106686,1.5680282477,0.1842437415,0.486,0.0440908154,0.7475106686,1.5680282477,0.1842437415
