Instance,INF_avg,INF_sd,INF_r1,INF_kr,INF_sk,SUP_avg,SUP_sd,SUP_r1,SUP_kr,SUP_sk,INC_avg,INC_sd,INC_r1,INC_kr,INC_sk,IND_avg,IND_sd,IND_r1,IND_kr,IND_sk
164,0.441199095,0.1063111892,0.9131176168,1.9982806102,0.0115495008,0.0929864253,0.0681835744,0.914419296,2.7599948923,0.8065709646,0.4658144796,0.0547723959,0.614076806,2.9735170482,-0.23887646,0.4658144796,0.0547723959,0.614076806,2.9735170482,-0.23887646
