Instance,INF_avg,INF_sd,INF_r1,INF_kr,INF_sk,SUP_avg,SUP_sd,SUP_r1,SUP_kr,SUP_sk,INC_avg,INC_sd,INC_r1,INC_kr,INC_sk,IND_avg,IND_sd,IND_r1,IND_kr,IND_sk
173,0.2636,0.0604899992,-0.0960732113,3.8885150814,0.482687123,0.2084,0.0598785437,-0.1161530778,2.4224643717,0.0928507245,0.528,0.0733212111,-0.1279259328,2.4231770833,0.1872874527,0.528,0.0733212111,-0.1279259328,2.4231770833,0.1872874527
