Instance,INF_avg,INF_sd,INF_r1,INF_kr,INF_sk,SUP_avg,SUP_sd,SUP_r1,SUP_kr,SUP_sk,INC_avg,INC_sd,INC_r1,INC_kr,INC_sk,IND_avg,IND_sd,IND_r1,IND_kr,IND_sk
59,0.3384,0.0820819103,0.7287339482,2.2957541982,-0.3846794754,0.1504,0.0711606633,0.8365281727,2.5896306792,0.2306762912,0.5112,0.0474400675,-0.0012252332,2.9587109491,-0.2782116422,0.5112,0.0474400675,-0.0012252332,2.9587109491,-0.2782116422
