Instance,INF_avg,INF_sd,INF_r1,INF_kr,INF_sk,SUP_avg,SUP_sd,SUP_r1,SUP_kr,SUP_sk,INC_avg,INC_sd,INC_r1,INC_kr,INC_sk,IND_avg,IND_sd,IND_r1,IND_kr,IND_sk
65,0.214,0.1280781012,0.2249053892,3.4068980981,0.5941418644,0.254,0.1329812017,0.0468452848,3.026658868,0.3732408703,0.532,0.1448309359,0.0169654583,2.4284552292,0.2612056835,0.532,0.1448309359,0.0169654583,2.4284552292,0.2612056835
