Instance,INF_avg,INF_sd,INF_r1,INF_kr,INF_sk,SUP_avg,SUP_sd,SUP_r1,SUP_kr,SUP_sk,INC_avg,INC_sd,INC_r1,INC_kr,INC_sk,IND_avg,IND_sd,IND_r1,IND_kr,IND_sk
257,0.235,0.0743303437,0.1621754042,2.0224196884,-0.2081937516,0.31,0.1090871211,0.1434689507,2.1408798814,0.09012918,0.455,0.1035615759,0.0150165436,3.8185893361,0.9467020679,0.455,0.1035615759,0.0150165436,3.8185893361,0.9467020679
