Instance,INF_avg,INF_sd,INF_r1,INF_kr,INF_sk,SUP_avg,SUP_sd,SUP_r1,SUP_kr,SUP_sk,INC_avg,INC_sd,INC_r1,INC_kr,INC_sk,IND_avg,IND_sd,IND_r1,IND_kr,IND_sk
151,0.2889,0.0535704209,0.2499205808,2.449765313,0.0515275882,0.2175,0.0406540281,0.0197446613,3.7542688452,0.7453571319,0.4936,0.0507251417,0.0331763163,2.761098901,0.0110675463,0.4936,0.0507251417,0.0331763163,2.761098901,0.0110675463
