Instance,INF_avg,INF_sd,INF_r1,INF_kr,INF_sk,SUP_avg,SUP_sd,SUP_r1,SUP_kr,SUP_sk,INC_avg,INC_sd,INC_r1,INC_kr,INC_sk,IND_avg,IND_sd,IND_r1,IND_kr,IND_sk
27,0.2226,0.0532845193,0.4639601728,1.8858426383,0.0217886551,0.3262,0.0715511006,0.5951952989,2.3615020655,0.1299386753,0.4512,0.0503841245,0.2914778216,2.8060034778,0.3019430259,0.4512,0.0503841245,0.2914778216,2.8060034778,0.3019430259
