Instance,INF_avg,INF_sd,INF_r1,INF_kr,INF_sk,SUP_avg,SUP_sd,SUP_r1,SUP_kr,SUP_sk,INC_avg,INC_sd,INC_r1,INC_kr,INC_sk,IND_avg,IND_sd,IND_r1,IND_kr,IND_sk
1,0.4885632184,0.1425585341,0.9390160939,1.8692510887,-0.2234891165,0.0976436782,0.0925185259,0.9440643094,2.7200758277,0.9573703835,0.4137931034,0.0674876128,0.7100353486,2.0726197923,-0.2494509531,0.4137931034,0.0674876128,0.7100353486,2.0726197923,-0.2494509531
