Instance,INF_avg,INF_sd,INF_r1,INF_kr,INF_sk,SUP_avg,SUP_sd,SUP_r1,SUP_kr,SUP_sk,INC_avg,INC_sd,INC_r1,INC_kr,INC_sk,IND_avg,IND_sd,IND_r1,IND_kr,IND_sk
171,0.224,0.047581509,0.080113435,2.0111438525,0.2633383345,0.238,0.0222710575,-0.332781457,2.7036940687,1.1210847078,0.538,0.0515363949,0.2603193733,1.2678999129,-0.0164815097,0.538,0.0515363949,0.2603193733,1.2678999129,-0.0164815097
