Instance,INF_avg,INF_sd,INF_r1,INF_kr,INF_sk,SUP_avg,SUP_sd,SUP_r1,SUP_kr,SUP_sk,INC_avg,INC_sd,INC_r1,INC_kr,INC_sk,IND_avg,IND_sd,IND_r1,IND_kr,IND_sk
264,0.3959090909,0.0698478275,0.5868160693,2.4323161892,-0.1504275799,0.1018181818,0.0591520663,0.7564898091,2.1080406483,0.2136863159,0.5022727273,0.0441002802,0.0121767929,3.1314776217,0.4019928444,0.5022727273,0.0441002802,0.0121767929,3.1314776217,0.4019928444
