Instance,INF_avg,INF_sd,INF_r1,INF_kr,INF_sk,SUP_avg,SUP_sd,SUP_r1,SUP_kr,SUP_sk,INC_avg,INC_sd,INC_r1,INC_kr,INC_sk,IND_avg,IND_sd,IND_r1,IND_kr,IND_sk
133,0.234,0.1305526714,0.0287223692,2.3090910773,-0.1068660978,0.22,0.1280624847,-0.1668321748,3.5865556217,0.5942221184,0.546,0.1417180299,-0.0245960158,2.4053992947,-0.0452972594,0.546,0.1417180299,-0.0245960158,2.4053992947,-0.0452972594
