Instance,INF_avg,INF_sd,INF_r1,INF_kr,INF_sk,SUP_avg,SUP_sd,SUP_r1,SUP_kr,SUP_sk,INC_avg,INC_sd,INC_r1,INC_kr,INC_sk,IND_avg,IND_sd,IND_r1,IND_kr,IND_sk
153,0.314,0.1865583019,0.357532206,2.9760669898,0.572231977,0.24,0.1311487705,0.0588510042,2.1065440779,0.1915098325,0.446,0.1768728357,0.3189153539,2.6930464718,-0.0857587471,0.446,0.1768728357,0.3189153539,2.6930464718,-0.0857587471
