Instance,INF_avg,INF_sd,INF_r1,INF_kr,INF_sk,SUP_avg,SUP_sd,SUP_r1,SUP_kr,SUP_sk,INC_avg,INC_sd,INC_r1,INC_kr,INC_sk,IND_avg,IND_sd,IND_r1,IND_kr,IND_sk
219,0.2816,0.0743870957,-0.0042980208,2.5905379502,-0.0023434627,0.2608,0.0610521089,0.2073431592,2.1666506678,0.240521432,0.4576,0.0740421502,-0.1830610313,4.1329005491,0.7145452599,0.4576,0.0740421502,-0.1830610313,4.1329005491,0.7145452599
