Instance,INF_avg,INF_sd,INF_r1,INF_kr,INF_sk,SUP_avg,SUP_sd,SUP_r1,SUP_kr,SUP_sk,INC_avg,INC_sd,INC_r1,INC_kr,INC_sk,IND_avg,IND_sd,IND_r1,IND_kr,IND_sk
97,0.263,0.0357910603,-0.2450426631,2.0609977934,0.395739447,0.255,0.0338378486,-0.5545657016,1.9165347724,0.0929168056,0.482,0.0442266888,-0.7201620443,1.8948022131,-0.2721616777,0.482,0.0442266888,-0.7201620443,1.8948022131,-0.2721616777
