Instance,INF_avg,INF_sd,INF_r1,INF_kr,INF_sk,SUP_avg,SUP_sd,SUP_r1,SUP_kr,SUP_sk,INC_avg,INC_sd,INC_r1,INC_kr,INC_sk,IND_avg,IND_sd,IND_r1,IND_kr,IND_sk
179,0.2642,0.0467799102,0.1267119428,3.6058600627,0.5487141865,0.223,0.0509607692,0.052430472,2.8051028637,-0.0992858689,0.5128,0.0505980237,-0.1670052577,2.0611983851,0.2806312679,0.5128,0.0505980237,-0.1670052577,2.0611983851,0.2806312679
