Instance,INF_avg,INF_sd,INF_r1,INF_kr,INF_sk,SUP_avg,SUP_sd,SUP_r1,SUP_kr,SUP_sk,INC_avg,INC_sd,INC_r1,INC_kr,INC_sk,IND_avg,IND_sd,IND_r1,IND_kr,IND_sk
225,0.256,0.0361939221,0.3117347095,3.6945620885,0.800269321,0.2376,0.0296688389,-0.0746069957,2.2355039018,0.1237398254,0.5064,0.0344824593,0.1235943231,1.911194528,-0.0683327333,0.5064,0.0344824593,0.1235943231,1.911194528,-0.0683327333
