Instance,INF_avg,INF_sd,INF_r1,INF_kr,INF_sk,SUP_avg,SUP_sd,SUP_r1,SUP_kr,SUP_sk,INC_avg,INC_sd,INC_r1,INC_kr,INC_sk,IND_avg,IND_sd,IND_r1,IND_kr,IND_sk
126,0.285,0.0807774721,-0.1634575993,2.1041529044,-0.5037252852,0.23,0.0458257569,-0.1165048544,2.1020408163,0.093521953,0.485,0.0743303437,-0.4159292035,1.7275854303,0.3396845421,0.485,0.0743303437,-0.4159292035,1.7275854303,0.3396845421
