Instance,INF_avg,INF_sd,INF_r1,INF_kr,INF_sk,SUP_avg,SUP_sd,SUP_r1,SUP_kr,SUP_sk,INC_avg,INC_sd,INC_r1,INC_kr,INC_sk,IND_avg,IND_sd,IND_r1,IND_kr,IND_sk
286,0.4805555556,0.1608474855,0.5403732289,2.6125737362,-0.3981957112,0.2319444444,0.1318420655,0.4541241859,2.3734009929,0.4573518741,0.2875,0.1126542153,-0.1471698113,2.2883799529,-0.1684876869,0.2875,0.1126542153,-0.1471698113,2.2883799529,-0.1684876869
