Instance,INF_avg,INF_sd,INF_r1,INF_kr,INF_sk,SUP_avg,SUP_sd,SUP_r1,SUP_kr,SUP_sk,INC_avg,INC_sd,INC_r1,INC_kr,INC_sk,IND_avg,IND_sd,IND_r1,IND_kr,IND_sk
5,0.3036,0.0755449535,0.2272985672,2.3912390741,0.2555035598,0.1874,0.0685072259,0.2309561492,2.4769884776,0.0197960659,0.509,0.0776337555,0.0810813524,3.0011336079,-0.2616335854,0.509,0.0776337555,0.0810813524,3.0011336079,-0.2616335854
