Instance,INF_avg,INF_sd,INF_r1,INF_kr,INF_sk,SUP_avg,SUP_sd,SUP_r1,SUP_kr,SUP_sk,INC_avg,INC_sd,INC_r1,INC_kr,INC_sk,IND_avg,IND_sd,IND_r1,IND_kr,IND_sk
204,0.21,0.13,-0.2374185909,1.7932495361,0.087391898,0.25,0.1204159458,-0.1929824561,2.598097503,-0.6872729367,0.54,0.1356465997,-0.4745011086,2.6474480151,0.2115471545,0.54,0.1356465997,-0.4745011086,2.6474480151,0.2115471545
