Instance,INF_avg,INF_sd,INF_r1,INF_kr,INF_sk,SUP_avg,SUP_sd,SUP_r1,SUP_kr,SUP_sk,INC_avg,INC_sd,INC_r1,INC_kr,INC_sk,IND_avg,IND_sd,IND_r1,IND_kr,IND_sk
75,0.2689,0.0500178968,0.1020558156,2.3125105614,0.3206734391,0.2121,0.0452171428,0.1520980959,3.2772174271,0.3956691949,0.519,0.0543415127,0.1012670694,2.4125753179,-0.115161363,0.519,0.0543415127,0.1012670694,2.4125753179,-0.115161363
