Instance,INF_avg,INF_sd,INF_r1,INF_kr,INF_sk,SUP_avg,SUP_sd,SUP_r1,SUP_kr,SUP_sk,INC_avg,INC_sd,INC_r1,INC_kr,INC_sk,IND_avg,IND_sd,IND_r1,IND_kr,IND_sk
118,0.218,0.0750732975,-0.459941125,2.8144413813,0.9402308638,0.274,0.0573061951,-0.1130325421,3.6946966134,-0.7942461584,0.508,0.037094474,-0.3259345794,3.4561925365,-1.1585753772,0.508,0.037094474,-0.3259345794,3.4561925365,-1.1585753772
