Instance,INF_avg,INF_sd,INF_r1,INF_kr,INF_sk,SUP_avg,SUP_sd,SUP_r1,SUP_kr,SUP_sk,INC_avg,INC_sd,INC_r1,INC_kr,INC_sk,IND_avg,IND_sd,IND_r1,IND_kr,IND_sk
24,0.2674,0.0356404265,0.1992875774,2.3212994168,-0.1393701755,0.2124,0.0342671855,0.2040966404,3.4661880503,0.6305410592,0.5202,0.0426727079,0.3864549569,2.4219697114,0.4068244813,0.5202,0.0426727079,0.3864549569,2.4219697114,0.4068244813
