Instance,INF_avg,INF_sd,INF_r1,INF_kr,INF_sk,SUP_avg,SUP_sd,SUP_r1,SUP_kr,SUP_sk,INC_avg,INC_sd,INC_r1,INC_kr,INC_sk,IND_avg,IND_sd,IND_r1,IND_kr,IND_sk
181,0.14,0.1019803903,0.0909090909,1.9556213018,0.2715454179,0.36,0.2059126028,-0.5512465374,2.0685297259,0.4068404933,0.5,0.1549193338,-0.5454545455,2.9166666667,-1.2909944487,0.5,0.1549193338,-0.5454545455,2.9166666667,-1.2909944487
