Instance,INF_avg,INF_sd,INF_r1,INF_kr,INF_sk,SUP_avg,SUP_sd,SUP_r1,SUP_kr,SUP_sk,INC_avg,INC_sd,INC_r1,INC_kr,INC_sk,IND_avg,IND_sd,IND_r1,IND_kr,IND_sk
290,0.188,0.1210619676,-0.0637095316,3.0633616827,0.5012410083,0.276,0.1449965517,0.2381300664,2.6708401965,0.2649094648,0.536,0.1493452376,0.129667003,3.3688867436,0.235518733,0.536,0.1493452376,0.129667003,3.3688867436,0.235518733
