Instance,INF_avg,INF_sd,INF_r1,INF_kr,INF_sk,SUP_avg,SUP_sd,SUP_r1,SUP_kr,SUP_sk,INC_avg,INC_sd,INC_r1,INC_kr,INC_sk,IND_avg,IND_sd,IND_r1,IND_kr,IND_sk
292,0.3546511628,0.0869335174,0.3917945499,2.5015065181,0.0583775862,0.131627907,0.0759415391,0.6117358867,2.5358603054,0.5283287119,0.5137209302,0.0715451803,0.0217587178,2.926298548,-0.1002828849,0.5137209302,0.0715451803,0.0217587178,2.926298548,-0.1002828849
