Instance,INF_avg,INF_sd,INF_r1,INF_kr,INF_sk,SUP_avg,SUP_sd,SUP_r1,SUP_kr,SUP_sk,INC_avg,INC_sd,INC_r1,INC_kr,INC_sk,IND_avg,IND_sd,IND_r1,IND_kr,IND_sk
2,0.26,0.0489897949,-0.1904761905,1.1666666667,-0.4082482905,0.4,0.1414213562,-0.2222222222,1.7,-0.0,0.34,0.1356465997,-0.2831858407,2.3638941399,-0.7500308204,0.34,0.1356465997,-0.2831858407,2.3638941399,-0.7500308204
