Instance,INF_avg,INF_sd,INF_r1,INF_kr,INF_sk,SUP_avg,SUP_sd,SUP_r1,SUP_kr,SUP_sk,INC_avg,INC_sd,INC_r1,INC_kr,INC_sk,IND_avg,IND_sd,IND_r1,IND_kr,IND_sk
33,0.2696,0.0641548128,-0.0081250704,4.0604493072,0.4112050127,0.2452,0.0628407511,0.0766759687,2.9631814805,-0.2539712214,0.4852,0.0730818719,0.0599913055,2.9676794834,-0.1359361146,0.4852,0.0730818719,0.0599913055,2.9676794834,-0.1359361146
