Instance,INF_avg,INF_sd,INF_r1,INF_kr,INF_sk,SUP_avg,SUP_sd,SUP_r1,SUP_kr,SUP_sk,INC_avg,INC_sd,INC_r1,INC_kr,INC_sk,IND_avg,IND_sd,IND_r1,IND_kr,IND_sk
63,0.2838,0.0498353288,0.3842269594,2.1311484137,0.2082309617,0.2362,0.0471970338,-0.1000115998,2.9213140935,0.5420599829,0.48,0.0487442304,0.2317708333,1.9547325103,-0.0383365755,0.48,0.0487442304,0.2317708333,1.9547325103,-0.0383365755
