Instance,INF_avg,INF_sd,INF_r1,INF_kr,INF_sk,SUP_avg,SUP_sd,SUP_r1,SUP_kr,SUP_sk,INC_avg,INC_sd,INC_r1,INC_kr,INC_sk,IND_avg,IND_sd,IND_r1,IND_kr,IND_sk
46,0.316,0.01356466,0.092920354,2.3638941399,0.7500308204,0.22,0.0141421356,0.0,1.7,-0.0,0.464,0.024979992,0.0959119497,1.3269230769,-0.2278746804,0.464,0.024979992,0.0959119497,1.3269230769,-0.2278746804
