Instance,INF_avg,INF_sd,INF_r1,INF_kr,INF_sk,SUP_avg,SUP_sd,SUP_r1,SUP_kr,SUP_sk,INC_avg,INC_sd,INC_r1,INC_kr,INC_sk,IND_avg,IND_sd,IND_r1,IND_kr,IND_sk
179,0.2833333333,0.0687184271,-0.2452830189,2.107266436,0.2282688236,0.2166666667,0.1343709625,0.2669683258,1.8482840237,-0.3053162698,0.5,0.1,-0.2,1.0,-0.0,0.5,0.1,-0.2,1.0,-0.0
