Instance,INF_avg,INF_sd,INF_r1,INF_kr,INF_sk,SUP_avg,SUP_sd,SUP_r1,SUP_kr,SUP_sk,INC_avg,INC_sd,INC_r1,INC_kr,INC_sk,IND_avg,IND_sd,IND_r1,IND_kr,IND_sk
40,0.233,0.1393233649,0.0139090775,2.3854045534,0.2190403497,0.279,0.1409219642,0.1175412351,3.7144145216,0.5897220438,0.488,0.1557433787,0.0640935148,2.6556471516,-0.356050492,0.488,0.1557433787,0.0640935148,2.6556471516,-0.356050492
