Instance,INF_avg,INF_sd,INF_r1,INF_kr,INF_sk,SUP_avg,SUP_sd,SUP_r1,SUP_kr,SUP_sk,INC_avg,INC_sd,INC_r1,INC_kr,INC_sk,IND_avg,IND_sd,IND_r1,IND_kr,IND_sk
73,0.1976,0.0615324305,0.2858172433,2.2829282024,0.2777736735,0.2768,0.0597809334,-0.0366977847,2.5904937921,-0.3934566106,0.5256,0.0631240049,0.0485279658,2.8342570646,-0.0518337884,0.5256,0.0631240049,0.0485279658,2.8342570646,-0.0518337884
