Instance,INF_avg,INF_sd,INF_r1,INF_kr,INF_sk,SUP_avg,SUP_sd,SUP_r1,SUP_kr,SUP_sk,INC_avg,INC_sd,INC_r1,INC_kr,INC_sk,IND_avg,IND_sd,IND_r1,IND_kr,IND_sk
134,0.243,0.028213472,0.0300193673,2.1972330244,-0.1665781776,0.2535,0.0284648907,0.3307658525,2.618168786,-0.1555692919,0.5035,0.0454450217,0.1837533873,3.6636142914,0.8394248793,0.5035,0.0454450217,0.1837533873,3.6636142914,0.8394248793
