Instance,INF_avg,INF_sd,INF_r1,INF_kr,INF_sk,SUP_avg,SUP_sd,SUP_r1,SUP_kr,SUP_sk,INC_avg,INC_sd,INC_r1,INC_kr,INC_sk,IND_avg,IND_sd,IND_r1,IND_kr,IND_sk
259,0.353592233,0.0676922558,0.559212915,3.3277596116,0.1107378177,0.1097087379,0.0652918216,0.8136981945,2.2281660699,0.3508546006,0.5366990291,0.0467255642,-0.1476402849,2.581482053,-0.1010085814,0.5366990291,0.0467255642,-0.1476402849,2.581482053,-0.1010085814
