Instance,INF_avg,INF_sd,INF_r1,INF_kr,INF_sk,SUP_avg,SUP_sd,SUP_r1,SUP_kr,SUP_sk,INC_avg,INC_sd,INC_r1,INC_kr,INC_sk,IND_avg,IND_sd,IND_r1,IND_kr,IND_sk
64,0.22,0.1029563014,0.3490304709,2.0685297259,-0.4068404933,0.25,0.1140175425,-0.0,2.5,0.6071940134,0.53,0.092736185,-0.1202185792,2.4826933478,0.9704949588,0.53,0.092736185,-0.1202185792,2.4826933478,0.9704949588
