Instance,INF_avg,INF_sd,INF_r1,INF_kr,INF_sk,SUP_avg,SUP_sd,SUP_r1,SUP_kr,SUP_sk,INC_avg,INC_sd,INC_r1,INC_kr,INC_sk,IND_avg,IND_sd,IND_r1,IND_kr,IND_sk
84,0.24,0.08,-0.3157894737,3.25,1.5,0.26,0.0489897949,-0.1904761905,1.1666666667,-0.4082482905,0.5,0.1095445115,-0.4,2.5,-0.9128709292,0.5,0.1095445115,-0.4,2.5,-0.9128709292
