Instance,INF_avg,INF_sd,INF_r1,INF_kr,INF_sk,SUP_avg,SUP_sd,SUP_r1,SUP_kr,SUP_sk,INC_avg,INC_sd,INC_r1,INC_kr,INC_sk,IND_avg,IND_sd,IND_r1,IND_kr,IND_sk
202,0.25,0.0670820393,0.0601336303,2.3037037037,0.2623653094,0.246,0.0657571289,0.064901398,2.1654128454,-0.2154087715,0.504,0.0564269439,0.0070387129,2.3584505442,-0.0972485271,0.504,0.0564269439,0.0070387129,2.3584505442,-0.0972485271
