Instance,INF_avg,INF_sd,INF_r1,INF_kr,INF_sk,SUP_avg,SUP_sd,SUP_r1,SUP_kr,SUP_sk,INC_avg,INC_sd,INC_r1,INC_kr,INC_sk,IND_avg,IND_sd,IND_r1,IND_kr,IND_sk
26,0.2487,0.0361083093,0.2596495586,2.8083017156,-0.2067922704,0.2294,0.0360088878,0.3300870956,3.1959169117,0.7214341598,0.5219,0.0368359878,0.2018698345,3.4372056655,0.7800021776,0.5219,0.0368359878,0.2018698345,3.4372056655,0.7800021776
