Instance,INF_avg,INF_sd,INF_r1,INF_kr,INF_sk,SUP_avg,SUP_sd,SUP_r1,SUP_kr,SUP_sk,INC_avg,INC_sd,INC_r1,INC_kr,INC_sk,IND_avg,IND_sd,IND_r1,IND_kr,IND_sk
203,0.4172307692,0.1207605092,0.5841534297,2.3534383562,0.1470113657,0.1276923077,0.0732281835,0.4808334817,2.6645395129,0.6111457955,0.4550769231,0.0857208901,0.3063270543,2.5877999925,-0.2960767803,0.4550769231,0.0857208901,0.3063270543,2.5877999925,-0.2960767803
