Instance,INF_avg,INF_sd,INF_r1,INF_kr,INF_sk,SUP_avg,SUP_sd,SUP_r1,SUP_kr,SUP_sk,INC_avg,INC_sd,INC_r1,INC_kr,INC_sk,IND_avg,IND_sd,IND_r1,IND_kr,IND_sk
140,0.3252922078,0.0695468566,0.8116308248,2.1529103246,-0.0956578046,0.0858116883,0.065800443,0.8889274018,2.8992925451,0.9428627702,0.5888961039,0.0357491565,0.1633127866,2.7563435115,0.0865191994,0.5888961039,0.0357491565,0.1633127866,2.7563435115,0.0865191994
