Instance,INF_avg,INF_sd,INF_r1,INF_kr,INF_sk,SUP_avg,SUP_sd,SUP_r1,SUP_kr,SUP_sk,INC_avg,INC_sd,INC_r1,INC_kr,INC_sk,IND_avg,IND_sd,IND_r1,IND_kr,IND_sk
188,0.4358762887,0.1013288265,0.6340503465,2.1936152023,-0.1253304505,0.1224742268,0.0665656939,0.612339197,4.302339008,0.7927277788,0.4416494845,0.0725767338,0.1793658877,2.4542050108,0.165234056,0.4416494845,0.0725767338,0.1793658877,2.4542050108,0.165234056
