Instance,INF_avg,INF_sd,INF_r1,INF_kr,INF_sk,SUP_avg,SUP_sd,SUP_r1,SUP_kr,SUP_sk,INC_avg,INC_sd,INC_r1,INC_kr,INC_sk,IND_avg,IND_sd,IND_r1,IND_kr,IND_sk
146,0.2666,0.0442090488,0.0174484523,2.2375749901,0.0203068533,0.2234,0.0439595268,0.1052964361,2.8075683702,0.2235432425,0.51,0.0442944692,-0.0515832482,2.8210307774,-0.045566606,0.51,0.0442944692,-0.0515832482,2.8210307774,-0.045566606
