Instance,INF_avg,INF_sd,INF_r1,INF_kr,INF_sk,SUP_avg,SUP_sd,SUP_r1,SUP_kr,SUP_sk,INC_avg,INC_sd,INC_r1,INC_kr,INC_sk,IND_avg,IND_sd,IND_r1,IND_kr,IND_sk
215,0.3152,0.0622973515,-0.0875733962,1.9591271599,0.0807218891,0.2,0.0533666563,0.1065088757,3.4828304507,0.2400185746,0.4848,0.0622973515,-0.3484521428,2.9454728934,0.4910528643,0.4848,0.0622973515,-0.3484521428,2.9454728934,0.4910528643
