Instance,INF_avg,INF_sd,INF_r1,INF_kr,INF_sk,SUP_avg,SUP_sd,SUP_r1,SUP_kr,SUP_sk,INC_avg,INC_sd,INC_r1,INC_kr,INC_sk,IND_avg,IND_sd,IND_r1,IND_kr,IND_sk
233,0.256,0.1329059818,-0.3257793627,2.144336799,0.0242080248,0.268,0.159298462,-0.0803064543,2.1110242681,0.4722155009,0.476,0.1749971428,-0.1349996841,2.6023836899,0.145313613,0.476,0.1749971428,-0.1349996841,2.6023836899,0.145313613
