Instance,INF_avg,INF_sd,INF_r1,INF_kr,INF_sk,SUP_avg,SUP_sd,SUP_r1,SUP_kr,SUP_sk,INC_avg,INC_sd,INC_r1,INC_kr,INC_sk,IND_avg,IND_sd,IND_r1,IND_kr,IND_sk
52,0.224,0.1422111107,-0.2728843247,2.4932618596,0.7823321862,0.33,0.1822086716,0.3149674087,2.3929089853,0.4264936608,0.446,0.1714176187,0.0754476294,3.1488769602,0.7708401563,0.446,0.1714176187,0.0754476294,3.1488769602,0.7708401563
