Instance,INF_avg,INF_sd,INF_r1,INF_kr,INF_sk,SUP_avg,SUP_sd,SUP_r1,SUP_kr,SUP_sk,INC_avg,INC_sd,INC_r1,INC_kr,INC_sk,IND_avg,IND_sd,IND_r1,IND_kr,IND_sk
13,0.293,0.1157626883,0.2397199279,2.5104411599,-0.284100969,0.213,0.0829517932,-0.059523498,2.5766157423,0.2399195688,0.494,0.1160344776,0.1398323776,2.5591566287,-0.171179683,0.494,0.1160344776,0.1398323776,2.5591566287,-0.171179683
