Instance,INF_avg,INF_sd,INF_r1,INF_kr,INF_sk,SUP_avg,SUP_sd,SUP_r1,SUP_kr,SUP_sk,INC_avg,INC_sd,INC_r1,INC_kr,INC_sk,IND_avg,IND_sd,IND_r1,IND_kr,IND_sk
179,0.264,0.0255734237,-0.7417677643,2.4460202564,0.8333622768,0.248,0.0242074369,0.0170762182,2.0651434495,0.7841778232,0.488,0.0254165301,-0.7752684191,1.9299571548,0.5075802545,0.488,0.0254165301,-0.7752684191,1.9299571548,0.5075802545
