Instance,INF_avg,INF_sd,INF_r1,INF_kr,INF_sk,SUP_avg,SUP_sd,SUP_r1,SUP_kr,SUP_sk,INC_avg,INC_sd,INC_r1,INC_kr,INC_sk,IND_avg,IND_sd,IND_r1,IND_kr,IND_sk
141,0.231,0.0215406592,-0.6309341501,2.7878455707,-1.172401925,0.222,0.0457820926,-0.5525189332,1.206053151,0.3539626907,0.547,0.030757113,-0.2743985474,1.9646559007,-0.6730769156,0.547,0.030757113,-0.2743985474,1.9646559007,-0.6730769156
