Instance,INF_avg,INF_sd,INF_r1,INF_kr,INF_sk,SUP_avg,SUP_sd,SUP_r1,SUP_kr,SUP_sk,INC_avg,INC_sd,INC_r1,INC_kr,INC_sk,IND_avg,IND_sd,IND_r1,IND_kr,IND_sk
92,0.231,0.0320780299,-0.4160228596,1.7392384692,-0.1268772073,0.279,0.0486723741,-0.243158386,2.0546126528,0.2168859253,0.49,0.06244998,-0.6711229947,1.8023668639,0.1773727242,0.49,0.06244998,-0.6711229947,1.8023668639,0.1773727242
