Instance,INF_avg,INF_sd,INF_r1,INF_kr,INF_sk,SUP_avg,SUP_sd,SUP_r1,SUP_kr,SUP_sk,INC_avg,INC_sd,INC_r1,INC_kr,INC_sk,IND_avg,IND_sd,IND_r1,IND_kr,IND_sk
126,0.234,0.0310483494,0.0071845065,2.508309516,0.6546141484,0.2245,0.0276088754,-0.5255067671,2.8497584173,-0.5556699867,0.5415,0.0405616814,-0.0170894575,1.817017194,-0.145270545,0.5415,0.0405616814,-0.0170894575,1.817017194,-0.145270545
