Instance,INF_avg,INF_sd,INF_r1,INF_kr,INF_sk,SUP_avg,SUP_sd,SUP_r1,SUP_kr,SUP_sk,INC_avg,INC_sd,INC_r1,INC_kr,INC_sk,IND_avg,IND_sd,IND_r1,IND_kr,IND_sk
137,0.2746,0.0428583714,0.1902570308,2.7879552154,-0.1695255948,0.2096,0.0363846121,0.0861097394,2.7934611913,-0.1796095931,0.5158,0.0445461558,0.2638253276,3.1253305918,0.5898146313,0.5158,0.0445461558,0.2638253276,3.1253305918,0.5898146313
