Instance,INF_avg,INF_sd,INF_r1,INF_kr,INF_sk,SUP_avg,SUP_sd,SUP_r1,SUP_kr,SUP_sk,INC_avg,INC_sd,INC_r1,INC_kr,INC_sk,IND_avg,IND_sd,IND_r1,IND_kr,IND_sk
224,0.35,0.0921954446,-0.3333333333,2.1626297578,0.382818455,0.24,0.1356465997,-0.5521064302,2.5765595463,-0.0288473392,0.41,0.1220655562,-0.356615178,2.4276834377,-0.5212294367,0.41,0.1220655562,-0.356615178,2.4276834377,-0.5212294367
