Instance,INF_avg,INF_sd,INF_r1,INF_kr,INF_sk,SUP_avg,SUP_sd,SUP_r1,SUP_kr,SUP_sk,INC_avg,INC_sd,INC_r1,INC_kr,INC_sk,IND_avg,IND_sd,IND_r1,IND_kr,IND_sk
251,0.2372,0.0392448723,0.0006323257,2.8609645668,0.2177127662,0.2724,0.0396262539,-0.0624138859,2.6597210873,0.5085030587,0.4904,0.0423773524,0.1078328822,1.8245459595,-0.150783548,0.4904,0.0423773524,0.1078328822,1.8245459595,-0.150783548
