Instance,INF_avg,INF_sd,INF_r1,INF_kr,INF_sk,SUP_avg,SUP_sd,SUP_r1,SUP_kr,SUP_sk,INC_avg,INC_sd,INC_r1,INC_kr,INC_sk,IND_avg,IND_sd,IND_r1,IND_kr,IND_sk
159,0.323,0.1145469336,0.033917762,2.2808963461,0.2062475863,0.281,0.1081156788,0.022067554,3.3007052315,0.6018781181,0.396,0.108554134,-0.1460086919,2.7276738247,-0.542156787,0.396,0.108554134,-0.1460086919,2.7276738247,-0.542156787
