Instance,INF_avg,INF_sd,INF_r1,INF_kr,INF_sk,SUP_avg,SUP_sd,SUP_r1,SUP_kr,SUP_sk,INC_avg,INC_sd,INC_r1,INC_kr,INC_sk,IND_avg,IND_sd,IND_r1,IND_kr,IND_sk
143,0.2472,0.0837863951,0.0112533154,2.801039123,-0.0886930382,0.256,0.0761051904,0.0977402066,3.0604987638,-0.1485295201,0.4968,0.0733604798,-0.0402753274,4.173660876,0.6796653739,0.4968,0.0733604798,-0.0402753274,4.173660876,0.6796653739
