Instance,INF_avg,INF_sd,INF_r1,INF_kr,INF_sk,SUP_avg,SUP_sd,SUP_r1,SUP_kr,SUP_sk,INC_avg,INC_sd,INC_r1,INC_kr,INC_sk,IND_avg,IND_sd,IND_r1,IND_kr,IND_sk
94,0.2746,0.0613745876,-0.0203094978,3.2443621158,0.3341877086,0.2232,0.0614309368,-0.037002548,2.6816033286,0.2052367534,0.5022,0.0719385849,0.0025261484,3.9081249586,-0.2015793085,0.5022,0.0719385849,0.0025261484,3.9081249586,-0.2015793085
