Instance,INF_avg,INF_sd,INF_r1,INF_kr,INF_sk,SUP_avg,SUP_sd,SUP_r1,SUP_kr,SUP_sk,INC_avg,INC_sd,INC_r1,INC_kr,INC_sk,IND_avg,IND_sd,IND_r1,IND_kr,IND_sk
239,0.2482,0.050742093,0.2156135049,2.6763390522,0.0807473407,0.2604,0.0475167339,-0.0365428646,2.6359861706,-0.2155886905,0.4914,0.0586689015,0.042601231,3.2044873039,0.2889000899,0.4914,0.0586689015,0.042601231,3.2044873039,0.2889000899
