Instance,INF_avg,INF_sd,INF_r1,INF_kr,INF_sk,SUP_avg,SUP_sd,SUP_r1,SUP_kr,SUP_sk,INC_avg,INC_sd,INC_r1,INC_kr,INC_sk,IND_avg,IND_sd,IND_r1,IND_kr,IND_sk
6,0.258,0.0907524104,-0.1490261365,2.216735256,-0.15810834,0.279,0.1034842983,-0.0043195087,2.5934557372,0.6239123536,0.463,0.109,-0.116637845,2.2213948863,-0.0448298841,0.463,0.109,-0.116637845,2.2213948863,-0.0448298841
