Instance,INF_avg,INF_sd,INF_r1,INF_kr,INF_sk,SUP_avg,SUP_sd,SUP_r1,SUP_kr,SUP_sk,INC_avg,INC_sd,INC_r1,INC_kr,INC_sk,IND_avg,IND_sd,IND_r1,IND_kr,IND_sk
44,0.244,0.0048989795,-0.1904761905,1.1666666667,0.4082482905,0.248,0.0435430821,-0.0878564857,1.3589435454,0.3825688729,0.508,0.0401995025,-0.0979462875,1.3629301049,-0.4078667295,0.508,0.0401995025,-0.0979462875,1.3629301049,-0.4078667295
