Instance,INF_avg,INF_sd,INF_r1,INF_kr,INF_sk,SUP_avg,SUP_sd,SUP_r1,SUP_kr,SUP_sk,INC_avg,INC_sd,INC_r1,INC_kr,INC_sk,IND_avg,IND_sd,IND_r1,IND_kr,IND_sk
147,0.2416666667,0.0953793595,-0.5048480931,2.1269739526,0.2387679788,0.225,0.1233220716,-0.4976303318,1.9089885532,-0.2166062281,0.5333333333,0.1649915823,-0.6043478261,1.7867555185,-0.2061535805,0.5333333333,0.1649915823,-0.6043478261,1.7867555185,-0.2061535805
