Instance,INF_avg,INF_sd,INF_r1,INF_kr,INF_sk,SUP_avg,SUP_sd,SUP_r1,SUP_kr,SUP_sk,INC_avg,INC_sd,INC_r1,INC_kr,INC_sk,IND_avg,IND_sd,IND_r1,IND_kr,IND_sk
39,0.2655,0.0408931535,-0.2010357886,2.0917086603,-0.2887535457,0.2425,0.0335596484,-0.1685393258,1.7249855568,0.1666818621,0.492,0.0377624152,-0.0877028714,3.9017534507,-1.3419696964,0.492,0.0377624152,-0.0877028714,3.9017534507,-1.3419696964
