Instance,INF_avg,INF_sd,INF_r1,INF_kr,INF_sk,SUP_avg,SUP_sd,SUP_r1,SUP_kr,SUP_sk,INC_avg,INC_sd,INC_r1,INC_kr,INC_sk,IND_avg,IND_sd,IND_r1,IND_kr,IND_sk
112,0.298,0.0468614981,0.1520084012,1.6891018942,0.2602716904,0.224,0.0436348485,-0.4967259121,2.1302874091,-0.3142966276,0.478,0.0501597448,0.1027154664,2.1331889263,0.4556507613,0.478,0.0501597448,0.1027154664,2.1331889263,0.4556507613
