Instance,INF_avg,INF_sd,INF_r1,INF_kr,INF_sk,SUP_avg,SUP_sd,SUP_r1,SUP_kr,SUP_sk,INC_avg,INC_sd,INC_r1,INC_kr,INC_sk,IND_avg,IND_sd,IND_r1,IND_kr,IND_sk
262,0.266,0.042,-0.0869066728,2.5085072578,-0.5286686103,0.274,0.0438634244,0.0989287965,2.7161751548,-0.8099228004,0.46,0.0721110255,0.0692307692,1.6319526627,0.1920116064,0.46,0.0721110255,0.0692307692,1.6319526627,0.1920116064
