Instance,INF_avg,INF_sd,INF_r1,INF_kr,INF_sk,SUP_avg,SUP_sd,SUP_r1,SUP_kr,SUP_sk,INC_avg,INC_sd,INC_r1,INC_kr,INC_sk,IND_avg,IND_sd,IND_r1,IND_kr,IND_sk
55,0.3333333333,0.1490711985,-0.4372093023,1.635,-0.2795084972,0.2166666667,0.11426091,0.164556962,4.3662290629,0.6765652797,0.45,0.1554563176,-0.4434782609,1.9655172414,0.1996347479,0.45,0.1554563176,-0.4434782609,1.9655172414,0.1996347479
