Instance,INF_avg,INF_sd,INF_r1,INF_kr,INF_sk,SUP_avg,SUP_sd,SUP_r1,SUP_kr,SUP_sk,INC_avg,INC_sd,INC_r1,INC_kr,INC_sk,IND_avg,IND_sd,IND_r1,IND_kr,IND_sk
228,0.286,0.1496796579,0.2271774724,2.3540347403,-0.0108211816,0.248,0.1345213738,-0.1520321029,2.402955531,0.3629726997,0.466,0.1761930759,0.0531560154,2.4262919565,0.1948524828,0.466,0.1761930759,0.0531560154,2.4262919565,0.1948524828
