Instance,INF_avg,INF_sd,INF_r1,INF_kr,INF_sk,SUP_avg,SUP_sd,SUP_r1,SUP_kr,SUP_sk,INC_avg,INC_sd,INC_r1,INC_kr,INC_sk,IND_avg,IND_sd,IND_r1,IND_kr,IND_sk
1,0.303,0.0200249844,0.2188308329,3.6877693547,-1.1439574794,0.2185,0.0281113856,-0.0256004557,4.4795727468,1.3941917029,0.4785,0.0309071189,0.0707291694,5.5101473345,-1.7811087539,0.4785,0.0309071189,0.0707291694,5.5101473345,-1.7811087539
