Instance,INF_avg,INF_sd,INF_r1,INF_kr,INF_sk,SUP_avg,SUP_sd,SUP_r1,SUP_kr,SUP_sk,INC_avg,INC_sd,INC_r1,INC_kr,INC_sk,IND_avg,IND_sd,IND_r1,IND_kr,IND_sk
105,0.2655,0.091294852,-0.1189319804,3.0079681172,0.2365035811,0.265,0.1021028893,-0.0139817923,2.5772820592,0.0845528818,0.4695,0.1019546468,-0.0158445267,2.7311164474,-0.456936138,0.4695,0.1019546468,-0.0158445267,2.7311164474,-0.456936138
