Instance,INF_avg,INF_sd,INF_r1,INF_kr,INF_sk,SUP_avg,SUP_sd,SUP_r1,SUP_kr,SUP_sk,INC_avg,INC_sd,INC_r1,INC_kr,INC_sk,IND_avg,IND_sd,IND_r1,IND_kr,IND_sk
232,0.203,0.0879829529,-0.2531434623,3.0523006152,0.6795188407,0.3,0.124498996,0.1224489796,2.4963579605,0.1710079862,0.497,0.1128760382,0.2040092015,2.6653424819,0.230987844,0.497,0.1128760382,0.2040092015,2.6653424819,0.230987844
