Instance,INF_avg,INF_sd,INF_r1,INF_kr,INF_sk,SUP_avg,SUP_sd,SUP_r1,SUP_kr,SUP_sk,INC_avg,INC_sd,INC_r1,INC_kr,INC_sk,IND_avg,IND_sd,IND_r1,IND_kr,IND_sk
159,0.5241176471,0.0790757841,0.6013219893,3.6471143162,-0.6985621809,0.1084313725,0.0724015459,0.7882098523,3.9786555019,1.1682358388,0.3674509804,0.045683329,-0.1109732471,3.0988590823,-0.0239059552,0.3674509804,0.045683329,-0.1109732471,3.0988590823,-0.0239059552
