Instance,INF_avg,INF_sd,INF_r1,INF_kr,INF_sk,SUP_avg,SUP_sd,SUP_r1,SUP_kr,SUP_sk,INC_avg,INC_sd,INC_r1,INC_kr,INC_sk,IND_avg,IND_sd,IND_r1,IND_kr,IND_sk
68,0.2454,0.0548164209,0.5850888057,2.2963477767,0.1307967319,0.2816,0.0427251682,-0.0989771887,3.2304632523,-0.2826718468,0.473,0.0562938718,0.3562888449,2.2651561688,-0.265971163,0.473,0.0562938718,0.3562888449,2.2651561688,-0.265971163
