Instance,INF_avg,INF_sd,INF_r1,INF_kr,INF_sk,SUP_avg,SUP_sd,SUP_r1,SUP_kr,SUP_sk,INC_avg,INC_sd,INC_r1,INC_kr,INC_sk,IND_avg,IND_sd,IND_r1,IND_kr,IND_sk
74,0.2,0.1095445115,-0.3333333333,2.5,0.9128709292,0.24,0.0489897949,-0.5384615385,1.1666666667,0.4082482905,0.56,0.1356465997,-0.4380530973,2.9310018904,-1.1731251294,0.56,0.1356465997,-0.4380530973,2.9310018904,-1.1731251294
