Instance,INF_avg,INF_sd,INF_r1,INF_kr,INF_sk,SUP_avg,SUP_sd,SUP_r1,SUP_kr,SUP_sk,INC_avg,INC_sd,INC_r1,INC_kr,INC_sk,IND_avg,IND_sd,IND_r1,IND_kr,IND_sk
63,0.33,0.0871779789,0.3396226415,1.7957063712,-0.0543353054,0.18,0.0678232998,0.7674418605,2.3638941399,0.7500308204,0.49,0.0734846923,-0.2169312169,1.5781893004,0.3477670622,0.49,0.0734846923,-0.2169312169,1.5781893004,0.3477670622
