Instance,INF_avg,INF_sd,INF_r1,INF_kr,INF_sk,SUP_avg,SUP_sd,SUP_r1,SUP_kr,SUP_sk,INC_avg,INC_sd,INC_r1,INC_kr,INC_sk,IND_avg,IND_sd,IND_r1,IND_kr,IND_sk
178,0.2346,0.0460091295,0.0050635402,2.4653668111,0.0882012754,0.2606,0.0441547279,-0.1312554377,2.2642804385,-0.0191619006,0.5048,0.0492844803,-0.0328300295,2.7823224638,0.18204309,0.5048,0.0492844803,-0.0328300295,2.7823224638,0.18204309
