Instance,INF_avg,INF_sd,INF_r1,INF_kr,INF_sk,SUP_avg,SUP_sd,SUP_r1,SUP_kr,SUP_sk,INC_avg,INC_sd,INC_r1,INC_kr,INC_sk,IND_avg,IND_sd,IND_r1,IND_kr,IND_sk
214,0.249,0.0327719392,0.0404775772,1.8917792828,0.214449713,0.29,0.02,0.15,2.05,-0.0,0.461,0.0315277655,0.2897165458,1.5331850256,-0.0513105261,0.461,0.0315277655,0.2897165458,1.5331850256,-0.0513105261
