Instance,INF_avg,INF_sd,INF_r1,INF_kr,INF_sk,SUP_avg,SUP_sd,SUP_r1,SUP_kr,SUP_sk,INC_avg,INC_sd,INC_r1,INC_kr,INC_sk,IND_avg,IND_sd,IND_r1,IND_kr,IND_sk
104,0.26,0.0606630036,-0.097826087,5.241020794,1.5051076023,0.248,0.0381575681,0.6698872786,2.6816809564,0.2833824943,0.492,0.064,-0.0986349626,2.403137207,-0.697265625,0.492,0.064,-0.0986349626,2.403137207,-0.697265625
