Instance,INF_avg,INF_sd,INF_r1,INF_kr,INF_sk,SUP_avg,SUP_sd,SUP_r1,SUP_kr,SUP_sk,INC_avg,INC_sd,INC_r1,INC_kr,INC_sk,IND_avg,IND_sd,IND_r1,IND_kr,IND_sk
81,0.259,0.0411217704,0.0963597172,2.5722951123,0.0905130766,0.2487,0.0451144101,0.0570312468,3.523678247,0.2549492979,0.4923,0.0457789253,0.1129712118,2.9701312813,-0.1115555383,0.4923,0.0457789253,0.1129712118,2.9701312813,-0.1115555383
