Instance,INF_avg,INF_sd,INF_r1,INF_kr,INF_sk,SUP_avg,SUP_sd,SUP_r1,SUP_kr,SUP_sk,INC_avg,INC_sd,INC_r1,INC_kr,INC_sk,IND_avg,IND_sd,IND_r1,IND_kr,IND_sk
117,0.3018,0.0755960316,0.6611778809,2.0858757221,0.1377144658,0.2508,0.0599946664,0.2383299046,2.7552448928,-0.0149066416,0.4474,0.0644921701,0.2891374728,2.6699998421,0.0001478088,0.4474,0.0644921701,0.2891374728,2.6699998421,0.0001478088
