Instance,INF_avg,INF_sd,INF_r1,INF_kr,INF_sk,SUP_avg,SUP_sd,SUP_r1,SUP_kr,SUP_sk,INC_avg,INC_sd,INC_r1,INC_kr,INC_sk,IND_avg,IND_sd,IND_r1,IND_kr,IND_sk
63,0.24,0.0663324958,-0.0891089109,2.3719008264,-0.6578429336,0.28,0.14,-0.0682819383,3.3515201999,0.7959183673,0.48,0.1326649916,-0.3788300836,1.6745867769,0.1130667542,0.48,0.1326649916,-0.3788300836,1.6745867769,0.1130667542
