Instance,INF_avg,INF_sd,INF_r1,INF_kr,INF_sk,SUP_avg,SUP_sd,SUP_r1,SUP_kr,SUP_sk,INC_avg,INC_sd,INC_r1,INC_kr,INC_sk,IND_avg,IND_sd,IND_r1,IND_kr,IND_sk
68,0.262,0.0745385806,-0.144655325,1.7579951703,-0.1017635849,0.24,0.0464758002,0.0444444444,2.8189300412,-0.8606629658,0.498,0.074,0.0729829523,1.7266483509,-0.596055515,0.498,0.074,0.0729829523,1.7266483509,-0.596055515
