Instance,INF_avg,INF_sd,INF_r1,INF_kr,INF_sk,SUP_avg,SUP_sd,SUP_r1,SUP_kr,SUP_sk,INC_avg,INC_sd,INC_r1,INC_kr,INC_sk,IND_avg,IND_sd,IND_r1,IND_kr,IND_sk
281,0.244,0.1651181395,-0.0879909463,2.0239081201,0.1856971737,0.244,0.1576832268,-0.1532588604,3.793714564,0.6000985937,0.512,0.1795995546,-0.2661270935,3.0029437122,0.3585357285,0.512,0.1795995546,-0.2661270935,3.0029437122,0.3585357285
