Instance,INF_avg,INF_sd,INF_r1,INF_kr,INF_sk,SUP_avg,SUP_sd,SUP_r1,SUP_kr,SUP_sk,INC_avg,INC_sd,INC_r1,INC_kr,INC_sk,IND_avg,IND_sd,IND_r1,IND_kr,IND_sk
42,0.252,0.1506519167,0.0626720111,3.3850636057,0.5494905979,0.222,0.1396996779,-0.0820378414,4.2519472148,0.7487205795,0.526,0.1453409784,-0.0501565315,2.9572853933,-0.2622801459,0.526,0.1453409784,-0.0501565315,2.9572853933,-0.2622801459
