Instance,INF_avg,INF_sd,INF_r1,INF_kr,INF_sk,SUP_avg,SUP_sd,SUP_r1,SUP_kr,SUP_sk,INC_avg,INC_sd,INC_r1,INC_kr,INC_sk,IND_avg,IND_sd,IND_r1,IND_kr,IND_sk
229,0.274,0.0302324329,-0.6775992129,1.2199747186,-0.3413378892,0.235,0.0202484567,0.2777777778,3.1305770375,1.4093214977,0.491,0.0226715681,-0.475282211,2.9476676407,1.2985290029,0.491,0.0226715681,-0.475282211,2.9476676407,1.2985290029
