Instance,INF_avg,INF_sd,INF_r1,INF_kr,INF_sk,SUP_avg,SUP_sd,SUP_r1,SUP_kr,SUP_sk,INC_avg,INC_sd,INC_r1,INC_kr,INC_sk,IND_avg,IND_sd,IND_r1,IND_kr,IND_sk
149,0.2341,0.0334542972,-0.0911664722,3.7056467841,0.1784785239,0.2707,0.032249186,-0.005042116,2.4399658822,0.3712233313,0.4952,0.0347988506,-0.124552938,4.1675914527,-0.2832007463,0.4952,0.0347988506,-0.124552938,4.1675914527,-0.2832007463
