Instance,INF_avg,INF_sd,INF_r1,INF_kr,INF_sk,SUP_avg,SUP_sd,SUP_r1,SUP_kr,SUP_sk,INC_avg,INC_sd,INC_r1,INC_kr,INC_sk,IND_avg,IND_sd,IND_r1,IND_kr,IND_sk
151,0.2256,0.0587931969,-0.0810019855,3.1122764507,-0.4220266176,0.2676,0.0694999281,0.205184593,2.674665652,-0.0257623285,0.5068,0.0692369843,0.1994871867,2.3225880671,-0.2092979445,0.5068,0.0692369843,0.1994871867,2.3225880671,-0.2092979445
