Instance,INF_avg,INF_sd,INF_r1,INF_kr,INF_sk,SUP_avg,SUP_sd,SUP_r1,SUP_kr,SUP_sk,INC_avg,INC_sd,INC_r1,INC_kr,INC_sk,IND_avg,IND_sd,IND_r1,IND_kr,IND_sk
101,0.2631,0.0439020501,-0.0217166423,4.0201315998,0.6835022637,0.2211,0.040789582,0.137275159,3.3185943642,-0.2481656802,0.5158,0.0478158969,0.0877460585,3.4893505615,0.1857063247,0.5158,0.0478158969,0.0877460585,3.4893505615,0.1857063247
