Instance,INF_avg,INF_sd,INF_r1,INF_kr,INF_sk,SUP_avg,SUP_sd,SUP_r1,SUP_kr,SUP_sk,INC_avg,INC_sd,INC_r1,INC_kr,INC_sk,IND_avg,IND_sd,IND_r1,IND_kr,IND_sk
7,0.296,0.1399428455,0.1256994404,2.2664039472,0.0711775174,0.256,0.1267438361,-0.0540475426,2.7414763258,0.3956909933,0.448,0.1203993355,0.1452890691,1.92942561,0.2532411503,0.448,0.1203993355,0.1452890691,1.92942561,0.2532411503
