Instance,INF_avg,INF_sd,INF_r1,INF_kr,INF_sk,SUP_avg,SUP_sd,SUP_r1,SUP_kr,SUP_sk,INC_avg,INC_sd,INC_r1,INC_kr,INC_sk,IND_avg,IND_sd,IND_r1,IND_kr,IND_sk
235,0.3079,0.0669222683,0.366723025,3.3572242202,-0.0302472327,0.2468,0.0603304235,0.4194380766,4.1065756098,1.0316328463,0.4453,0.058248691,0.0921708667,3.144941351,0.0031060367,0.4453,0.058248691,0.0921708667,3.144941351,0.0031060367
