Instance,INF_avg,INF_sd,INF_r1,INF_kr,INF_sk,SUP_avg,SUP_sd,SUP_r1,SUP_kr,SUP_sk,INC_avg,INC_sd,INC_r1,INC_kr,INC_sk,IND_avg,IND_sd,IND_r1,IND_kr,IND_sk
148,0.2584,0.0513560123,-0.1550587608,2.9968495919,0.3899921119,0.2804,0.0514960193,-0.3251138524,2.1291834585,0.0297140573,0.4612,0.0474400675,-0.0707915506,1.7599951248,-0.1152395073,0.4612,0.0474400675,-0.0707915506,1.7599951248,-0.1152395073
