Instance,INF_avg,INF_sd,INF_r1,INF_kr,INF_sk,SUP_avg,SUP_sd,SUP_r1,SUP_kr,SUP_sk,INC_avg,INC_sd,INC_r1,INC_kr,INC_sk,IND_avg,IND_sd,IND_r1,IND_kr,IND_sk
277,0.258,0.1491174034,-0.0070100656,3.0529120623,0.5958861047,0.212,0.1464786674,0.0305091319,2.6105664243,0.4218647298,0.53,0.162788206,-0.0158406109,2.2754432182,-0.1001416945,0.53,0.162788206,-0.0158406109,2.2754432182,-0.1001416945
