Instance,INF_avg,INF_sd,INF_r1,INF_kr,INF_sk,SUP_avg,SUP_sd,SUP_r1,SUP_kr,SUP_sk,INC_avg,INC_sd,INC_r1,INC_kr,INC_sk,IND_avg,IND_sd,IND_r1,IND_kr,IND_sk
24,0.2772,0.0624832778,-0.0054523119,2.6628025893,0.3936010522,0.2824,0.0516356466,0.1543784057,2.4966547888,0.1812210326,0.4404,0.0651754555,-0.0225788507,2.722346496,0.0792564172,0.4404,0.0651754555,-0.0225788507,2.722346496,0.0792564172
