Instance,INF_avg,INF_sd,INF_r1,INF_kr,INF_sk,SUP_avg,SUP_sd,SUP_r1,SUP_kr,SUP_sk,INC_avg,INC_sd,INC_r1,INC_kr,INC_sk,IND_avg,IND_sd,IND_r1,IND_kr,IND_sk
240,0.3,0.0707106781,-0.5,1.7,0.0,0.23,0.1122497216,-0.0144927536,1.8469387755,-0.3436215967,0.47,0.092736185,-0.2204724409,1.509194159,0.1579875514,0.47,0.092736185,-0.2204724409,1.509194159,0.1579875514
