Instance,INF_avg,INF_sd,INF_r1,INF_kr,INF_sk,SUP_avg,SUP_sd,SUP_r1,SUP_kr,SUP_sk,INC_avg,INC_sd,INC_r1,INC_kr,INC_sk,IND_avg,IND_sd,IND_r1,IND_kr,IND_sk
107,0.306,0.1027813213,-0.1676671796,2.3585143603,0.2114899914,0.261,0.0934291175,-0.046147762,2.4197796427,-0.1004092039,0.433,0.1102769242,-0.0147080843,2.5008650657,-0.5274683289,0.433,0.1102769242,-0.0147080843,2.5008650657,-0.5274683289
