Instance,INF_avg,INF_sd,INF_r1,INF_kr,INF_sk,SUP_avg,SUP_sd,SUP_r1,SUP_kr,SUP_sk,INC_avg,INC_sd,INC_r1,INC_kr,INC_sk,IND_avg,IND_sd,IND_r1,IND_kr,IND_sk
287,0.5804705882,0.1509920596,0.93317811,2.0110689134,-0.471506798,0.0922352941,0.0948388909,0.9490285986,3.3631388142,1.2167316444,0.3272941176,0.0698256355,0.7519351963,2.1731613855,-0.0954772188,0.3272941176,0.0698256355,0.7519351963,2.1731613855,-0.0954772188
