Instance,INF_avg,INF_sd,INF_r1,INF_kr,INF_sk,SUP_avg,SUP_sd,SUP_r1,SUP_kr,SUP_sk,INC_avg,INC_sd,INC_r1,INC_kr,INC_sk,IND_avg,IND_sd,IND_r1,IND_kr,IND_sk
250,0.27,0.081240384,-0.1059190031,2.2685950413,0.1790421687,0.14,0.0860232527,-0.0451977401,2.6519357195,1.017952296,0.59,0.0860232527,-0.6802168022,1.9945215486,-0.3958703373,0.59,0.0860232527,-0.6802168022,1.9945215486,-0.3958703373
