Instance,INF_avg,INF_sd,INF_r1,INF_kr,INF_sk,SUP_avg,SUP_sd,SUP_r1,SUP_kr,SUP_sk,INC_avg,INC_sd,INC_r1,INC_kr,INC_sk,IND_avg,IND_sd,IND_r1,IND_kr,IND_sk
87,0.215,0.0975961065,0.207611474,1.743009486,0.0597029109,0.32,0.0714142843,0.6038251366,2.2479815456,0.0988433,0.465,0.0743303437,-0.2956964368,2.9069224627,-0.8875628359,0.465,0.0743303437,-0.2956964368,2.9069224627,-0.8875628359
