Instance,INF_avg,INF_sd,INF_r1,INF_kr,INF_sk,SUP_avg,SUP_sd,SUP_r1,SUP_kr,SUP_sk,INC_avg,INC_sd,INC_r1,INC_kr,INC_sk,IND_avg,IND_sd,IND_r1,IND_kr,IND_sk
155,0.33,0.155241747,-0.0685805423,2.0842788519,-0.0256593511,0.26,0.1624807681,-0.0402684564,2.4063360882,0.6602179971,0.41,0.17,-0.4243973703,3.2367548281,1.0649297781,0.41,0.17,-0.4243973703,3.2367548281,1.0649297781
