Instance,INF_avg,INF_sd,INF_r1,INF_kr,INF_sk,SUP_avg,SUP_sd,SUP_r1,SUP_kr,SUP_sk,INC_avg,INC_sd,INC_r1,INC_kr,INC_sk,IND_avg,IND_sd,IND_r1,IND_kr,IND_sk
177,0.248,0.0483321839,0.4946808511,3.3215425033,1.057748348,0.2,0.054405882,0.1379310345,2.1950328707,0.5365079675,0.552,0.044,-0.0732984293,2.4675227102,-0.7821187077,0.552,0.044,-0.0732984293,2.4675227102,-0.7821187077
