Instance,INF_avg,INF_sd,INF_r1,INF_kr,INF_sk,SUP_avg,SUP_sd,SUP_r1,SUP_kr,SUP_sk,INC_avg,INC_sd,INC_r1,INC_kr,INC_sk,IND_avg,IND_sd,IND_r1,IND_kr,IND_sk
269,0.28,0.0748331477,0.2619926199,3.1383928571,0.8805303417,0.235,0.0743303437,-0.4208721215,2.0224196884,-0.2081937516,0.485,0.1119151464,-0.0888968226,2.535037709,-0.7993652396,0.485,0.1119151464,-0.0888968226,2.535037709,-0.7993652396
