Instance,INF_avg,INF_sd,INF_r1,INF_kr,INF_sk,SUP_avg,SUP_sd,SUP_r1,SUP_kr,SUP_sk,INC_avg,INC_sd,INC_r1,INC_kr,INC_sk,IND_avg,IND_sd,IND_r1,IND_kr,IND_sk
129,0.2744,0.0592,-0.1351267299,2.2186685135,0.2645795905,0.2144,0.0738690734,-0.0864509036,2.4256669544,0.1889643399,0.5112,0.0767499837,-0.0283639384,1.7712518847,0.1635748577,0.5112,0.0767499837,-0.0283639384,1.7712518847,0.1635748577
