Instance,INF_avg,INF_sd,INF_r1,INF_kr,INF_sk,SUP_avg,SUP_sd,SUP_r1,SUP_kr,SUP_sk,INC_avg,INC_sd,INC_r1,INC_kr,INC_sk,IND_avg,IND_sd,IND_r1,IND_kr,IND_sk
264,0.2488,0.0617297335,0.2318902494,2.1239254055,0.3761496404,0.2928,0.0713032959,0.29534503,2.3629038085,-0.1753540718,0.4584,0.0924199113,0.5777444641,2.3872772799,-0.1215570029,0.4584,0.0924199113,0.5777444641,2.3872772799,-0.1215570029
