Instance,INF_avg,INF_sd,INF_r1,INF_kr,INF_sk,SUP_avg,SUP_sd,SUP_r1,SUP_kr,SUP_sk,INC_avg,INC_sd,INC_r1,INC_kr,INC_sk,IND_avg,IND_sd,IND_r1,IND_kr,IND_sk
66,0.225,0.0928708781,-0.5044247788,2.895400126,0.1872632703,0.32,0.0509901951,-0.0204081633,1.9556213018,0.2715454179,0.455,0.1011187421,-0.5234537152,3.2128992534,-0.2089097821,0.455,0.1011187421,-0.5234537152,3.2128992534,-0.2089097821
