Instance,INF_avg,INF_sd,INF_r1,INF_kr,INF_sk,SUP_avg,SUP_sd,SUP_r1,SUP_kr,SUP_sk,INC_avg,INC_sd,INC_r1,INC_kr,INC_sk,IND_avg,IND_sd,IND_r1,IND_kr,IND_sk
190,0.2624,0.0329277998,0.0282751922,2.2968247054,0.3321877868,0.2088,0.0335344599,-0.3402818512,1.8017056861,0.1567198888,0.5288,0.0368857696,-0.1219463611,2.6829173865,-0.0368684834,0.5288,0.0368857696,-0.1219463611,2.6829173865,-0.0368684834
