Instance,INF_avg,INF_sd,INF_r1,INF_kr,INF_sk,SUP_avg,SUP_sd,SUP_r1,SUP_kr,SUP_sk,INC_avg,INC_sd,INC_r1,INC_kr,INC_sk,IND_avg,IND_sd,IND_r1,IND_kr,IND_sk
205,0.3921311475,0.1028306702,0.4531509644,2.839463471,-0.5595137502,0.1724590164,0.0778534929,0.6686296221,3.0895055658,0.4535220097,0.4354098361,0.0763420639,0.0656551116,2.2576611071,-0.175473817,0.4354098361,0.0763420639,0.0656551116,2.2576611071,-0.175473817
