Instance,INF_avg,INF_sd,INF_r1,INF_kr,INF_sk,SUP_avg,SUP_sd,SUP_r1,SUP_kr,SUP_sk,INC_avg,INC_sd,INC_r1,INC_kr,INC_sk,IND_avg,IND_sd,IND_r1,IND_kr,IND_sk
151,0.32,0.1720465053,-0.6666666667,1.9945215486,0.3958703373,0.16,0.08,-0.0563380282,2.078125,0.84375,0.52,0.1326649916,-1.1212121212,2.2169421488,-0.3700366502,0.52,0.1326649916,-1.1212121212,2.2169421488,-0.3700366502
