Instance,INF_avg,INF_sd,INF_r1,INF_kr,INF_sk,SUP_avg,SUP_sd,SUP_r1,SUP_kr,SUP_sk,INC_avg,INC_sd,INC_r1,INC_kr,INC_sk,IND_avg,IND_sd,IND_r1,IND_kr,IND_sk
125,0.18,0.0640312424,0.1379310345,2.3837001785,-0.6513588606,0.375,0.081394103,-0.5428571429,1.8885724457,0.2781713737,0.445,0.0788986692,-0.7144043171,2.2789471138,0.6230349258,0.445,0.0788986692,-0.7144043171,2.2789471138,0.6230349258
