Instance,INF_avg,INF_sd,INF_r1,INF_kr,INF_sk,SUP_avg,SUP_sd,SUP_r1,SUP_kr,SUP_sk,INC_avg,INC_sd,INC_r1,INC_kr,INC_sk,IND_avg,IND_sd,IND_r1,IND_kr,IND_sk
154,0.3,0.1414213562,-0.6666666667,1.7,0.0,0.34,0.1356465997,-0.0180995475,2.3638941399,-0.7500308204,0.36,0.1496662955,0.4155844156,2.1339285714,-0.7301958931,0.36,0.1496662955,0.4155844156,2.1339285714,-0.7301958931
