Instance,INF_avg,INF_sd,INF_r1,INF_kr,INF_sk,SUP_avg,SUP_sd,SUP_r1,SUP_kr,SUP_sk,INC_avg,INC_sd,INC_r1,INC_kr,INC_sk,IND_avg,IND_sd,IND_r1,IND_kr,IND_sk
167,0.2632,0.0294916937,-0.1102989433,2.0243808853,0.2961922021,0.2426,0.0492365718,0.4221327028,3.3680481152,0.95515367,0.4942,0.0516464907,0.6122599249,3.2550583843,-0.5329409077,0.4942,0.0516464907,0.6122599249,3.2550583843,-0.5329409077
