Instance,INF_avg,INF_sd,INF_r1,INF_kr,INF_sk,SUP_avg,SUP_sd,SUP_r1,SUP_kr,SUP_sk,INC_avg,INC_sd,INC_r1,INC_kr,INC_sk,IND_avg,IND_sd,IND_r1,IND_kr,IND_sk
116,0.336,0.0445421149,-0.4620355412,2.0793444329,-0.6170311183,0.208,0.016,-0.338028169,2.078125,-0.84375,0.456,0.0557135531,-0.3679245283,2.6687745775,1.0391889224,0.456,0.0557135531,-0.3679245283,2.6687745775,1.0391889224
