Instance,INF_avg,INF_sd,INF_r1,INF_kr,INF_sk,SUP_avg,SUP_sd,SUP_r1,SUP_kr,SUP_sk,INC_avg,INC_sd,INC_r1,INC_kr,INC_sk,IND_avg,IND_sd,IND_r1,IND_kr,IND_sk
145,0.266,0.0669626762,-0.2942668237,1.3921056213,0.0422033338,0.192,0.0754718491,-0.2855395903,2.1453414973,-0.1125503367,0.542,0.0666033032,0.4835195793,2.3004315052,-0.0061735864,0.542,0.0666033032,0.4835195793,2.3004315052,-0.0061735864
