Instance,INF_avg,INF_sd,INF_r1,INF_kr,INF_sk,SUP_avg,SUP_sd,SUP_r1,SUP_kr,SUP_sk,INC_avg,INC_sd,INC_r1,INC_kr,INC_sk,IND_avg,IND_sd,IND_r1,IND_kr,IND_sk
266,0.26,0.08,-0.3157894737,3.25,-1.5,0.28,0.1326649916,-0.3309352518,2.2169421488,0.3700366502,0.46,0.1496662955,-0.3203463203,2.1339285714,-0.7301958931,0.46,0.1496662955,-0.3203463203,2.1339285714,-0.7301958931
