Instance,INF_avg,INF_sd,INF_r1,INF_kr,INF_sk,SUP_avg,SUP_sd,SUP_r1,SUP_kr,SUP_sk,INC_avg,INC_sd,INC_r1,INC_kr,INC_sk,IND_avg,IND_sd,IND_r1,IND_kr,IND_sk
220,0.2772,0.0637507647,0.1857070036,2.6713906437,0.0348943632,0.25,0.0589576119,-0.2539964476,2.8227424351,-0.0726078003,0.4728,0.0729668418,0.0340213726,4.099643771,0.6676542852,0.4728,0.0729668418,0.0340213726,4.099643771,0.6676542852
