Instance,INF_avg,INF_sd,INF_r1,INF_kr,INF_sk,SUP_avg,SUP_sd,SUP_r1,SUP_kr,SUP_sk,INC_avg,INC_sd,INC_r1,INC_kr,INC_sk,IND_avg,IND_sd,IND_r1,IND_kr,IND_sk
74,0.213,0.0265706605,-0.3348480545,2.4373078991,-0.8559143504,0.29,0.0304959014,-0.1882352941,1.6675338189,-0.1375118688,0.497,0.0328024389,-0.3739435168,1.5743736267,-0.1774734296,0.497,0.0328024389,-0.3739435168,1.5743736267,-0.1774734296
