Instance,INF_avg,INF_sd,INF_r1,INF_kr,INF_sk,SUP_avg,SUP_sd,SUP_r1,SUP_kr,SUP_sk,INC_avg,INC_sd,INC_r1,INC_kr,INC_sk,IND_avg,IND_sd,IND_r1,IND_kr,IND_sk
149,0.27,0.0871779789,-1.0974576271,1.7957063712,0.0543353054,0.25,0.0632455532,0.0,2.5,-0.0,0.48,0.0748331477,-0.5760869565,2.1339285714,-0.7301958931,0.48,0.0748331477,-0.5760869565,2.1339285714,-0.7301958931
