Instance,INF_avg,INF_sd,INF_r1,INF_kr,INF_sk,SUP_avg,SUP_sd,SUP_r1,SUP_kr,SUP_sk,INC_avg,INC_sd,INC_r1,INC_kr,INC_sk,IND_avg,IND_sd,IND_r1,IND_kr,IND_sk
92,0.19,0.0888819442,-0.2780269058,3.577471559,1.2646557671,0.295,0.0986154146,-0.1840378052,2.649579371,-0.642833744,0.515,0.1225765067,0.2449922958,2.561723251,0.2215330068,0.515,0.1225765067,0.2449922958,2.561723251,0.2215330068
