Instance,INF_avg,INF_sd,INF_r1,INF_kr,INF_sk,SUP_avg,SUP_sd,SUP_r1,SUP_kr,SUP_sk,INC_avg,INC_sd,INC_r1,INC_kr,INC_sk,IND_avg,IND_sd,IND_r1,IND_kr,IND_sk
188,0.2516,0.0602448338,0.1784285926,3.0315886237,0.3030097144,0.2332,0.0387525483,-0.071888348,1.8650495415,-0.0324701123,0.5152,0.055506396,-0.1555700085,2.8236182413,-0.3068982377,0.5152,0.055506396,-0.1555700085,2.8236182413,-0.3068982377
