Instance,INF_avg,INF_sd,INF_r1,INF_kr,INF_sk,SUP_avg,SUP_sd,SUP_r1,SUP_kr,SUP_sk,INC_avg,INC_sd,INC_r1,INC_kr,INC_sk,IND_avg,IND_sd,IND_r1,IND_kr,IND_sk
118,0.2305,0.0953663987,-0.0177523181,2.7945342717,0.1161119035,0.231,0.1053043209,0.0370207994,3.1548963635,0.255996385,0.5385,0.114859697,-0.0874822381,2.3223731489,-0.3065891698,0.5385,0.114859697,-0.0874822381,2.3223731489,-0.3065891698
