Instance,INF_avg,INF_sd,INF_r1,INF_kr,INF_sk,SUP_avg,SUP_sd,SUP_r1,SUP_kr,SUP_sk,INC_avg,INC_sd,INC_r1,INC_kr,INC_sk,IND_avg,IND_sd,IND_r1,IND_kr,IND_sk
106,0.298,0.059126982,-0.0094886663,1.3742047139,0.0250788638,0.318,0.0526877595,0.0233362143,1.4709074903,0.0305207354,0.384,0.0637495098,-0.5180652681,2.5723580197,0.8598491314,0.384,0.0637495098,-0.5180652681,2.5723580197,0.8598491314
