Instance,INF_avg,INF_sd,INF_r1,INF_kr,INF_sk,SUP_avg,SUP_sd,SUP_r1,SUP_kr,SUP_sk,INC_avg,INC_sd,INC_r1,INC_kr,INC_sk,IND_avg,IND_sd,IND_r1,IND_kr,IND_sk
160,0.3991304348,0.1138997669,0.6497146707,2.147481663,-0.1115055566,0.1239130435,0.0773045435,0.7188014622,2.2401470654,0.4996643164,0.4769565217,0.0717444003,0.1732955613,3.2078054355,0.0986122092,0.4769565217,0.0717444003,0.1732955613,3.2078054355,0.0986122092
