Instance,INF_avg,INF_sd,INF_r1,INF_kr,INF_sk,SUP_avg,SUP_sd,SUP_r1,SUP_kr,SUP_sk,INC_avg,INC_sd,INC_r1,INC_kr,INC_sk,IND_avg,IND_sd,IND_r1,IND_kr,IND_sk
242,0.4020394737,0.100466601,0.8982718596,2.1173589047,-0.0302231796,0.0972368421,0.077227427,0.9320751423,2.1994937537,0.7468312759,0.5007236842,0.0471120162,0.4531636856,2.8187363159,-0.2807160242,0.5007236842,0.0471120162,0.4531636856,2.8187363159,-0.2807160242
