Instance,INF_avg,INF_sd,INF_r1,INF_kr,INF_sk,SUP_avg,SUP_sd,SUP_r1,SUP_kr,SUP_sk,INC_avg,INC_sd,INC_r1,INC_kr,INC_sk,IND_avg,IND_sd,IND_r1,IND_kr,IND_sk
7,0.246,0.0632771681,-0.4124061311,2.6424095385,0.4819669309,0.218,0.0517300686,-0.0856556676,1.6270787669,-0.0977825102,0.536,0.0598665182,-0.2046279492,1.7482860332,0.1261735551,0.536,0.0598665182,-0.2046279492,1.7482860332,0.1261735551
