Instance,INF_avg,INF_sd,INF_r1,INF_kr,INF_sk,SUP_avg,SUP_sd,SUP_r1,SUP_kr,SUP_sk,INC_avg,INC_sd,INC_r1,INC_kr,INC_sk,IND_avg,IND_sd,IND_r1,IND_kr,IND_sk
85,0.2488,0.0561654698,0.0635773698,1.9222622222,0.4521918095,0.2408,0.0553476287,-0.0774928643,3.8213667671,0.7030824338,0.5104,0.0539985185,0.0906312679,2.7043560224,-0.4380985475,0.5104,0.0539985185,0.0906312679,2.7043560224,-0.4380985475
