Instance,INF_avg,INF_sd,INF_r1,INF_kr,INF_sk,SUP_avg,SUP_sd,SUP_r1,SUP_kr,SUP_sk,INC_avg,INC_sd,INC_r1,INC_kr,INC_sk,IND_avg,IND_sd,IND_r1,IND_kr,IND_sk
51,0.18065,0.0442303911,0.4165011563,2.167751973,0.0872380978,0.34755,0.0713354575,0.6989058264,2.1135452105,0.1118934998,0.4718,0.053448667,0.4412723752,2.2026766039,0.1046411851,0.4718,0.053448667,0.4412723752,2.2026766039,0.1046411851
