Instance,INF_avg,INF_sd,INF_r1,INF_kr,INF_sk,SUP_avg,SUP_sd,SUP_r1,SUP_kr,SUP_sk,INC_avg,INC_sd,INC_r1,INC_kr,INC_sk,IND_avg,IND_sd,IND_r1,IND_kr,IND_sk
36,0.217,0.1414602418,0.0221696701,2.5557619812,0.4820350603,0.295,0.1314343943,-0.0597966824,2.5312609298,0.1978613654,0.488,0.1401998573,-0.0336621172,2.6288678084,-0.2215919164,0.488,0.1401998573,-0.0336621172,2.6288678084,-0.2215919164
