Instance,INF_avg,INF_sd,INF_r1,INF_kr,INF_sk,SUP_avg,SUP_sd,SUP_r1,SUP_kr,SUP_sk,INC_avg,INC_sd,INC_r1,INC_kr,INC_sk,IND_avg,IND_sd,IND_r1,IND_kr,IND_sk
15,0.19,0.1135781669,0.6555435953,2.2460789616,0.1965657837,0.4,0.1483239697,-0.2777777778,1.4462809917,-0.3677453795,0.41,0.0943398113,-0.361079865,2.365484156,0.5145158249,0.41,0.0943398113,-0.361079865,2.365484156,0.5145158249
