Instance,INF_avg,INF_sd,INF_r1,INF_kr,INF_sk,SUP_avg,SUP_sd,SUP_r1,SUP_kr,SUP_sk,INC_avg,INC_sd,INC_r1,INC_kr,INC_sk,IND_avg,IND_sd,IND_r1,IND_kr,IND_sk
88,0.28,0.12489996,0.0745501285,3.607495069,-0.5419722129,0.26,0.0916515139,-0.4077669903,2.1020408163,0.093521953,0.46,0.12,-0.396011396,1.5138888889,-0.2361111111,0.46,0.12,-0.396011396,1.5138888889,-0.2361111111
