Instance,INF_avg,INF_sd,INF_r1,INF_kr,INF_sk,SUP_avg,SUP_sd,SUP_r1,SUP_kr,SUP_sk,INC_avg,INC_sd,INC_r1,INC_kr,INC_sk,IND_avg,IND_sd,IND_r1,IND_kr,IND_sk
198,0.196,0.128,0.2747953779,4.8558921814,1.104675293,0.312,0.1210619676,0.2645960878,1.7851394901,-0.0954435599,0.492,0.1128538878,-0.203640916,3.0762354486,-0.1765969133,0.492,0.1128538878,-0.203640916,3.0762354486,-0.1765969133
