Instance,INF_avg,INF_sd,INF_r1,INF_kr,INF_sk,SUP_avg,SUP_sd,SUP_r1,SUP_kr,SUP_sk,INC_avg,INC_sd,INC_r1,INC_kr,INC_sk,IND_avg,IND_sd,IND_r1,IND_kr,IND_sk
150,0.218,0.1227843638,-0.1859700906,3.7412929527,0.4970371438,0.202,0.114,0.1091592691,2.7372578877,0.2848487794,0.58,0.1216552506,0.0352811466,3.4149013879,-0.2799226,0.58,0.1216552506,0.0352811466,3.4149013879,-0.2799226
