Instance,INF_avg,INF_sd,INF_r1,INF_kr,INF_sk,SUP_avg,SUP_sd,SUP_r1,SUP_kr,SUP_sk,INC_avg,INC_sd,INC_r1,INC_kr,INC_sk,IND_avg,IND_sd,IND_r1,IND_kr,IND_sk
257,0.2224,0.0684268953,-0.0226755278,2.4025909494,0.4610428526,0.252,0.066693328,0.1700551844,3.1045235754,0.6355731597,0.5256,0.0799039423,0.2712806367,2.261600375,-0.1723340301,0.5256,0.0799039423,0.2712806367,2.261600375,-0.1723340301
