Instance,INF_avg,INF_sd,INF_r1,INF_kr,INF_sk,SUP_avg,SUP_sd,SUP_r1,SUP_kr,SUP_sk,INC_avg,INC_sd,INC_r1,INC_kr,INC_sk,IND_avg,IND_sd,IND_r1,IND_kr,IND_sk
207,0.23975,0.0400772691,0.3222733601,2.5260264837,0.0599784024,0.26635,0.0506500494,0.5350211697,2.662566825,0.5108650457,0.4939,0.0429568388,0.4153159988,3.0048219343,-0.4283795092,0.4939,0.0429568388,0.4153159988,3.0048219343,-0.4283795092
