Instance,INF_avg,INF_sd,INF_r1,INF_kr,INF_sk,SUP_avg,SUP_sd,SUP_r1,SUP_kr,SUP_sk,INC_avg,INC_sd,INC_r1,INC_kr,INC_sk,IND_avg,IND_sd,IND_r1,IND_kr,IND_sk
25,0.2493,0.0414549153,0.0557789012,2.5345614728,0.1785386222,0.2454,0.0456162252,0.154494312,2.3726835022,-0.0160879787,0.5053,0.0433002309,0.0801941506,3.0371628071,-0.1969592396,0.5053,0.0433002309,0.0801941506,3.0371628071,-0.1969592396
