Instance,INF_avg,INF_sd,INF_r1,INF_kr,INF_sk,SUP_avg,SUP_sd,SUP_r1,SUP_kr,SUP_sk,INC_avg,INC_sd,INC_r1,INC_kr,INC_sk,IND_avg,IND_sd,IND_r1,IND_kr,IND_sk
76,0.2,0.0204939015,-0.3257575758,2.8018707483,-0.49666343,0.291,0.0469467784,-0.3295437008,1.5338392331,0.0080892466,0.509,0.0463573079,-0.1219773595,2.1508910071,0.2707538427,0.509,0.0463573079,-0.1219773595,2.1508910071,0.2707538427
