Instance,INF_avg,INF_sd,INF_r1,INF_kr,INF_sk,SUP_avg,SUP_sd,SUP_r1,SUP_kr,SUP_sk,INC_avg,INC_sd,INC_r1,INC_kr,INC_sk,IND_avg,IND_sd,IND_r1,IND_kr,IND_sk
261,0.2546,0.0275651954,-0.052955561,2.6200842462,0.4476872844,0.2602,0.0294950843,0.30129822,2.5498827625,0.2563574828,0.4852,0.0312083322,0.0554896929,2.7716730681,0.1033244631,0.4852,0.0312083322,0.0554896929,2.7716730681,0.1033244631
