Instance,INF_avg,INF_sd,INF_r1,INF_kr,INF_sk,SUP_avg,SUP_sd,SUP_r1,SUP_kr,SUP_sk,INC_avg,INC_sd,INC_r1,INC_kr,INC_sk,IND_avg,IND_sd,IND_r1,IND_kr,IND_sk
162,0.5138461538,0.1323285613,0.7330938891,2.730368295,-0.4133120091,0.1294871795,0.0817578889,0.6892767145,4.8276190828,1.1717987699,0.3566666667,0.0835382097,0.4093647823,2.8475122071,0.1649832409,0.3566666667,0.0835382097,0.4093647823,2.8475122071,0.1649832409
