Instance,INF_avg,INF_sd,INF_r1,INF_kr,INF_sk,SUP_avg,SUP_sd,SUP_r1,SUP_kr,SUP_sk,INC_avg,INC_sd,INC_r1,INC_kr,INC_sk,IND_avg,IND_sd,IND_r1,IND_kr,IND_sk
83,0.2571,0.0224073649,-0.0155023882,2.9122631784,-0.0106597798,0.2355,0.0285700893,0.2231794651,3.0857315863,0.2567716077,0.5074,0.0345433062,0.1137050092,2.9121279119,-0.5279225578,0.5074,0.0345433062,0.1137050092,2.9121279119,-0.5279225578
