Instance,INF_avg,INF_sd,INF_r1,INF_kr,INF_sk,SUP_avg,SUP_sd,SUP_r1,SUP_kr,SUP_sk,INC_avg,INC_sd,INC_r1,INC_kr,INC_sk,IND_avg,IND_sd,IND_r1,IND_kr,IND_sk
275,0.242,0.0814616474,0.2099139074,3.1694281943,0.3973069698,0.252,0.0927146159,-0.0314833713,5.6321491854,1.3531368223,0.506,0.1061319933,-0.1173164203,3.4315480634,-0.4207279773,0.506,0.1061319933,-0.1173164203,3.4315480634,-0.4207279773
