Instance,INF_avg,INF_sd,INF_r1,INF_kr,INF_sk,SUP_avg,SUP_sd,SUP_r1,SUP_kr,SUP_sk,INC_avg,INC_sd,INC_r1,INC_kr,INC_sk,IND_avg,IND_sd,IND_r1,IND_kr,IND_sk
8,0.248,0.0457820926,-0.2291933419,2.5270671872,0.9043837411,0.292,0.0271293199,0.4160583942,2.0803402647,-0.6923361419,0.46,0.0505964426,-0.0714285714,3.525390625,-1.1487961812,0.46,0.0505964426,-0.0714285714,3.525390625,-1.1487961812
