Instance,INF_avg,INF_sd,INF_r1,INF_kr,INF_sk,SUP_avg,SUP_sd,SUP_r1,SUP_kr,SUP_sk,INC_avg,INC_sd,INC_r1,INC_kr,INC_sk,IND_avg,IND_sd,IND_r1,IND_kr,IND_sk
169,0.2334,0.042431592,-0.034458624,2.7362125706,0.4012827163,0.3384,0.0556905737,0.3432136593,3.3243857201,0.2589784393,0.4282,0.0567869703,0.4655754638,3.1713861379,-0.2492320867,0.4282,0.0567869703,0.4655754638,3.1713861379,-0.2492320867
