Instance,INF_avg,INF_sd,INF_r1,INF_kr,INF_sk,SUP_avg,SUP_sd,SUP_r1,SUP_kr,SUP_sk,INC_avg,INC_sd,INC_r1,INC_kr,INC_sk,IND_avg,IND_sd,IND_r1,IND_kr,IND_sk
216,0.26,0.1264911064,-0.2048192771,3.7675,0.5454928964,0.24,0.129614814,0.010989011,2.112244898,0.5510833927,0.5,0.1574801575,-0.1475409836,2.2762747138,0.6145167435,0.5,0.1574801575,-0.1475409836,2.2762747138,0.6145167435
