Instance,INF_avg,INF_sd,INF_r1,INF_kr,INF_sk,SUP_avg,SUP_sd,SUP_r1,SUP_kr,SUP_sk,INC_avg,INC_sd,INC_r1,INC_kr,INC_sk,IND_avg,IND_sd,IND_r1,IND_kr,IND_sk
252,0.267,0.1010494928,0.0337794942,2.1807651809,0.2149859279,0.292,0.1036146708,0.0355800701,2.5232572667,-0.0151239595,0.441,0.1109909906,0.0359887097,3.2737483324,0.1231201964,0.441,0.1109909906,0.0359887097,3.2737483324,0.1231201964
