Instance,INF_avg,INF_sd,INF_r1,INF_kr,INF_sk,SUP_avg,SUP_sd,SUP_r1,SUP_kr,SUP_sk,INC_avg,INC_sd,INC_r1,INC_kr,INC_sk,IND_avg,IND_sd,IND_r1,IND_kr,IND_sk
89,0.266,0.0971802449,0.3312726624,3.0088035834,-0.0625516038,0.232,0.098366661,0.003880234,2.372070803,0.350217973,0.502,0.0953729521,0.1043937571,2.8450117538,0.2367874009,0.502,0.0953729521,0.1043937571,2.8450117538,0.2367874009
