Instance,INF_avg,INF_sd,INF_r1,INF_kr,INF_sk,SUP_avg,SUP_sd,SUP_r1,SUP_kr,SUP_sk,INC_avg,INC_sd,INC_r1,INC_kr,INC_sk,IND_avg,IND_sd,IND_r1,IND_kr,IND_sk
60,0.2545454545,0.137269717,-0.0944350759,1.7483841182,0.2213363281,0.1909090909,0.12398347,0.2940809969,2.1413458203,0.4588635535,0.5545454545,0.1437398936,-0.2969786293,2.107168,-0.0910735966,0.5545454545,0.1437398936,-0.2969786293,2.107168,-0.0910735966
