Instance,INF_avg,INF_sd,INF_r1,INF_kr,INF_sk,SUP_avg,SUP_sd,SUP_r1,SUP_kr,SUP_sk,INC_avg,INC_sd,INC_r1,INC_kr,INC_sk,IND_avg,IND_sd,IND_r1,IND_kr,IND_sk
165,0.243,0.104885652,-0.118638844,2.1528027536,0.1593486751,0.275,0.0795298686,-0.1268191268,2.5500320267,0.3131048273,0.482,0.1038075142,-0.1396440236,2.9234163852,0.0158551117,0.482,0.1038075142,-0.1396440236,2.9234163852,0.0158551117
