Instance,INF_avg,INF_sd,INF_r1,INF_kr,INF_sk,SUP_avg,SUP_sd,SUP_r1,SUP_kr,SUP_sk,INC_avg,INC_sd,INC_r1,INC_kr,INC_sk,IND_avg,IND_sd,IND_r1,IND_kr,IND_sk
261,0.268,0.1489160838,-0.117368374,1.8392864951,-0.2417468892,0.244,0.1329059818,-0.0235088613,2.1997184152,0.2824814786,0.488,0.1305986217,-0.2181839028,2.5561373372,0.5457909798,0.488,0.1305986217,-0.2181839028,2.5561373372,0.5457909798
