Instance,INF_avg,INF_sd,INF_r1,INF_kr,INF_sk,SUP_avg,SUP_sd,SUP_r1,SUP_kr,SUP_sk,INC_avg,INC_sd,INC_r1,INC_kr,INC_sk,IND_avg,IND_sd,IND_r1,IND_kr,IND_sk
295,0.3118888889,0.083604817,0.3297747136,2.7630200844,0.0619008159,0.1763333333,0.0823940397,0.5495400765,3.529886062,0.6239197419,0.5117777778,0.0706411554,0.0328606393,3.0908882097,-0.1744872141,0.5117777778,0.0706411554,0.0328606393,3.0908882097,-0.1744872141
