Instance,INF_avg,INF_sd,INF_r1,INF_kr,INF_sk,SUP_avg,SUP_sd,SUP_r1,SUP_kr,SUP_sk,INC_avg,INC_sd,INC_r1,INC_kr,INC_sk,IND_avg,IND_sd,IND_r1,IND_kr,IND_sk
294,0.265,0.0593717104,-0.5703069236,2.4172325336,-0.2365192629,0.205,0.035,-0.0429447853,2.0395668471,-0.139941691,0.53,0.0781024968,-0.4191419142,2.2270894921,-0.4218920142,0.53,0.0781024968,-0.4191419142,2.2270894921,-0.4218920142
