Instance,INF_avg,INF_sd,INF_r1,INF_kr,INF_sk,SUP_avg,SUP_sd,SUP_r1,SUP_kr,SUP_sk,INC_avg,INC_sd,INC_r1,INC_kr,INC_sk,IND_avg,IND_sd,IND_r1,IND_kr,IND_sk
178,0.25,0.1268857754,0.0903426791,2.8172138421,0.4699291863,0.262,0.1468196172,-0.0451179015,2.7033390458,0.1808165141,0.488,0.1739425192,-0.15740247,2.2473082857,0.2984993822,0.488,0.1739425192,-0.15740247,2.2473082857,0.2984993822
