Instance,INF_avg,INF_sd,INF_r1,INF_kr,INF_sk,SUP_avg,SUP_sd,SUP_r1,SUP_kr,SUP_sk,INC_avg,INC_sd,INC_r1,INC_kr,INC_sk,IND_avg,IND_sd,IND_r1,IND_kr,IND_sk
115,0.435,0.0944957377,0.8512409877,2.1705774379,-0.1015304549,0.0830277778,0.0583226114,0.8678394812,2.8761684304,0.830392696,0.4819722222,0.0509915495,0.5203198143,2.6299025703,-0.2582996905,0.4819722222,0.0509915495,0.5203198143,2.6299025703,-0.2582996905
