Instance,INF_avg,INF_sd,INF_r1,INF_kr,INF_sk,SUP_avg,SUP_sd,SUP_r1,SUP_kr,SUP_sk,INC_avg,INC_sd,INC_r1,INC_kr,INC_sk,IND_avg,IND_sd,IND_r1,IND_kr,IND_sk
171,0.18,0.0509901951,-1.196969697,1.9556213018,-0.2715454179,0.22,0.06,-0.6959064327,1.3981481481,-0.1111111111,0.6,0.0547722558,-0.4,2.5,-0.9128709292,0.6,0.0547722558,-0.4,2.5,-0.9128709292
