Instance,INF_avg,INF_sd,INF_r1,INF_kr,INF_sk,SUP_avg,SUP_sd,SUP_r1,SUP_kr,SUP_sk,INC_avg,INC_sd,INC_r1,INC_kr,INC_sk,IND_avg,IND_sd,IND_r1,IND_kr,IND_sk
193,0.285,0.1451723114,0.0143668956,2.7688563552,0.3993291123,0.236,0.1187602627,-0.1875099552,2.994083655,0.2448437532,0.479,0.1608073381,0.0563869101,2.3396959949,0.0404918629,0.479,0.1608073381,0.0563869101,2.3396959949,0.0404918629
