Instance,INF_avg,INF_sd,INF_r1,INF_kr,INF_sk,SUP_avg,SUP_sd,SUP_r1,SUP_kr,SUP_sk,INC_avg,INC_sd,INC_r1,INC_kr,INC_sk,IND_avg,IND_sd,IND_r1,IND_kr,IND_sk
95,0.278,0.0980612054,-0.1008291844,2.5541703234,0.2601434814,0.27,0.0932737905,0.0727105384,2.2263178755,-0.0739387955,0.452,0.0979591752,0.0794287738,2.8475368627,0.4068185013,0.452,0.0979591752,0.0794287738,2.8475368627,0.4068185013
