Instance,INF_avg,INF_sd,INF_r1,INF_kr,INF_sk,SUP_avg,SUP_sd,SUP_r1,SUP_kr,SUP_sk,INC_avg,INC_sd,INC_r1,INC_kr,INC_sk,IND_avg,IND_sd,IND_r1,IND_kr,IND_sk
242,0.3333333333,0.1296362432,-0.0455612964,3.7058944061,0.6651372577,0.1666666667,0.1047483757,0.5143721634,2.7524435187,0.5337283046,0.5,0.1280190958,-0.1361702128,3.1232404481,-0.5858500994,0.5,0.1280190958,-0.1361702128,3.1232404481,-0.5858500994
