Instance,INF_avg,INF_sd,INF_r1,INF_kr,INF_sk,SUP_avg,SUP_sd,SUP_r1,SUP_kr,SUP_sk,INC_avg,INC_sd,INC_r1,INC_kr,INC_sk,IND_avg,IND_sd,IND_r1,IND_kr,IND_sk
111,0.216,0.0535163526,-0.2244027304,2.3800209107,0.6839657441,0.288,0.0479165942,0.12338794,2.592364846,-0.9236432693,0.496,0.024979992,-0.1833105335,2.5103550296,-1.0038803489,0.496,0.024979992,-0.1833105335,2.5103550296,-1.0038803489
