Instance,INF_avg,INF_sd,INF_r1,INF_kr,INF_sk,SUP_avg,SUP_sd,SUP_r1,SUP_kr,SUP_sk,INC_avg,INC_sd,INC_r1,INC_kr,INC_sk,IND_avg,IND_sd,IND_r1,IND_kr,IND_sk
95,0.2402,0.0452101758,0.0547851917,3.288836483,0.323280274,0.2759,0.0431530995,0.1187734033,2.3717212677,-0.04101757,0.4839,0.0489059301,0.0486947033,3.1301637666,-0.0214858825,0.4839,0.0489059301,0.0486947033,3.1301637666,-0.0214858825
