Instance,INF_avg,INF_sd,INF_r1,INF_kr,INF_sk,SUP_avg,SUP_sd,SUP_r1,SUP_kr,SUP_sk,INC_avg,INC_sd,INC_r1,INC_kr,INC_sk,IND_avg,IND_sd,IND_r1,IND_kr,IND_sk
155,0.4744444444,0.129495698,0.7732240814,1.718414182,0.1593813386,0.1083333333,0.0675565607,0.4954721182,2.2129571627,0.5124235033,0.4172222222,0.0950032488,0.4408982534,2.3163029253,0.0421286997,0.4172222222,0.0950032488,0.4408982534,2.3163029253,0.0421286997
