Instance,INF_avg,INF_sd,INF_r1,INF_kr,INF_sk,SUP_avg,SUP_sd,SUP_r1,SUP_kr,SUP_sk,INC_avg,INC_sd,INC_r1,INC_kr,INC_sk,IND_avg,IND_sd,IND_r1,IND_kr,IND_sk
69,0.2161,0.0261398164,-0.0612999688,3.2179784241,-0.2150591704,0.26075,0.0338184491,0.1092748123,3.2898176507,0.0456342941,0.52315,0.0321842741,-0.0102355882,2.5234708991,-0.0472015759,0.52315,0.0321842741,-0.0102355882,2.5234708991,-0.0472015759
