Instance,INF_avg,INF_sd,INF_r1,INF_kr,INF_sk,SUP_avg,SUP_sd,SUP_r1,SUP_kr,SUP_sk,INC_avg,INC_sd,INC_r1,INC_kr,INC_sk,IND_avg,IND_sd,IND_r1,IND_kr,IND_sk
276,0.256,0.0445421149,-0.5677179963,1.2989073881,0.469291273,0.292,0.0863481326,-0.4885825075,2.9926964947,1.3026417982,0.452,0.0805977667,-0.6728525981,2.1138707564,-0.3674514165,0.452,0.0805977667,-0.6728525981,2.1138707564,-0.3674514165
