Instance,INF_avg,INF_sd,INF_r1,INF_kr,INF_sk,SUP_avg,SUP_sd,SUP_r1,SUP_kr,SUP_sk,INC_avg,INC_sd,INC_r1,INC_kr,INC_sk,IND_avg,IND_sd,IND_r1,IND_kr,IND_sk
211,0.3084,0.0333982035,0.1918222829,1.8957745526,0.1137661197,0.1988,0.0337129055,-0.1000709469,2.1719679718,-0.154675372,0.4928,0.050538698,0.0105820869,2.3553277492,-0.3952227017,0.4928,0.050538698,0.0105820869,2.3553277492,-0.3952227017
