Instance,INF_avg,INF_sd,INF_r1,INF_kr,INF_sk,SUP_avg,SUP_sd,SUP_r1,SUP_kr,SUP_sk,INC_avg,INC_sd,INC_r1,INC_kr,INC_sk,IND_avg,IND_sd,IND_r1,IND_kr,IND_sk
228,0.3626229508,0.1082786575,0.6223255128,2.1623844178,0.2049006151,0.1501639344,0.0953078154,0.7596357784,2.5741796839,0.5315762776,0.4872131148,0.0717950441,0.0307207495,2.8719944416,-0.1617272337,0.4872131148,0.0717950441,0.0307207495,2.8719944416,-0.1617272337
