Instance,INF_avg,INF_sd,INF_r1,INF_kr,INF_sk,SUP_avg,SUP_sd,SUP_r1,SUP_kr,SUP_sk,INC_avg,INC_sd,INC_r1,INC_kr,INC_sk,IND_avg,IND_sd,IND_r1,IND_kr,IND_sk
278,0.208,0.0448998886,-0.3707679604,2.4894179894,-0.2927146935,0.276,0.0643739078,-0.2055641422,3.1060508937,1.0443330469,0.516,0.0725534286,0.0935075541,3.4527304811,0.6892310949,0.516,0.0725534286,0.0935075541,3.4527304811,0.6892310949
