Instance,INF_avg,INF_sd,INF_r1,INF_kr,INF_sk,SUP_avg,SUP_sd,SUP_r1,SUP_kr,SUP_sk,INC_avg,INC_sd,INC_r1,INC_kr,INC_sk,IND_avg,IND_sd,IND_r1,IND_kr,IND_sk
87,0.442849162,0.1102066856,0.8284235846,2.2733309897,-0.4579060575,0.0959776536,0.07010383,0.8222542869,2.9578355746,0.904629733,0.4611731844,0.0594412358,0.4204291255,2.3295482342,0.1212102464,0.4611731844,0.0594412358,0.4204291255,2.3295482342,0.1212102464
