Instance,INF_avg,INF_sd,INF_r1,INF_kr,INF_sk,SUP_avg,SUP_sd,SUP_r1,SUP_kr,SUP_sk,INC_avg,INC_sd,INC_r1,INC_kr,INC_sk,IND_avg,IND_sd,IND_r1,IND_kr,IND_sk
47,0.233,0.0624419731,-0.0857615988,1.9997255003,-0.2987662271,0.2624,0.0654388264,0.1409909484,2.6853881107,0.1417221234,0.5046,0.0655960365,-0.0985750013,2.3352670852,-0.0749568973,0.5046,0.0655960365,-0.0985750013,2.3352670852,-0.0749568973
