Instance,INF_avg,INF_sd,INF_r1,INF_kr,INF_sk,SUP_avg,SUP_sd,SUP_r1,SUP_kr,SUP_sk,INC_avg,INC_sd,INC_r1,INC_kr,INC_sk,IND_avg,IND_sd,IND_r1,IND_kr,IND_sk
209,0.286,0.0449888875,0.0936739659,1.9858223062,0.4870768025,0.246,0.0407921561,-0.1129888943,2.5224898299,0.8549437766,0.468,0.0318747549,-0.4838990426,1.7205344411,0.6269617454,0.468,0.0318747549,-0.4838990426,1.7205344411,0.6269617454
