Instance,INF_avg,INF_sd,INF_r1,INF_kr,INF_sk,SUP_avg,SUP_sd,SUP_r1,SUP_kr,SUP_sk,INC_avg,INC_sd,INC_r1,INC_kr,INC_sk,IND_avg,IND_sd,IND_r1,IND_kr,IND_sk
187,0.4505194805,0.0869638842,0.8491088042,1.9541302572,0.0389000885,0.0806060606,0.0588256339,0.8910026956,2.5847435875,0.7796914549,0.4688744589,0.0479541339,0.4287484265,2.7080059483,-0.0668529057,0.4688744589,0.0479541339,0.4287484265,2.7080059483,-0.0668529057
