Instance,INF_avg,INF_sd,INF_r1,INF_kr,INF_sk,SUP_avg,SUP_sd,SUP_r1,SUP_kr,SUP_sk,INC_avg,INC_sd,INC_r1,INC_kr,INC_sk,IND_avg,IND_sd,IND_r1,IND_kr,IND_sk
254,0.18,0.1469693846,-0.744966443,1.5781893004,0.3477670622,0.28,0.1326649916,-0.3309352518,2.2169421488,0.3700366502,0.54,0.1019803903,-0.5079365079,1.9556213018,0.2715454179,0.54,0.1019803903,-0.5079365079,1.9556213018,0.2715454179
