Instance,INF_avg,INF_sd,INF_r1,INF_kr,INF_sk,SUP_avg,SUP_sd,SUP_r1,SUP_kr,SUP_sk,INC_avg,INC_sd,INC_r1,INC_kr,INC_sk,IND_avg,IND_sd,IND_r1,IND_kr,IND_sk
161,0.2393,0.0414549153,0.0779923871,2.0715990836,0.0799994257,0.2511,0.0421163864,-0.0681655809,2.1895554493,-0.0062222624,0.5096,0.0519407355,0.1001598409,2.881516951,0.2544639507,0.5096,0.0519407355,0.1001598409,2.881516951,0.2544639507
