Instance,INF_avg,INF_sd,INF_r1,INF_kr,INF_sk,SUP_avg,SUP_sd,SUP_r1,SUP_kr,SUP_sk,INC_avg,INC_sd,INC_r1,INC_kr,INC_sk,IND_avg,IND_sd,IND_r1,IND_kr,IND_sk
65,0.282,0.0367151195,0.4746699964,1.6651000713,-0.0589186356,0.2294,0.0281183214,0.2784448164,2.1388295317,-0.2335262617,0.4886,0.027405109,0.2256994424,2.6968865692,-0.1369080944,0.4886,0.027405109,0.2256994424,2.6968865692,-0.1369080944
