Instance,INF_avg,INF_sd,INF_r1,INF_kr,INF_sk,SUP_avg,SUP_sd,SUP_r1,SUP_kr,SUP_sk,INC_avg,INC_sd,INC_r1,INC_kr,INC_sk,IND_avg,IND_sd,IND_r1,IND_kr,IND_sk
165,0.248,0.0396988665,-0.6511085181,1.6339122369,-0.139629861,0.268,0.0193907194,-0.4485981308,2.3587596197,0.2830922144,0.484,0.0412795349,-0.4963833635,1.8874231303,-0.234744429,0.484,0.0412795349,-0.4963833635,1.8874231303,-0.234744429
