Instance,INF_avg,INF_sd,INF_r1,INF_kr,INF_sk,SUP_avg,SUP_sd,SUP_r1,SUP_kr,SUP_sk,INC_avg,INC_sd,INC_r1,INC_kr,INC_sk,IND_avg,IND_sd,IND_r1,IND_kr,IND_sk
65,0.3256097561,0.124019054,0.3297775818,2.5749615144,-0.1536031642,0.1573170732,0.0815706903,0.1607921196,3.3477105789,0.5727589913,0.5170731707,0.1079802128,0.0338928756,2.253343789,0.3547190466,0.5170731707,0.1079802128,0.0338928756,2.253343789,0.3547190466
