Instance,INF_avg,INF_sd,INF_r1,INF_kr,INF_sk,SUP_avg,SUP_sd,SUP_r1,SUP_kr,SUP_sk,INC_avg,INC_sd,INC_r1,INC_kr,INC_sk,IND_avg,IND_sd,IND_r1,IND_kr,IND_sk
211,0.2732,0.058084077,0.439634895,2.3231174152,0.2917872503,0.2336,0.0577151627,0.3950421651,2.7662352903,-0.0924928366,0.4932,0.0644496703,0.3003259157,3.4535992357,0.499390773,0.4932,0.0644496703,0.3003259157,3.4535992357,0.499390773
