Instance,INF_avg,INF_sd,INF_r1,INF_kr,INF_sk,SUP_avg,SUP_sd,SUP_r1,SUP_kr,SUP_sk,INC_avg,INC_sd,INC_r1,INC_kr,INC_sk,IND_avg,IND_sd,IND_r1,IND_kr,IND_sk
68,0.2364,0.0584725577,0.2983665812,2.7718907719,-0.1199865465,0.2568,0.0605785441,0.0719747178,2.7153926383,-0.4473847763,0.5068,0.0633226658,0.1547239883,2.5032115636,-0.0215571037,0.5068,0.0633226658,0.1547239883,2.5032115636,-0.0215571037
