Instance,INF_avg,INF_sd,INF_r1,INF_kr,INF_sk,SUP_avg,SUP_sd,SUP_r1,SUP_kr,SUP_sk,INC_avg,INC_sd,INC_r1,INC_kr,INC_sk,IND_avg,IND_sd,IND_r1,IND_kr,IND_sk
9,0.2478,0.0787347446,0.3937437471,2.1683327187,0.0042309964,0.29,0.0760263112,0.1551694179,2.4748865555,-0.0120155088,0.4622,0.0676990399,0.1172014737,2.4256905833,0.0553717398,0.4622,0.0676990399,0.1172014737,2.4256905833,0.0553717398
