Instance,INF_avg,INF_sd,INF_r1,INF_kr,INF_sk,SUP_avg,SUP_sd,SUP_r1,SUP_kr,SUP_sk,INC_avg,INC_sd,INC_r1,INC_kr,INC_sk,IND_avg,IND_sd,IND_r1,IND_kr,IND_sk
95,0.223,0.1255826421,0.1575078068,2.6207986412,0.136140019,0.26,0.1456021978,0.2553392553,2.6183695265,0.2488040404,0.517,0.165562677,0.1066252941,3.2261656375,-0.0733487227,0.517,0.165562677,0.1066252941,3.2261656375,-0.0733487227
