Instance,INF_avg,INF_sd,INF_r1,INF_kr,INF_sk,SUP_avg,SUP_sd,SUP_r1,SUP_kr,SUP_sk,INC_avg,INC_sd,INC_r1,INC_kr,INC_sk,IND_avg,IND_sd,IND_r1,IND_kr,IND_sk
180,0.222,0.006,-0.5648854962,1.3981481481,-0.1111111111,0.305,0.0288097206,0.0679012346,2.8977355204,-1.1479559152,0.473,0.0294278779,0.1298310576,2.5135901306,0.6554561509,0.473,0.0294278779,0.1298310576,2.5135901306,0.6554561509
