Instance,INF_avg,INF_sd,INF_r1,INF_kr,INF_sk,SUP_avg,SUP_sd,SUP_r1,SUP_kr,SUP_sk,INC_avg,INC_sd,INC_r1,INC_kr,INC_sk,IND_avg,IND_sd,IND_r1,IND_kr,IND_sk
98,0.25,0.0581377674,-0.0267062315,4.7247995518,1.4778200743,0.304,0.0344093011,-0.1947513812,2.323228634,-0.3110409793,0.446,0.062,-0.2102905947,2.1274416066,0.1015071666,0.446,0.062,-0.2102905947,2.1274416066,0.1015071666
