Instance,INF_avg,INF_sd,INF_r1,INF_kr,INF_sk,SUP_avg,SUP_sd,SUP_r1,SUP_kr,SUP_sk,INC_avg,INC_sd,INC_r1,INC_kr,INC_sk,IND_avg,IND_sd,IND_r1,IND_kr,IND_sk
196,0.3910037175,0.0978425067,0.8732769892,1.9325199818,0.0391149172,0.0910223048,0.0687134524,0.9133237416,2.4867158347,0.7203734686,0.5179739777,0.0476851047,0.4774338938,2.6780784539,-0.2133228142,0.5179739777,0.0476851047,0.4774338938,2.6780784539,-0.2133228142
