Instance,INF_avg,INF_sd,INF_r1,INF_kr,INF_sk,SUP_avg,SUP_sd,SUP_r1,SUP_kr,SUP_sk,INC_avg,INC_sd,INC_r1,INC_kr,INC_sk,IND_avg,IND_sd,IND_r1,IND_kr,IND_sk
10,0.38,0.1166190379,-0.5168539326,1.6280276817,-0.3631734744,0.18,0.0979795897,0.0384615385,1.1666666667,0.4082482905,0.44,0.1624807681,0.099378882,2.2685950413,0.1790421687,0.44,0.1624807681,0.099378882,2.2685950413,0.1790421687
