Instance,INF_avg,INF_sd,INF_r1,INF_kr,INF_sk,SUP_avg,SUP_sd,SUP_r1,SUP_kr,SUP_sk,INC_avg,INC_sd,INC_r1,INC_kr,INC_sk,IND_avg,IND_sd,IND_r1,IND_kr,IND_sk
43,0.256,0.0422374242,-0.0999123576,2.2532224658,-0.0707085516,0.222,0.0549181209,0.1062866276,2.6134743789,-1.0137107142,0.522,0.0770454411,0.4702842377,1.5653638814,-0.2191446604,0.522,0.0770454411,0.4702842377,1.5653638814,-0.2191446604
