Instance,INF_avg,INF_sd,INF_r1,INF_kr,INF_sk,SUP_avg,SUP_sd,SUP_r1,SUP_kr,SUP_sk,INC_avg,INC_sd,INC_r1,INC_kr,INC_sk,IND_avg,IND_sd,IND_r1,IND_kr,IND_sk
143,0.248,0.1590471628,-0.1030074994,3.2620996247,0.7374085169,0.248,0.136,0.0802927469,2.6030070282,0.232953389,0.504,0.1696584805,-0.0631024247,2.6664022783,0.25689381,0.504,0.1696584805,-0.0631024247,2.6664022783,0.25689381
