Instance,INF_avg,INF_sd,INF_r1,INF_kr,INF_sk,SUP_avg,SUP_sd,SUP_r1,SUP_kr,SUP_sk,INC_avg,INC_sd,INC_r1,INC_kr,INC_sk,IND_avg,IND_sd,IND_r1,IND_kr,IND_sk
185,0.28,0.1122497216,0.0103270224,1.6957671958,-0.5557336935,0.31,0.0583095189,0.1011235955,1.6280276817,0.3631734744,0.41,0.1392838828,-0.0784313725,1.3296312042,0.2931045678,0.41,0.1392838828,-0.0784313725,1.3296312042,0.2931045678
