Instance,INF_avg,INF_sd,INF_r1,INF_kr,INF_sk,SUP_avg,SUP_sd,SUP_r1,SUP_kr,SUP_sk,INC_avg,INC_sd,INC_r1,INC_kr,INC_sk,IND_avg,IND_sd,IND_r1,IND_kr,IND_sk
270,0.248,0.0987218314,-0.0471937241,3.1631361053,0.4297531794,0.2375,0.1125555418,-0.0616701824,2.533222561,0.3389216382,0.5145,0.1125377714,0.1214317543,3.2593677367,0.231385232,0.5145,0.1125377714,0.1214317543,3.2593677367,0.231385232
