Instance,INF_avg,INF_sd,INF_r1,INF_kr,INF_sk,SUP_avg,SUP_sd,SUP_r1,SUP_kr,SUP_sk,INC_avg,INC_sd,INC_r1,INC_kr,INC_sk,IND_avg,IND_sd,IND_r1,IND_kr,IND_sk
111,0.2544,0.0506027667,-0.0599613588,2.2384644248,-0.4211108213,0.2032,0.0298958191,0.0426830772,5.592213809,0.8662951686,0.5424,0.0429213234,-0.0865700672,2.534390107,0.3875238864,0.5424,0.0429213234,-0.0865700672,2.534390107,0.3875238864
