Instance,INF_avg,INF_sd,INF_r1,INF_kr,INF_sk,SUP_avg,SUP_sd,SUP_r1,SUP_kr,SUP_sk,INC_avg,INC_sd,INC_r1,INC_kr,INC_sk,IND_avg,IND_sd,IND_r1,IND_kr,IND_sk
151,0.242,0.0381575681,0.3306169965,1.809956527,-0.4993752491,0.238,0.0526877595,0.4007923407,1.7549394148,-0.0679332497,0.52,0.0340587727,0.1296296296,1.4774078478,-0.3644815156,0.52,0.0340587727,0.1296296296,1.4774078478,-0.3644815156
