Instance,INF_avg,INF_sd,INF_r1,INF_kr,INF_sk,SUP_avg,SUP_sd,SUP_r1,SUP_kr,SUP_sk,INC_avg,INC_sd,INC_r1,INC_kr,INC_sk,IND_avg,IND_sd,IND_r1,IND_kr,IND_sk
98,0.4460891089,0.1113866337,0.8029202587,2.4316543636,-0.4046390643,0.1045544554,0.063198959,0.7889497628,2.6495820177,0.6345845328,0.4493564356,0.0667274765,0.4338978396,2.6246425555,0.2539590438,0.4493564356,0.0667274765,0.4338978396,2.6246425555,0.2539590438
