Instance,INF_avg,INF_sd,INF_r1,INF_kr,INF_sk,SUP_avg,SUP_sd,SUP_r1,SUP_kr,SUP_sk,INC_avg,INC_sd,INC_r1,INC_kr,INC_sk,IND_avg,IND_sd,IND_r1,IND_kr,IND_sk
207,0.247,0.0358050276,0.1576825724,2.3548703883,-0.2960652384,0.2754,0.0361640706,-0.0818327462,2.5222082142,-0.3945185484,0.4776,0.0337970413,0.1270688997,3.5825611841,0.2693467635,0.4776,0.0337970413,0.1270688997,3.5825611841,0.2693467635
