Instance,INF_avg,INF_sd,INF_r1,INF_kr,INF_sk,SUP_avg,SUP_sd,SUP_r1,SUP_kr,SUP_sk,INC_avg,INC_sd,INC_r1,INC_kr,INC_sk,IND_avg,IND_sd,IND_r1,IND_kr,IND_sk
46,0.36,0.0663324958,0.3175487465,2.604338843,0.9148128296,0.2,0.1,-0.3611111111,1.75,-0.3,0.44,0.0888819442,-0.2357414449,3.8658868771,0.8374071971,0.44,0.0888819442,-0.2357414449,3.8658868771,0.8374071971
