Instance,INF_avg,INF_sd,INF_r1,INF_kr,INF_sk,SUP_avg,SUP_sd,SUP_r1,SUP_kr,SUP_sk,INC_avg,INC_sd,INC_r1,INC_kr,INC_sk,IND_avg,IND_sd,IND_r1,IND_kr,IND_sk
257,0.2298,0.0397235447,-0.0535869811,1.8849294504,0.3344936181,0.2448,0.039911903,0.159783857,2.5824928601,0.3320450851,0.5254,0.047210592,0.126125922,2.9427548191,0.3675493556,0.5254,0.047210592,0.126125922,2.9427548191,0.3675493556
