Instance,INF_avg,INF_sd,INF_r1,INF_kr,INF_sk,SUP_avg,SUP_sd,SUP_r1,SUP_kr,SUP_sk,INC_avg,INC_sd,INC_r1,INC_kr,INC_sk,IND_avg,IND_sd,IND_r1,IND_kr,IND_sk
281,0.4028195489,0.0958094784,0.8806815663,1.9247874106,-0.0214839656,0.1062030075,0.072480618,0.914038626,2.0346586314,0.4669595538,0.4909774436,0.041555555,0.280661101,2.3951275215,-0.1877950815,0.4909774436,0.041555555,0.280661101,2.3951275215,-0.1877950815
