Instance,INF_avg,INF_sd,INF_r1,INF_kr,INF_sk,SUP_avg,SUP_sd,SUP_r1,SUP_kr,SUP_sk,INC_avg,INC_sd,INC_r1,INC_kr,INC_sk,IND_avg,IND_sd,IND_r1,IND_kr,IND_sk
255,0.355862069,0.0944500321,0.2530330259,2.8912344296,0.0765123915,0.1420689655,0.0826033025,0.6633466989,2.2818949412,0.4108575167,0.5020689655,0.0701416945,-0.1497831428,3.6208322343,0.0481806204,0.5020689655,0.0701416945,-0.1497831428,3.6208322343,0.0481806204
