Instance,INF_avg,INF_sd,INF_r1,INF_kr,INF_sk,SUP_avg,SUP_sd,SUP_r1,SUP_kr,SUP_sk,INC_avg,INC_sd,INC_r1,INC_kr,INC_sk,IND_avg,IND_sd,IND_r1,IND_kr,IND_sk
295,0.26,0.0489897949,-0.130952381,2.7291666667,0.8675276172,0.26,0.115758369,-0.3379204893,2.5997995099,-0.8238983939,0.48,0.081240384,-0.5030674847,2.2685950413,-0.1790421687,0.48,0.081240384,-0.5030674847,2.2685950413,-0.1790421687
