Instance,INF_avg,INF_sd,INF_r1,INF_kr,INF_sk,SUP_avg,SUP_sd,SUP_r1,SUP_kr,SUP_sk,INC_avg,INC_sd,INC_r1,INC_kr,INC_sk,IND_avg,IND_sd,IND_r1,IND_kr,IND_sk
160,0.232,0.1075918213,0.5094715577,2.3641772005,0.5427099703,0.284,0.0808949937,0.2959643452,4.0343837615,-0.9478918673,0.484,0.0833306666,0.1684256918,2.3746296906,-0.2637042912,0.484,0.0833306666,0.1684256918,2.3746296906,-0.2637042912
