Instance,INF_avg,INF_sd,INF_r1,INF_kr,INF_sk,SUP_avg,SUP_sd,SUP_r1,SUP_kr,SUP_sk,INC_avg,INC_sd,INC_r1,INC_kr,INC_sk,IND_avg,IND_sd,IND_r1,IND_kr,IND_sk
103,0.2648,0.0519322636,0.0123480443,2.2093317211,-0.1409890297,0.2752,0.0470846047,0.1861512869,3.0051439684,-0.741537744,0.46,0.0562849891,-0.0406091371,2.7203856749,0.0323031388,0.46,0.0562849891,-0.0406091371,2.7203856749,0.0323031388
