Instance,INF_avg,INF_sd,INF_r1,INF_kr,INF_sk,SUP_avg,SUP_sd,SUP_r1,SUP_kr,SUP_sk,INC_avg,INC_sd,INC_r1,INC_kr,INC_sk,IND_avg,IND_sd,IND_r1,IND_kr,IND_sk
69,0.243,0.0344383507,-0.0032062099,1.9689818541,0.4706702238,0.263,0.036138622,0.2244832559,1.3039370651,-0.2829838462,0.494,0.0162480768,-0.4807090719,1.7649793388,0.4937647309,0.494,0.0162480768,-0.4807090719,1.7649793388,0.4937647309
