Instance,INF_avg,INF_sd,INF_r1,INF_kr,INF_sk,SUP_avg,SUP_sd,SUP_r1,SUP_kr,SUP_sk,INC_avg,INC_sd,INC_r1,INC_kr,INC_sk,IND_avg,IND_sd,IND_r1,IND_kr,IND_sk
232,0.2039,0.0353735777,0.3428864172,2.4154613602,-0.1387607469,0.354,0.0382883794,0.1318087717,2.3055673948,-0.0677168759,0.4421,0.0318290748,-0.1229564699,2.0703760068,0.1653172092,0.4421,0.0318290748,-0.1229564699,2.0703760068,0.1653172092
