Instance,INF_avg,INF_sd,INF_r1,INF_kr,INF_sk,SUP_avg,SUP_sd,SUP_r1,SUP_kr,SUP_sk,INC_avg,INC_sd,INC_r1,INC_kr,INC_sk,IND_avg,IND_sd,IND_r1,IND_kr,IND_sk
262,0.2441,0.0338332677,0.337449937,2.4415084792,0.1590269594,0.2488,0.0309606201,0.1394229985,3.3857378979,0.3725887373,0.5071,0.0336465451,0.0453272849,2.4848064508,0.3112571931,0.5071,0.0336465451,0.0453272849,2.4848064508,0.3112571931
