Instance,INF_avg,INF_sd,INF_r1,INF_kr,INF_sk,SUP_avg,SUP_sd,SUP_r1,SUP_kr,SUP_sk,INC_avg,INC_sd,INC_r1,INC_kr,INC_sk,IND_avg,IND_sd,IND_r1,IND_kr,IND_sk
213,0.3882352941,0.1231085267,0.2345800988,1.9260336523,0.2245092322,0.1941176471,0.0998268397,0.1470974521,2.435474537,0.1178511302,0.4176470588,0.1338800785,0.0147502904,2.3788181452,0.1170535115,0.4176470588,0.1338800785,0.0147502904,2.3788181452,0.1170535115
