Instance,INF_avg,INF_sd,INF_r1,INF_kr,INF_sk,SUP_avg,SUP_sd,SUP_r1,SUP_kr,SUP_sk,INC_avg,INC_sd,INC_r1,INC_kr,INC_sk,IND_avg,IND_sd,IND_r1,IND_kr,IND_sk
100,0.264,0.0969742234,-0.1429747354,3.6827450277,0.4987008015,0.2615,0.101944838,-0.1590617124,3.4151622066,0.6500118548,0.4745,0.1134669555,-0.1869453496,2.4620313258,-0.1127763086,0.4745,0.1134669555,-0.1869453496,2.4620313258,-0.1127763086
