Instance,INF_avg,INF_sd,INF_r1,INF_kr,INF_sk,SUP_avg,SUP_sd,SUP_r1,SUP_kr,SUP_sk,INC_avg,INC_sd,INC_r1,INC_kr,INC_sk,IND_avg,IND_sd,IND_r1,IND_kr,IND_sk
262,0.24,0.0489897949,-0.1904761905,1.1666666667,0.4082482905,0.26,0.1854723699,0.0419947507,1.509194159,-0.1579875514,0.5,0.2097617696,0.1111111111,1.3429752066,0.3900528774,0.5,0.2097617696,0.1111111111,1.3429752066,0.3900528774
