Instance,INF_avg,INF_sd,INF_r1,INF_kr,INF_sk,SUP_avg,SUP_sd,SUP_r1,SUP_kr,SUP_sk,INC_avg,INC_sd,INC_r1,INC_kr,INC_sk,IND_avg,IND_sd,IND_r1,IND_kr,IND_sk
254,0.2688,0.0843952605,0.265262183,2.1010603632,-0.0509674442,0.2216,0.0760883697,-0.0116162867,3.1012531132,0.6139410562,0.5096,0.0919338893,-0.1511633429,2.5716382686,-0.2365704487,0.5096,0.0919338893,-0.1511633429,2.5716382686,-0.2365704487
