Instance,INF_avg,INF_sd,INF_r1,INF_kr,INF_sk,SUP_avg,SUP_sd,SUP_r1,SUP_kr,SUP_sk,INC_avg,INC_sd,INC_r1,INC_kr,INC_sk,IND_avg,IND_sd,IND_r1,IND_kr,IND_sk
240,0.223,0.1263764219,0.0088603374,2.9497906326,0.2456620882,0.293,0.1471427878,-0.1268514796,2.3303163214,0.0643526713,0.484,0.1610714127,0.0842570954,2.2798199381,0.016609407,0.484,0.1610714127,0.0842570954,2.2798199381,0.016609407
