Instance,INF_avg,INF_sd,INF_r1,INF_kr,INF_sk,SUP_avg,SUP_sd,SUP_r1,SUP_kr,SUP_sk,INC_avg,INC_sd,INC_r1,INC_kr,INC_sk,IND_avg,IND_sd,IND_r1,IND_kr,IND_sk
132,0.3746666667,0.0981065181,0.6737722451,2.0557571533,-0.2033153219,0.1366666667,0.0753805162,0.7391113388,1.8921189756,0.1557820045,0.4886666667,0.0642252979,-0.0289620177,2.5525815451,0.0104505867,0.4886666667,0.0642252979,-0.0289620177,2.5525815451,0.0104505867
