Instance,INF_avg,INF_sd,INF_r1,INF_kr,INF_sk,SUP_avg,SUP_sd,SUP_r1,SUP_kr,SUP_sk,INC_avg,INC_sd,INC_r1,INC_kr,INC_sk,IND_avg,IND_sd,IND_r1,IND_kr,IND_sk
121,0.2603,0.0330516263,-0.2690474202,2.4674485425,0.1100734512,0.2295,0.0293981292,0.3640326432,3.4050990854,0.4289706414,0.5102,0.040199005,0.0993991207,2.7550140607,0.0985285956,0.5102,0.040199005,0.0993991207,2.7550140607,0.0985285956
