Instance,INF_avg,INF_sd,INF_r1,INF_kr,INF_sk,SUP_avg,SUP_sd,SUP_r1,SUP_kr,SUP_sk,INC_avg,INC_sd,INC_r1,INC_kr,INC_sk,IND_avg,IND_sd,IND_r1,IND_kr,IND_sk
290,0.2728,0.0461536564,0.2054579239,3.9401735546,-0.1574057622,0.2353,0.0462267239,0.1622090414,2.8683564407,0.0662492247,0.4919,0.0481808053,0.0411184237,3.168782124,0.3017639016,0.4919,0.0481808053,0.0411184237,3.168782124,0.3017639016
