Instance,INF_avg,INF_sd,INF_r1,INF_kr,INF_sk,SUP_avg,SUP_sd,SUP_r1,SUP_kr,SUP_sk,INC_avg,INC_sd,INC_r1,INC_kr,INC_sk,IND_avg,IND_sd,IND_r1,IND_kr,IND_sk
172,0.3766666667,0.0776129668,0.5643548643,2.1438669875,0.0415590411,0.1059689922,0.0589378779,0.7187171928,2.8977761949,0.6828921237,0.5173643411,0.0597348064,0.0716048158,2.8706009363,-0.0180398291,0.5173643411,0.0597348064,0.0716048158,2.8706009363,-0.0180398291
