Instance,INF_avg,INF_sd,INF_r1,INF_kr,INF_sk,SUP_avg,SUP_sd,SUP_r1,SUP_kr,SUP_sk,INC_avg,INC_sd,INC_r1,INC_kr,INC_sk,IND_avg,IND_sd,IND_r1,IND_kr,IND_sk
238,0.212,0.0667532771,0.1414747717,3.199657372,-0.3433958859,0.276,0.1297073629,-0.1427540744,2.4637573658,0.4789449147,0.512,0.1290581264,-0.0781684351,1.7373258367,-0.0424936423,0.512,0.1290581264,-0.0781684351,1.7373258367,-0.0424936423
