Instance,INF_avg,INF_sd,INF_r1,INF_kr,INF_sk,SUP_avg,SUP_sd,SUP_r1,SUP_kr,SUP_sk,INC_avg,INC_sd,INC_r1,INC_kr,INC_sk,IND_avg,IND_sd,IND_r1,IND_kr,IND_sk
18,0.238,0.0198997487,-0.275083612,1.6047597184,0.010659492,0.281,0.038,-0.0573757642,1.5960071669,0.462749672,0.481,0.0302324329,-0.3142919676,2.6032707842,-0.994048891,0.481,0.0302324329,-0.3142919676,2.6032707842,-0.994048891
