Instance,INF_avg,INF_sd,INF_r1,INF_kr,INF_sk,SUP_avg,SUP_sd,SUP_r1,SUP_kr,SUP_sk,INC_avg,INC_sd,INC_r1,INC_kr,INC_sk,IND_avg,IND_sd,IND_r1,IND_kr,IND_sk
135,0.2827,0.0364720441,-0.1799622644,3.2170016161,-0.2983972263,0.2171,0.024250567,-0.1609122728,2.6101000497,0.3091026239,0.5002,0.0403603766,-0.2172248914,3.2291718344,-0.1779193228,0.5002,0.0403603766,-0.2172248914,3.2291718344,-0.1779193228
