Instance,INF_avg,INF_sd,INF_r1,INF_kr,INF_sk,SUP_avg,SUP_sd,SUP_r1,SUP_kr,SUP_sk,INC_avg,INC_sd,INC_r1,INC_kr,INC_sk,IND_avg,IND_sd,IND_r1,IND_kr,IND_sk
96,0.3048,0.0496080639,0.4210791648,2.0454545342,-0.0307037167,0.2192,0.0426539564,0.5053853685,2.8893845846,-0.1028701733,0.476,0.0431045241,0.3341116444,3.5049626843,0.7476756332,0.476,0.0431045241,0.3341116444,3.5049626843,0.7476756332
