Instance,INF_avg,INF_sd,INF_r1,INF_kr,INF_sk,SUP_avg,SUP_sd,SUP_r1,SUP_kr,SUP_sk,INC_avg,INC_sd,INC_r1,INC_kr,INC_sk,IND_avg,IND_sd,IND_r1,IND_kr,IND_sk
127,0.2328,0.0633416135,-0.010475935,2.2450217951,-0.0768251769,0.2488,0.0642694329,-0.2174988387,2.658444414,0.1459747869,0.5184,0.0769248984,-0.0562591849,2.7153290624,-0.029684177,0.5184,0.0769248984,-0.0562591849,2.7153290624,-0.029684177
