Instance,INF_avg,INF_sd,INF_r1,INF_kr,INF_sk,SUP_avg,SUP_sd,SUP_r1,SUP_kr,SUP_sk,INC_avg,INC_sd,INC_r1,INC_kr,INC_sk,IND_avg,IND_sd,IND_r1,IND_kr,IND_sk
140,0.3,0.0473286383,0.5833333333,2.1683673469,-0.5433134495,0.196,0.0542586399,-0.6270337922,1.53981569,0.5120402716,0.504,0.0557135531,0.1169853768,2.6687745775,-1.0391889224,0.504,0.0557135531,0.1169853768,2.6687745775,-1.0391889224
