Instance,INF_avg,INF_sd,INF_r1,INF_kr,INF_sk,SUP_avg,SUP_sd,SUP_r1,SUP_kr,SUP_sk,INC_avg,INC_sd,INC_r1,INC_kr,INC_sk,IND_avg,IND_sd,IND_r1,IND_kr,IND_sk
165,0.3651851852,0.0759566334,0.6795960196,2.5761403401,0.3467763637,0.1259259259,0.0811609858,0.8166927685,2.4787101055,0.5940969513,0.5088888889,0.0520208885,0.2603437752,2.135146385,0.112231883,0.5088888889,0.0520208885,0.2603437752,2.135146385,0.112231883
