Instance,INF_avg,INF_sd,INF_r1,INF_kr,INF_sk,SUP_avg,SUP_sd,SUP_r1,SUP_kr,SUP_sk,INC_avg,INC_sd,INC_r1,INC_kr,INC_sk,IND_avg,IND_sd,IND_r1,IND_kr,IND_sk
248,0.3248,0.0529240966,0.2870954913,3.2869657498,-0.4930198677,0.188,0.0388844442,0.2533601439,2.2403208197,-0.0408209921,0.4872,0.0541494229,0.2071071663,3.6497100264,-0.2788094323,0.4872,0.0541494229,0.2071071663,3.6497100264,-0.2788094323
