Instance,INF_avg,INF_sd,INF_r1,INF_kr,INF_sk,SUP_avg,SUP_sd,SUP_r1,SUP_kr,SUP_sk,INC_avg,INC_sd,INC_r1,INC_kr,INC_sk,IND_avg,IND_sd,IND_r1,IND_kr,IND_sk
146,0.24,0.1019803903,0.3209876543,1.9556213018,0.2715454179,0.3,0.1095445115,-0.4,2.5,0.9128709292,0.46,0.2059126028,-0.0880829016,2.2821288715,-0.6927284075,0.46,0.2059126028,-0.0880829016,2.2821288715,-0.6927284075
