Instance,INF_avg,INF_sd,INF_r1,INF_kr,INF_sk,SUP_avg,SUP_sd,SUP_r1,SUP_kr,SUP_sk,INC_avg,INC_sd,INC_r1,INC_kr,INC_sk,IND_avg,IND_sd,IND_r1,IND_kr,IND_sk
212,0.2557,0.0424559772,-0.0370075939,2.5155806988,-0.0700156984,0.2639,0.0403706577,-0.004847265,2.9425251197,0.2158520886,0.4804,0.0477267221,-0.0402093344,2.7690211671,0.3058168954,0.4804,0.0477267221,-0.0402093344,2.7690211671,0.3058168954
