Instance,INF_avg,INF_sd,INF_r1,INF_kr,INF_sk,SUP_avg,SUP_sd,SUP_r1,SUP_kr,SUP_sk,INC_avg,INC_sd,INC_r1,INC_kr,INC_sk,IND_avg,IND_sd,IND_r1,IND_kr,IND_sk
54,0.2024,0.0583972602,0.4524168447,2.3242518518,0.4852276779,0.3252,0.0454418309,0.2466387357,2.645211634,-0.10138996,0.4724,0.0489309718,0.3386826853,2.8909090987,-0.2804238478,0.4724,0.0489309718,0.3386826853,2.8909090987,-0.2804238478
