Instance,INF_avg,INF_sd,INF_r1,INF_kr,INF_sk,SUP_avg,SUP_sd,SUP_r1,SUP_kr,SUP_sk,INC_avg,INC_sd,INC_r1,INC_kr,INC_sk,IND_avg,IND_sd,IND_r1,IND_kr,IND_sk
133,0.2408,0.0572656965,-0.1661659312,3.8840187244,-0.6331962019,0.2296,0.0623846135,-0.0388699759,2.466512069,-0.0026760802,0.5296,0.0656341375,-0.1814918265,7.0332213836,1.1199262427,0.5296,0.0656341375,-0.1814918265,7.0332213836,1.1199262427
