Instance,INF_avg,INF_sd,INF_r1,INF_kr,INF_sk,SUP_avg,SUP_sd,SUP_r1,SUP_kr,SUP_sk,INC_avg,INC_sd,INC_r1,INC_kr,INC_sk,IND_avg,IND_sd,IND_r1,IND_kr,IND_sk
65,0.2472,0.055390974,0.1867478918,2.8650767047,0.6528717839,0.2216,0.0426783317,-0.2618635102,3.6179789514,0.4390884915,0.5312,0.0533906359,-0.273612173,2.489117515,-0.180190324,0.5312,0.0533906359,-0.273612173,2.489117515,-0.180190324
