Instance,INF_avg,INF_sd,INF_r1,INF_kr,INF_sk,SUP_avg,SUP_sd,SUP_r1,SUP_kr,SUP_sk,INC_avg,INC_sd,INC_r1,INC_kr,INC_sk,IND_avg,IND_sd,IND_r1,IND_kr,IND_sk
241,0.4476,0.1323715982,0.9090963053,1.9985779805,-0.4546885908,0.0918,0.0747713849,0.8192399298,4.2414260985,1.312694185,0.4606,0.0747103741,0.7455551951,2.0716249615,0.1331702111,0.4606,0.0747103741,0.7455551951,2.0716249615,0.1331702111
