Instance,INF_avg,INF_sd,INF_r1,INF_kr,INF_sk,SUP_avg,SUP_sd,SUP_r1,SUP_kr,SUP_sk,INC_avg,INC_sd,INC_r1,INC_kr,INC_sk,IND_avg,IND_sd,IND_r1,IND_kr,IND_sk
108,0.3043478261,0.1160144701,-0.0437425963,2.1405801232,0.3539089673,0.1239130435,0.0640474777,-0.2370326054,2.0918314256,0.0483324581,0.5717391304,0.1159329707,0.0917712171,2.460874029,0.302832204,0.5717391304,0.1159329707,0.0917712171,2.460874029,0.302832204
