Instance,INF_avg,INF_sd,INF_r1,INF_kr,INF_sk,SUP_avg,SUP_sd,SUP_r1,SUP_kr,SUP_sk,INC_avg,INC_sd,INC_r1,INC_kr,INC_sk,IND_avg,IND_sd,IND_r1,IND_kr,IND_sk
260,0.262,0.0376297754,-0.1312888638,2.9470159437,1.2939401682,0.257,0.0352987252,0.3755680785,1.9409796743,0.4857873042,0.481,0.028,-0.9665475804,1.2659634007,0.0374453353,0.481,0.028,-0.9665475804,1.2659634007,0.0374453353
