Instance,INF_avg,INF_sd,INF_r1,INF_kr,INF_sk,SUP_avg,SUP_sd,SUP_r1,SUP_kr,SUP_sk,INC_avg,INC_sd,INC_r1,INC_kr,INC_sk,IND_avg,IND_sd,IND_r1,IND_kr,IND_sk
213,0.3875,0.0544862368,0.1523178808,3.1606648199,0.507129517,0.23125,0.1223149112,-0.1563421829,2.1094765115,-0.6379863852,0.38125,0.1087930949,-0.6213511259,2.5649446133,0.849782747,0.38125,0.1087930949,-0.6213511259,2.5649446133,0.849782747
