Instance,INF_avg,INF_sd,INF_r1,INF_kr,INF_sk,SUP_avg,SUP_sd,SUP_r1,SUP_kr,SUP_sk,INC_avg,INC_sd,INC_r1,INC_kr,INC_sk,IND_avg,IND_sd,IND_r1,IND_kr,IND_sk
144,0.27,0.155241747,-0.1315417256,2.8280676986,0.9878850171,0.31,0.1044030651,-0.1793855302,2.9675111523,-0.2003526542,0.42,0.1166190379,-0.1728395062,2.1470588235,-0.3934379306,0.42,0.1166190379,-0.1728395062,2.1470588235,-0.3934379306
