Instance,INF_avg,INF_sd,INF_r1,INF_kr,INF_sk,SUP_avg,SUP_sd,SUP_r1,SUP_kr,SUP_sk,INC_avg,INC_sd,INC_r1,INC_kr,INC_sk,IND_avg,IND_sd,IND_r1,IND_kr,IND_sk
286,0.2652,0.0688546295,-0.0066072847,3.2701299214,0.5542888567,0.2696,0.0725247544,0.2874629085,2.6441132598,0.4084002466,0.4652,0.0862378107,0.3176835628,2.9965944352,-0.1748774968,0.4652,0.0862378107,0.3176835628,2.9965944352,-0.1748774968
