Instance,INF_avg,INF_sd,INF_r1,INF_kr,INF_sk,SUP_avg,SUP_sd,SUP_r1,SUP_kr,SUP_sk,INC_avg,INC_sd,INC_r1,INC_kr,INC_sk,IND_avg,IND_sd,IND_r1,IND_kr,IND_sk
204,0.222,0.0501597448,-0.2797898292,2.1938499802,0.4952064201,0.33,0.0749666593,-0.0877192982,1.8285609351,-0.4500221184,0.448,0.0711055553,0.0636882129,2.1278841532,-0.1297767531,0.448,0.0711055553,0.0636882129,2.1278841532,-0.1297767531
