Instance,INF_avg,INF_sd,INF_r1,INF_kr,INF_sk,SUP_avg,SUP_sd,SUP_r1,SUP_kr,SUP_sk,INC_avg,INC_sd,INC_r1,INC_kr,INC_sk,IND_avg,IND_sd,IND_r1,IND_kr,IND_sk
34,0.258,0.0348711915,-0.5981012658,1.3801939058,0.507129517,0.282,0.0426145515,-0.7248459959,2.0095577248,-0.63451677,0.46,0.0532916504,-0.4761904762,2.6983733386,-1.0703788139,0.46,0.0532916504,-0.4761904762,2.6983733386,-1.0703788139
