Instance,INF_avg,INF_sd,INF_r1,INF_kr,INF_sk,SUP_avg,SUP_sd,SUP_r1,SUP_kr,SUP_sk,INC_avg,INC_sd,INC_r1,INC_kr,INC_sk,IND_avg,IND_sd,IND_r1,IND_kr,IND_sk
77,0.254,0.0473708771,-0.2979825031,2.3104177986,-0.4985124763,0.222,0.0423792402,-0.1657199308,2.7345945705,-0.1311731881,0.524,0.0752595509,-0.2460248627,1.5676529733,-0.2797099798,0.524,0.0752595509,-0.2460248627,1.5676529733,-0.2797099798
