Instance,INF_avg,INF_sd,INF_r1,INF_kr,INF_sk,SUP_avg,SUP_sd,SUP_r1,SUP_kr,SUP_sk,INC_avg,INC_sd,INC_r1,INC_kr,INC_sk,IND_avg,IND_sd,IND_r1,IND_kr,IND_sk
5,0.256,0.0733212111,-0.2377006732,2.678252551,0.1646376047,0.24,0.0637495098,-0.012244898,2.2374294749,-0.4150101388,0.504,0.0754718491,0.2470668641,2.9464714051,0.5904426393,0.504,0.0754718491,0.2470668641,2.9464714051,0.5904426393
