Instance,INF_avg,INF_sd,INF_r1,INF_kr,INF_sk,SUP_avg,SUP_sd,SUP_r1,SUP_kr,SUP_sk,INC_avg,INC_sd,INC_r1,INC_kr,INC_sk,IND_avg,IND_sd,IND_r1,IND_kr,IND_sk
243,0.5581395349,0.1303172482,0.7371987967,2.4026897831,0.1085711234,0.1186046512,0.0766017,0.5785144378,3.4698065563,1.0070607203,0.323255814,0.0782280783,0.426264404,2.9523121893,-0.0499254993,0.323255814,0.0782280783,0.426264404,2.9523121893,-0.0499254993
