Instance,INF_avg,INF_sd,INF_r1,INF_kr,INF_sk,SUP_avg,SUP_sd,SUP_r1,SUP_kr,SUP_sk,INC_avg,INC_sd,INC_r1,INC_kr,INC_sk,IND_avg,IND_sd,IND_r1,IND_kr,IND_sk
239,0.2536,0.0343953485,0.1563672928,2.3108908814,0.3233267396,0.2458,0.0337544071,0.3141460495,2.3918479348,-0.0815159826,0.5006,0.0311871769,-0.2483151988,2.6877880573,0.3784226107,0.5006,0.0311871769,-0.2483151988,2.6877880573,0.3784226107
