Instance,INF_avg,INF_sd,INF_r1,INF_kr,INF_sk,SUP_avg,SUP_sd,SUP_r1,SUP_kr,SUP_sk,INC_avg,INC_sd,INC_r1,INC_kr,INC_sk,IND_avg,IND_sd,IND_r1,IND_kr,IND_sk
152,0.262,0.0756042327,-0.2895550797,1.5784095422,-0.1330637398,0.234,0.0456508488,-0.4302717715,2.355491617,-0.7386449656,0.504,0.097897906,-0.5800828443,2.968350144,0.6413277222,0.504,0.097897906,-0.5800828443,2.968350144,0.6413277222
