Instance,INF_avg,INF_sd,INF_r1,INF_kr,INF_sk,SUP_avg,SUP_sd,SUP_r1,SUP_kr,SUP_sk,INC_avg,INC_sd,INC_r1,INC_kr,INC_sk,IND_avg,IND_sd,IND_r1,IND_kr,IND_sk
226,0.258,0.11196428,0.1718476315,3.8514866082,0.1094512167,0.334,0.115082579,0.1275479674,2.0716195368,0.2360706833,0.408,0.123434193,0.0823848608,2.91645328,0.0312786577,0.408,0.123434193,0.0823848608,2.91645328,0.0312786577
