Instance,INF_avg,INF_sd,INF_r1,INF_kr,INF_sk,SUP_avg,SUP_sd,SUP_r1,SUP_kr,SUP_sk,INC_avg,INC_sd,INC_r1,INC_kr,INC_sk,IND_avg,IND_sd,IND_r1,IND_kr,IND_sk
71,0.264,0.0700285656,0.0121528374,2.4087617659,0.2929589858,0.222,0.0548087584,-0.2514655375,2.4504016837,0.0615139762,0.514,0.0622575297,-0.0220336692,2.8074105314,-0.1197462925,0.514,0.0622575297,-0.0220336692,2.8074105314,-0.1197462925
