Instance,INF_avg,INF_sd,INF_r1,INF_kr,INF_sk,SUP_avg,SUP_sd,SUP_r1,SUP_kr,SUP_sk,INC_avg,INC_sd,INC_r1,INC_kr,INC_sk,IND_avg,IND_sd,IND_r1,IND_kr,IND_sk
181,0.24255,0.033544709,-0.0275097644,2.5435103649,0.0016962084,0.2346,0.0257747939,0.199612605,3.0813246373,-0.2286501311,0.52285,0.03455615,-0.0535605079,2.3402051214,-0.3354991912,0.52285,0.03455615,-0.0535605079,2.3402051214,-0.3354991912
