Instance,INF_avg,INF_sd,INF_r1,INF_kr,INF_sk,SUP_avg,SUP_sd,SUP_r1,SUP_kr,SUP_sk,INC_avg,INC_sd,INC_r1,INC_kr,INC_sk,IND_avg,IND_sd,IND_r1,IND_kr,IND_sk
193,0.18,0.1166190379,0.0671641791,1.6280276817,-0.3631734744,0.16,0.12,-0.3157894737,3.25,1.5,0.66,0.08,-0.7605633803,2.078125,0.84375,0.66,0.08,-0.7605633803,2.078125,0.84375
