Instance,INF_avg,INF_sd,INF_r1,INF_kr,INF_sk,SUP_avg,SUP_sd,SUP_r1,SUP_kr,SUP_sk,INC_avg,INC_sd,INC_r1,INC_kr,INC_sk,IND_avg,IND_sd,IND_r1,IND_kr,IND_sk
227,0.276,0.079397733,-0.3382804504,2.6001829473,0.819366437,0.252,0.0574108004,-0.3597733711,1.7447921576,0.2009026265,0.472,0.0805977667,-0.6558861578,1.2475551457,-0.0740770321,0.472,0.0805977667,-0.6558861578,1.2475551457,-0.0740770321
