Instance,INF_avg,INF_sd,INF_r1,INF_kr,INF_sk,SUP_avg,SUP_sd,SUP_r1,SUP_kr,SUP_sk,INC_avg,INC_sd,INC_r1,INC_kr,INC_sk,IND_avg,IND_sd,IND_r1,IND_kr,IND_sk
110,0.266,0.0935093578,0.1610938346,2.6253447665,0.5212428011,0.236,0.0964572444,0.0647050396,2.9849072395,0.0819131611,0.498,0.1019607768,0.0533887192,2.1128449232,0.0116831926,0.498,0.1019607768,0.0533887192,2.1128449232,0.0116831926
