Instance,INF_avg,INF_sd,INF_r1,INF_kr,INF_sk,SUP_avg,SUP_sd,SUP_r1,SUP_kr,SUP_sk,INC_avg,INC_sd,INC_r1,INC_kr,INC_sk,IND_avg,IND_sd,IND_r1,IND_kr,IND_sk
294,0.259,0.02,0.1025221094,4.032175,0.11325,0.2506,0.0311550959,0.2811890399,2.395507204,0.1401315619,0.4904,0.0320287371,0.2056607194,2.5579861759,0.4522390232,0.4904,0.0320287371,0.2056607194,2.5579861759,0.4522390232
