Instance,INF_avg,INF_sd,INF_r1,INF_kr,INF_sk,SUP_avg,SUP_sd,SUP_r1,SUP_kr,SUP_sk,INC_avg,INC_sd,INC_r1,INC_kr,INC_sk,IND_avg,IND_sd,IND_r1,IND_kr,IND_sk
155,0.2549,0.0410790701,0.3414859237,3.2788867729,-0.139010094,0.3572,0.0492256031,0.2970789308,2.5387212748,0.355096906,0.3879,0.0423920983,0.0356724512,2.7370419505,0.504426481,0.3879,0.0423920983,0.0356724512,2.7370419505,0.504426481
