Instance,INF_avg,INF_sd,INF_r1,INF_kr,INF_sk,SUP_avg,SUP_sd,SUP_r1,SUP_kr,SUP_sk,INC_avg,INC_sd,INC_r1,INC_kr,INC_sk,IND_avg,IND_sd,IND_r1,IND_kr,IND_sk
60,0.4328571429,0.14304987,0.863169972,1.9770987039,-0.0793016118,0.1057142857,0.0777095587,0.8378825476,2.4947420994,0.6428033228,0.4614285714,0.0733735202,0.7644392136,2.5558494816,-0.4741292249,0.4614285714,0.0733735202,0.7644392136,2.5558494816,-0.4741292249
