Instance,INF_avg,INF_sd,INF_r1,INF_kr,INF_sk,SUP_avg,SUP_sd,SUP_r1,SUP_kr,SUP_sk,INC_avg,INC_sd,INC_r1,INC_kr,INC_sk,IND_avg,IND_sd,IND_r1,IND_kr,IND_sk
232,0.28,0.0558569602,-0.2820512821,2.6134122288,0.1652572786,0.218,0.0404474968,-0.2347218758,2.7537915244,0.7892147325,0.502,0.0509509568,0.1652363863,1.7922488313,-0.5109599492,0.502,0.0509509568,0.1652363863,1.7922488313,-0.5109599492
