Instance,INF_avg,INF_sd,INF_r1,INF_kr,INF_sk,SUP_avg,SUP_sd,SUP_r1,SUP_kr,SUP_sk,INC_avg,INC_sd,INC_r1,INC_kr,INC_sk,IND_avg,IND_sd,IND_r1,IND_kr,IND_sk
135,0.4754,0.1180484646,0.8972293958,2.2983497153,-0.4241649174,0.07722,0.0631678051,0.8982957473,3.8507531037,1.1664533649,0.44738,0.0657269777,0.6794964014,2.2096281767,0.0326226332,0.44738,0.0657269777,0.6794964014,2.2096281767,0.0326226332
