Instance,INF_avg,INF_sd,INF_r1,INF_kr,INF_sk,SUP_avg,SUP_sd,SUP_r1,SUP_kr,SUP_sk,INC_avg,INC_sd,INC_r1,INC_kr,INC_sk,IND_avg,IND_sd,IND_r1,IND_kr,IND_sk
113,0.23,0.0982344135,-0.0024893683,2.7148648286,0.3528622119,0.2935,0.1182486786,0.0362249658,2.6835732125,0.1144208766,0.4765,0.1169305349,-0.0719075025,2.7564904044,0.1520906516,0.4765,0.1169305349,-0.0719075025,2.7564904044,0.1520906516
