Instance,INF_avg,INF_sd,INF_r1,INF_kr,INF_sk,SUP_avg,SUP_sd,SUP_r1,SUP_kr,SUP_sk,INC_avg,INC_sd,INC_r1,INC_kr,INC_sk,IND_avg,IND_sd,IND_r1,IND_kr,IND_sk
14,0.192,0.0406939799,-0.0776805252,2.118847581,0.4964591471,0.284,0.0728285658,-0.0845962452,1.9146720993,0.3207184681,0.524,0.047581509,-0.3660278091,3.1348936808,-1.4075901838,0.524,0.047581509,-0.3660278091,3.1348936808,-1.4075901838
