Instance,INF_avg,INF_sd,INF_r1,INF_kr,INF_sk,SUP_avg,SUP_sd,SUP_r1,SUP_kr,SUP_sk,INC_avg,INC_sd,INC_r1,INC_kr,INC_sk,IND_avg,IND_sd,IND_r1,IND_kr,IND_sk
199,0.252,0.0299332591,0.1485507246,2.1339285714,-0.7301958931,0.248,0.0324961536,0.4086021505,1.4421487603,-0.3804646085,0.5,0.0521536192,0.4,1.6003460208,0.4060402882,0.5,0.0521536192,0.4,1.6003460208,0.4060402882
