Instance,INF_avg,INF_sd,INF_r1,INF_kr,INF_sk,SUP_avg,SUP_sd,SUP_r1,SUP_kr,SUP_sk,INC_avg,INC_sd,INC_r1,INC_kr,INC_sk,IND_avg,IND_sd,IND_r1,IND_kr,IND_sk
199,0.15,0.0806225775,-0.36,2.5147928994,0.0,0.34,0.08,-0.2582781457,2.6640625,0.328125,0.51,0.1135781669,-0.1976047904,4.5536325942,1.4414824141,0.51,0.1135781669,-0.1976047904,4.5536325942,1.4414824141
