Instance,INF_avg,INF_sd,INF_r1,INF_kr,INF_sk,SUP_avg,SUP_sd,SUP_r1,SUP_kr,SUP_sk,INC_avg,INC_sd,INC_r1,INC_kr,INC_sk,IND_avg,IND_sd,IND_r1,IND_kr,IND_sk
108,0.224,0.1477294825,-0.4861335655,2.271443744,0.5505029316,0.24,0.113137085,-0.1746231156,4.91796875,1.1600970629,0.536,0.143888846,-0.1204077707,2.9564832576,-0.8065215774,0.536,0.143888846,-0.1204077707,2.9564832576,-0.8065215774
