Instance,INF_avg,INF_sd,INF_r1,INF_kr,INF_sk,SUP_avg,SUP_sd,SUP_r1,SUP_kr,SUP_sk,INC_avg,INC_sd,INC_r1,INC_kr,INC_sk,IND_avg,IND_sd,IND_r1,IND_kr,IND_sk
20,0.2424,0.0642046727,0.2060152096,2.6021110829,0.034707937,0.2732,0.0711741526,0.3390319258,3.4755686111,0.4250601481,0.4844,0.070403409,0.2635563356,3.2322806253,0.2395865573,0.4844,0.070403409,0.2635563356,3.2322806253,0.2395865573
