Instance,INF_avg,INF_sd,INF_r1,INF_kr,INF_sk,SUP_avg,SUP_sd,SUP_r1,SUP_kr,SUP_sk,INC_avg,INC_sd,INC_r1,INC_kr,INC_sk,IND_avg,IND_sd,IND_r1,IND_kr,IND_sk
136,0.14,0.06244998,-0.2459546926,2.0295857988,0.0739053018,0.255,0.1192686044,-0.2480224996,1.9348130257,0.5004137998,0.605,0.1035615759,-0.0995164164,2.2537206383,-0.4038001687,0.605,0.1035615759,-0.0995164164,2.2537206383,-0.4038001687
