Instance,INF_avg,INF_sd,INF_r1,INF_kr,INF_sk,SUP_avg,SUP_sd,SUP_r1,SUP_kr,SUP_sk,INC_avg,INC_sd,INC_r1,INC_kr,INC_sk,IND_avg,IND_sd,IND_r1,IND_kr,IND_sk
181,0.236,0.1352922762,0.1982430144,3.3171640423,0.3943288697,0.232,0.1377534029,-0.0418779152,2.2724805132,0.239301434,0.532,0.1318180564,-0.0005168722,3.1779504085,-0.3933095759,0.532,0.1318180564,-0.0005168722,3.1779504085,-0.3933095759
