Instance,INF_avg,INF_sd,INF_r1,INF_kr,INF_sk,SUP_avg,SUP_sd,SUP_r1,SUP_kr,SUP_sk,INC_avg,INC_sd,INC_r1,INC_kr,INC_sk,IND_avg,IND_sd,IND_r1,IND_kr,IND_sk
221,0.2732,0.0353802205,0.0892164779,2.9221696697,0.1280345531,0.2468,0.0423528039,0.0420414025,2.8761111603,0.5048371399,0.48,0.0459347363,0.0373421197,2.8293052717,-0.337383679,0.48,0.0459347363,0.0373421197,2.8293052717,-0.337383679
