Instance,INF_avg,INF_sd,INF_r1,INF_kr,INF_sk,SUP_avg,SUP_sd,SUP_r1,SUP_kr,SUP_sk,INC_avg,INC_sd,INC_r1,INC_kr,INC_sk,IND_avg,IND_sd,IND_r1,IND_kr,IND_sk
284,0.225,0.075,0.3538461538,1.9481481481,-0.0,0.235,0.0743303437,-0.6168544831,1.7275854303,-0.5734459475,0.54,0.1260952021,-0.3059397884,2.7612436217,0.5626177287,0.54,0.1260952021,-0.3059397884,2.7612436217,0.5626177287
