Instance,INF_avg,INF_sd,INF_r1,INF_kr,INF_sk,SUP_avg,SUP_sd,SUP_r1,SUP_kr,SUP_sk,INC_avg,INC_sd,INC_r1,INC_kr,INC_sk,IND_avg,IND_sd,IND_r1,IND_kr,IND_sk
88,0.265,0.1011187421,0.1020048037,2.5024300429,0.1392731881,0.238,0.0857671266,0.3047849076,2.7404504718,0.3273783855,0.497,0.0966488489,0.0309589731,2.7151637064,-0.1809975205,0.497,0.0966488489,0.0309589731,2.7151637064,-0.1809975205
