Instance,INF_avg,INF_sd,INF_r1,INF_kr,INF_sk,SUP_avg,SUP_sd,SUP_r1,SUP_kr,SUP_sk,INC_avg,INC_sd,INC_r1,INC_kr,INC_sk,IND_avg,IND_sd,IND_r1,IND_kr,IND_sk
92,0.18,0.1166190379,0.0410958904,2.1470588235,0.3934379306,0.26,0.1113552873,-0.0797342193,2.8792924037,0.8342955965,0.56,0.1019803903,-0.0459183673,1.9556213018,-0.2715454179,0.56,0.1019803903,-0.0459183673,1.9556213018,-0.2715454179
