Instance,INF_avg,INF_sd,INF_r1,INF_kr,INF_sk,SUP_avg,SUP_sd,SUP_r1,SUP_kr,SUP_sk,INC_avg,INC_sd,INC_r1,INC_kr,INC_sk,IND_avg,IND_sd,IND_r1,IND_kr,IND_sk
165,0.25,0.0806225775,-0.7647058824,2.5147928994,0.0,0.17,0.09,0.0015600624,2.2583447645,-0.1975308642,0.58,0.1077032961,1.1063829787,4.9072532699,-1.517579143,0.58,0.1077032961,1.1063829787,4.9072532699,-1.517579143
