Instance,INF_avg,INF_sd,INF_r1,INF_kr,INF_sk,SUP_avg,SUP_sd,SUP_r1,SUP_kr,SUP_sk,INC_avg,INC_sd,INC_r1,INC_kr,INC_sk,IND_avg,IND_sd,IND_r1,IND_kr,IND_sk
297,0.258,0.1524335921,0.0845808575,3.1664157763,0.4917702119,0.254,0.1431223253,0.1827934247,2.4255270835,0.2674636773,0.488,0.1557433787,-0.1790693671,2.6466729555,-0.0542804833,0.488,0.1557433787,-0.1790693671,2.6466729555,-0.0542804833
