Instance,INF_avg,INF_sd,INF_r1,INF_kr,INF_sk,SUP_avg,SUP_sd,SUP_r1,SUP_kr,SUP_sk,INC_avg,INC_sd,INC_r1,INC_kr,INC_sk,IND_avg,IND_sd,IND_r1,IND_kr,IND_sk
132,0.29,0.0860232527,-0.6101694915,2.6519357195,1.017952296,0.23,0.1029563014,-0.330472103,2.0685297259,0.4068404933,0.48,0.1029563014,-0.7227979275,2.2821288715,-0.6927284075,0.48,0.1029563014,-0.7227979275,2.2821288715,-0.6927284075
