Instance,INF_avg,INF_sd,INF_r1,INF_kr,INF_sk,SUP_avg,SUP_sd,SUP_r1,SUP_kr,SUP_sk,INC_avg,INC_sd,INC_r1,INC_kr,INC_sk,IND_avg,IND_sd,IND_r1,IND_kr,IND_sk
245,0.248,0.0491528229,-0.2491444216,3.0633305557,1.0703204497,0.26,0.054405882,-0.698630137,1.9978086194,-0.2682539837,0.492,0.061449166,-0.3285229202,2.7751005458,0.4824161129,0.492,0.061449166,-0.3285229202,2.7751005458,0.4824161129
