Instance,INF_avg,INF_sd,INF_r1,INF_kr,INF_sk,SUP_avg,SUP_sd,SUP_r1,SUP_kr,SUP_sk,INC_avg,INC_sd,INC_r1,INC_kr,INC_sk,IND_avg,IND_sd,IND_r1,IND_kr,IND_sk
87,0.254,0.0346265794,-0.3152247572,3.0142209139,-0.4143336145,0.2605,0.0360173569,-0.1914413874,2.4298898811,0.6456384794,0.4855,0.035598455,-0.1522869742,5.4777632296,-1.6661478807,0.4855,0.035598455,-0.1522869742,5.4777632296,-1.6661478807
