Instance,INF_avg,INF_sd,INF_r1,INF_kr,INF_sk,SUP_avg,SUP_sd,SUP_r1,SUP_kr,SUP_sk,INC_avg,INC_sd,INC_r1,INC_kr,INC_sk,IND_avg,IND_sd,IND_r1,IND_kr,IND_sk
267,0.2528,0.0463050753,-0.0152537257,3.0850205523,0.3765616093,0.2503,0.0441917413,0.0096552891,2.3067853661,0.2017595702,0.4969,0.0482222977,-0.0844563333,3.0505590733,0.2620568773,0.4969,0.0482222977,-0.0844563333,3.0505590733,0.2620568773
