Instance,INF_avg,INF_sd,INF_r1,INF_kr,INF_sk,SUP_avg,SUP_sd,SUP_r1,SUP_kr,SUP_sk,INC_avg,INC_sd,INC_r1,INC_kr,INC_sk,IND_avg,IND_sd,IND_r1,IND_kr,IND_sk
130,0.2818,0.0666390276,-0.0393489858,2.9220200294,-0.2083816028,0.2782,0.0678878487,-0.0237312701,2.6318008382,-0.0331977237,0.44,0.0802496106,-0.0941028858,3.1869912426,-0.0984505851,0.44,0.0802496106,-0.0941028858,3.1869912426,-0.0984505851
