Instance,INF_avg,INF_sd,INF_r1,INF_kr,INF_sk,SUP_avg,SUP_sd,SUP_r1,SUP_kr,SUP_sk,INC_avg,INC_sd,INC_r1,INC_kr,INC_sk,IND_avg,IND_sd,IND_r1,IND_kr,IND_sk
294,0.3677380952,0.078324739,0.8165693426,2.346328601,0.0211716748,0.095952381,0.0670131303,0.877629213,2.2255455607,0.5747626422,0.5363095238,0.0360730001,0.2930049079,2.4259202621,-0.0523345697,0.5363095238,0.0360730001,0.2930049079,2.4259202621,-0.0523345697
