Instance,INF_avg,INF_sd,INF_r1,INF_kr,INF_sk,SUP_avg,SUP_sd,SUP_r1,SUP_kr,SUP_sk,INC_avg,INC_sd,INC_r1,INC_kr,INC_sk,IND_avg,IND_sd,IND_r1,IND_kr,IND_sk
109,0.255,0.0960468636,-0.4159046827,3.8103201357,-0.1422070027,0.27,0.0748331477,0.056261343,3.0905612245,-1.0594999233,0.475,0.1078192933,-0.186440678,2.8425251474,-0.3590236612,0.475,0.1078192933,-0.186440678,2.8425251474,-0.3590236612
