Instance,INF_avg,INF_sd,INF_r1,INF_kr,INF_sk,SUP_avg,SUP_sd,SUP_r1,SUP_kr,SUP_sk,INC_avg,INC_sd,INC_r1,INC_kr,INC_sk,IND_avg,IND_sd,IND_r1,IND_kr,IND_sk
79,0.272,0.045254834,0.1055225282,2.5289916992,0.2371984173,0.2744,0.0416730129,-0.5363609621,2.5207539784,-0.129455573,0.4536,0.0550548817,-0.0575141997,1.9566473728,0.2242303367,0.4536,0.0550548817,-0.0575141997,1.9566473728,0.2242303367
