Instance,INF_avg,INF_sd,INF_r1,INF_kr,INF_sk,SUP_avg,SUP_sd,SUP_r1,SUP_kr,SUP_sk,INC_avg,INC_sd,INC_r1,INC_kr,INC_sk,IND_avg,IND_sd,IND_r1,IND_kr,IND_sk
1,0.248,0.0932523458,0.0558743526,2.6273163057,0.0211906836,0.29,0.0979795897,-0.2667785235,1.9752604167,0.1211987112,0.462,0.084,-0.1806690269,3.7125773212,0.9857466796,0.462,0.084,-0.1806690269,3.7125773212,0.9857466796
