Instance,INF_avg,INF_sd,INF_r1,INF_kr,INF_sk,SUP_avg,SUP_sd,SUP_r1,SUP_kr,SUP_sk,INC_avg,INC_sd,INC_r1,INC_kr,INC_sk,IND_avg,IND_sd,IND_r1,IND_kr,IND_sk
271,0.2642,0.0461774837,-0.2902451646,2.696653749,0.4764862024,0.2212,0.0329022796,-0.1341394589,3.3136272205,0.2274383365,0.5146,0.0559002683,-0.1464478883,2.6101353464,0.0828939901,0.5146,0.0559002683,-0.1464478883,2.6101353464,0.0828939901
