Instance,INF_avg,INF_sd,INF_r1,INF_kr,INF_sk,SUP_avg,SUP_sd,SUP_r1,SUP_kr,SUP_sk,INC_avg,INC_sd,INC_r1,INC_kr,INC_sk,IND_avg,IND_sd,IND_r1,IND_kr,IND_sk
250,0.2942307692,0.0880634857,-0.1543140001,2.1518491912,0.3024119624,0.1730769231,0.0901182655,0.2103845212,2.9278768153,0.3185762805,0.5326923077,0.1064662349,0.0602461528,4.0250073849,-0.0936318303,0.5326923077,0.1064662349,0.0602461528,4.0250073849,-0.0936318303
