Instance,INF_avg,INF_sd,INF_r1,INF_kr,INF_sk,SUP_avg,SUP_sd,SUP_r1,SUP_kr,SUP_sk,INC_avg,INC_sd,INC_r1,INC_kr,INC_sk,IND_avg,IND_sd,IND_r1,IND_kr,IND_sk
20,0.277,0.0224944438,-0.1970853574,2.3935774657,-0.249864074,0.246,0.0139283883,0.1316526611,1.3296312042,0.2931045678,0.477,0.0153622915,-0.6666666667,1.6197213444,0.1588746032,0.477,0.0153622915,-0.6666666667,1.6197213444,0.1588746032
