Instance,INF_avg,INF_sd,INF_r1,INF_kr,INF_sk,SUP_avg,SUP_sd,SUP_r1,SUP_kr,SUP_sk,INC_avg,INC_sd,INC_r1,INC_kr,INC_sk,IND_avg,IND_sd,IND_r1,IND_kr,IND_sk
86,0.2191,0.0371037734,0.3635983599,3.0112506678,-0.3607980799,0.2255,0.0368951216,0.0125620478,3.7338849046,0.0990672007,0.5554,0.0430097663,0.1557177214,3.0937979174,0.3223321476,0.5554,0.0430097663,0.1557177214,3.0937979174,0.3223321476
