Instance,INF_avg,INF_sd,INF_r1,INF_kr,INF_sk,SUP_avg,SUP_sd,SUP_r1,SUP_kr,SUP_sk,INC_avg,INC_sd,INC_r1,INC_kr,INC_sk,IND_avg,IND_sd,IND_r1,IND_kr,IND_sk
225,0.2756,0.045084809,-0.4641171616,3.7945753762,-0.4889064612,0.254,0.0387814389,-0.0544336119,3.8140278407,0.4122941843,0.4704,0.0420932299,-0.2419499145,2.3401711454,0.0396035163,0.4704,0.0420932299,-0.2419499145,2.3401711454,0.0396035163
