Instance,INF_avg,INF_sd,INF_r1,INF_kr,INF_sk,SUP_avg,SUP_sd,SUP_r1,SUP_kr,SUP_sk,INC_avg,INC_sd,INC_r1,INC_kr,INC_sk,IND_avg,IND_sd,IND_r1,IND_kr,IND_sk
73,0.1876,0.0414998795,0.0795535631,1.6208391281,-0.0210716385,0.274,0.0402988834,-0.0447687605,3.5389235361,0.055741133,0.5384,0.0417305643,0.3191148882,1.9798476223,-0.009315813,0.5384,0.0417305643,0.3191148882,1.9798476223,-0.009315813
