Instance,INF_avg,INF_sd,INF_r1,INF_kr,INF_sk,SUP_avg,SUP_sd,SUP_r1,SUP_kr,SUP_sk,INC_avg,INC_sd,INC_r1,INC_kr,INC_sk,IND_avg,IND_sd,IND_r1,IND_kr,IND_sk
96,0.286,0.0339705755,-0.6040762408,3.4638030932,0.9224518977,0.226,0.0301496269,0.0225314778,3.0994383267,1.0288618868,0.488,0.0386781592,0.086283875,2.1996500472,-0.1592740692,0.488,0.0386781592,0.086283875,2.1996500472,-0.1592740692
