Instance,INF_avg,INF_sd,INF_r1,INF_kr,INF_sk,SUP_avg,SUP_sd,SUP_r1,SUP_kr,SUP_sk,INC_avg,INC_sd,INC_r1,INC_kr,INC_sk,IND_avg,IND_sd,IND_r1,IND_kr,IND_sk
57,0.196,0.0557135531,-0.307106599,2.190509087,-0.6261779404,0.308,0.056,-0.1197339246,2.0005206164,0.4067055394,0.496,0.008,-0.3157894737,3.25,-1.5,0.496,0.008,-0.3157894737,3.25,-1.5
