Instance,INF_avg,INF_sd,INF_r1,INF_kr,INF_sk,SUP_avg,SUP_sd,SUP_r1,SUP_kr,SUP_sk,INC_avg,INC_sd,INC_r1,INC_kr,INC_sk,IND_avg,IND_sd,IND_r1,IND_kr,IND_sk
207,0.3576,0.0560199964,0.0921124292,2.9813099614,0.3074394922,0.3068,0.0567605497,0.5163095222,3.4213230841,0.8578915879,0.3356,0.0451734435,0.13924139,4.3852999999,-1.0029900632,0.3356,0.0451734435,0.13924139,4.3852999999,-1.0029900632
