Instance,INF_avg,INF_sd,INF_r1,INF_kr,INF_sk,SUP_avg,SUP_sd,SUP_r1,SUP_kr,SUP_sk,INC_avg,INC_sd,INC_r1,INC_kr,INC_sk,IND_avg,IND_sd,IND_r1,IND_kr,IND_sk
174,0.2230769231,0.1120016906,-0.231701841,1.5874866501,0.1943781565,0.2461538462,0.1151279196,-0.6181144068,2.5641741071,-0.3597288591,0.5307692308,0.0821313712,-0.2433975732,2.5397045245,0.2119641574,0.5307692308,0.0821313712,-0.2433975732,2.5397045245,0.2119641574
