Instance,INF_avg,INF_sd,INF_r1,INF_kr,INF_sk,SUP_avg,SUP_sd,SUP_r1,SUP_kr,SUP_sk,INC_avg,INC_sd,INC_r1,INC_kr,INC_sk,IND_avg,IND_sd,IND_r1,IND_kr,IND_sk
186,0.259,0.0350570963,0.6113074205,2.1389627268,0.1111287214,0.263,0.0363455637,-0.3181504486,3.6882669232,1.1826922626,0.478,0.042142615,-0.0925884208,3.8960007305,-0.6858949165,0.478,0.042142615,-0.0925884208,3.8960007305,-0.6858949165
