Instance,INF_avg,INF_sd,INF_r1,INF_kr,INF_sk,SUP_avg,SUP_sd,SUP_r1,SUP_kr,SUP_sk,INC_avg,INC_sd,INC_r1,INC_kr,INC_sk,IND_avg,IND_sd,IND_r1,IND_kr,IND_sk
1,0.299,0.0413400532,0.1501015447,1.6478543874,0.2410185933,0.212,0.0218174242,-0.0134566863,1.9184379634,0.263454526,0.489,0.047,0.0250366794,2.4766079996,-0.6999605097,0.489,0.047,0.0250366794,2.4766079996,-0.6999605097
