Instance,INF_avg,INF_sd,INF_r1,INF_kr,INF_sk,SUP_avg,SUP_sd,SUP_r1,SUP_kr,SUP_sk,INC_avg,INC_sd,INC_r1,INC_kr,INC_sk,IND_avg,IND_sd,IND_r1,IND_kr,IND_sk
264,0.2521,0.0369065035,0.2502451536,1.9720164428,0.1464506669,0.2724,0.0336933228,0.3337095156,2.9353793502,0.0192796824,0.4755,0.0352171833,0.1268926293,3.2205587375,0.4707621106,0.4755,0.0352171833,0.1268926293,3.2205587375,0.4707621106
