Instance,INF_avg,INF_sd,INF_r1,INF_kr,INF_sk,SUP_avg,SUP_sd,SUP_r1,SUP_kr,SUP_sk,INC_avg,INC_sd,INC_r1,INC_kr,INC_sk,IND_avg,IND_sd,IND_r1,IND_kr,IND_sk
124,0.18,0.06,0.1520467836,1.3981481481,0.1111111111,0.22,0.0244948974,0.0384615385,1.1666666667,0.4082482905,0.6,0.0632455532,0.2857142857,1.5625,-0.5929270613,0.6,0.0632455532,0.2857142857,1.5625,-0.5929270613
