Instance,INF_avg,INF_sd,INF_r1,INF_kr,INF_sk,SUP_avg,SUP_sd,SUP_r1,SUP_kr,SUP_sk,INC_avg,INC_sd,INC_r1,INC_kr,INC_sk,IND_avg,IND_sd,IND_r1,IND_kr,IND_sk
204,0.2970588235,0.1124206756,-0.1221991827,2.6629632597,-0.4234844396,0.225,0.0797514521,0.1849056604,3.7312639914,-0.543596386,0.4779411765,0.1112701908,-0.3334962671,2.3671589176,-0.1740544252,0.4779411765,0.1112701908,-0.3334962671,2.3671589176,-0.1740544252
