Instance,INF_avg,INF_sd,INF_r1,INF_kr,INF_sk,SUP_avg,SUP_sd,SUP_r1,SUP_kr,SUP_sk,INC_avg,INC_sd,INC_r1,INC_kr,INC_sk,IND_avg,IND_sd,IND_r1,IND_kr,IND_sk
50,0.3028,0.0538531336,-0.1312627222,2.5645550476,-0.1842924682,0.2296,0.0489473186,-0.0356838133,1.8863859014,0.1121776951,0.4676,0.0546465003,-0.0008699486,3.2159587376,0.1038973281,0.4676,0.0546465003,-0.0008699486,3.2159587376,0.1038973281
