Instance,INF_avg,INF_sd,INF_r1,INF_kr,INF_sk,SUP_avg,SUP_sd,SUP_r1,SUP_kr,SUP_sk,INC_avg,INC_sd,INC_r1,INC_kr,INC_sk,IND_avg,IND_sd,IND_r1,IND_kr,IND_sk
174,0.262,0.0451220567,0.2733080455,2.8008885252,0.6593772088,0.258,0.066,-0.0314369836,2.5539112639,-0.5128975707,0.48,0.0521536192,-0.0149253731,1.6003460208,-0.0,0.48,0.0521536192,-0.0149253731,1.6003460208,-0.0
