Instance,INF_avg,INF_sd,INF_r1,INF_kr,INF_sk,SUP_avg,SUP_sd,SUP_r1,SUP_kr,SUP_sk,INC_avg,INC_sd,INC_r1,INC_kr,INC_sk,IND_avg,IND_sd,IND_r1,IND_kr,IND_sk
95,0.236,0.048,-0.0375275938,4.3929398148,-0.8923611111,0.288,0.0601331855,0.0931705111,2.5290155846,0.2534197702,0.476,0.0813879598,-0.2757466529,1.8773016873,0.3226628316,0.476,0.0813879598,-0.2757466529,1.8773016873,0.3226628316
