Instance,INF_avg,INF_sd,INF_r1,INF_kr,INF_sk,SUP_avg,SUP_sd,SUP_r1,SUP_kr,SUP_sk,INC_avg,INC_sd,INC_r1,INC_kr,INC_sk,IND_avg,IND_sd,IND_r1,IND_kr,IND_sk
49,0.236,0.0233238076,-0.7346938776,2.6660899654,1.1500493357,0.248,0.024,-0.5648854962,1.3981481481,-0.1111111111,0.516,0.0265329983,-0.4950980392,2.2169421488,0.3700366502,0.516,0.0265329983,-0.4950980392,2.2169421488,0.3700366502
