Instance,INF_avg,INF_sd,INF_r1,INF_kr,INF_sk,SUP_avg,SUP_sd,SUP_r1,SUP_kr,SUP_sk,INC_avg,INC_sd,INC_r1,INC_kr,INC_sk,IND_avg,IND_sd,IND_r1,IND_kr,IND_sk
225,0.2622,0.0501713065,-0.1078148534,3.1799994007,0.3224036107,0.2552,0.0444630183,0.2204253486,2.6392519782,0.2527691622,0.4826,0.0529456325,0.041538355,2.8854007024,-0.3712646704,0.4826,0.0529456325,0.041538355,2.8854007024,-0.3712646704
