Instance,INF_avg,INF_sd,INF_r1,INF_kr,INF_sk,SUP_avg,SUP_sd,SUP_r1,SUP_kr,SUP_sk,INC_avg,INC_sd,INC_r1,INC_kr,INC_sk,IND_avg,IND_sd,IND_r1,IND_kr,IND_sk
139,0.27,0.0969535971,0.1542076036,2.9440923495,0.1185037177,0.186,0.0900222195,-0.0266595522,3.2066409139,0.9157989129,0.544,0.121095004,-0.020665599,2.5294795453,0.3599451664,0.544,0.121095004,-0.020665599,2.5294795453,0.3599451664
