Instance,INF_avg,INF_sd,INF_r1,INF_kr,INF_sk,SUP_avg,SUP_sd,SUP_r1,SUP_kr,SUP_sk,INC_avg,INC_sd,INC_r1,INC_kr,INC_sk,IND_avg,IND_sd,IND_r1,IND_kr,IND_sk
172,0.2596,0.0514960193,-0.222072115,2.3779116267,0.1108843021,0.2012,0.0370210751,0.0617365421,1.8377129821,-0.2178918041,0.5392,0.0532856453,-0.1217645402,2.0173811159,-0.1045956655,0.5392,0.0532856453,-0.1217645402,2.0173811159,-0.1045956655
