Instance,INF_avg,INF_sd,INF_r1,INF_kr,INF_sk,SUP_avg,SUP_sd,SUP_r1,SUP_kr,SUP_sk,INC_avg,INC_sd,INC_r1,INC_kr,INC_sk,IND_avg,IND_sd,IND_r1,IND_kr,IND_sk
152,0.2756756757,0.1617562487,-0.0078744913,3.1412670088,0.7035757723,0.2540540541,0.1264795563,0.130786492,2.3177519234,0.2694796986,0.4702702703,0.1674367406,0.1122042424,2.9787040866,-0.1814356752,0.4702702703,0.1674367406,0.1122042424,2.9787040866,-0.1814356752
