Instance,INF_avg,INF_sd,INF_r1,INF_kr,INF_sk,SUP_avg,SUP_sd,SUP_r1,SUP_kr,SUP_sk,INC_avg,INC_sd,INC_r1,INC_kr,INC_sk,IND_avg,IND_sd,IND_r1,IND_kr,IND_sk
273,0.2512,0.0450617354,0.1419782173,2.7724385385,-0.0418767285,0.2414,0.0387303499,0.1693337764,2.1772616535,0.0880782395,0.5074,0.0464676231,0.076228259,2.3147106885,-0.0761486121,0.5074,0.0464676231,0.076228259,2.3147106885,-0.0761486121
