Instance,INF_avg,INF_sd,INF_r1,INF_kr,INF_sk,SUP_avg,SUP_sd,SUP_r1,SUP_kr,SUP_sk,INC_avg,INC_sd,INC_r1,INC_kr,INC_sk,IND_avg,IND_sd,IND_r1,IND_kr,IND_sk
128,0.232,0.044,-0.4409221902,1.8528106004,-0.2186326071,0.246,0.038,-0.2857539572,2.5440028852,0.2659279778,0.522,0.0423792402,-0.0249383393,3.8536366387,-1.0140696461,0.522,0.0423792402,-0.0249383393,3.8536366387,-1.0140696461
