Instance,INF_avg,INF_sd,INF_r1,INF_kr,INF_sk,SUP_avg,SUP_sd,SUP_r1,SUP_kr,SUP_sk,INC_avg,INC_sd,INC_r1,INC_kr,INC_sk,IND_avg,IND_sd,IND_r1,IND_kr,IND_sk
201,0.4788461538,0.1337427762,0.9514486875,1.8160047325,-0.0229330895,0.1029615385,0.0889613057,0.9285068559,2.4083361238,0.7822292588,0.4181923077,0.062243331,0.7131090122,2.4125167412,-0.3965940427,0.4181923077,0.062243331,0.7131090122,2.4125167412,-0.3965940427
