Instance,INF_avg,INF_sd,INF_r1,INF_kr,INF_sk,SUP_avg,SUP_sd,SUP_r1,SUP_kr,SUP_sk,INC_avg,INC_sd,INC_r1,INC_kr,INC_sk,IND_avg,IND_sd,IND_r1,IND_kr,IND_sk
4,0.2508,0.0741037111,-0.1450855154,2.6514365173,-0.0593216691,0.2188,0.0651656351,0.1095535238,2.1556860484,0.0882064231,0.5304,0.0870163203,-0.1882610921,2.5050432349,-0.1266498841,0.5304,0.0870163203,-0.1882610921,2.5050432349,-0.1266498841
