Instance,INF_avg,INF_sd,INF_r1,INF_kr,INF_sk,SUP_avg,SUP_sd,SUP_r1,SUP_kr,SUP_sk,INC_avg,INC_sd,INC_r1,INC_kr,INC_sk,IND_avg,IND_sd,IND_r1,IND_kr,IND_sk
81,0.258,0.0470744092,-0.5467625899,2.6215707229,-1.0822408451,0.2,0.0384707681,-0.3947368421,1.8425858291,0.2529122813,0.542,0.0172046505,0.7413793103,1.9945215486,0.3958703373,0.542,0.0172046505,0.7413793103,1.9945215486,0.3958703373
