Instance,INF_avg,INF_sd,INF_r1,INF_kr,INF_sk,SUP_avg,SUP_sd,SUP_r1,SUP_kr,SUP_sk,INC_avg,INC_sd,INC_r1,INC_kr,INC_sk,IND_avg,IND_sd,IND_r1,IND_kr,IND_sk
299,0.2656,0.0604701579,0.1160190286,2.657596064,0.0006911797,0.2266,0.0583132918,-0.0639541723,2.2153075078,0.1951869792,0.5078,0.0692759699,-0.0928467884,3.329467203,-0.0150839154,0.5078,0.0692759699,-0.0928467884,3.329467203,-0.0150839154
