Instance,INF_avg,INF_sd,INF_r1,INF_kr,INF_sk,SUP_avg,SUP_sd,SUP_r1,SUP_kr,SUP_sk,INC_avg,INC_sd,INC_r1,INC_kr,INC_sk,IND_avg,IND_sd,IND_r1,IND_kr,IND_sk
19,0.3444444444,0.1257078722,0.4539748954,1.3703613281,0.1256771818,0.1888888889,0.0874889764,0.3643122677,3.1108220604,-0.7783878752,0.4666666667,0.0942809042,-0.3943661972,2.625,-0.8838834765,0.4666666667,0.0942809042,-0.3943661972,2.625,-0.8838834765
