Instance,INF_avg,INF_sd,INF_r1,INF_kr,INF_sk,SUP_avg,SUP_sd,SUP_r1,SUP_kr,SUP_sk,INC_avg,INC_sd,INC_r1,INC_kr,INC_sk,IND_avg,IND_sd,IND_r1,IND_kr,IND_sk
126,0.235,0.0246981781,-0.3287671233,1.7098898146,0.0796501308,0.272,0.025019992,-0.1660268714,2.0458563423,0.0597605174,0.493,0.042142615,-0.0717494545,1.4115800767,-0.062609155,0.493,0.042142615,-0.0717494545,1.4115800767,-0.062609155
