Instance,INF_avg,INF_sd,INF_r1,INF_kr,INF_sk,SUP_avg,SUP_sd,SUP_r1,SUP_kr,SUP_sk,INC_avg,INC_sd,INC_r1,INC_kr,INC_sk,IND_avg,IND_sd,IND_r1,IND_kr,IND_sk
221,0.4322297297,0.0877886817,0.8273171387,2.1801359249,-0.2439971924,0.0882432432,0.0775269458,0.9186284922,2.5104587581,0.7958250291,0.479527027,0.0347400474,0.1134550105,2.8615627277,-0.1402528789,0.479527027,0.0347400474,0.1134550105,2.8615627277,-0.1402528789
