Instance,INF_avg,INF_sd,INF_r1,INF_kr,INF_sk,SUP_avg,SUP_sd,SUP_r1,SUP_kr,SUP_sk,INC_avg,INC_sd,INC_r1,INC_kr,INC_sk,IND_avg,IND_sd,IND_r1,IND_kr,IND_sk
204,0.252,0.064,-0.3249001332,1.670715332,-0.1479492187,0.216,0.0585149554,0.0280464217,1.5975631059,0.0057497882,0.532,0.079598995,0.0863394441,1.6047597184,0.010659492,0.532,0.079598995,0.0863394441,1.6047597184,0.010659492
