Instance,INF_avg,INF_sd,INF_r1,INF_kr,INF_sk,SUP_avg,SUP_sd,SUP_r1,SUP_kr,SUP_sk,INC_avg,INC_sd,INC_r1,INC_kr,INC_sk,IND_avg,IND_sd,IND_r1,IND_kr,IND_sk
34,0.3437037037,0.1181696254,0.8587344946,1.7185624305,0.0443379839,0.1166666667,0.0903491171,0.8845843856,2.4232405361,0.711095205,0.5396296296,0.0608264977,0.3054181284,2.2605410945,-0.2939272988,0.5396296296,0.0608264977,0.3054181284,2.2605410945,-0.2939272988
