Instance,INF_avg,INF_sd,INF_r1,INF_kr,INF_sk,SUP_avg,SUP_sd,SUP_r1,SUP_kr,SUP_sk,INC_avg,INC_sd,INC_r1,INC_kr,INC_sk,IND_avg,IND_sd,IND_r1,IND_kr,IND_sk
93,0.237,0.028213472,-0.049656843,1.5608854574,-0.1940963048,0.279,0.0186815417,-0.0909614277,3.2039720528,0.5020047944,0.484,0.0272763634,-0.244526063,1.9164823968,0.4672898494,0.484,0.0272763634,-0.244526063,1.9164823968,0.4672898494
