Instance,INF_avg,INF_sd,INF_r1,INF_kr,INF_sk,SUP_avg,SUP_sd,SUP_r1,SUP_kr,SUP_sk,INC_avg,INC_sd,INC_r1,INC_kr,INC_sk,IND_avg,IND_sd,IND_r1,IND_kr,IND_sk
182,0.27,0.0678232998,-0.5664556962,2.3638941399,-0.7500308204,0.265,0.100124922,-0.0319806504,2.0702421005,0.4811943937,0.465,0.1025914226,-0.333813987,2.9517831653,-1.0321597421,0.465,0.1025914226,-0.333813987,2.9517831653,-1.0321597421
