Instance,INF_avg,INF_sd,INF_r1,INF_kr,INF_sk,SUP_avg,SUP_sd,SUP_r1,SUP_kr,SUP_sk,INC_avg,INC_sd,INC_r1,INC_kr,INC_sk,IND_avg,IND_sd,IND_r1,IND_kr,IND_sk
142,0.262,0.1354843164,-0.0806054751,2.7159861134,0.2281734552,0.232,0.1325745074,-0.1005501612,4.8738613854,1.1243735396,0.506,0.1454785208,0.0947505345,3.6180429061,-0.1237997604,0.506,0.1454785208,0.0947505345,3.6180429061,-0.1237997604
