Instance,INF_avg,INF_sd,INF_r1,INF_kr,INF_sk,SUP_avg,SUP_sd,SUP_r1,SUP_kr,SUP_sk,INC_avg,INC_sd,INC_r1,INC_kr,INC_sk,IND_avg,IND_sd,IND_r1,IND_kr,IND_sk
104,0.242,0.1429545382,-0.0200273666,2.9900855421,0.346056495,0.254,0.1329812017,0.2805673836,2.7380975758,0.2201561866,0.504,0.1399428455,0.1053601597,2.6693939831,0.2353201583,0.504,0.1399428455,0.1053601597,2.6693939831,0.2353201583
