Instance,INF_avg,INF_sd,INF_r1,INF_kr,INF_sk,SUP_avg,SUP_sd,SUP_r1,SUP_kr,SUP_sk,INC_avg,INC_sd,INC_r1,INC_kr,INC_sk,IND_avg,IND_sd,IND_r1,IND_kr,IND_sk
164,0.3023809524,0.1005652956,0.1114775173,3.6238902351,-0.6621494881,0.2142857143,0.0952976005,0.1021846371,2.9108067163,-0.2054895866,0.4833333333,0.1294064594,0.2875924404,4.309101323,0.5011335701,0.4833333333,0.1294064594,0.2875924404,4.309101323,0.5011335701
