Instance,INF_avg,INF_sd,INF_r1,INF_kr,INF_sk,SUP_avg,SUP_sd,SUP_r1,SUP_kr,SUP_sk,INC_avg,INC_sd,INC_r1,INC_kr,INC_sk,IND_avg,IND_sd,IND_r1,IND_kr,IND_sk
252,0.274,0.0813879598,-0.0992942204,2.6338829378,-0.1312375866,0.25,0.0979795897,-0.1368421053,2.2135416667,0.0637887954,0.476,0.1289340917,0.1611033029,2.0831283041,0.5368815048,0.476,0.1289340917,0.1611033029,2.0831283041,0.5368815048
