Instance,INF_avg,INF_sd,INF_r1,INF_kr,INF_sk,SUP_avg,SUP_sd,SUP_r1,SUP_kr,SUP_sk,INC_avg,INC_sd,INC_r1,INC_kr,INC_sk,IND_avg,IND_sd,IND_r1,IND_kr,IND_sk
162,0.4,0.2097617696,-1.1666666667,2.8305785124,-1.1701586323,0.2,0.0894427191,0.0,1.25,-0.0,0.4,0.1897366596,-0.8888888889,1.7592592593,0.3513641845,0.4,0.1897366596,-0.8888888889,1.7592592593,0.3513641845
