Instance,INF_avg,INF_sd,INF_r1,INF_kr,INF_sk,SUP_avg,SUP_sd,SUP_r1,SUP_kr,SUP_sk,INC_avg,INC_sd,INC_r1,INC_kr,INC_sk,IND_avg,IND_sd,IND_r1,IND_kr,IND_sk
31,0.236,0.0511468474,0.2177530086,3.1948629464,-0.3149772187,0.2896,0.0581363914,0.1493087156,2.4826520339,0.1621232441,0.4744,0.0625510991,0.216223436,2.5646266451,-0.1262239133,0.4744,0.0625510991,0.216223436,2.5646266451,-0.1262239133
