Instance,INF_avg,INF_sd,INF_r1,INF_kr,INF_sk,SUP_avg,SUP_sd,SUP_r1,SUP_kr,SUP_sk,INC_avg,INC_sd,INC_r1,INC_kr,INC_sk,IND_avg,IND_sd,IND_r1,IND_kr,IND_sk
134,0.268,0.044,-0.2812160695,2.7543883615,0.6694214876,0.22,0.0268328157,0.3571428571,2.037037037,-0.0,0.512,0.0430813185,-0.0351035104,3.0679250892,-1.2174250404,0.512,0.0430813185,-0.0351035104,3.0679250892,-1.2174250404
