Instance,INF_avg,INF_sd,INF_r1,INF_kr,INF_sk,SUP_avg,SUP_sd,SUP_r1,SUP_kr,SUP_sk,INC_avg,INC_sd,INC_r1,INC_kr,INC_sk,IND_avg,IND_sd,IND_r1,IND_kr,IND_sk
123,0.2444,0.0352227199,0.1965508967,3.3408618541,0.0178121484,0.2644,0.0417209779,-0.1513761128,2.9752046429,-0.3230686221,0.4912,0.0415518953,0.1004506829,4.4533893619,0.5874208946,0.4912,0.0415518953,0.1004506829,4.4533893619,0.5874208946
