Instance,INF_avg,INF_sd,INF_r1,INF_kr,INF_sk,SUP_avg,SUP_sd,SUP_r1,SUP_kr,SUP_sk,INC_avg,INC_sd,INC_r1,INC_kr,INC_sk,IND_avg,IND_sd,IND_r1,IND_kr,IND_sk
169,0.256,0.062289646,0.0216304076,3.4277904134,0.2180700329,0.2988,0.0657765916,0.0570307981,3.7741196322,0.5253144905,0.4452,0.0722562108,0.1629929383,3.3600896484,-0.5313963995,0.4452,0.0722562108,0.1629929383,3.3600896484,-0.5313963995
