Instance,INF_avg,INF_sd,INF_r1,INF_kr,INF_sk,SUP_avg,SUP_sd,SUP_r1,SUP_kr,SUP_sk,INC_avg,INC_sd,INC_r1,INC_kr,INC_sk,IND_avg,IND_sd,IND_r1,IND_kr,IND_sk
197,0.3943235294,0.1022093355,0.8518032825,2.2103726979,0.0765531594,0.0864705882,0.0750757403,0.9031694011,3.1789278832,0.9456732139,0.5192058824,0.0498655719,0.3708786207,3.0746170461,-0.6179461548,0.5192058824,0.0498655719,0.3708786207,3.0746170461,-0.6179461548
