Instance,INF_avg,INF_sd,INF_r1,INF_kr,INF_sk,SUP_avg,SUP_sd,SUP_r1,SUP_kr,SUP_sk,INC_avg,INC_sd,INC_r1,INC_kr,INC_sk,IND_avg,IND_sd,IND_r1,IND_kr,IND_sk
292,0.2578,0.0508444687,-0.0852453883,3.8922071002,0.6403835062,0.2798,0.0412063102,-0.0058022244,2.916120967,0.0640131112,0.4624,0.0476889924,-0.1581165082,3.0807496138,0.5370982977,0.4624,0.0476889924,-0.1581165082,3.0807496138,0.5370982977
