Instance,INF_avg,INF_sd,INF_r1,INF_kr,INF_sk,SUP_avg,SUP_sd,SUP_r1,SUP_kr,SUP_sk,INC_avg,INC_sd,INC_r1,INC_kr,INC_sk,IND_avg,IND_sd,IND_r1,IND_kr,IND_sk
27,0.31,0.0449444101,-0.1691542289,2.9815704343,-0.8789736121,0.181,0.0463573079,-0.620979619,2.176842671,0.1229850621,0.509,0.0454862617,-0.4643418318,3.5731536986,-1.2930677873,0.509,0.0454862617,-0.4643418318,3.5731536986,-1.2930677873
