Instance,INF_avg,INF_sd,INF_r1,INF_kr,INF_sk,SUP_avg,SUP_sd,SUP_r1,SUP_kr,SUP_sk,INC_avg,INC_sd,INC_r1,INC_kr,INC_sk,IND_avg,IND_sd,IND_r1,IND_kr,IND_sk
217,0.4466216216,0.1145440671,0.9131237185,2.0494186047,-0.0193427842,0.0819594595,0.0662092178,0.905179694,3.0472106112,0.9593244746,0.4714189189,0.0631012714,0.6785374272,2.8402513738,-0.3458637517,0.4714189189,0.0631012714,0.6785374272,2.8402513738,-0.3458637517
