Instance,INF_avg,INF_sd,INF_r1,INF_kr,INF_sk,SUP_avg,SUP_sd,SUP_r1,SUP_kr,SUP_sk,INC_avg,INC_sd,INC_r1,INC_kr,INC_sk,IND_avg,IND_sd,IND_r1,IND_kr,IND_sk
91,0.2632,0.0594454372,-0.161040617,3.3563083019,0.0615194351,0.256,0.0601331855,0.1418080642,2.4755070875,0.2609252338,0.4808,0.0672856597,-0.1901249993,2.8565044125,0.2159163588,0.4808,0.0672856597,-0.1901249993,2.8565044125,0.2159163588
