Instance,INF_avg,INF_sd,INF_r1,INF_kr,INF_sk,SUP_avg,SUP_sd,SUP_r1,SUP_kr,SUP_sk,INC_avg,INC_sd,INC_r1,INC_kr,INC_sk,IND_avg,IND_sd,IND_r1,IND_kr,IND_sk
24,0.29,0.05,-0.0049751244,2.04448,0.384,0.252,0.0627375486,0.1235392321,2.5547293278,0.5271670871,0.458,0.066,-0.1255881288,2.7927130053,0.3719843059,0.458,0.066,-0.1255881288,2.7927130053,0.3719843059
