Instance,INF_avg,INF_sd,INF_r1,INF_kr,INF_sk,SUP_avg,SUP_sd,SUP_r1,SUP_kr,SUP_sk,INC_avg,INC_sd,INC_r1,INC_kr,INC_sk,IND_avg,IND_sd,IND_r1,IND_kr,IND_sk
269,0.262,0.0790948797,-0.0041560185,2.6242682217,-0.2161281389,0.264,0.0922171351,0.3156778859,2.4926838701,0.4655460875,0.474,0.0970772888,0.0431245763,2.2470519225,0.0630131701,0.474,0.0970772888,0.0431245763,2.2470519225,0.0630131701
