Instance,INF_avg,INF_sd,INF_r1,INF_kr,INF_sk,SUP_avg,SUP_sd,SUP_r1,SUP_kr,SUP_sk,INC_avg,INC_sd,INC_r1,INC_kr,INC_sk,IND_avg,IND_sd,IND_r1,IND_kr,IND_sk
255,0.3,0.1469693846,-0.1320754717,2.0061728395,-0.2268046058,0.248,0.1769067551,-0.1521198584,3.212205327,0.4665034261,0.452,0.1472956211,-0.1013607661,2.0455856632,0.1110282993,0.452,0.1472956211,-0.1013607661,2.0455856632,0.1110282993
