Instance,INF_avg,INF_sd,INF_r1,INF_kr,INF_sk,SUP_avg,SUP_sd,SUP_r1,SUP_kr,SUP_sk,INC_avg,INC_sd,INC_r1,INC_kr,INC_sk,IND_avg,IND_sd,IND_r1,IND_kr,IND_sk
21,0.255,0.0756637298,-0.3940648723,3.2031616483,-0.1696774398,0.245,0.085,-0.0725893824,1.7425198453,-0.0879299817,0.5,0.1341640786,-0.1071428571,1.7361111111,0.1552824984,0.5,0.1341640786,-0.1071428571,1.7361111111,0.1552824984
