Instance,INF_avg,INF_sd,INF_r1,INF_kr,INF_sk,SUP_avg,SUP_sd,SUP_r1,SUP_kr,SUP_sk,INC_avg,INC_sd,INC_r1,INC_kr,INC_sk,IND_avg,IND_sd,IND_r1,IND_kr,IND_sk
152,0.2326,0.032283742,0.0068231481,3.0412410661,0.2626636852,0.3014,0.030968371,0.0634354203,2.877426058,0.0553634066,0.466,0.0320312348,-0.056635672,2.1501715628,-0.2891914085,0.466,0.0320312348,-0.056635672,2.1501715628,-0.2891914085
