Instance,INF_avg,INF_sd,INF_r1,INF_kr,INF_sk,SUP_avg,SUP_sd,SUP_r1,SUP_kr,SUP_sk,INC_avg,INC_sd,INC_r1,INC_kr,INC_sk,IND_avg,IND_sd,IND_r1,IND_kr,IND_sk
66,0.2534,0.0352340744,-0.1060716317,1.7075693073,0.2273155717,0.2782,0.0308181765,0.2090253198,2.5151496849,0.0765133532,0.4684,0.0433294357,0.1822566368,2.1954422817,-0.3207707457,0.4684,0.0433294357,0.1822566368,2.1954422817,-0.3207707457
