Instance,INF_avg,INF_sd,INF_r1,INF_kr,INF_sk,SUP_avg,SUP_sd,SUP_r1,SUP_kr,SUP_sk,INC_avg,INC_sd,INC_r1,INC_kr,INC_sk,IND_avg,IND_sd,IND_r1,IND_kr,IND_sk
2,0.308,0.0305614136,-0.0314468103,2.6692932702,-0.5103635133,0.1994,0.0281183214,0.1355292499,2.9539927636,-0.1741509698,0.4926,0.0365819628,0.2546019872,2.6109759807,0.2884081996,0.4926,0.0365819628,0.2546019872,2.6109759807,0.2884081996
