Instance,INF_avg,INF_sd,INF_r1,INF_kr,INF_sk,SUP_avg,SUP_sd,SUP_r1,SUP_kr,SUP_sk,INC_avg,INC_sd,INC_r1,INC_kr,INC_sk,IND_avg,IND_sd,IND_r1,IND_kr,IND_sk
165,0.242,0.0231516738,-0.6787439614,1.3968589886,-0.2436882574,0.26,0.0176068169,-0.4782608696,2.1253902185,-0.577122509,0.498,0.0102956301,-0.2435233161,2.2821288715,-0.6927284075,0.498,0.0102956301,-0.2435233161,2.2821288715,-0.6927284075
