Instance,INF_avg,INF_sd,INF_r1,INF_kr,INF_sk,SUP_avg,SUP_sd,SUP_r1,SUP_kr,SUP_sk,INC_avg,INC_sd,INC_r1,INC_kr,INC_sk,IND_avg,IND_sd,IND_r1,IND_kr,IND_sk
285,0.2684,0.027412406,0.5334015452,2.4349710092,-0.2417129754,0.2612,0.0400819161,0.2954920306,2.7539521187,-0.073537034,0.4704,0.0341150993,-0.0614232138,3.9952242844,0.1252584934,0.4704,0.0341150993,-0.0614232138,3.9952242844,0.1252584934
