Instance,INF_avg,INF_sd,INF_r1,INF_kr,INF_sk,SUP_avg,SUP_sd,SUP_r1,SUP_kr,SUP_sk,INC_avg,INC_sd,INC_r1,INC_kr,INC_sk,IND_avg,IND_sd,IND_r1,IND_kr,IND_sk
57,0.248,0.1389100428,0.1504833999,3.1763632088,0.6009472767,0.256,0.1227354879,-0.1737126679,2.3390539892,0.0722769817,0.496,0.1555120574,0.0368523118,3.0625867686,-0.5396915789,0.496,0.1555120574,0.0368523118,3.0625867686,-0.5396915789
