Instance,INF_avg,INF_sd,INF_r1,INF_kr,INF_sk,SUP_avg,SUP_sd,SUP_r1,SUP_kr,SUP_sk,INC_avg,INC_sd,INC_r1,INC_kr,INC_sk,IND_avg,IND_sd,IND_r1,IND_kr,IND_sk
69,0.2526,0.0292273844,-0.0178005856,2.6804446152,-0.1003575857,0.2544,0.0333262659,0.1508082074,2.6283053311,-0.1238908502,0.493,0.0394968353,0.0274590488,2.6155276134,0.3674101569,0.493,0.0394968353,0.0274590488,2.6155276134,0.3674101569
