Instance,INF_avg,INF_sd,INF_r1,INF_kr,INF_sk,SUP_avg,SUP_sd,SUP_r1,SUP_kr,SUP_sk,INC_avg,INC_sd,INC_r1,INC_kr,INC_sk,IND_avg,IND_sd,IND_r1,IND_kr,IND_sk
216,0.2632,0.0616259686,0.1791809343,2.4885208476,0.2679395187,0.2208,0.0675230331,0.2849856198,2.6941805873,0.4893657351,0.516,0.0695125888,0.2459885776,2.6879303539,0.4710185943,0.516,0.0695125888,0.2459885776,2.6879303539,0.4710185943
