Instance,INF_avg,INF_sd,INF_r1,INF_kr,INF_sk,SUP_avg,SUP_sd,SUP_r1,SUP_kr,SUP_sk,INC_avg,INC_sd,INC_r1,INC_kr,INC_sk,IND_avg,IND_sd,IND_r1,IND_kr,IND_sk
249,0.2666,0.0442655622,0.4839423394,1.7086143465,0.1147231241,0.2536,0.0389235147,0.2928653328,2.0983908187,0.3779999031,0.4798,0.0300825531,0.0381536917,3.2447325889,-0.0011760424,0.4798,0.0300825531,0.0381536917,3.2447325889,-0.0011760424
