Instance,INF_avg,INF_sd,INF_r1,INF_kr,INF_sk,SUP_avg,SUP_sd,SUP_r1,SUP_kr,SUP_sk,INC_avg,INC_sd,INC_r1,INC_kr,INC_sk,IND_avg,IND_sd,IND_r1,IND_kr,IND_sk
254,0.3359375,0.1180799352,-0.131434356,2.6218789821,-0.3172339205,0.190625,0.0971769488,-0.118466003,3.3194498064,0.4946386703,0.4734375,0.1218249096,-0.1839652502,2.849874281,-0.0333567442,0.4734375,0.1218249096,-0.1839652502,2.849874281,-0.0333567442
