Instance,INF_avg,INF_sd,INF_r1,INF_kr,INF_sk,SUP_avg,SUP_sd,SUP_r1,SUP_kr,SUP_sk,INC_avg,INC_sd,INC_r1,INC_kr,INC_sk,IND_avg,IND_sd,IND_r1,IND_kr,IND_sk
78,0.267,0.1319507484,-0.0536140289,3.1123314174,0.3872325836,0.282,0.1244025723,0.0147163042,2.5923307926,0.0942919637,0.451,0.1452549483,-0.1387905759,2.676488718,-0.0296267133,0.451,0.1452549483,-0.1387905759,2.676488718,-0.0296267133
