Instance,INF_avg,INF_sd,INF_r1,INF_kr,INF_sk,SUP_avg,SUP_sd,SUP_r1,SUP_kr,SUP_sk,INC_avg,INC_sd,INC_r1,INC_kr,INC_sk,IND_avg,IND_sd,IND_r1,IND_kr,IND_sk
147,0.2605,0.1047127022,-0.0135439707,3.1735686483,0.2566764874,0.2335,0.0888974128,-0.0864835597,2.6401501013,0.4190946458,0.506,0.1223274295,0.0380918065,3.2880129097,0.205097203,0.506,0.1223274295,0.0380918065,3.2880129097,0.205097203
