Instance,INF_avg,INF_sd,INF_r1,INF_kr,INF_sk,SUP_avg,SUP_sd,SUP_r1,SUP_kr,SUP_sk,INC_avg,INC_sd,INC_r1,INC_kr,INC_sk,IND_avg,IND_sd,IND_r1,IND_kr,IND_sk
167,0.3123,0.0408559665,0.2702609945,3.3846185664,0.2448456384,0.2214,0.0393069968,0.5708581081,3.3520804653,0.5158510262,0.4663,0.0384552987,0.2654681322,3.1681785552,-0.2702228723,0.4663,0.0384552987,0.2654681322,3.1681785552,-0.2702228723
