Instance,INF_avg,INF_sd,INF_r1,INF_kr,INF_sk,SUP_avg,SUP_sd,SUP_r1,SUP_kr,SUP_sk,INC_avg,INC_sd,INC_r1,INC_kr,INC_sk,IND_avg,IND_sd,IND_r1,IND_kr,IND_sk
133,0.2784,0.0647258835,0.2723467202,2.7877614614,0.2700693397,0.2184,0.0518212312,-0.0393212674,2.7250436432,0.2950084787,0.5032,0.0644186308,0.0804150934,2.3443254805,0.3296757579,0.5032,0.0644186308,0.0804150934,2.3443254805,0.3296757579
