Instance,INF_avg,INF_sd,INF_r1,INF_kr,INF_sk,SUP_avg,SUP_sd,SUP_r1,SUP_kr,SUP_sk,INC_avg,INC_sd,INC_r1,INC_kr,INC_sk,IND_avg,IND_sd,IND_r1,IND_kr,IND_sk
295,0.4259493671,0.1080976936,0.8990412516,2.0103040799,-0.0833484976,0.0857721519,0.0757400533,0.9309526079,2.7508437684,0.9482081911,0.488278481,0.0532567074,0.5660405281,2.8861127067,-0.3821245211,0.488278481,0.0532567074,0.5660405281,2.8861127067,-0.3821245211
