Instance,INF_avg,INF_sd,INF_r1,INF_kr,INF_sk,SUP_avg,SUP_sd,SUP_r1,SUP_kr,SUP_sk,INC_avg,INC_sd,INC_r1,INC_kr,INC_sk,IND_avg,IND_sd,IND_r1,IND_kr,IND_sk
130,0.3295454545,0.1378891937,0.4854946169,2.3617787059,-0.0913442977,0.2045454545,0.0987525499,0.8328747458,2.3758707986,-0.0909847583,0.4659090909,0.1121954095,0.0784434574,2.9841423655,-0.3759448066,0.4659090909,0.1121954095,0.0784434574,2.9841423655,-0.3759448066
