Instance,INF_avg,INF_sd,INF_r1,INF_kr,INF_sk,SUP_avg,SUP_sd,SUP_r1,SUP_kr,SUP_sk,INC_avg,INC_sd,INC_r1,INC_kr,INC_sk,IND_avg,IND_sd,IND_r1,IND_kr,IND_sk
30,0.25105,0.0335432184,0.2810092311,2.987790901,0.2270968505,0.27285,0.0415406728,0.4583057119,2.6599094182,-0.0345059379,0.4761,0.0378456074,0.1714762557,2.9535409594,0.1980340694,0.4761,0.0378456074,0.1714762557,2.9535409594,0.1980340694
