Instance,INF_avg,INF_sd,INF_r1,INF_kr,INF_sk,SUP_avg,SUP_sd,SUP_r1,SUP_kr,SUP_sk,INC_avg,INC_sd,INC_r1,INC_kr,INC_sk,IND_avg,IND_sd,IND_r1,IND_kr,IND_sk
92,0.2472,0.0724165727,0.0738558819,2.4366228133,0.3706324486,0.2232,0.058972536,-0.2546564189,2.9019963726,-0.4281938062,0.5296,0.0744301014,-0.2236225088,2.6297628113,0.230222578,0.5296,0.0744301014,-0.2236225088,2.6297628113,0.230222578
