Instance,INF_avg,INF_sd,INF_r1,INF_kr,INF_sk,SUP_avg,SUP_sd,SUP_r1,SUP_kr,SUP_sk,INC_avg,INC_sd,INC_r1,INC_kr,INC_sk,IND_avg,IND_sd,IND_r1,IND_kr,IND_sk
281,0.2388888889,0.1112499133,-0.0620354922,3.8043606694,1.127768227,0.2111111111,0.099380799,-0.2594995366,2.416875,-0.2236067977,0.55,0.15,-0.2920353982,2.8436213992,0.2962962963,0.55,0.15,-0.2920353982,2.8436213992,0.2962962963
