Instance,INF_avg,INF_sd,INF_r1,INF_kr,INF_sk,SUP_avg,SUP_sd,SUP_r1,SUP_kr,SUP_sk,INC_avg,INC_sd,INC_r1,INC_kr,INC_sk,IND_avg,IND_sd,IND_r1,IND_kr,IND_sk
100,0.235,0.0593717104,-0.2134189864,6.0387807454,2.028331861,0.24,0.0969535971,-0.1767838126,1.67971933,-0.5398502693,0.525,0.081394103,-0.0476190476,2.9138483446,1.1126854946,0.525,0.081394103,-0.0476190476,2.9138483446,1.1126854946
