Instance,INF_avg,INF_sd,INF_r1,INF_kr,INF_sk,SUP_avg,SUP_sd,SUP_r1,SUP_kr,SUP_sk,INC_avg,INC_sd,INC_r1,INC_kr,INC_sk,IND_avg,IND_sd,IND_r1,IND_kr,IND_sk
235,0.3893548387,0.103407602,0.6630956507,2.4460669366,-0.2372465122,0.1348387097,0.0880568353,0.760383401,2.8972020951,0.8249880867,0.4758064516,0.0675981577,-0.0149572526,2.7668963309,0.1909430481,0.4758064516,0.0675981577,-0.0149572526,2.7668963309,0.1909430481
