Instance,INF_avg,INF_sd,INF_r1,INF_kr,INF_sk,SUP_avg,SUP_sd,SUP_r1,SUP_kr,SUP_sk,INC_avg,INC_sd,INC_r1,INC_kr,INC_sk,IND_avg,IND_sd,IND_r1,IND_kr,IND_sk
27,0.2338,0.0345913284,-0.0292483251,2.5155884926,-0.0274375342,0.3391,0.0506131406,0.2622535302,2.5328932844,-0.1388699514,0.4271,0.0384069004,0.0698638152,3.2349236781,0.358585501,0.4271,0.0384069004,0.0698638152,3.2349236781,0.358585501
