Instance,INF_avg,INF_sd,INF_r1,INF_kr,INF_sk,SUP_avg,SUP_sd,SUP_r1,SUP_kr,SUP_sk,INC_avg,INC_sd,INC_r1,INC_kr,INC_sk,IND_avg,IND_sd,IND_r1,IND_kr,IND_sk
137,0.284,0.0149666295,0.5588235294,1.8469387755,-0.3436215967,0.164,0.0407921561,-0.2301587302,1.9556213018,-0.2715454179,0.552,0.037094474,-0.6314553991,1.509194159,-0.1579875514,0.552,0.037094474,-0.6314553991,1.509194159,-0.1579875514
