Instance,INF_avg,INF_sd,INF_r1,INF_kr,INF_sk,SUP_avg,SUP_sd,SUP_r1,SUP_kr,SUP_sk,INC_avg,INC_sd,INC_r1,INC_kr,INC_sk,IND_avg,IND_sd,IND_r1,IND_kr,IND_sk
81,0.268,0.1624068964,-0.0037260447,2.3242421558,0.2299126471,0.216,0.1361763562,-0.1413142328,2.5433301,0.3270133957,0.516,0.1747684182,0.0283280455,2.9550498439,0.0355540465,0.516,0.1747684182,0.0283280455,2.9550498439,0.0355540465
