Instance,INF_avg,INF_sd,INF_r1,INF_kr,INF_sk,SUP_avg,SUP_sd,SUP_r1,SUP_kr,SUP_sk,INC_avg,INC_sd,INC_r1,INC_kr,INC_sk,IND_avg,IND_sd,IND_r1,IND_kr,IND_sk
217,0.31,0.0987420883,-0.0391411547,2.9233925049,0.204105934,0.2045,0.0842896791,0.0214366221,3.3129522701,0.3218543302,0.4855,0.1147377444,-0.0761740621,2.6444420293,-0.4819846252,0.4855,0.1147377444,-0.0761740621,2.6444420293,-0.4819846252
