Instance,INF_avg,INF_sd,INF_r1,INF_kr,INF_sk,SUP_avg,SUP_sd,SUP_r1,SUP_kr,SUP_sk,INC_avg,INC_sd,INC_r1,INC_kr,INC_sk,IND_avg,IND_sd,IND_r1,IND_kr,IND_sk
233,0.2672,0.0499215384,0.0537351602,2.306502517,-0.0730144224,0.2256,0.0631240049,-0.0552978135,2.157840157,0.4367033309,0.5072,0.073512992,0.2789680942,2.2554562385,0.3745932471,0.5072,0.073512992,0.2789680942,2.2554562385,0.3745932471
