Instance,INF_avg,INF_sd,INF_r1,INF_kr,INF_sk,SUP_avg,SUP_sd,SUP_r1,SUP_kr,SUP_sk,INC_avg,INC_sd,INC_r1,INC_kr,INC_sk,IND_avg,IND_sd,IND_r1,IND_kr,IND_sk
244,0.247,0.1486304141,0.1977486197,2.4674648649,0.3323834548,0.24,0.1341640786,0.0417883622,3.8459259259,0.7105727128,0.513,0.1671257012,-0.059510736,2.9397870636,0.2438939453,0.513,0.1671257012,-0.059510736,2.9397870636,0.2438939453
