Instance,INF_avg,INF_sd,INF_r1,INF_kr,INF_sk,SUP_avg,SUP_sd,SUP_r1,SUP_kr,SUP_sk,INC_avg,INC_sd,INC_r1,INC_kr,INC_sk,IND_avg,IND_sd,IND_r1,IND_kr,IND_sk
67,0.2686,0.0243524126,-0.1609099084,3.0468226244,-0.4134819762,0.2098,0.026018455,-0.1965670148,2.068355906,-0.0487590926,0.5216,0.0297227186,0.2219858032,2.770220166,0.336861591,0.5216,0.0297227186,0.2219858032,2.770220166,0.336861591
