Instance,INF_avg,INF_sd,INF_r1,INF_kr,INF_sk,SUP_avg,SUP_sd,SUP_r1,SUP_kr,SUP_sk,INC_avg,INC_sd,INC_r1,INC_kr,INC_sk,IND_avg,IND_sd,IND_r1,IND_kr,IND_sk
114,0.3921671827,0.0903147741,0.8636023843,2.0913318511,-0.0539837407,0.0991795666,0.069393828,0.9087820465,2.721234246,0.8263103848,0.5086532508,0.0432516992,0.3699494517,2.4701481752,-0.1095802226,0.5086532508,0.0432516992,0.3699494517,2.4701481752,-0.1095802226
