Instance,INF_avg,INF_sd,INF_r1,INF_kr,INF_sk,SUP_avg,SUP_sd,SUP_r1,SUP_kr,SUP_sk,INC_avg,INC_sd,INC_r1,INC_kr,INC_sk,IND_avg,IND_sd,IND_r1,IND_kr,IND_sk
298,0.2,0.1414213562,-0.5,1.7,-0.0,0.26,0.1356465997,-0.5044247788,2.3638941399,0.7500308204,0.54,0.1743559577,-1.0974576271,1.7957063712,0.0543353054,0.54,0.1743559577,-1.0974576271,1.7957063712,0.0543353054
