Instance,INF_avg,INF_sd,INF_r1,INF_kr,INF_sk,SUP_avg,SUP_sd,SUP_r1,SUP_kr,SUP_sk,INC_avg,INC_sd,INC_r1,INC_kr,INC_sk,IND_avg,IND_sd,IND_r1,IND_kr,IND_sk
119,0.34,0.066633325,0.2233502538,1.9211102995,0.0162243304,0.14,0.0657267069,0.0958083832,5.5864197531,0.8452508603,0.52,0.0651152824,-0.1105769231,2.2196511214,-0.6084998799,0.52,0.0651152824,-0.1105769231,2.2196511214,-0.6084998799
