Instance,INF_avg,INF_sd,INF_r1,INF_kr,INF_sk,SUP_avg,SUP_sd,SUP_r1,SUP_kr,SUP_sk,INC_avg,INC_sd,INC_r1,INC_kr,INC_sk,IND_avg,IND_sd,IND_r1,IND_kr,IND_sk
168,0.26,0.0296647939,0.2380952381,3.4297520661,-0.0,0.242,0.0787146746,-0.0469958358,1.9027653152,0.0828678775,0.498,0.0792212093,-0.1798774328,2.0016634434,0.0162190763,0.498,0.0792212093,-0.1798774328,2.0016634434,0.0162190763
