Instance,INF_avg,INF_sd,INF_r1,INF_kr,INF_sk,SUP_avg,SUP_sd,SUP_r1,SUP_kr,SUP_sk,INC_avg,INC_sd,INC_r1,INC_kr,INC_sk,IND_avg,IND_sd,IND_r1,IND_kr,IND_sk
154,0.238,0.0227156334,-0.8678739101,1.7627095727,-0.008190241,0.276,0.0481040539,-0.5114269253,2.7526935739,-1.125369425,0.486,0.0329241553,-0.4513747924,2.5545437834,0.7417248524,0.486,0.0329241553,-0.4513747924,2.5545437834,0.7417248524
