Instance,INF_avg,INF_sd,INF_r1,INF_kr,INF_sk,SUP_avg,SUP_sd,SUP_r1,SUP_kr,SUP_sk,INC_avg,INC_sd,INC_r1,INC_kr,INC_sk,IND_avg,IND_sd,IND_r1,IND_kr,IND_sk
131,0.2224,0.0778346966,0.1500049602,4.6630216458,1.0251633869,0.2216,0.055402527,0.0886169598,2.0108435859,-0.1619326178,0.556,0.093978721,0.0386744701,2.6118462508,-0.5912531773,0.556,0.093978721,0.0386744701,2.6118462508,-0.5912531773
