Instance,INF_avg,INF_sd,INF_r1,INF_kr,INF_sk,SUP_avg,SUP_sd,SUP_r1,SUP_kr,SUP_sk,INC_avg,INC_sd,INC_r1,INC_kr,INC_sk,IND_avg,IND_sd,IND_r1,IND_kr,IND_sk
258,0.264,0.0428485706,0.1571858245,3.2237316132,0.3618152897,0.277,0.034190642,0.2688316845,2.8247030319,0.1783388346,0.459,0.0496487663,0.2013659126,2.5638867883,0.1939465899,0.459,0.0496487663,0.2013659126,2.5638867883,0.1939465899
