Instance,INF_avg,INF_sd,INF_r1,INF_kr,INF_sk,SUP_avg,SUP_sd,SUP_r1,SUP_kr,SUP_sk,INC_avg,INC_sd,INC_r1,INC_kr,INC_sk,IND_avg,IND_sd,IND_r1,IND_kr,IND_sk
178,0.2704,0.0495967741,0.0731092371,2.1250820169,-0.2481298365,0.2648,0.0395089863,-0.1734248003,1.822150005,-0.1055328441,0.4648,0.0420590062,0.2429996038,3.2595545359,-0.4761193942,0.4648,0.0420590062,0.2429996038,3.2595545359,-0.4761193942
