Instance,INF_avg,INF_sd,INF_r1,INF_kr,INF_sk,SUP_avg,SUP_sd,SUP_r1,SUP_kr,SUP_sk,INC_avg,INC_sd,INC_r1,INC_kr,INC_sk,IND_avg,IND_sd,IND_r1,IND_kr,IND_sk
43,0.252,0.1024499878,0.2498835739,2.5145862768,0.1134699989,0.262,0.0972419662,0.0552620886,2.4768760683,-0.2415869063,0.486,0.1063202709,-0.0533729137,2.123320306,-0.0311920593,0.486,0.1063202709,-0.0533729137,2.123320306,-0.0311920593
