Instance,INF_avg,INF_sd,INF_r1,INF_kr,INF_sk,SUP_avg,SUP_sd,SUP_r1,SUP_kr,SUP_sk,INC_avg,INC_sd,INC_r1,INC_kr,INC_sk,IND_avg,IND_sd,IND_r1,IND_kr,IND_sk
295,0.2352,0.0626814167,-0.0615108132,2.8361139546,-0.1128520339,0.2446,0.067459914,-0.0369925023,2.4123125451,0.0512739712,0.5202,0.0761312025,-0.1325857528,3.2289661297,0.0619200117,0.5202,0.0761312025,-0.1325857528,3.2289661297,0.0619200117
