Instance,INF_avg,INF_sd,INF_r1,INF_kr,INF_sk,SUP_avg,SUP_sd,SUP_r1,SUP_kr,SUP_sk,INC_avg,INC_sd,INC_r1,INC_kr,INC_sk,IND_avg,IND_sd,IND_r1,IND_kr,IND_sk
24,0.26,0.137113092,0.1382657463,2.3544590312,0.0465526569,0.25,0.1252996409,-0.1419457735,3.2141263337,0.5490024428,0.49,0.1652271164,0.0985687479,3.0377571147,0.2128272642,0.49,0.1652271164,0.0985687479,3.0377571147,0.2128272642
