Instance,INF_avg,INF_sd,INF_r1,INF_kr,INF_sk,SUP_avg,SUP_sd,SUP_r1,SUP_kr,SUP_sk,INC_avg,INC_sd,INC_r1,INC_kr,INC_sk,IND_avg,IND_sd,IND_r1,IND_kr,IND_sk
168,0.323,0.1073359213,0.1210974118,3.0278893847,0.0670247862,0.2,0.0916515139,0.2776119403,2.7210884354,0.2338048824,0.477,0.1132298547,0.1250192147,2.7351486504,0.4076653992,0.477,0.1132298547,0.1250192147,2.7351486504,0.4076653992
