Instance,INF_avg,INF_sd,INF_r1,INF_kr,INF_sk,SUP_avg,SUP_sd,SUP_r1,SUP_kr,SUP_sk,INC_avg,INC_sd,INC_r1,INC_kr,INC_sk,IND_avg,IND_sd,IND_r1,IND_kr,IND_sk
38,0.4605769231,0.1057284887,0.7735485516,2.2639921337,0.2495181872,0.0973076923,0.0877302549,0.8840703706,2.9008656799,1.0134403516,0.4421153846,0.0640113133,0.5155324699,3.4651401893,0.1998978069,0.4421153846,0.0640113133,0.5155324699,3.4651401893,0.1998978069
