Instance,INF_avg,INF_sd,INF_r1,INF_kr,INF_sk,SUP_avg,SUP_sd,SUP_r1,SUP_kr,SUP_sk,INC_avg,INC_sd,INC_r1,INC_kr,INC_sk,IND_avg,IND_sd,IND_r1,IND_kr,IND_sk
191,0.304,0.1611955334,0.0444344254,2.9671051833,0.4507880776,0.252,0.1499866661,0.0359052057,2.6991323509,0.1393011453,0.444,0.135882302,-0.1535365363,6.1582965137,1.0831578032,0.444,0.135882302,-0.1535365363,6.1582965137,1.0831578032
