Instance,INF_avg,INF_sd,INF_r1,INF_kr,INF_sk,SUP_avg,SUP_sd,SUP_r1,SUP_kr,SUP_sk,INC_avg,INC_sd,INC_r1,INC_kr,INC_sk,IND_avg,IND_sd,IND_r1,IND_kr,IND_sk
128,0.2606,0.032351816,0.0801877178,2.8066870099,-0.4095947829,0.2204,0.0242454119,-0.1577817717,3.6667772981,0.4542756008,0.519,0.0424028301,-0.0074109436,2.3862028134,-0.1802196748,0.519,0.0424028301,-0.0074109436,2.3862028134,-0.1802196748
