Instance,INF_avg,INF_sd,INF_r1,INF_kr,INF_sk,SUP_avg,SUP_sd,SUP_r1,SUP_kr,SUP_sk,INC_avg,INC_sd,INC_r1,INC_kr,INC_sk,IND_avg,IND_sd,IND_r1,IND_kr,IND_sk
84,0.28,0.1288409873,0.0393343419,1.984395413,0.7265891066,0.27,0.0871779789,-0.4690026954,1.7957063712,0.0543353054,0.45,0.1048808848,-0.1111111111,1.3429752066,0.3900528774,0.45,0.1048808848,-0.1111111111,1.3429752066,0.3900528774
