Instance,INF_avg,INF_sd,INF_r1,INF_kr,INF_sk,SUP_avg,SUP_sd,SUP_r1,SUP_kr,SUP_sk,INC_avg,INC_sd,INC_r1,INC_kr,INC_sk,IND_avg,IND_sd,IND_r1,IND_kr,IND_sk
239,0.18,0.081240384,0.0425531915,1.8553719008,0.1007112199,0.27,0.0556776436,-0.0536398467,1.6305931322,0.0347623165,0.55,0.0894427191,-0.1875,3.4765625,-0.5240784322,0.55,0.0894427191,-0.1875,3.4765625,-0.5240784322
