Instance,INF_avg,INF_sd,INF_r1,INF_kr,INF_sk,SUP_avg,SUP_sd,SUP_r1,SUP_kr,SUP_sk,INC_avg,INC_sd,INC_r1,INC_kr,INC_sk,IND_avg,IND_sd,IND_r1,IND_kr,IND_sk
225,0.24,0.1743559577,-0.6587677725,1.7957063712,0.0543353054,0.16,0.1356465997,0.0271493213,2.3638941399,0.7500308204,0.6,0.2097617696,0.1666666667,2.8305785124,1.1701586323,0.6,0.2097617696,0.1666666667,2.8305785124,1.1701586323
