Instance,INF_avg,INF_sd,INF_r1,INF_kr,INF_sk,SUP_avg,SUP_sd,SUP_r1,SUP_kr,SUP_sk,INC_avg,INC_sd,INC_r1,INC_kr,INC_sk,IND_avg,IND_sd,IND_r1,IND_kr,IND_sk
42,0.374137931,0.1071742777,0.2516795188,2.1702038566,0.2022645223,0.1689655172,0.0894560122,0.2295074784,3.281100901,0.5767469545,0.4568965517,0.1135053834,0.2565707935,1.743183772,0.0768818946,0.4568965517,0.1135053834,0.2565707935,1.743183772,0.0768818946
