Instance,INF_avg,INF_sd,INF_r1,INF_kr,INF_sk,SUP_avg,SUP_sd,SUP_r1,SUP_kr,SUP_sk,INC_avg,INC_sd,INC_r1,INC_kr,INC_sk,IND_avg,IND_sd,IND_r1,IND_kr,IND_sk
67,0.238,0.0404474968,0.3413357956,2.6964030583,0.8617528513,0.22,0.0764198927,0.4876033058,1.4589979358,0.0322658582,0.542,0.0653911309,0.3082251927,1.9680554377,0.5977415692,0.542,0.0653911309,0.3082251927,1.9680554377,0.5977415692
