Instance,INF_avg,INF_sd,INF_r1,INF_kr,INF_sk,SUP_avg,SUP_sd,SUP_r1,SUP_kr,SUP_sk,INC_avg,INC_sd,INC_r1,INC_kr,INC_sk,IND_avg,IND_sd,IND_r1,IND_kr,IND_sk
210,0.2435,0.0929125933,0.1134198743,2.5952416728,0.2834630935,0.2205,0.1000237472,0.0314436105,2.8756855231,0.439529548,0.536,0.1189705846,0.0473888803,3.005631567,0.057729938,0.536,0.1189705846,0.0473888803,3.005631567,0.057729938
