Instance,INF_avg,INF_sd,INF_r1,INF_kr,INF_sk,SUP_avg,SUP_sd,SUP_r1,SUP_kr,SUP_sk,INC_avg,INC_sd,INC_r1,INC_kr,INC_sk,IND_avg,IND_sd,IND_r1,IND_kr,IND_sk
213,0.216,0.032,-0.7605633803,2.078125,-0.84375,0.268,0.0545527268,0.0635641317,1.9991328477,-0.3642525115,0.516,0.0708801806,-0.4818355641,1.7075946286,0.0841107259,0.516,0.0708801806,-0.4818355641,1.7075946286,0.0841107259
