Instance,INF_avg,INF_sd,INF_r1,INF_kr,INF_sk,SUP_avg,SUP_sd,SUP_r1,SUP_kr,SUP_sk,INC_avg,INC_sd,INC_r1,INC_kr,INC_sk,IND_avg,IND_sd,IND_r1,IND_kr,IND_sk
223,0.24,0.0657267069,-0.8,2.5,-0.9128709292,0.296,0.0731026675,-0.3452237001,2.1144716555,-0.1838117021,0.464,0.0624819974,-0.2602365787,2.5243886052,1.0736207227,0.464,0.0624819974,-0.2602365787,2.5243886052,1.0736207227
