Instance,INF_avg,INF_sd,INF_r1,INF_kr,INF_sk,SUP_avg,SUP_sd,SUP_r1,SUP_kr,SUP_sk,INC_avg,INC_sd,INC_r1,INC_kr,INC_sk,IND_avg,IND_sd,IND_r1,IND_kr,IND_sk
31,0.258,0.067793805,-0.1304855813,2.4058586533,0.0366647024,0.2408,0.0668083827,-0.0359937941,2.2796833813,0.0552916985,0.5012,0.0829852999,-0.1506872225,2.4266840939,-0.0391846027,0.5012,0.0829852999,-0.1506872225,2.4266840939,-0.0391846027
