Instance,INF_avg,INF_sd,INF_r1,INF_kr,INF_sk,SUP_avg,SUP_sd,SUP_r1,SUP_kr,SUP_sk,INC_avg,INC_sd,INC_r1,INC_kr,INC_sk,IND_avg,IND_sd,IND_r1,IND_kr,IND_sk
5,0.2302,0.0500595645,0.1634705849,2.1462755495,0.1010497588,0.2842,0.048993469,0.3711953943,2.9416402909,0.2559598088,0.4856,0.0477141488,-0.0097479174,2.7753104408,-0.1364581527,0.4856,0.0477141488,-0.0097479174,2.7753104408,-0.1364581527
