Instance,INF_avg,INF_sd,INF_r1,INF_kr,INF_sk,SUP_avg,SUP_sd,SUP_r1,SUP_kr,SUP_sk,INC_avg,INC_sd,INC_r1,INC_kr,INC_sk,IND_avg,IND_sd,IND_r1,IND_kr,IND_sk
280,0.29,0.1577973384,-0.5990357573,2.2789471138,0.6230349258,0.16,0.1019803903,0.0039840637,1.7337278107,0.2941742027,0.55,0.1688194302,-0.4159292035,1.6943674977,-0.1870575403,0.55,0.1688194302,-0.4159292035,1.6943674977,-0.1870575403
