Instance,INF_avg,INF_sd,INF_r1,INF_kr,INF_sk,SUP_avg,SUP_sd,SUP_r1,SUP_kr,SUP_sk,INC_avg,INC_sd,INC_r1,INC_kr,INC_sk,IND_avg,IND_sd,IND_r1,IND_kr,IND_sk
211,0.288,0.0688186021,-0.3559322034,1.9945215486,0.3958703373,0.24,0.055136195,-0.6206896552,1.5027700831,0.1718233224,0.472,0.0574108004,0.006116208,1.7447921576,0.2009026265,0.472,0.0574108004,0.006116208,1.7447921576,0.2009026265
