Instance,INF_avg,INF_sd,INF_r1,INF_kr,INF_sk,SUP_avg,SUP_sd,SUP_r1,SUP_kr,SUP_sk,INC_avg,INC_sd,INC_r1,INC_kr,INC_sk,IND_avg,IND_sd,IND_r1,IND_kr,IND_sk
99,0.275,0.132947358,0.1085956845,2.6422479589,0.2601235896,0.266,0.1250759769,-0.0712318066,2.9774105789,0.3551878445,0.459,0.1503961436,0.0047925015,2.7358875971,-0.0937565488,0.459,0.1503961436,0.0047925015,2.7358875971,-0.0937565488
