Instance,INF_avg,INF_sd,INF_r1,INF_kr,INF_sk,SUP_avg,SUP_sd,SUP_r1,SUP_kr,SUP_sk,INC_avg,INC_sd,INC_r1,INC_kr,INC_sk,IND_avg,IND_sd,IND_r1,IND_kr,IND_sk
223,0.264,0.0806473806,0.0613995933,2.7514989357,0.2270372945,0.246,0.0811418511,-0.24434939,2.4898542658,0.2416002094,0.49,0.1009950494,-0.2687450671,2.5692041522,-0.8328888156,0.49,0.1009950494,-0.2687450671,2.5692041522,-0.8328888156
