Instance,INF_avg,INF_sd,INF_r1,INF_kr,INF_sk,SUP_avg,SUP_sd,SUP_r1,SUP_kr,SUP_sk,INC_avg,INC_sd,INC_r1,INC_kr,INC_sk,IND_avg,IND_sd,IND_r1,IND_kr,IND_sk
43,0.277,0.0283901391,-0.1686537506,2.6261506444,-0.8912506349,0.251,0.0222261108,-0.7114914425,1.9998770673,-0.3786989157,0.472,0.0341467422,-0.0762100927,2.5216188226,-0.8603268316,0.472,0.0341467422,-0.0762100927,2.5216188226,-0.8603268316
