Instance,INF_avg,INF_sd,INF_r1,INF_kr,INF_sk,SUP_avg,SUP_sd,SUP_r1,SUP_kr,SUP_sk,INC_avg,INC_sd,INC_r1,INC_kr,INC_sk,IND_avg,IND_sd,IND_r1,IND_kr,IND_sk
152,0.22,0.1469693846,-0.2615955473,4.6646090535,1.5422713195,0.2,0.1483239697,-0.3888888889,2.4380165289,0.7354907591,0.58,0.2039607805,-0.5067778936,1.8724112426,-0.2941742027,0.58,0.2039607805,-0.5067778936,1.8724112426,-0.2941742027
