Instance,INF_avg,INF_sd,INF_r1,INF_kr,INF_sk,SUP_avg,SUP_sd,SUP_r1,SUP_kr,SUP_sk,INC_avg,INC_sd,INC_r1,INC_kr,INC_sk,IND_avg,IND_sd,IND_r1,IND_kr,IND_sk
142,0.16,0.1356465997,-0.5044247788,2.3638941399,0.7500308204,0.2,0.0894427191,-0.6666666667,1.25,0.0,0.64,0.08,0.1549295775,2.078125,-0.84375,0.64,0.08,0.1549295775,2.078125,-0.84375
