Instance,INF_avg,INF_sd,INF_r1,INF_kr,INF_sk,SUP_avg,SUP_sd,SUP_r1,SUP_kr,SUP_sk,INC_avg,INC_sd,INC_r1,INC_kr,INC_sk,IND_avg,IND_sd,IND_r1,IND_kr,IND_sk
128,0.255,0.0265518361,0.1886120996,2.2747849706,-0.0,0.251,0.0186815417,-0.4788453934,1.7594026322,-0.0533753952,0.494,0.0245764115,-0.0708263069,2.0173238016,-0.5060578561,0.494,0.0245764115,-0.0708263069,2.0173238016,-0.5060578561
