Instance,INF_avg,INF_sd,INF_r1,INF_kr,INF_sk,SUP_avg,SUP_sd,SUP_r1,SUP_kr,SUP_sk,INC_avg,INC_sd,INC_r1,INC_kr,INC_sk,IND_avg,IND_sd,IND_r1,IND_kr,IND_sk
93,0.2414,0.0248,-0.3785032129,2.920509489,0.1081157061,0.2468,0.0339670429,0.0572236887,2.1628481654,-0.1885983879,0.5118,0.0374133666,-0.1029077109,2.9337026053,0.1789289973,0.5118,0.0374133666,-0.1029077109,2.9337026053,0.1789289973
