Instance,INF_avg,INF_sd,INF_r1,INF_kr,INF_sk,SUP_avg,SUP_sd,SUP_r1,SUP_kr,SUP_sk,INC_avg,INC_sd,INC_r1,INC_kr,INC_sk,IND_avg,IND_sd,IND_r1,IND_kr,IND_sk
207,0.23,0.1630950643,-0.4928909953,3.0680366329,1.3608927294,0.28,0.1029563014,-0.641074856,2.2821288715,-0.6927284075,0.49,0.08,-0.0804020101,2.5908203125,-0.55078125,0.49,0.08,-0.0804020101,2.5908203125,-0.55078125
