Instance,INF_avg,INF_sd,INF_r1,INF_kr,INF_sk,SUP_avg,SUP_sd,SUP_r1,SUP_kr,SUP_sk,INC_avg,INC_sd,INC_r1,INC_kr,INC_sk,IND_avg,IND_sd,IND_r1,IND_kr,IND_sk
242,0.265,0.0634428877,-0.133888533,1.9728019752,-0.2819575118,0.295,0.065,-0.459528362,3.1377402752,-1.1797906236,0.44,0.0888819442,0.0126939351,3.4813331197,1.0510314821,0.44,0.0888819442,0.0126939351,3.4813331197,1.0510314821
