Instance,INF_avg,INF_sd,INF_r1,INF_kr,INF_sk,SUP_avg,SUP_sd,SUP_r1,SUP_kr,SUP_sk,INC_avg,INC_sd,INC_r1,INC_kr,INC_sk,IND_avg,IND_sd,IND_r1,IND_kr,IND_sk
30,0.3668421053,0.0814702162,0.3377315332,3.7438626414,0.2547464945,0.1210526316,0.0738344333,0.7207989179,1.9382480666,0.3097517725,0.5121052632,0.0711617096,0.0496894678,2.4662014009,-0.196856954,0.5121052632,0.0711617096,0.0496894678,2.4662014009,-0.196856954
