Instance,INF_avg,INF_sd,INF_r1,INF_kr,INF_sk,SUP_avg,SUP_sd,SUP_r1,SUP_kr,SUP_sk,INC_avg,INC_sd,INC_r1,INC_kr,INC_sk,IND_avg,IND_sd,IND_r1,IND_kr,IND_sk
235,0.2,0.098488578,0.207253886,2.0910830056,-0.1099086055,0.301,0.1031939921,-0.1087121048,3.4436927789,0.4645973638,0.499,0.1151043005,-0.3148352853,3.8724506262,0.2801595223,0.499,0.1151043005,-0.3148352853,3.8724506262,0.2801595223
