Instance,INF_avg,INF_sd,INF_r1,INF_kr,INF_sk,SUP_avg,SUP_sd,SUP_r1,SUP_kr,SUP_sk,INC_avg,INC_sd,INC_r1,INC_kr,INC_sk,IND_avg,IND_sd,IND_r1,IND_kr,IND_sk
155,0.294,0.1528528704,-0.2354749154,2.7250312532,0.4034347074,0.234,0.1320757358,-0.0332428672,2.4538200296,0.3478440319,0.472,0.1732512626,-0.12515512,2.5286789476,-0.1647409513,0.472,0.1732512626,-0.12515512,2.5286789476,-0.1647409513
