Instance,INF_avg,INF_sd,INF_r1,INF_kr,INF_sk,SUP_avg,SUP_sd,SUP_r1,SUP_kr,SUP_sk,INC_avg,INC_sd,INC_r1,INC_kr,INC_sk,IND_avg,IND_sd,IND_r1,IND_kr,IND_sk
27,0.2136,0.0435320572,0.0565973959,3.8507641727,1.0183274453,0.3252,0.061065211,0.4176204889,3.0589796113,-0.3349544361,0.4612,0.0581941578,0.1910001304,5.296763245,1.145570018,0.4612,0.0581941578,0.1910001304,5.296763245,1.145570018
