Instance,INF_avg,INF_sd,INF_r1,INF_kr,INF_sk,SUP_avg,SUP_sd,SUP_r1,SUP_kr,SUP_sk,INC_avg,INC_sd,INC_r1,INC_kr,INC_sk,IND_avg,IND_sd,IND_r1,IND_kr,IND_sk
255,0.2472,0.0529165381,0.3044414391,3.2224806758,0.0533376622,0.272,0.0609261848,0.5195499512,3.0114656101,0.8213726754,0.4808,0.0488196682,0.3029800389,3.1571357464,-0.2604152511,0.4808,0.0488196682,0.3029800389,3.1571357464,-0.2604152511
