Instance,INF_avg,INF_sd,INF_r1,INF_kr,INF_sk,SUP_avg,SUP_sd,SUP_r1,SUP_kr,SUP_sk,INC_avg,INC_sd,INC_r1,INC_kr,INC_sk,IND_avg,IND_sd,IND_r1,IND_kr,IND_sk
160,0.232,0.0231516738,-0.4873417722,1.3968589886,-0.2436882574,0.238,0.0519230199,0.4599109131,1.960310472,-0.6830472382,0.53,0.0684105255,0.3058823529,2.3246767478,0.6821562372,0.53,0.0684105255,0.3058823529,2.3246767478,0.6821562372
