Instance,INF_avg,INF_sd,INF_r1,INF_kr,INF_sk,SUP_avg,SUP_sd,SUP_r1,SUP_kr,SUP_sk,INC_avg,INC_sd,INC_r1,INC_kr,INC_sk,IND_avg,IND_sd,IND_r1,IND_kr,IND_sk
209,0.252,0.0815843122,-0.7075078206,3.2297753328,1.0670886343,0.32,0.0819756061,-0.0062893082,1.9345238095,-0.0784205416,0.428,0.1055272477,-0.067961165,2.8418797067,-0.6662766857,0.428,0.1055272477,-0.067961165,2.8418797067,-0.6662766857
