Instance,INF_avg,INF_sd,INF_r1,INF_kr,INF_sk,SUP_avg,SUP_sd,SUP_r1,SUP_kr,SUP_sk,INC_avg,INC_sd,INC_r1,INC_kr,INC_sk,IND_avg,IND_sd,IND_r1,IND_kr,IND_sk
30,0.268,0.0988736568,0.2530076918,2.5808205271,0.2082208957,0.218,0.0998799279,0.1555160879,2.340202211,0.3115850328,0.514,0.110923397,0.2949868901,2.5211622004,-0.0252871942,0.514,0.110923397,0.2949868901,2.5211622004,-0.0252871942
