Instance,INF_avg,INF_sd,INF_r1,INF_kr,INF_sk,SUP_avg,SUP_sd,SUP_r1,SUP_kr,SUP_sk,INC_avg,INC_sd,INC_r1,INC_kr,INC_sk,IND_avg,IND_sd,IND_r1,IND_kr,IND_sk
126,0.4307172996,0.1047193972,0.8838380413,2.0684680986,-0.2296554991,0.0823206751,0.0611518698,0.8986218021,3.565139762,1.1422762848,0.4869620253,0.0589951961,0.5858022915,2.3610254702,-0.1074147988,0.4869620253,0.0589951961,0.5858022915,2.3610254702,-0.1074147988
