Instance,INF_avg,INF_sd,INF_r1,INF_kr,INF_sk,SUP_avg,SUP_sd,SUP_r1,SUP_kr,SUP_sk,INC_avg,INC_sd,INC_r1,INC_kr,INC_sk,IND_avg,IND_sd,IND_r1,IND_kr,IND_sk
260,0.324,0.0355527777,-0.299112801,2.6085763499,-0.6638374656,0.207,0.0431393092,-0.0441247778,2.273233408,-0.5496108735,0.469,0.0520480547,0.1864733583,3.6279621638,0.9037563449,0.469,0.0520480547,0.1864733583,3.6279621638,0.9037563449
