Instance,INF_avg,INF_sd,INF_r1,INF_kr,INF_sk,SUP_avg,SUP_sd,SUP_r1,SUP_kr,SUP_sk,INC_avg,INC_sd,INC_r1,INC_kr,INC_sk,IND_avg,IND_sd,IND_r1,IND_kr,IND_sk
266,0.276,0.1556406117,-0.2019646252,2.4549218304,0.2116449844,0.28,0.1743559577,-0.1269928532,2.2340720222,0.353179485,0.444,0.1551257554,-0.2100109395,2.9360764911,0.0799282887,0.444,0.1551257554,-0.2100109395,2.9360764911,0.0799282887
