Instance,INF_avg,INF_sd,INF_r1,INF_kr,INF_sk,SUP_avg,SUP_sd,SUP_r1,SUP_kr,SUP_sk,INC_avg,INC_sd,INC_r1,INC_kr,INC_sk,IND_avg,IND_sd,IND_r1,IND_kr,IND_sk
124,0.258,0.0384187454,-0.2055698058,2.6469914293,-0.3656751498,0.242,0.0666033032,-0.2617237635,3.1980793264,-0.4123305838,0.5,0.06,-0.2,3.2814814815,0.0,0.5,0.06,-0.2,3.2814814815,0.0
