Instance,INF_avg,INF_sd,INF_r1,INF_kr,INF_sk,SUP_avg,SUP_sd,SUP_r1,SUP_kr,SUP_sk,INC_avg,INC_sd,INC_r1,INC_kr,INC_sk,IND_avg,IND_sd,IND_r1,IND_kr,IND_sk
256,0.268,0.1121427662,0.2794793657,4.1443486199,0.6523854178,0.224,0.1175755077,0.1745501762,3.4400880916,0.7080556288,0.508,0.1262378707,-0.075048213,2.4132191416,0.326597046,0.508,0.1262378707,-0.075048213,2.4132191416,0.326597046
