Instance,INF_avg,INF_sd,INF_r1,INF_kr,INF_sk,SUP_avg,SUP_sd,SUP_r1,SUP_kr,SUP_sk,INC_avg,INC_sd,INC_r1,INC_kr,INC_sk,IND_avg,IND_sd,IND_r1,IND_kr,IND_sk
295,0.2105,0.0957327008,-0.0642015303,2.3192977548,0.1440706742,0.255,0.099121138,-0.0868828086,3.6832935144,0.4543750086,0.5345,0.115476188,0.0156894439,2.9197119163,0.068214447,0.5345,0.115476188,0.0156894439,2.9197119163,0.068214447
