Instance,INF_avg,INF_sd,INF_r1,INF_kr,INF_sk,SUP_avg,SUP_sd,SUP_r1,SUP_kr,SUP_sk,INC_avg,INC_sd,INC_r1,INC_kr,INC_sk,IND_avg,IND_sd,IND_r1,IND_kr,IND_sk
65,0.22,0.1029563014,-0.4119170984,2.2821288715,0.6927284075,0.25,0.0836660027,0.0,2.5,-0.7683612489,0.53,0.0509901951,-0.626984127,1.9556213018,-0.2715454179,0.53,0.0509901951,-0.626984127,1.9556213018,-0.2715454179
