Instance,INF_avg,INF_sd,INF_r1,INF_kr,INF_sk,SUP_avg,SUP_sd,SUP_r1,SUP_kr,SUP_sk,INC_avg,INC_sd,INC_r1,INC_kr,INC_sk,IND_avg,IND_sd,IND_r1,IND_kr,IND_sk
68,0.2392,0.0341666504,0.3942268886,2.4156857294,-0.1758270654,0.2482,0.0422937348,0.5176177312,2.5283583496,0.5859640225,0.5126,0.0362938011,0.1154870008,4.1956067814,-0.1772111493,0.5126,0.0362938011,0.1154870008,4.1956067814,-0.1772111493
