Instance,INF_avg,INF_sd,INF_r1,INF_kr,INF_sk,SUP_avg,SUP_sd,SUP_r1,SUP_kr,SUP_sk,INC_avg,INC_sd,INC_r1,INC_kr,INC_sk,IND_avg,IND_sd,IND_r1,IND_kr,IND_sk
187,0.204,0.0463033476,-0.7431192661,1.3968589886,-0.2436882574,0.228,0.0587877538,-0.6452991453,1.5781893004,-0.3477670622,0.568,0.0411825206,-0.5665236052,1.7481310075,-0.6817327185,0.568,0.0411825206,-0.5665236052,1.7481310075,-0.6817327185
