Instance,INF_avg,INF_sd,INF_r1,INF_kr,INF_sk,SUP_avg,SUP_sd,SUP_r1,SUP_kr,SUP_sk,INC_avg,INC_sd,INC_r1,INC_kr,INC_sk,IND_avg,IND_sd,IND_r1,IND_kr,IND_sk
34,0.2165,0.0717826581,0.0274809212,2.5290874459,0.0992130944,0.2905,0.104569355,0.0538162831,2.5096070949,0.2459663913,0.493,0.1053612832,-0.1308187251,2.4889265509,-0.0654368834,0.493,0.1053612832,-0.1308187251,2.4889265509,-0.0654368834
