Instance,INF_avg,INF_sd,INF_r1,INF_kr,INF_sk,SUP_avg,SUP_sd,SUP_r1,SUP_kr,SUP_sk,INC_avg,INC_sd,INC_r1,INC_kr,INC_sk,IND_avg,IND_sd,IND_r1,IND_kr,IND_sk
135,0.262,0.1210619676,-0.2780677996,3.446604875,0.716151337,0.23,0.0959166305,-0.012630662,2.6082230624,-0.3399691534,0.508,0.1270275561,0.0154610548,2.6956530129,-0.2526085746,0.508,0.1270275561,0.0154610548,2.6956530129,-0.2526085746
