Instance,INF_avg,INF_sd,INF_r1,INF_kr,INF_sk,SUP_avg,SUP_sd,SUP_r1,SUP_kr,SUP_sk,INC_avg,INC_sd,INC_r1,INC_kr,INC_sk,IND_avg,IND_sd,IND_r1,IND_kr,IND_sk
145,0.38,0.1720465053,-0.4971751412,2.6519357195,1.017952296,0.18,0.0979795897,-0.9230769231,1.1666666667,0.4082482905,0.44,0.1356465997,0.0361445783,2.3638941399,-0.7500308204,0.44,0.1356465997,0.0361445783,2.3638941399,-0.7500308204
