Instance,INF_avg,INF_sd,INF_r1,INF_kr,INF_sk,SUP_avg,SUP_sd,SUP_r1,SUP_kr,SUP_sk,INC_avg,INC_sd,INC_r1,INC_kr,INC_sk,IND_avg,IND_sd,IND_r1,IND_kr,IND_sk
185,0.2894230769,0.109120848,0.1407923621,3.2672279084,0.2990964386,0.1995192308,0.099396059,0.0076664263,2.7902378308,0.542039958,0.5110576923,0.1141348584,0.0620882073,3.9962801858,-0.3845224683,0.5110576923,0.1141348584,0.0620882073,3.9962801858,-0.3845224683
