Instance,INF_avg,INF_sd,INF_r1,INF_kr,INF_sk,SUP_avg,SUP_sd,SUP_r1,SUP_kr,SUP_sk,INC_avg,INC_sd,INC_r1,INC_kr,INC_sk,IND_avg,IND_sd,IND_r1,IND_kr,IND_sk
122,0.278,0.0102956301,-0.9527896996,1.3209327163,0.1319482681,0.218,0.037094474,-0.3641652123,2.0035492158,-0.194663233,0.504,0.0446542271,-0.5532514596,1.6541203349,-0.0998646359,0.504,0.0446542271,-0.5532514596,1.6541203349,-0.0998646359
