Instance,INF_avg,INF_sd,INF_r1,INF_kr,INF_sk,SUP_avg,SUP_sd,SUP_r1,SUP_kr,SUP_sk,INC_avg,INC_sd,INC_r1,INC_kr,INC_sk,IND_avg,IND_sd,IND_r1,IND_kr,IND_sk
107,0.237,0.1390359666,-0.0697562789,2.2230531698,0.0794752616,0.268,0.1231909088,0.2219315089,2.5696867873,-0.016226406,0.495,0.1492481156,-0.0595116014,2.7686630616,0.5727925955,0.495,0.1492481156,-0.0595116014,2.7686630616,0.5727925955
