Instance,INF_avg,INF_sd,INF_r1,INF_kr,INF_sk,SUP_avg,SUP_sd,SUP_r1,SUP_kr,SUP_sk,INC_avg,INC_sd,INC_r1,INC_kr,INC_sk,IND_avg,IND_sd,IND_r1,IND_kr,IND_sk
203,0.4437795276,0.0920024746,0.6884636761,2.3541254924,-0.3119236538,0.0988188976,0.0620085614,0.7673751384,3.0800727156,0.7739542582,0.4574015748,0.0571944136,0.1155216024,2.6563277814,0.1589881915,0.4574015748,0.0571944136,0.1155216024,2.6563277814,0.1589881915
