Instance,INF_avg,INF_sd,INF_r1,INF_kr,INF_sk,SUP_avg,SUP_sd,SUP_r1,SUP_kr,SUP_sk,INC_avg,INC_sd,INC_r1,INC_kr,INC_sk,IND_avg,IND_sd,IND_r1,IND_kr,IND_sk
237,0.276,0.079397733,-0.1934992382,2.6001829473,0.819366437,0.228,0.0545527268,0.0993071594,1.9991328477,-0.3642525115,0.496,0.042708313,-0.7689161554,1.7206832872,0.1380231722,0.496,0.042708313,-0.7689161554,1.7206832872,0.1380231722
