Instance,INF_avg,INF_sd,INF_r1,INF_kr,INF_sk,SUP_avg,SUP_sd,SUP_r1,SUP_kr,SUP_sk,INC_avg,INC_sd,INC_r1,INC_kr,INC_sk,IND_avg,IND_sd,IND_r1,IND_kr,IND_sk
87,0.224,0.0471593045,0.0117252931,2.3232234356,-0.8347643567,0.356,0.0662117814,0.0767205716,2.4238371783,0.0271193494,0.42,0.0692820323,-0.218487395,3.2916666667,1.1402667816,0.42,0.0692820323,-0.218487395,3.2916666667,1.1402667816
