Instance,INF_avg,INF_sd,INF_r1,INF_kr,INF_sk,SUP_avg,SUP_sd,SUP_r1,SUP_kr,SUP_sk,INC_avg,INC_sd,INC_r1,INC_kr,INC_sk,IND_avg,IND_sd,IND_r1,IND_kr,IND_sk
125,0.325,0.0829156198,-0.3714285714,1.6280991736,-0.4933822002,0.075,0.0433012702,-0.3333333333,2.3333333333,-1.1547005384,0.6,0.0707106781,-0.5,2.0,0.0,0.6,0.0707106781,-0.5,2.0,0.0
