Instance,INF_avg,INF_sd,INF_r1,INF_kr,INF_sk,SUP_avg,SUP_sd,SUP_r1,SUP_kr,SUP_sk,INC_avg,INC_sd,INC_r1,INC_kr,INC_sk,IND_avg,IND_sd,IND_r1,IND_kr,IND_sk
105,0.276,0.042708313,0.4904458599,1.7206832872,0.1380231722,0.26,0.0715541753,-0.3174603175,1.6455078125,-0.0786117648,0.464,0.0598665182,-0.8262150221,1.5061383929,-0.0590599619,0.464,0.0598665182,-0.8262150221,1.5061383929,-0.0590599619
