Instance,INF_avg,INF_sd,INF_r1,INF_kr,INF_sk,SUP_avg,SUP_sd,SUP_r1,SUP_kr,SUP_sk,INC_avg,INC_sd,INC_r1,INC_kr,INC_sk,IND_avg,IND_sd,IND_r1,IND_kr,IND_sk
163,0.3672289157,0.100970948,0.8150123596,2.2675890434,0.1570133119,0.1385542169,0.081449704,0.8457811605,2.3836268587,0.4675423492,0.4942168675,0.0521456213,0.2879924199,3.2035883903,-0.0826209159,0.4942168675,0.0521456213,0.2879924199,3.2035883903,-0.0826209159
