Instance,INF_avg,INF_sd,INF_r1,INF_kr,INF_sk,SUP_avg,SUP_sd,SUP_r1,SUP_kr,SUP_sk,INC_avg,INC_sd,INC_r1,INC_kr,INC_sk,IND_avg,IND_sd,IND_r1,IND_kr,IND_sk
118,0.2684,0.052890831,0.4251562932,3.8034307904,-0.1746984293,0.2822,0.0518185295,0.2490135221,2.4432834308,0.345888568,0.4494,0.0542,0.49343692,3.0593816325,-0.1827158392,0.4494,0.0542,0.49343692,3.0593816325,-0.1827158392
