Instance,INF_avg,INF_sd,INF_r1,INF_kr,INF_sk,SUP_avg,SUP_sd,SUP_r1,SUP_kr,SUP_sk,INC_avg,INC_sd,INC_r1,INC_kr,INC_sk,IND_avg,IND_sd,IND_r1,IND_kr,IND_sk
268,0.263,0.0385356977,0.325065995,2.889822127,0.43635259,0.22845,0.0359283662,0.3068829083,3.5544668651,-0.2662377451,0.50855,0.0351588893,-0.1297985597,2.5727936803,0.2090706707,0.50855,0.0351588893,-0.1297985597,2.5727936803,0.2090706707
