Instance,INF_avg,INF_sd,INF_r1,INF_kr,INF_sk,SUP_avg,SUP_sd,SUP_r1,SUP_kr,SUP_sk,INC_avg,INC_sd,INC_r1,INC_kr,INC_sk,IND_avg,IND_sd,IND_r1,IND_kr,IND_sk
143,0.2374,0.032299226,0.0176661757,3.2347773101,0.5178635005,0.2337,0.0323080485,0.254273698,2.5308873769,0.0441993739,0.5289,0.0304842582,-0.1240479468,2.5197118731,-0.088585447,0.5289,0.0304842582,-0.1240479468,2.5197118731,-0.088585447
