Instance,INF_avg,INF_sd,INF_r1,INF_kr,INF_sk,SUP_avg,SUP_sd,SUP_r1,SUP_kr,SUP_sk,INC_avg,INC_sd,INC_r1,INC_kr,INC_sk,IND_avg,IND_sd,IND_r1,IND_kr,IND_sk
267,0.2464,0.0541760095,0.0140217704,2.4554747578,0.1068185712,0.2496,0.0650218425,0.1391580028,2.9326485459,0.4757822695,0.504,0.0664529909,0.1758322335,2.5302457467,-0.2603998344,0.504,0.0664529909,0.1758322335,2.5302457467,-0.2603998344
