Instance,INF_avg,INF_sd,INF_r1,INF_kr,INF_sk,SUP_avg,SUP_sd,SUP_r1,SUP_kr,SUP_sk,INC_avg,INC_sd,INC_r1,INC_kr,INC_sk,IND_avg,IND_sd,IND_r1,IND_kr,IND_sk
170,0.23,0.0637808749,0.2127548353,2.4958449718,0.192399155,0.2676,0.0601185496,-0.0570025924,3.3846153932,-0.0977695496,0.5024,0.0650710381,-0.130588138,2.3269018513,0.0426080707,0.5024,0.0650710381,-0.130588138,2.3269018513,0.0426080707
