Instance,INF_avg,INF_sd,INF_r1,INF_kr,INF_sk,SUP_avg,SUP_sd,SUP_r1,SUP_kr,SUP_sk,INC_avg,INC_sd,INC_r1,INC_kr,INC_sk,IND_avg,IND_sd,IND_r1,IND_kr,IND_sk
223,0.243,0.0932791509,-0.0008056306,2.6543018826,-0.2580462676,0.279,0.103,-0.0920709022,3.7308446924,0.6269891748,0.478,0.1217209924,-0.0188970977,3.2492638278,-0.1810428639,0.478,0.1217209924,-0.0188970977,3.2492638278,-0.1810428639
