Instance,INF_avg,INF_sd,INF_r1,INF_kr,INF_sk,SUP_avg,SUP_sd,SUP_r1,SUP_kr,SUP_sk,INC_avg,INC_sd,INC_r1,INC_kr,INC_sk,IND_avg,IND_sd,IND_r1,IND_kr,IND_sk
247,0.26,0.1019803903,0.1552901024,1.8668639053,-0.0452575696,0.22,0.1469693846,0.116117851,3.2242798354,1.1642636432,0.52,0.1385640646,0.1924398625,3.4010416667,-0.4510548978,0.52,0.1385640646,0.1924398625,3.4010416667,-0.4510548978
