Instance,INF_avg,INF_sd,INF_r1,INF_kr,INF_sk,SUP_avg,SUP_sd,SUP_r1,SUP_kr,SUP_sk,INC_avg,INC_sd,INC_r1,INC_kr,INC_sk,IND_avg,IND_sd,IND_r1,IND_kr,IND_sk
127,0.24,0.0357770876,-0.5714285714,1.953125,0.6288941187,0.216,0.0585149554,-0.2817258883,2.5670800943,0.6765584081,0.544,0.0906862724,-0.5298087739,2.4253281655,-0.8897137657,0.544,0.0906862724,-0.5298087739,2.4253281655,-0.8897137657
