Instance,INF_avg,INF_sd,INF_r1,INF_kr,INF_sk,SUP_avg,SUP_sd,SUP_r1,SUP_kr,SUP_sk,INC_avg,INC_sd,INC_r1,INC_kr,INC_sk,IND_avg,IND_sd,IND_r1,IND_kr,IND_sk
297,0.4913636364,0.1284627804,0.9035255581,2.1091355155,-0.220176135,0.0961363636,0.0758651887,0.8830528176,2.0132782833,0.4719027232,0.4125,0.0626362152,0.664803631,2.6318423458,-0.0206356919,0.4125,0.0626362152,0.664803631,2.6318423458,-0.0206356919
