Instance,INF_avg,INF_sd,INF_r1,INF_kr,INF_sk,SUP_avg,SUP_sd,SUP_r1,SUP_kr,SUP_sk,INC_avg,INC_sd,INC_r1,INC_kr,INC_sk,IND_avg,IND_sd,IND_r1,IND_kr,IND_sk
101,0.2808,0.0328536147,-0.1509143592,2.2464081668,0.1863750829,0.1936,0.0343953485,0.0378730654,2.6868341151,0.2481259703,0.5256,0.0519291825,-0.0053320166,2.1567541742,0.2379476273,0.5256,0.0519291825,-0.0053320166,2.1567541742,0.2379476273
