Instance,INF_avg,INF_sd,INF_r1,INF_kr,INF_sk,SUP_avg,SUP_sd,SUP_r1,SUP_kr,SUP_sk,INC_avg,INC_sd,INC_r1,INC_kr,INC_sk,IND_avg,IND_sd,IND_r1,IND_kr,IND_sk
163,0.3558035714,0.1032778706,0.5859148959,2.5185782125,0.2603027198,0.1469642857,0.0762378712,0.6357907046,2.8150764036,0.5729297833,0.4972321429,0.0744348927,0.1027964731,2.7262134706,-0.2994786357,0.4972321429,0.0744348927,0.1027964731,2.7262134706,-0.2994786357
