Instance,INF_avg,INF_sd,INF_r1,INF_kr,INF_sk,SUP_avg,SUP_sd,SUP_r1,SUP_kr,SUP_sk,INC_avg,INC_sd,INC_r1,INC_kr,INC_sk,IND_avg,IND_sd,IND_r1,IND_kr,IND_sk
251,0.26,0.0916515139,-0.3484486874,2.2295918367,-0.685827655,0.26,0.08,-0.1912225705,1.4189453125,-0.03515625,0.48,0.0509901951,-0.1111111111,1.9556213018,-0.2715454179,0.48,0.0509901951,-0.1111111111,1.9556213018,-0.2715454179
