Instance,INF_avg,INF_sd,INF_r1,INF_kr,INF_sk,SUP_avg,SUP_sd,SUP_r1,SUP_kr,SUP_sk,INC_avg,INC_sd,INC_r1,INC_kr,INC_sk,IND_avg,IND_sd,IND_r1,IND_kr,IND_sk
287,0.292,0.1376081393,0.1818481402,4.3006238611,0.9037620859,0.249,0.1307631447,0.1184182245,2.9155032465,0.1425802985,0.459,0.1543340533,0.1169720097,2.8552580871,-0.2587923199,0.459,0.1543340533,0.1169720097,2.8552580871,-0.2587923199
