Instance,INF_avg,INF_sd,INF_r1,INF_kr,INF_sk,SUP_avg,SUP_sd,SUP_r1,SUP_kr,SUP_sk,INC_avg,INC_sd,INC_r1,INC_kr,INC_sk,IND_avg,IND_sd,IND_r1,IND_kr,IND_sk
213,0.18,0.0979795897,-0.0256410256,2.7291666667,-0.8675276172,0.27,0.0678232998,-0.2895927602,2.3638941399,-0.7500308204,0.55,0.1048808848,0.7692307692,1.3429752066,0.3900528774,0.55,0.1048808848,0.7692307692,1.3429752066,0.3900528774
