Instance,INF_avg,INF_sd,INF_r1,INF_kr,INF_sk,SUP_avg,SUP_sd,SUP_r1,SUP_kr,SUP_sk,INC_avg,INC_sd,INC_r1,INC_kr,INC_sk,IND_avg,IND_sd,IND_r1,IND_kr,IND_sk
94,0.3663636364,0.0791258664,0.6347375627,2.4214422595,-0.0828054939,0.106013986,0.0680409159,0.8237266118,2.2388001595,0.5923991737,0.5276223776,0.0467392416,-0.116893103,2.7639383949,0.373138122,0.5276223776,0.0467392416,-0.116893103,2.7639383949,0.373138122
