Instance,INF_avg,INF_sd,INF_r1,INF_kr,INF_sk,SUP_avg,SUP_sd,SUP_r1,SUP_kr,SUP_sk,INC_avg,INC_sd,INC_r1,INC_kr,INC_sk,IND_avg,IND_sd,IND_r1,IND_kr,IND_sk
182,0.268,0.1509171958,0.039111853,2.5756748364,0.1161566216,0.292,0.1487817193,-0.0255085077,2.3910745793,0.2100471395,0.44,0.1708800749,0.0721073225,2.8194783261,-0.1539171251,0.44,0.1708800749,0.0721073225,2.8194783261,-0.1539171251
