Instance,INF_avg,INF_sd,INF_r1,INF_kr,INF_sk,SUP_avg,SUP_sd,SUP_r1,SUP_kr,SUP_sk,INC_avg,INC_sd,INC_r1,INC_kr,INC_sk,IND_avg,IND_sd,IND_r1,IND_kr,IND_sk
144,0.232,0.0870402206,0.4494973672,1.846001211,0.1060573668,0.302,0.106282642,-0.2815469579,3.4489222287,0.1975863565,0.466,0.1111035553,-0.2385995498,2.6625021158,0.0316392222,0.466,0.1111035553,-0.2385995498,2.6625021158,0.0316392222
