Instance,INF_avg,INF_sd,INF_r1,INF_kr,INF_sk,SUP_avg,SUP_sd,SUP_r1,SUP_kr,SUP_sk,INC_avg,INC_sd,INC_r1,INC_kr,INC_sk,IND_avg,IND_sd,IND_r1,IND_kr,IND_sk
177,0.263,0.1507680337,-0.1162069811,2.9157725875,0.6430476913,0.244,0.1290891165,0.0593968989,2.8103871752,0.285972881,0.493,0.1644718821,0.0172267176,3.589117192,-0.1981480023,0.493,0.1644718821,0.0172267176,3.589117192,-0.1981480023
