Instance,INF_avg,INF_sd,INF_r1,INF_kr,INF_sk,SUP_avg,SUP_sd,SUP_r1,SUP_kr,SUP_sk,INC_avg,INC_sd,INC_r1,INC_kr,INC_sk,IND_avg,IND_sd,IND_r1,IND_kr,IND_sk
141,0.258,0.079598995,0.3379555147,2.1921918044,0.0345481749,0.266,0.1036532682,-0.0874101899,2.4533545607,-0.2422734497,0.476,0.1096540013,0.1871274056,4.0546697689,1.3952069068,0.476,0.1096540013,0.1871274056,4.0546697689,1.3952069068
