Instance,INF_avg,INF_sd,INF_r1,INF_kr,INF_sk,SUP_avg,SUP_sd,SUP_r1,SUP_kr,SUP_sk,INC_avg,INC_sd,INC_r1,INC_kr,INC_sk,IND_avg,IND_sd,IND_r1,IND_kr,IND_sk
91,0.2496,0.0348114924,0.1742760722,2.8998246611,-0.4841830916,0.2764,0.0438068488,0.0225104642,2.3620534212,0.1828573711,0.474,0.0401995025,-0.0281438906,4.1042789923,-0.851200131,0.474,0.0401995025,-0.0281438906,4.1042789923,-0.851200131
