Instance,INF_avg,INF_sd,INF_r1,INF_kr,INF_sk,SUP_avg,SUP_sd,SUP_r1,SUP_kr,SUP_sk,INC_avg,INC_sd,INC_r1,INC_kr,INC_sk,IND_avg,IND_sd,IND_r1,IND_kr,IND_sk
22,0.2304,0.0403464992,0.1852640436,2.7991223016,0.5628479497,0.2658,0.0448593357,0.2692574679,2.8288814068,0.3062907328,0.5038,0.0457335763,0.1320293828,2.4414350057,-0.094074552,0.5038,0.0457335763,0.1320293828,2.4414350057,-0.094074552
