Instance,INF_avg,INF_sd,INF_r1,INF_kr,INF_sk,SUP_avg,SUP_sd,SUP_r1,SUP_kr,SUP_sk,INC_avg,INC_sd,INC_r1,INC_kr,INC_sk,IND_avg,IND_sd,IND_r1,IND_kr,IND_sk
17,0.316,0.047581509,-0.6440542698,1.674018904,0.4050330728,0.184,0.0224499443,-1.0424836601,1.6957671958,0.5557336935,0.5,0.0328633535,-0.2592592593,1.6769547325,-0.2366702409,0.5,0.0328633535,-0.2592592593,1.6769547325,-0.2366702409
