Instance,INF_avg,INF_sd,INF_r1,INF_kr,INF_sk,SUP_avg,SUP_sd,SUP_r1,SUP_kr,SUP_sk,INC_avg,INC_sd,INC_r1,INC_kr,INC_sk,IND_avg,IND_sd,IND_r1,IND_kr,IND_sk
115,0.244,0.1235475617,0.1840703475,2.2864140395,0.3923831985,0.312,0.1305986217,0.0477067223,2.6815381799,-0.4380463928,0.444,0.1576832268,0.3552335677,3.0359242309,0.7225277176,0.444,0.1576832268,0.3552335677,3.0359242309,0.7225277176
