Instance,INF_avg,INF_sd,INF_r1,INF_kr,INF_sk,SUP_avg,SUP_sd,SUP_r1,SUP_kr,SUP_sk,INC_avg,INC_sd,INC_r1,INC_kr,INC_sk,IND_avg,IND_sd,IND_r1,IND_kr,IND_sk
252,0.37,0.081240384,-0.6871165644,2.2685950413,0.1790421687,0.24,0.0583095189,0.606741573,1.6280276817,-0.3631734744,0.39,0.08,-1.0854271357,1.4189453125,0.03515625,0.39,0.08,-1.0854271357,1.4189453125,0.03515625
