Instance,INF_avg,INF_sd,INF_r1,INF_kr,INF_sk,SUP_avg,SUP_sd,SUP_r1,SUP_kr,SUP_sk,INC_avg,INC_sd,INC_r1,INC_kr,INC_sk,IND_avg,IND_sd,IND_r1,IND_kr,IND_sk
279,0.278,0.0970360758,-0.0843773123,2.4770383064,0.0241919679,0.219,0.0876869432,-0.1235677148,2.9241919597,0.2334057947,0.503,0.0992018145,0.0292475627,3.1967139111,0.4700704981,0.503,0.0992018145,0.0292475627,3.1967139111,0.4700704981
