Instance,INF_avg,INF_sd,INF_r1,INF_kr,INF_sk,SUP_avg,SUP_sd,SUP_r1,SUP_kr,SUP_sk,INC_avg,INC_sd,INC_r1,INC_kr,INC_sk,IND_avg,IND_sd,IND_r1,IND_kr,IND_sk
29,0.2936,0.0605891079,-0.0304938125,3.2233114062,-0.4444368698,0.2008,0.067995294,-0.1092241744,2.0093725971,0.1978053642,0.5056,0.0660956882,0.1026327125,1.7237830243,-0.286923862,0.5056,0.0660956882,0.1026327125,1.7237830243,-0.286923862
