Instance,INF_avg,INF_sd,INF_r1,INF_kr,INF_sk,SUP_avg,SUP_sd,SUP_r1,SUP_kr,SUP_sk,INC_avg,INC_sd,INC_r1,INC_kr,INC_sk,IND_avg,IND_sd,IND_r1,IND_kr,IND_sk
84,0.27,0.1004987562,-0.1928429423,3.2984021174,1.1438001761,0.23,0.0748331477,-0.3793103448,3.1383928571,0.8805303417,0.5,0.1140175425,0.0784313725,2.9881656805,-0.6577935145,0.5,0.1140175425,0.0784313725,2.9881656805,-0.6577935145
