Instance,INF_avg,INF_sd,INF_r1,INF_kr,INF_sk,SUP_avg,SUP_sd,SUP_r1,SUP_kr,SUP_sk,INC_avg,INC_sd,INC_r1,INC_kr,INC_sk,IND_avg,IND_sd,IND_r1,IND_kr,IND_sk
164,0.30625,0.1344839674,0.1446470834,2.5399054901,0.3487051228,0.2,0.1118033989,0.125,2.24,0.2683281573,0.49375,0.1297533718,-0.1575601635,2.5882558772,-0.5706435401,0.49375,0.1297533718,-0.1575601635,2.5882558772,-0.5706435401
