Instance,INF_avg,INF_sd,INF_r1,INF_kr,INF_sk,SUP_avg,SUP_sd,SUP_r1,SUP_kr,SUP_sk,INC_avg,INC_sd,INC_r1,INC_kr,INC_sk,IND_avg,IND_sd,IND_r1,IND_kr,IND_sk
218,0.2642857143,0.123097771,0.6070650859,1.9794918886,0.2438259423,0.2214285714,0.1205853073,0.084846484,3.3632132964,0.561172621,0.5142857143,0.1186660552,0.4291091593,1.9401386263,-0.0209366701,0.5142857143,0.1186660552,0.4291091593,1.9401386263,-0.0209366701
