Instance,INF_avg,INF_sd,INF_r1,INF_kr,INF_sk,SUP_avg,SUP_sd,SUP_r1,SUP_kr,SUP_sk,INC_avg,INC_sd,INC_r1,INC_kr,INC_sk,IND_avg,IND_sd,IND_r1,IND_kr,IND_sk
294,0.2568,0.0526664979,0.2402961613,2.5976488158,-0.2074086778,0.2312,0.0530901121,0.2033840668,3.2988470971,0.4269744215,0.512,0.0657267069,0.0654915666,2.1286419753,-0.0500388509,0.512,0.0657267069,0.0654915666,2.1286419753,-0.0500388509
