Instance,INF_avg,INF_sd,INF_r1,INF_kr,INF_sk,SUP_avg,SUP_sd,SUP_r1,SUP_kr,SUP_sk,INC_avg,INC_sd,INC_r1,INC_kr,INC_sk,IND_avg,IND_sd,IND_r1,IND_kr,IND_sk
193,0.24,0.1077032961,-0.1528910961,3.8914982164,0.7876043654,0.26,0.1058300524,0.1190303907,2.2369260204,0.1670467983,0.5,0.1183215957,0.2824427481,2.3673469388,-0.4527612079,0.5,0.1183215957,0.2824427481,2.3673469388,-0.4527612079
