Instance,INF_avg,INF_sd,INF_r1,INF_kr,INF_sk,SUP_avg,SUP_sd,SUP_r1,SUP_kr,SUP_sk,INC_avg,INC_sd,INC_r1,INC_kr,INC_sk,IND_avg,IND_sd,IND_r1,IND_kr,IND_sk
247,0.254,0.0261916017,-0.3863210292,2.2127557395,0.2901916109,0.275,0.0293938769,0.2372093023,2.4438175154,-0.206722948,0.471,0.0327414111,-0.2049614923,1.9968951882,0.0697459888,0.471,0.0327414111,-0.2049614923,1.9968951882,0.0697459888
