Instance,INF_avg,INF_sd,INF_r1,INF_kr,INF_sk,SUP_avg,SUP_sd,SUP_r1,SUP_kr,SUP_sk,INC_avg,INC_sd,INC_r1,INC_kr,INC_sk,IND_avg,IND_sd,IND_r1,IND_kr,IND_sk
194,0.2568,0.0587005962,-0.050409034,2.3981108242,0.0149903173,0.2412,0.0540236985,0.1184115211,2.7765122654,0.3991304308,0.502,0.067557383,0.0268806383,2.397768306,0.0165016985,0.502,0.067557383,0.0268806383,2.397768306,0.0165016985
