Instance,INF_avg,INF_sd,INF_r1,INF_kr,INF_sk,SUP_avg,SUP_sd,SUP_r1,SUP_kr,SUP_sk,INC_avg,INC_sd,INC_r1,INC_kr,INC_sk,IND_avg,IND_sd,IND_r1,IND_kr,IND_sk
21,0.224,0.0286006993,0.0266027679,2.4530371052,0.4821466395,0.332,0.0290172363,0.2412233784,1.88865161,0.081039556,0.444,0.0315594677,-0.1778895294,2.2593627522,0.1286536581,0.444,0.0315594677,-0.1778895294,2.2593627522,0.1286536581
