Instance,INF_avg,INF_sd,INF_r1,INF_kr,INF_sk,SUP_avg,SUP_sd,SUP_r1,SUP_kr,SUP_sk,INC_avg,INC_sd,INC_r1,INC_kr,INC_sk,IND_avg,IND_sd,IND_r1,IND_kr,IND_sk
75,0.2966666667,0.1217465491,0.3503408964,1.938844296,-0.4211976495,0.1966666667,0.1024152766,0.3819646034,2.1163907641,-0.1893531512,0.5066666667,0.1030641656,0.2220026815,2.3078114879,0.4603028122,0.5066666667,0.1030641656,0.2220026815,2.3078114879,0.4603028122
