Instance,INF_avg,INF_sd,INF_r1,INF_kr,INF_sk,SUP_avg,SUP_sd,SUP_r1,SUP_kr,SUP_sk,INC_avg,INC_sd,INC_r1,INC_kr,INC_sk,IND_avg,IND_sd,IND_r1,IND_kr,IND_sk
92,0.3,0.0282842712,0.6666666667,1.7,-0.0,0.308,0.0754718491,0.7668886775,1.4636093928,-0.2894151515,0.392,0.0483321839,0.716553288,1.323043723,0.3877276903,0.392,0.0483321839,0.716553288,1.323043723,0.3877276903
