Instance,INF_avg,INF_sd,INF_r1,INF_kr,INF_sk,SUP_avg,SUP_sd,SUP_r1,SUP_kr,SUP_sk,INC_avg,INC_sd,INC_r1,INC_kr,INC_sk,IND_avg,IND_sd,IND_r1,IND_kr,IND_sk
132,0.3630434783,0.0725579099,-0.2045444049,2.477576076,0.5646344947,0.1565217391,0.0680542428,0.1015210878,3.012665556,-0.236645095,0.4804347826,0.0762420779,-0.0387464993,2.8679873091,-0.6480168425,0.4804347826,0.0762420779,-0.0387464993,2.8679873091,-0.6480168425
