Instance,INF_avg,INF_sd,INF_r1,INF_kr,INF_sk,SUP_avg,SUP_sd,SUP_r1,SUP_kr,SUP_sk,INC_avg,INC_sd,INC_r1,INC_kr,INC_sk,IND_avg,IND_sd,IND_r1,IND_kr,IND_sk
273,0.2805,0.0927078745,0.1674611001,2.7247655969,0.2026324629,0.236,0.0943610089,0.1745622559,2.6699433066,0.3174423233,0.4835,0.1218718589,0.2610767322,2.5421744991,0.1869770838,0.4835,0.1218718589,0.2610767322,2.5421744991,0.1869770838
