Instance,INF_avg,INF_sd,INF_r1,INF_kr,INF_sk,SUP_avg,SUP_sd,SUP_r1,SUP_kr,SUP_sk,INC_avg,INC_sd,INC_r1,INC_kr,INC_sk,IND_avg,IND_sd,IND_r1,IND_kr,IND_sk
76,0.265,0.0844097151,-0.0062495611,1.9992982456,-0.3267271705,0.198,0.0805977667,-0.0170880731,2.1537968041,-0.0496902864,0.537,0.1028639879,0.0998349382,2.6635076214,0.213483257,0.537,0.1028639879,0.0998349382,2.6635076214,0.213483257
