Instance,INF_avg,INF_sd,INF_r1,INF_kr,INF_sk,SUP_avg,SUP_sd,SUP_r1,SUP_kr,SUP_sk,INC_avg,INC_sd,INC_r1,INC_kr,INC_sk,IND_avg,IND_sd,IND_r1,IND_kr,IND_sk
294,0.2665,0.0295846244,0.12902949,2.3186664503,0.0780298327,0.2705,0.0198053023,0.0694471769,2.5515137335,0.3313325586,0.463,0.0439431451,0.163335237,2.7155848819,-0.549837165,0.463,0.0439431451,0.163335237,2.7155848819,-0.549837165
