Instance,INF_avg,INF_sd,INF_r1,INF_kr,INF_sk,SUP_avg,SUP_sd,SUP_r1,SUP_kr,SUP_sk,INC_avg,INC_sd,INC_r1,INC_kr,INC_sk,IND_avg,IND_sd,IND_r1,IND_kr,IND_sk
203,0.269,0.0152970585,0.2645241038,2.1747753671,0.5665577237,0.289,0.0276405499,-0.6841552991,1.2236026973,0.3631132247,0.442,0.0254165301,-0.3026571614,1.9299571548,-0.5075802545,0.442,0.0254165301,-0.3026571614,1.9299571548,-0.5075802545
