Instance,INF_avg,INF_sd,INF_r1,INF_kr,INF_sk,SUP_avg,SUP_sd,SUP_r1,SUP_kr,SUP_sk,INC_avg,INC_sd,INC_r1,INC_kr,INC_sk,IND_avg,IND_sd,IND_r1,IND_kr,IND_sk
194,0.2466,0.0638783218,0.2306154121,2.4589253663,0.220216484,0.2712,0.0677831838,0.0973004513,2.1472052459,0.0489922766,0.4822,0.0697363607,0.0387686617,2.946150799,-0.1670922267,0.4822,0.0697363607,0.0387686617,2.946150799,-0.1670922267
