Instance,INF_avg,INF_sd,INF_r1,INF_kr,INF_sk,SUP_avg,SUP_sd,SUP_r1,SUP_kr,SUP_sk,INC_avg,INC_sd,INC_r1,INC_kr,INC_sk,IND_avg,IND_sd,IND_r1,IND_kr,IND_sk
12,0.3144,0.0425281084,0.0034378654,2.2657130182,0.0218514154,0.2206,0.038699354,-0.2132243071,3.1743377434,-0.3022198576,0.465,0.0522398315,-0.1231028668,2.2209810054,0.1035335377,0.465,0.0522398315,-0.1231028668,2.2209810054,0.1035335377
