Instance,INF_avg,INF_sd,INF_r1,INF_kr,INF_sk,SUP_avg,SUP_sd,SUP_r1,SUP_kr,SUP_sk,INC_avg,INC_sd,INC_r1,INC_kr,INC_sk,IND_avg,IND_sd,IND_r1,IND_kr,IND_sk
72,0.5475961538,0.1212633434,0.7742784724,2.7476937064,-0.7830929617,0.0974038462,0.0660418747,0.8242666826,2.1561741215,0.6392482011,0.355,0.0746143933,0.3876734374,3.6502281046,0.8576044708,0.355,0.0746143933,0.3876734374,3.6502281046,0.8576044708
