Instance,INF_avg,INF_sd,INF_r1,INF_kr,INF_sk,SUP_avg,SUP_sd,SUP_r1,SUP_kr,SUP_sk,INC_avg,INC_sd,INC_r1,INC_kr,INC_sk,IND_avg,IND_sd,IND_r1,IND_kr,IND_sk
159,0.272,0.0206397674,0.0279465371,1.8279111287,0.3452926775,0.373,0.012489996,-0.5302782324,1.3269230769,0.2278746804,0.355,0.0207364414,0.3783783784,1.9808004327,0.6224296891,0.355,0.0207364414,0.3783783784,1.9808004327,0.6224296891
