Instance,INF_avg,INF_sd,INF_r1,INF_kr,INF_sk,SUP_avg,SUP_sd,SUP_r1,SUP_kr,SUP_sk,INC_avg,INC_sd,INC_r1,INC_kr,INC_sk,IND_avg,IND_sd,IND_r1,IND_kr,IND_sk
96,0.26,0.0282842712,0.1666666667,1.7,-0.0,0.296,0.0496386946,-0.1016949153,2.9432450666,-1.2621071359,0.444,0.0344093011,-0.5853658537,1.9945215486,0.3958703373,0.444,0.0344093011,-0.5853658537,1.9945215486,0.3958703373
