Instance,INF_avg,INF_sd,INF_r1,INF_kr,INF_sk,SUP_avg,SUP_sd,SUP_r1,SUP_kr,SUP_sk,INC_avg,INC_sd,INC_r1,INC_kr,INC_sk,IND_avg,IND_sd,IND_r1,IND_kr,IND_sk
243,0.256,0.1168931136,0.3946959348,3.0279083415,0.1557899544,0.332,0.1190630085,0.2445796135,2.8646795652,0.0748508205,0.412,0.1451068572,0.1558937888,2.1346647758,0.1048174203,0.412,0.1451068572,0.1558937888,2.1346647758,0.1048174203
