Instance,INF_avg,INF_sd,INF_r1,INF_kr,INF_sk,SUP_avg,SUP_sd,SUP_r1,SUP_kr,SUP_sk,INC_avg,INC_sd,INC_r1,INC_kr,INC_sk,IND_avg,IND_sd,IND_r1,IND_kr,IND_sk
147,0.23,0.0748331477,-0.4575645756,2.1339285714,-0.7301958931,0.28,0.1166190379,-0.5134706815,2.0659602076,-0.0794441975,0.49,0.08,-0.3157894737,3.25,1.5,0.49,0.08,-0.3157894737,3.25,1.5
