Instance,INF_avg,INF_sd,INF_r1,INF_kr,INF_sk,SUP_avg,SUP_sd,SUP_r1,SUP_kr,SUP_sk,INC_avg,INC_sd,INC_r1,INC_kr,INC_sk,IND_avg,IND_sd,IND_r1,IND_kr,IND_sk
243,0.2338,0.03124996,0.5180300135,2.1433671115,-0.0641487181,0.2676,0.0518867999,0.5701158319,2.4739289288,-0.0925398311,0.4986,0.0503988095,0.4418606472,3.9388750092,-0.1084957923,0.4986,0.0503988095,0.4418606472,3.9388750092,-0.1084957923
