Instance,INF_avg,INF_sd,INF_r1,INF_kr,INF_sk,SUP_avg,SUP_sd,SUP_r1,SUP_kr,SUP_sk,INC_avg,INC_sd,INC_r1,INC_kr,INC_sk,IND_avg,IND_sd,IND_r1,IND_kr,IND_sk
39,0.2726,0.0427462279,0.0342919929,3.1315727515,0.2953611024,0.236,0.0453872229,0.0131006095,2.3571043454,0.3429389938,0.4914,0.0596995812,-0.0207040806,4.1073883814,-0.5073593635,0.4914,0.0596995812,-0.0207040806,4.1073883814,-0.5073593635
