Instance,INF_avg,INF_sd,INF_r1,INF_kr,INF_sk,SUP_avg,SUP_sd,SUP_r1,SUP_kr,SUP_sk,INC_avg,INC_sd,INC_r1,INC_kr,INC_sk,IND_avg,IND_sd,IND_r1,IND_kr,IND_sk
29,0.22,0.0640312424,-0.2033195021,3.0975609756,0.079991439,0.25,0.0921954446,0.0606060606,1.8512110727,0.4785230687,0.53,0.1208304597,0.1583094556,1.6326702946,-0.2074683255,0.53,0.1208304597,0.1583094556,1.6326702946,-0.2074683255
