Instance,INF_avg,INF_sd,INF_r1,INF_kr,INF_sk,SUP_avg,SUP_sd,SUP_r1,SUP_kr,SUP_sk,INC_avg,INC_sd,INC_r1,INC_kr,INC_sk,IND_avg,IND_sd,IND_r1,IND_kr,IND_sk
194,0.249,0.1058253278,-0.0737128973,2.9175904664,0.4185994074,0.224,0.0944669254,-0.0291749913,2.5856657775,0.2089480748,0.527,0.1143284741,-0.0057452501,2.6854789664,0.0060666996,0.527,0.1143284741,-0.0057452501,2.6854789664,0.0060666996
