Instance,INF_avg,INF_sd,INF_r1,INF_kr,INF_sk,SUP_avg,SUP_sd,SUP_r1,SUP_kr,SUP_sk,INC_avg,INC_sd,INC_r1,INC_kr,INC_sk,IND_avg,IND_sd,IND_r1,IND_kr,IND_sk
57,0.25,0.1204159458,0.306122449,2.598097503,0.6872729367,0.23,0.155241747,-0.2007684918,3.5718565452,1.2573082036,0.52,0.153622915,-0.1513859275,1.4958345303,-0.1721141535,0.52,0.153622915,-0.1513859275,1.4958345303,-0.1721141535
