Instance,INF_avg,INF_sd,INF_r1,INF_kr,INF_sk,SUP_avg,SUP_sd,SUP_r1,SUP_kr,SUP_sk,INC_avg,INC_sd,INC_r1,INC_kr,INC_sk,IND_avg,IND_sd,IND_r1,IND_kr,IND_sk
158,0.288,0.0632455532,-0.0354189291,2.920768,0.2193355785,0.2936,0.0599252868,-0.0101217173,3.0077842487,0.6710690985,0.4184,0.0647258835,-0.0881055575,2.7377907682,0.2736096169,0.4184,0.0647258835,-0.0881055575,2.7377907682,0.2736096169
