Instance,INF_avg,INF_sd,INF_r1,INF_kr,INF_sk,SUP_avg,SUP_sd,SUP_r1,SUP_kr,SUP_sk,INC_avg,INC_sd,INC_r1,INC_kr,INC_sk,IND_avg,IND_sd,IND_r1,IND_kr,IND_sk
120,0.27,0.1326649916,0.3165467626,2.2169421488,-0.3700366502,0.33,0.1208304597,0.0840840841,2.5052542691,0.8978957038,0.4,0.1516575089,-0.5238095238,2.1219281664,0.3870276692,0.4,0.1516575089,-0.5238095238,2.1219281664,0.3870276692
