Instance,INF_avg,INF_sd,INF_r1,INF_kr,INF_sk,SUP_avg,SUP_sd,SUP_r1,SUP_kr,SUP_sk,INC_avg,INC_sd,INC_r1,INC_kr,INC_sk,IND_avg,IND_sd,IND_r1,IND_kr,IND_sk
67,0.1933333333,0.1181336343,-0.1435548949,3.8780680758,1.3421771386,0.3,0.1460593487,-0.5217391304,2.9296875,0.0,0.5066666667,0.1768866555,-0.0522959184,2.1681140238,-0.3901659587,0.5066666667,0.1768866555,-0.0522959184,2.1681140238,-0.3901659587
