Instance,INF_avg,INF_sd,INF_r1,INF_kr,INF_sk,SUP_avg,SUP_sd,SUP_r1,SUP_kr,SUP_sk,INC_avg,INC_sd,INC_r1,INC_kr,INC_sk,IND_avg,IND_sd,IND_r1,IND_kr,IND_sk
52,0.34,0.1109954954,0.4333333333,1.5554899646,0.1263652545,0.168,0.0825590698,-0.0669077758,2.4627058123,0.0723340392,0.492,0.0601331855,0.0759849906,2.5084579842,0.7841001948,0.492,0.0601331855,0.0759849906,2.5084579842,0.7841001948
