Instance,INF_avg,INF_sd,INF_r1,INF_kr,INF_sk,SUP_avg,SUP_sd,SUP_r1,SUP_kr,SUP_sk,INC_avg,INC_sd,INC_r1,INC_kr,INC_sk,IND_avg,IND_sd,IND_r1,IND_kr,IND_sk
222,0.305,0.1570827807,-0.0052979998,2.5051967369,0.3353312934,0.209,0.1371823604,0.1511850949,2.3136939193,0.3490648584,0.486,0.1581265316,0.0520773505,2.1099166958,-0.0877860208,0.486,0.1581265316,0.0520773505,2.1099166958,-0.0877860208
