Instance,INF_avg,INF_sd,INF_r1,INF_kr,INF_sk,SUP_avg,SUP_sd,SUP_r1,SUP_kr,SUP_sk,INC_avg,INC_sd,INC_r1,INC_kr,INC_sk,IND_avg,IND_sd,IND_r1,IND_kr,IND_sk
16,0.284,0.0782815432,0.2973886168,3.1192250271,0.4392660337,0.2854,0.0733678404,0.2459744843,2.5816651312,-0.0188375712,0.4306,0.0897754978,0.2152997294,3.3400600923,0.3764070875,0.4306,0.0897754978,0.2152997294,3.3400600923,0.3764070875
