Instance,INF_avg,INF_sd,INF_r1,INF_kr,INF_sk,SUP_avg,SUP_sd,SUP_r1,SUP_kr,SUP_sk,INC_avg,INC_sd,INC_r1,INC_kr,INC_sk,IND_avg,IND_sd,IND_r1,IND_kr,IND_sk
208,0.2373,0.0476414735,-0.0709773822,2.5610433352,0.1793574059,0.2558,0.0481908705,0.1314640238,2.3278619401,-0.0155846119,0.5069,0.0491262659,0.0020945215,4.9879969231,0.6672044394,0.5069,0.0491262659,0.0020945215,4.9879969231,0.6672044394
