Instance,INF_avg,INF_sd,INF_r1,INF_kr,INF_sk,SUP_avg,SUP_sd,SUP_r1,SUP_kr,SUP_sk,INC_avg,INC_sd,INC_r1,INC_kr,INC_sk,IND_avg,IND_sd,IND_r1,IND_kr,IND_sk
264,0.296,0.0578273292,-0.7070952092,1.6713674137,0.0009928916,0.228,0.061449166,0.2790301999,3.1925452456,0.4484897654,0.476,0.1003194896,-0.1848092405,1.5061052823,0.1608850351,0.476,0.1003194896,-0.1848092405,1.5061052823,0.1608850351
