Instance,INF_avg,INF_sd,INF_r1,INF_kr,INF_sk,SUP_avg,SUP_sd,SUP_r1,SUP_kr,SUP_sk,INC_avg,INC_sd,INC_r1,INC_kr,INC_sk,IND_avg,IND_sd,IND_r1,IND_kr,IND_sk
105,0.248,0.044,0.1956882255,2.4675227102,0.7821187077,0.276,0.0445421149,0.2441860465,2.0110561915,-0.1281860422,0.476,0.0436348485,0.063032368,2.5116164113,0.1987463968,0.476,0.0436348485,0.063032368,2.5116164113,0.1987463968
