Instance,INF_avg,INF_sd,INF_r1,INF_kr,INF_sk,SUP_avg,SUP_sd,SUP_r1,SUP_kr,SUP_sk,INC_avg,INC_sd,INC_r1,INC_kr,INC_sk,IND_avg,IND_sd,IND_r1,IND_kr,IND_sk
48,0.19,0.0860232527,0.4979919679,1.9945215486,-0.3958703373,0.4,0.0316227766,0.0,2.5,-0.0,0.41,0.08,-0.0050251256,2.5908203125,0.55078125,0.41,0.08,-0.0050251256,2.5908203125,0.55078125
