Instance,INF_avg,INF_sd,INF_r1,INF_kr,INF_sk,SUP_avg,SUP_sd,SUP_r1,SUP_kr,SUP_sk,INC_avg,INC_sd,INC_r1,INC_kr,INC_sk,IND_avg,IND_sd,IND_r1,IND_kr,IND_sk
252,0.3216666667,0.0833499983,-0.177819585,2.3428768437,-0.1857765229,0.2016666667,0.0779779171,0.1551862666,3.0909431079,-0.5298771283,0.4766666667,0.0919540948,0.1612692792,2.6677274697,-0.294191623,0.4766666667,0.0919540948,0.1612692792,2.6677274697,-0.294191623
