Instance,INF_avg,INF_sd,INF_r1,INF_kr,INF_sk,SUP_avg,SUP_sd,SUP_r1,SUP_kr,SUP_sk,INC_avg,INC_sd,INC_r1,INC_kr,INC_sk,IND_avg,IND_sd,IND_r1,IND_kr,IND_sk
199,0.2,0.1264911064,0.0,1.5625,-0.5929270613,0.32,0.0748331477,-0.3768115942,1.8469387755,-0.3436215967,0.48,0.1833030278,-0.1014851485,1.2091836735,0.296152851,0.48,0.1833030278,-0.1014851485,1.2091836735,0.296152851
