Instance,INF_avg,INF_sd,INF_r1,INF_kr,INF_sk,SUP_avg,SUP_sd,SUP_r1,SUP_kr,SUP_sk,INC_avg,INC_sd,INC_r1,INC_kr,INC_sk,IND_avg,IND_sd,IND_r1,IND_kr,IND_sk
96,0.286,0.0537028863,0.2604006163,1.7693429337,-0.0421489987,0.198,0.064776539,-0.2842024979,2.1989229381,0.3899303927,0.516,0.0949947367,0.0320136389,1.7452655802,-0.0154543837,0.516,0.0949947367,0.0320136389,1.7452655802,-0.0154543837
