Instance,INF_avg,INF_sd,INF_r1,INF_kr,INF_sk,SUP_avg,SUP_sd,SUP_r1,SUP_kr,SUP_sk,INC_avg,INC_sd,INC_r1,INC_kr,INC_sk,IND_avg,IND_sd,IND_r1,IND_kr,IND_sk
138,0.2416,0.0515115521,-0.1396018969,3.0510697459,-0.2992373888,0.26,0.0685857128,-0.187755102,3.4135082604,0.6248698323,0.4984,0.0737389992,-0.1719563522,2.4244120862,-0.2669056558,0.4984,0.0737389992,-0.1719563522,2.4244120862,-0.2669056558
