Instance,INF_avg,INF_sd,INF_r1,INF_kr,INF_sk,SUP_avg,SUP_sd,SUP_r1,SUP_kr,SUP_sk,INC_avg,INC_sd,INC_r1,INC_kr,INC_sk,IND_avg,IND_sd,IND_r1,IND_kr,IND_sk
192,0.276,0.1504127654,-0.158888826,3.6538844731,0.5532724299,0.292,0.1411949008,0.2431215279,4.6754442466,0.9090948035,0.432,0.1406271666,-0.0482707725,3.1710575926,0.8014029708,0.432,0.1406271666,-0.0482707725,3.1710575926,0.8014029708
