Instance,INF_avg,INF_sd,INF_r1,INF_kr,INF_sk,SUP_avg,SUP_sd,SUP_r1,SUP_kr,SUP_sk,INC_avg,INC_sd,INC_r1,INC_kr,INC_sk,IND_avg,IND_sd,IND_r1,IND_kr,IND_sk
266,0.2552,0.0279098549,-0.0690939479,2.4308994365,-0.0074691383,0.207,0.027676705,0.7266319742,2.4319171853,0.5790468792,0.5378,0.037870305,0.4344675958,3.2606829448,-0.6920909372,0.5378,0.037870305,0.4344675958,3.2606829448,-0.6920909372
