Instance,INF_avg,INF_sd,INF_r1,INF_kr,INF_sk,SUP_avg,SUP_sd,SUP_r1,SUP_kr,SUP_sk,INC_avg,INC_sd,INC_r1,INC_kr,INC_sk,IND_avg,IND_sd,IND_r1,IND_kr,IND_sk
16,0.268,0.0406939799,-0.3631937683,2.0138276272,-0.4964591471,0.348,0.0203960781,-0.290726817,1.3731508876,-0.1527442976,0.384,0.0349857114,-0.151249156,1.3717160067,0.1972794182,0.384,0.0349857114,-0.151249156,1.3717160067,0.1972794182
