Instance,INF_avg,INF_sd,INF_r1,INF_kr,INF_sk,SUP_avg,SUP_sd,SUP_r1,SUP_kr,SUP_sk,INC_avg,INC_sd,INC_r1,INC_kr,INC_sk,IND_avg,IND_sd,IND_r1,IND_kr,IND_sk
24,0.28,0.1166190379,-1.0786516854,1.6280276817,-0.3631734744,0.16,0.0489897949,-0.6666666667,1.1666666667,-0.4082482905,0.56,0.1356465997,-1.2674418605,2.3638941399,0.7500308204,0.56,0.1356465997,-1.2674418605,2.3638941399,0.7500308204
