Instance,INF_avg,INF_sd,INF_r1,INF_kr,INF_sk,SUP_avg,SUP_sd,SUP_r1,SUP_kr,SUP_sk,INC_avg,INC_sd,INC_r1,INC_kr,INC_sk,IND_avg,IND_sd,IND_r1,IND_kr,IND_sk
195,0.204,0.0585149554,-0.4920486436,2.5670800943,-0.6765584081,0.288,0.024,-0.9005847953,1.3981481481,-0.1111111111,0.508,0.0411825206,-0.1596958175,2.2821288715,0.6927284075,0.508,0.0411825206,-0.1596958175,2.2821288715,0.6927284075
