Instance,INF_avg,INF_sd,INF_r1,INF_kr,INF_sk,SUP_avg,SUP_sd,SUP_r1,SUP_kr,SUP_sk,INC_avg,INC_sd,INC_r1,INC_kr,INC_sk,IND_avg,IND_sd,IND_r1,IND_kr,IND_sk
164,0.246,0.1337310734,0.0030714361,2.6943924667,0.4242566754,0.288,0.1343726163,0.0433049143,3.6009622208,0.6148398113,0.466,0.1477971583,0.038128583,2.5660116729,0.26247389,0.466,0.1477971583,0.038128583,2.5660116729,0.26247389
