Instance,INF_avg,INF_sd,INF_r1,INF_kr,INF_sk,SUP_avg,SUP_sd,SUP_r1,SUP_kr,SUP_sk,INC_avg,INC_sd,INC_r1,INC_kr,INC_sk,IND_avg,IND_sd,IND_r1,IND_kr,IND_sk
239,0.257,0.1550838483,0.137012272,2.721128121,0.4322037184,0.228,0.1414779135,0.0846336117,2.5842616075,0.5355930016,0.515,0.1657558445,-0.0737827118,2.4009824466,0.1296072942,0.515,0.1657558445,-0.0737827118,2.4009824466,0.1296072942
