Instance,INF_avg,INF_sd,INF_r1,INF_kr,INF_sk,SUP_avg,SUP_sd,SUP_r1,SUP_kr,SUP_sk,INC_avg,INC_sd,INC_r1,INC_kr,INC_sk,IND_avg,IND_sd,IND_r1,IND_kr,IND_sk
120,0.244,0.0355527777,-0.2299465241,1.7117849704,0.0437929784,0.258,0.0545527268,-0.0359700521,1.3484976587,0.0681495162,0.498,0.0444522215,-0.1535295328,2.2998328116,-0.3453646677,0.498,0.0444522215,-0.1535295328,2.2998328116,-0.3453646677
