Instance,INF_avg,INF_sd,INF_r1,INF_kr,INF_sk,SUP_avg,SUP_sd,SUP_r1,SUP_kr,SUP_sk,INC_avg,INC_sd,INC_r1,INC_kr,INC_sk,IND_avg,IND_sd,IND_r1,IND_kr,IND_sk
206,0.254,0.1395850995,-0.1340450131,2.5553586367,0.2596368022,0.263,0.1460513608,0.0306938352,2.777677372,0.3686159229,0.483,0.136422139,-0.0469405141,2.9821406642,0.0016045988,0.483,0.136422139,-0.0469405141,2.9821406642,0.0016045988
