Instance,INF_avg,INF_sd,INF_r1,INF_kr,INF_sk,SUP_avg,SUP_sd,SUP_r1,SUP_kr,SUP_sk,INC_avg,INC_sd,INC_r1,INC_kr,INC_sk,IND_avg,IND_sd,IND_r1,IND_kr,IND_sk
234,0.28,0.1029563014,-0.7718446602,2.2821288715,-0.6927284075,0.22,0.0748331477,-0.1111111111,1.8469387755,-0.3436215967,0.5,0.0836660027,-0.3,1.2755102041,0.2561204163,0.5,0.0836660027,-0.3,1.2755102041,0.2561204163
