Instance,INF_avg,INF_sd,INF_r1,INF_kr,INF_sk,SUP_avg,SUP_sd,SUP_r1,SUP_kr,SUP_sk,INC_avg,INC_sd,INC_r1,INC_kr,INC_sk,IND_avg,IND_sd,IND_r1,IND_kr,IND_sk
280,0.2425,0.1008402202,0.0932637613,2.8433903297,0.475872551,0.2915,0.0948828225,0.0517070586,2.4104816696,0.2182543531,0.466,0.1106526095,0.0247073056,2.5105696317,0.0577134904,0.466,0.1106526095,0.0247073056,2.5105696317,0.0577134904
