Instance,INF_avg,INF_sd,INF_r1,INF_kr,INF_sk,SUP_avg,SUP_sd,SUP_r1,SUP_kr,SUP_sk,INC_avg,INC_sd,INC_r1,INC_kr,INC_sk,IND_avg,IND_sd,IND_r1,IND_kr,IND_sk
54,0.2724,0.094224413,0.458227525,2.9703243385,0.4775617757,0.2768,0.0720399889,0.2355278807,2.9917644477,0.0605944544,0.4508,0.0906165548,0.6100342222,2.8281646266,0.4309886074,0.4508,0.0906165548,0.6100342222,2.8281646266,0.4309886074
