Instance,INF_avg,INF_sd,INF_r1,INF_kr,INF_sk,SUP_avg,SUP_sd,SUP_r1,SUP_kr,SUP_sk,INC_avg,INC_sd,INC_r1,INC_kr,INC_sk,IND_avg,IND_sd,IND_r1,IND_kr,IND_sk
140,0.2,0.1264911064,-0.2666666667,3.4375,1.1858541226,0.22,0.12489996,0.5910780669,2.4240631164,-0.6897828164,0.58,0.1469693846,-0.2323943662,2.8127572016,0.7257747386,0.58,0.1469693846,-0.2323943662,2.8127572016,0.7257747386
