Instance,INF_avg,INF_sd,INF_r1,INF_kr,INF_sk,SUP_avg,SUP_sd,SUP_r1,SUP_kr,SUP_sk,INC_avg,INC_sd,INC_r1,INC_kr,INC_sk,IND_avg,IND_sd,IND_r1,IND_kr,IND_sk
241,0.232,0.1028396811,0.1258661213,2.8001761188,0.5442426721,0.301,0.1083928042,-0.1551423982,2.5082440071,0.5043175825,0.467,0.1247437373,0.1343571576,2.5571828882,0.2905389542,0.467,0.1247437373,0.1343571576,2.5571828882,0.2905389542
