Instance,INF_avg,INF_sd,INF_r1,INF_kr,INF_sk,SUP_avg,SUP_sd,SUP_r1,SUP_kr,SUP_sk,INC_avg,INC_sd,INC_r1,INC_kr,INC_sk,IND_avg,IND_sd,IND_r1,IND_kr,IND_sk
14,0.5584042553,0.1347026133,0.9110464476,1.7889932459,-0.489458576,0.0707446809,0.0703031333,0.9070868334,2.1762774684,0.8502448214,0.3708510638,0.0715580344,0.7692453113,1.7569115105,0.1593497401,0.3708510638,0.0715580344,0.7692453113,1.7569115105,0.1593497401
