Instance,INF_avg,INF_sd,INF_r1,INF_kr,INF_sk,SUP_avg,SUP_sd,SUP_r1,SUP_kr,SUP_sk,INC_avg,INC_sd,INC_r1,INC_kr,INC_sk,IND_avg,IND_sd,IND_r1,IND_kr,IND_sk
156,0.2405,0.0354577213,-0.0397768455,2.6272901324,0.5653194457,0.254,0.0156204994,-0.3131313131,2.2346479441,0.402214215,0.5055,0.0360867012,-0.3450292398,3.1378808131,-0.6493607836,0.5055,0.0360867012,-0.3450292398,3.1378808131,-0.6493607836
