Instance,INF_avg,INF_sd,INF_r1,INF_kr,INF_sk,SUP_avg,SUP_sd,SUP_r1,SUP_kr,SUP_sk,INC_avg,INC_sd,INC_r1,INC_kr,INC_sk,IND_avg,IND_sd,IND_r1,IND_kr,IND_sk
8,0.209,0.053,0.141752194,1.7823827217,-0.0609362091,0.326,0.0405462699,0.0361279647,2.0650895981,0.1739024308,0.465,0.050049975,-0.2747014115,2.9023987952,0.4307072325,0.465,0.050049975,-0.2747014115,2.9023987952,0.4307072325
