Instance,INF_avg,INF_sd,INF_r1,INF_kr,INF_sk,SUP_avg,SUP_sd,SUP_r1,SUP_kr,SUP_sk,INC_avg,INC_sd,INC_r1,INC_kr,INC_sk,IND_avg,IND_sd,IND_r1,IND_kr,IND_sk
102,0.2762,0.0287847182,0.3122884822,3.2860256656,0.8559987686,0.2224,0.0272440819,0.2627562896,2.5072801888,-0.1833654762,0.5014,0.0245568728,0.1168907267,2.0835011338,-0.2417831066,0.5014,0.0245568728,0.1168907267,2.0835011338,-0.2417831066
