Instance,INF_avg,INF_sd,INF_r1,INF_kr,INF_sk,SUP_avg,SUP_sd,SUP_r1,SUP_kr,SUP_sk,INC_avg,INC_sd,INC_r1,INC_kr,INC_sk,IND_avg,IND_sd,IND_r1,IND_kr,IND_sk
14,0.2228,0.0567111982,0.2310590788,3.0400229822,-0.3052634345,0.2396,0.078942004,0.3573169622,2.6779517579,0.3212460754,0.5376,0.0667700532,0.3271278363,3.1298102782,-0.2081681295,0.5376,0.0667700532,0.3271278363,3.1298102782,-0.2081681295
