Instance,INF_avg,INF_sd,INF_r1,INF_kr,INF_sk,SUP_avg,SUP_sd,SUP_r1,SUP_kr,SUP_sk,INC_avg,INC_sd,INC_r1,INC_kr,INC_sk,IND_avg,IND_sd,IND_r1,IND_kr,IND_sk
198,0.264,0.038574603,-0.4715987896,3.0653453434,0.5963517559,0.2384,0.0332481578,-0.1684479067,2.7017199023,-0.0761768491,0.4976,0.0378977572,0.0414603914,2.1483970758,0.3236204864,0.4976,0.0378977572,0.0414603914,2.1483970758,0.3236204864
