Instance,INF_avg,INF_sd,INF_r1,INF_kr,INF_sk,SUP_avg,SUP_sd,SUP_r1,SUP_kr,SUP_sk,INC_avg,INC_sd,INC_r1,INC_kr,INC_sk,IND_avg,IND_sd,IND_r1,IND_kr,IND_sk
198,0.2512,0.0319618523,0.2533298228,3.1015758326,-0.0437764907,0.23505,0.0327146374,0.1396837796,3.1788031321,0.5311838696,0.51375,0.0378045963,0.2025716441,2.3530783263,-0.0265564975,0.51375,0.0378045963,0.2025716441,2.3530783263,-0.0265564975
