Instance,INF_avg,INF_sd,INF_r1,INF_kr,INF_sk,SUP_avg,SUP_sd,SUP_r1,SUP_kr,SUP_sk,INC_avg,INC_sd,INC_r1,INC_kr,INC_sk,IND_avg,IND_sd,IND_r1,IND_kr,IND_sk
169,0.252,0.0770454411,-0.1245200219,2.8078624828,0.8618850342,0.24,0.0593295879,0.2413793103,3.4607438017,1.0112997937,0.508,0.0545527268,-0.1856889415,2.2722858134,-0.5712141658,0.508,0.0545527268,-0.1856889415,2.2722858134,-0.5712141658
