Instance,INF_avg,INF_sd,INF_r1,INF_kr,INF_sk,SUP_avg,SUP_sd,SUP_r1,SUP_kr,SUP_sk,INC_avg,INC_sd,INC_r1,INC_kr,INC_sk,IND_avg,IND_sd,IND_r1,IND_kr,IND_sk
84,0.28,0.0481663783,-0.3888888889,1.3495838288,0.1288636756,0.206,0.0410365691,-0.3414945167,2.1393300647,0.0097242506,0.514,0.0473708771,-0.4122478129,2.9967399697,0.8561409919,0.514,0.0473708771,-0.4122478129,2.9967399697,0.8561409919
