Instance,INF_avg,INF_sd,INF_r1,INF_kr,INF_sk,SUP_avg,SUP_sd,SUP_r1,SUP_kr,SUP_sk,INC_avg,INC_sd,INC_r1,INC_kr,INC_sk,IND_avg,IND_sd,IND_r1,IND_kr,IND_sk
55,0.192,0.0466476152,-0.3412816692,2.8445069204,1.05547291,0.284,0.0557135531,0.3349753695,1.3296312042,0.2931045678,0.524,0.0624819974,0.1234439834,1.1941010481,0.3652199526,0.524,0.0624819974,0.1234439834,1.1941010481,0.3652199526
