Instance,INF_avg,INF_sd,INF_r1,INF_kr,INF_sk,SUP_avg,SUP_sd,SUP_r1,SUP_kr,SUP_sk,INC_avg,INC_sd,INC_r1,INC_kr,INC_sk,IND_avg,IND_sd,IND_r1,IND_kr,IND_sk
42,0.258,0.0996794864,-0.094545191,3.2404217913,-0.4331273627,0.198,0.0836420947,-0.1518427179,2.5998674077,0.0888372268,0.544,0.1129778739,-0.2321929262,3.3617845199,0.2010804645,0.544,0.1129778739,-0.2321929262,3.3617845199,0.2010804645
