Instance,INF_avg,INF_sd,INF_r1,INF_kr,INF_sk,SUP_avg,SUP_sd,SUP_r1,SUP_kr,SUP_sk,INC_avg,INC_sd,INC_r1,INC_kr,INC_sk,IND_avg,IND_sd,IND_r1,IND_kr,IND_sk
161,0.276,0.0731026675,-0.2474849095,2.1037147262,-0.2329592161,0.272,0.0430813185,-0.496350365,1.7636741974,0.403407114,0.452,0.0324961536,0.1925465839,2.2685950413,-0.1790421687,0.452,0.0324961536,0.1925465839,2.2685950413,-0.1790421687
