Instance,INF_avg,INF_sd,INF_r1,INF_kr,INF_sk,SUP_avg,SUP_sd,SUP_r1,SUP_kr,SUP_sk,INC_avg,INC_sd,INC_r1,INC_kr,INC_sk,IND_avg,IND_sd,IND_r1,IND_kr,IND_sk
269,0.25,0.1802775638,-0.1111111111,2.3065088757,0.5632340454,0.18,0.1077032961,-0.6267942584,2.0535077289,-0.5570860145,0.57,0.1187434209,0.0544157003,1.4514863437,-0.1218432567,0.57,0.1187434209,0.0544157003,1.4514863437,-0.1218432567
