Instance,INF_avg,INF_sd,INF_r1,INF_kr,INF_sk,SUP_avg,SUP_sd,SUP_r1,SUP_kr,SUP_sk,INC_avg,INC_sd,INC_r1,INC_kr,INC_sk,IND_avg,IND_sd,IND_r1,IND_kr,IND_sk
89,0.2394,0.0625750749,0.141410241,3.8997411593,0.6860148644,0.2746,0.0714341655,0.0436636024,3.2539669605,0.3990580008,0.486,0.0777431669,0.1060354356,2.752791902,-0.0491359809,0.486,0.0777431669,0.1060354356,2.752791902,-0.0491359809
