Instance,INF_avg,INF_sd,INF_r1,INF_kr,INF_sk,SUP_avg,SUP_sd,SUP_r1,SUP_kr,SUP_sk,INC_avg,INC_sd,INC_r1,INC_kr,INC_sk,IND_avg,IND_sd,IND_r1,IND_kr,IND_sk
191,0.278,0.1312097557,0.0423710678,2.4218983206,0.7888345461,0.242,0.1045753317,0.1113501332,2.9608969176,0.8420302835,0.48,0.115758369,-0.0984735109,1.9789485409,-0.4177512983,0.48,0.115758369,-0.0984735109,1.9789485409,-0.4177512983
