Instance,INF_avg,INF_sd,INF_r1,INF_kr,INF_sk,SUP_avg,SUP_sd,SUP_r1,SUP_kr,SUP_sk,INC_avg,INC_sd,INC_r1,INC_kr,INC_sk,IND_avg,IND_sd,IND_r1,IND_kr,IND_sk
96,0.31,0.0969535971,-0.2226277372,2.3587596197,-0.2830922144,0.3,0.1516575089,0.2857142857,2.1219281664,-0.3870276692,0.39,0.1019803903,-0.290726817,2.7045118343,-1.0013237284,0.39,0.1019803903,-0.290726817,2.7045118343,-1.0013237284
