Instance,INF_avg,INF_sd,INF_r1,INF_kr,INF_sk,SUP_avg,SUP_sd,SUP_r1,SUP_kr,SUP_sk,INC_avg,INC_sd,INC_r1,INC_kr,INC_sk,IND_avg,IND_sd,IND_r1,IND_kr,IND_sk
67,0.400199005,0.0875379673,0.862237298,2.1560673409,0.0653728646,0.0913432836,0.0611737316,0.8951332441,2.2810280129,0.5788509914,0.5084577114,0.0469053185,0.3679803371,3.0912430396,-0.1818079147,0.5084577114,0.0469053185,0.3679803371,3.0912430396,-0.1818079147
