Instance,INF_avg,INF_sd,INF_r1,INF_kr,INF_sk,SUP_avg,SUP_sd,SUP_r1,SUP_kr,SUP_sk,INC_avg,INC_sd,INC_r1,INC_kr,INC_sk,IND_avg,IND_sd,IND_r1,IND_kr,IND_sk
237,0.262,0.0344383507,0.1574651944,1.7284010476,0.234453707,0.24,0.0378153408,-0.8962962963,1.3165680473,0.2746138251,0.498,0.0401995025,-0.4211520302,2.0246299382,0.1463000225,0.498,0.0401995025,-0.4211520302,2.0246299382,0.1463000225
