Instance,INF_avg,INF_sd,INF_r1,INF_kr,INF_sk,SUP_avg,SUP_sd,SUP_r1,SUP_kr,SUP_sk,INC_avg,INC_sd,INC_r1,INC_kr,INC_sk,IND_avg,IND_sd,IND_r1,IND_kr,IND_sk
229,0.24,0.08,0.1549295775,2.7739257813,0.181640625,0.305,0.1105667219,0.1957241028,1.9418495239,0.039950338,0.455,0.1404457191,0.6141296638,1.7762244165,0.5474152562,0.455,0.1404457191,0.6141296638,1.7762244165,0.5474152562
