Instance,INF_avg,INF_sd,INF_r1,INF_kr,INF_sk,SUP_avg,SUP_sd,SUP_r1,SUP_kr,SUP_sk,INC_avg,INC_sd,INC_r1,INC_kr,INC_sk,IND_avg,IND_sd,IND_r1,IND_kr,IND_sk
36,0.2408,0.0276651405,-0.1607733888,2.5702527795,0.0792311554,0.2824,0.0264620483,0.0786633904,2.72592196,-0.0882661092,0.4768,0.0303440274,-0.1383897043,2.4076498334,-0.2098434835,0.4768,0.0303440274,-0.1383897043,2.4076498334,-0.2098434835
