Instance,INF_avg,INF_sd,INF_r1,INF_kr,INF_sk,SUP_avg,SUP_sd,SUP_r1,SUP_kr,SUP_sk,INC_avg,INC_sd,INC_r1,INC_kr,INC_sk,IND_avg,IND_sd,IND_r1,IND_kr,IND_sk
153,0.3188,0.0913376155,0.3749422246,2.7002112707,0.3146958485,0.284,0.0860697392,0.1358823801,2.7331423853,0.085821209,0.3972,0.0898897102,0.4321372943,3.1398891736,0.4871320042,0.3972,0.0898897102,0.4321372943,3.1398891736,0.4871320042
