Instance,INF_avg,INF_sd,INF_r1,INF_kr,INF_sk,SUP_avg,SUP_sd,SUP_r1,SUP_kr,SUP_sk,INC_avg,INC_sd,INC_r1,INC_kr,INC_sk,IND_avg,IND_sd,IND_r1,IND_kr,IND_sk
183,0.19,0.0374165739,0.3518518519,1.8469387755,0.3436215967,0.29,0.1019803903,-0.2620423892,2.7045118343,-1.0013237284,0.52,0.0871779789,-0.2264150943,1.7957063712,0.0543353054,0.52,0.0871779789,-0.2264150943,1.7957063712,0.0543353054
