Instance,INF_avg,INF_sd,INF_r1,INF_kr,INF_sk,SUP_avg,SUP_sd,SUP_r1,SUP_kr,SUP_sk,INC_avg,INC_sd,INC_r1,INC_kr,INC_sk,IND_avg,IND_sd,IND_r1,IND_kr,IND_sk
188,0.2816,0.0512,-0.3467458764,3.697177887,0.2972259521,0.244,0.0530659966,0.019954534,2.5795454545,0.6064489544,0.4744,0.0707717458,-0.0561029255,2.6275054176,0.1286448576,0.4744,0.0707717458,-0.0561029255,2.6275054176,0.1286448576
