Instance,INF_avg,INF_sd,INF_r1,INF_kr,INF_sk,SUP_avg,SUP_sd,SUP_r1,SUP_kr,SUP_sk,INC_avg,INC_sd,INC_r1,INC_kr,INC_sk,IND_avg,IND_sd,IND_r1,IND_kr,IND_sk
278,0.3361111111,0.1140243097,0.2839956795,2.831423716,0.4843339909,0.1638888889,0.0741723885,0.2571367476,3.0680411276,-0.0747955387,0.5,0.0971825316,0.0147058824,2.4134948097,0.453966843,0.5,0.0971825316,0.0147058824,2.4134948097,0.453966843
