Instance,INF_avg,INF_sd,INF_r1,INF_kr,INF_sk,SUP_avg,SUP_sd,SUP_r1,SUP_kr,SUP_sk,INC_avg,INC_sd,INC_r1,INC_kr,INC_sk,IND_avg,IND_sd,IND_r1,IND_kr,IND_sk
10,0.307,0.1014938422,0.0446482129,2.1948862301,-0.1044143911,0.241,0.090934042,0.1246305574,3.1236441056,0.5073479936,0.452,0.1043839068,-0.1638726747,3.766517398,0.1447342792,0.452,0.1043839068,-0.1638726747,3.766517398,0.1447342792
