Instance,INF_avg,INF_sd,INF_r1,INF_kr,INF_sk,SUP_avg,SUP_sd,SUP_r1,SUP_kr,SUP_sk,INC_avg,INC_sd,INC_r1,INC_kr,INC_sk,IND_avg,IND_sd,IND_r1,IND_kr,IND_sk
15,0.2596,0.0576180527,0.1036856585,3.7743791667,-0.1506467943,0.2536,0.0819209375,0.0004988427,5.5408784058,0.9723148834,0.4868,0.0722894183,0.1262294201,2.9303551363,-0.0293300674,0.4868,0.0722894183,0.1262294201,2.9303551363,-0.0293300674
