Instance,INF_avg,INF_sd,INF_r1,INF_kr,INF_sk,SUP_avg,SUP_sd,SUP_r1,SUP_kr,SUP_sk,INC_avg,INC_sd,INC_r1,INC_kr,INC_sk,IND_avg,IND_sd,IND_r1,IND_kr,IND_sk
187,0.25,0.1352774926,0.3597811218,2.4164651079,0.1575389594,0.238,0.1286701209,0.2141007257,2.4981165784,0.2524308599,0.512,0.1464786674,0.2495767799,3.1923720486,0.0782271793,0.512,0.1464786674,0.2495767799,3.1923720486,0.0782271793
