Instance,INF_avg,INF_sd,INF_r1,INF_kr,INF_sk,SUP_avg,SUP_sd,SUP_r1,SUP_kr,SUP_sk,INC_avg,INC_sd,INC_r1,INC_kr,INC_sk,IND_avg,IND_sd,IND_r1,IND_kr,IND_sk
98,0.188,0.0481248377,0.3462071354,2.1558431099,0.3759652007,0.335,0.0408044115,-0.1097744361,2.7193409626,0.4415703436,0.477,0.0402616443,-0.2764644158,1.696113358,0.2009679885,0.477,0.0402616443,-0.2764644158,1.696113358,0.2009679885
