Instance,INF_avg,INF_sd,INF_r1,INF_kr,INF_sk,SUP_avg,SUP_sd,SUP_r1,SUP_kr,SUP_sk,INC_avg,INC_sd,INC_r1,INC_kr,INC_sk,IND_avg,IND_sd,IND_r1,IND_kr,IND_sk
218,0.326,0.0573061951,-0.1374826411,3.2104530733,-0.5575536616,0.272,0.0664529909,0.1993087558,2.4800724638,0.1720732574,0.402,0.0948472456,0.0915939481,1.9915569412,-0.079208123,0.402,0.0948472456,0.0915939481,1.9915569412,-0.079208123
