Instance,INF_avg,INF_sd,INF_r1,INF_kr,INF_sk,SUP_avg,SUP_sd,SUP_r1,SUP_kr,SUP_sk,INC_avg,INC_sd,INC_r1,INC_kr,INC_sk,IND_avg,IND_sd,IND_r1,IND_kr,IND_sk
253,0.2376,0.0352028408,0.0541703758,2.8864017235,-0.4450143508,0.2806,0.0371300417,0.1564078462,2.0935200672,0.0989125766,0.4818,0.0414579305,-0.1164568708,3.1835949279,0.2136355438,0.4818,0.0414579305,-0.1164568708,3.1835949279,0.2136355438
