Instance,INF_avg,INF_sd,INF_r1,INF_kr,INF_sk,SUP_avg,SUP_sd,SUP_r1,SUP_kr,SUP_sk,INC_avg,INC_sd,INC_r1,INC_kr,INC_sk,IND_avg,IND_sd,IND_r1,IND_kr,IND_sk
218,0.306,0.1032666451,-0.1314103622,3.0085703159,-0.2153653775,0.244,0.0972830921,0.2193683338,2.1020854755,0.071216371,0.45,0.0969535971,-0.1276595745,2.0314622001,0.0658353987,0.45,0.0969535971,-0.1276595745,2.0314622001,0.0658353987
