Instance,INF_avg,INF_sd,INF_r1,INF_kr,INF_sk,SUP_avg,SUP_sd,SUP_r1,SUP_kr,SUP_sk,INC_avg,INC_sd,INC_r1,INC_kr,INC_sk,IND_avg,IND_sd,IND_r1,IND_kr,IND_sk
191,0.24,0.1319090596,0.4522144522,2.1575505351,0.2169728883,0.19,0.0663324958,0.1552511416,2.2169421488,0.3700366502,0.57,0.1208304597,0.3292682927,2.5052542691,-0.8978957038,0.57,0.1208304597,0.3292682927,2.5052542691,-0.8978957038
