Instance,INF_avg,INF_sd,INF_r1,INF_kr,INF_sk,SUP_avg,SUP_sd,SUP_r1,SUP_kr,SUP_sk,INC_avg,INC_sd,INC_r1,INC_kr,INC_sk,IND_avg,IND_sd,IND_r1,IND_kr,IND_sk
17,0.28,0.1833030278,0.3345771144,3.4413265306,0.783246356,0.23,0.155241747,-0.4938862307,3.8197861607,0.9365663149,0.49,0.17,-0.3001083424,3.2942254044,-0.820679829,0.49,0.17,-0.3001083424,3.2942254044,-0.820679829
