Instance,INF_avg,INF_sd,INF_r1,INF_kr,INF_sk,SUP_avg,SUP_sd,SUP_r1,SUP_kr,SUP_sk,INC_avg,INC_sd,INC_r1,INC_kr,INC_sk,IND_avg,IND_sd,IND_r1,IND_kr,IND_sk
125,0.256,0.1551257554,-0.0489440563,2.6757998175,0.5308493359,0.204,0.1310877569,-0.0344699156,3.7199057458,0.8850738554,0.54,0.1754992877,-0.0869565217,3.1946365323,-0.3108015722,0.54,0.1754992877,-0.0869565217,3.1946365323,-0.3108015722
