Instance,INF_avg,INF_sd,INF_r1,INF_kr,INF_sk,SUP_avg,SUP_sd,SUP_r1,SUP_kr,SUP_sk,INC_avg,INC_sd,INC_r1,INC_kr,INC_sk,IND_avg,IND_sd,IND_r1,IND_kr,IND_sk
3,0.22305,0.0344521044,0.1925432341,2.7251970992,0.1319254875,0.28595,0.0467744321,0.4103078536,2.747223493,0.1917717794,0.491,0.0429534632,0.3306981943,4.9713186595,0.366363599,0.491,0.0429534632,0.3306981943,4.9713186595,0.366363599
