Instance,INF_avg,INF_sd,INF_r1,INF_kr,INF_sk,SUP_avg,SUP_sd,SUP_r1,SUP_kr,SUP_sk,INC_avg,INC_sd,INC_r1,INC_kr,INC_sk,IND_avg,IND_sd,IND_r1,IND_kr,IND_sk
170,0.2,0.0894427191,-0.0,1.25,0.0,0.24,0.08,-0.3157894737,3.25,1.5,0.56,0.1496662955,-0.1038961039,2.1339285714,-0.7301958931,0.56,0.1496662955,-0.1038961039,2.1339285714,-0.7301958931
