Instance,INF_avg,INF_sd,INF_r1,INF_kr,INF_sk,SUP_avg,SUP_sd,SUP_r1,SUP_kr,SUP_sk,INC_avg,INC_sd,INC_r1,INC_kr,INC_sk,IND_avg,IND_sd,IND_r1,IND_kr,IND_sk
49,0.2568,0.0397713465,-0.0203110252,2.8476284714,0.091842014,0.2288,0.0358128469,0.1387739558,2.0302884127,0.0509217461,0.5144,0.0571370283,0.2185694904,2.5226742388,-0.1725090691,0.5144,0.0571370283,0.2185694904,2.5226742388,-0.1725090691
