Instance,INF_avg,INF_sd,INF_r1,INF_kr,INF_sk,SUP_avg,SUP_sd,SUP_r1,SUP_kr,SUP_sk,INC_avg,INC_sd,INC_r1,INC_kr,INC_sk,IND_avg,IND_sd,IND_r1,IND_kr,IND_sk
193,0.3618461538,0.0882808858,0.3484655799,2.5066312491,-0.0267898546,0.1530769231,0.0736608251,0.4841163307,2.4152826563,0.3377552168,0.4850769231,0.0703534609,-0.087074818,3.1034907713,0.542862149,0.4850769231,0.0703534609,-0.087074818,3.1034907713,0.542862149
