Instance,INF_avg,INF_sd,INF_r1,INF_kr,INF_sk,SUP_avg,SUP_sd,SUP_r1,SUP_kr,SUP_sk,INC_avg,INC_sd,INC_r1,INC_kr,INC_sk,IND_avg,IND_sd,IND_r1,IND_kr,IND_sk
33,0.22125,0.0335139896,0.2063770293,3.5615902157,0.3945632207,0.16645,0.0262230338,0.1500436338,2.9941963301,0.0942444299,0.6123,0.0413969806,0.3269724377,2.9288958578,0.0579798945,0.6123,0.0413969806,0.3269724377,2.9288958578,0.0579798945
