Instance,INF_avg,INF_sd,INF_r1,INF_kr,INF_sk,SUP_avg,SUP_sd,SUP_r1,SUP_kr,SUP_sk,INC_avg,INC_sd,INC_r1,INC_kr,INC_sk,IND_avg,IND_sd,IND_r1,IND_kr,IND_sk
61,0.3,0.1376494403,-0.0285714286,3.1666666667,0.1210805262,0.1894736842,0.0911605688,-0.0742506812,1.9577333333,-0.2078460969,0.5105263158,0.1552408548,-0.3383412351,2.1767657551,-0.1755950659,0.5105263158,0.1552408548,-0.3383412351,2.1767657551,-0.1755950659
