Instance,INF_avg,INF_sd,INF_r1,INF_kr,INF_sk,SUP_avg,SUP_sd,SUP_r1,SUP_kr,SUP_sk,INC_avg,INC_sd,INC_r1,INC_kr,INC_sk,IND_avg,IND_sd,IND_r1,IND_kr,IND_sk
137,0.3638888889,0.0795919377,-0.1435668833,2.3091429156,-0.0880795354,0.1375,0.0730058978,0.2809394761,3.3931076192,0.6525286029,0.4986111111,0.1076814432,-0.3003643393,2.9272827078,-0.581443514,0.4986111111,0.1076814432,-0.3003643393,2.9272827078,-0.581443514
