Instance,INF_avg,INF_sd,INF_r1,INF_kr,INF_sk,SUP_avg,SUP_sd,SUP_r1,SUP_kr,SUP_sk,INC_avg,INC_sd,INC_r1,INC_kr,INC_sk,IND_avg,IND_sd,IND_r1,IND_kr,IND_sk
215,0.2835,0.1019938724,0.0793053191,2.576810644,-0.1501595042,0.3065,0.1057485224,0.1083183439,2.4700964011,0.1652447803,0.41,0.1058300524,0.0730210308,3.1875797194,0.2619597519,0.41,0.1058300524,0.0730210308,3.1875797194,0.2619597519
