Instance,INF_avg,INF_sd,INF_r1,INF_kr,INF_sk,SUP_avg,SUP_sd,SUP_r1,SUP_kr,SUP_sk,INC_avg,INC_sd,INC_r1,INC_kr,INC_sk,IND_avg,IND_sd,IND_r1,IND_kr,IND_sk
100,0.247,0.0436921045,-0.1606956578,3.0777892813,-0.2037209097,0.2252,0.044440522,0.1288379915,2.6323317159,-0.0295093488,0.5278,0.0468738733,-0.267554269,3.1390669971,-0.153686652,0.5278,0.0468738733,-0.267554269,3.1390669971,-0.153686652
