Instance,INF_avg,INF_sd,INF_r1,INF_kr,INF_sk,SUP_avg,SUP_sd,SUP_r1,SUP_kr,SUP_sk,INC_avg,INC_sd,INC_r1,INC_kr,INC_sk,IND_avg,IND_sd,IND_r1,IND_kr,IND_sk
253,0.448,0.1065176042,0.7535503282,2.1951960308,-0.0305457272,0.1223333333,0.069266795,0.6353226221,3.3364893011,0.8254800553,0.4296666667,0.0630863606,0.4629797467,2.5891411899,0.2252164035,0.4296666667,0.0630863606,0.4629797467,2.5891411899,0.2252164035
