Instance,INF_avg,INF_sd,INF_r1,INF_kr,INF_sk,SUP_avg,SUP_sd,SUP_r1,SUP_kr,SUP_sk,INC_avg,INC_sd,INC_r1,INC_kr,INC_sk,IND_avg,IND_sd,IND_r1,IND_kr,IND_sk
119,0.2404,0.0250966133,0.3282959795,2.5803145592,0.2545812583,0.3528,0.0316884837,-0.0511780451,2.6445397472,0.1069475513,0.4068,0.0321521383,0.0098749775,2.6531782638,-0.0548516229,0.4068,0.0321521383,0.0098749775,2.6531782638,-0.0548516229
