Instance,INF_avg,INF_sd,INF_r1,INF_kr,INF_sk,SUP_avg,SUP_sd,SUP_r1,SUP_kr,SUP_sk,INC_avg,INC_sd,INC_r1,INC_kr,INC_sk,IND_avg,IND_sd,IND_r1,IND_kr,IND_sk
194,0.234,0.115082579,-0.0151176779,2.8169864945,0.1770215196,0.254,0.1417180299,-0.1364875682,2.3006807775,-0.0811842914,0.512,0.1582908715,-0.1587463,2.3886956054,0.0141840822,0.512,0.1582908715,-0.1587463,2.3886956054,0.0141840822
