Instance,INF_avg,INF_sd,INF_r1,INF_kr,INF_sk,SUP_avg,SUP_sd,SUP_r1,SUP_kr,SUP_sk,INC_avg,INC_sd,INC_r1,INC_kr,INC_sk,IND_avg,IND_sd,IND_r1,IND_kr,IND_sk
233,0.3881481481,0.0995466404,0.8744969322,1.9671709088,-0.0181681489,0.105462963,0.0755347307,0.9252475055,2.3642116278,0.6304981891,0.5063888889,0.0463189759,0.3745319265,2.6537270102,-0.1618441109,0.5063888889,0.0463189759,0.3745319265,2.6537270102,-0.1618441109
