Instance,INF_avg,INF_sd,INF_r1,INF_kr,INF_sk,SUP_avg,SUP_sd,SUP_r1,SUP_kr,SUP_sk,INC_avg,INC_sd,INC_r1,INC_kr,INC_sk,IND_avg,IND_sd,IND_r1,IND_kr,IND_sk
248,0.2376,0.0425234053,-0.0457859587,2.7173831328,0.2939577385,0.2798,0.0302152279,0.003804725,2.5687900288,-0.2641703172,0.4826,0.0415480445,-0.3657751619,2.7745943814,0.4813418744,0.4826,0.0415480445,-0.3657751619,2.7745943814,0.4813418744
