Instance,INF_avg,INF_sd,INF_r1,INF_kr,INF_sk,SUP_avg,SUP_sd,SUP_r1,SUP_kr,SUP_sk,INC_avg,INC_sd,INC_r1,INC_kr,INC_sk,IND_avg,IND_sd,IND_r1,IND_kr,IND_sk
42,0.2407,0.0336230576,0.0307650978,3.2193569986,-0.3526437737,0.2577,0.0310758749,-0.0668222547,2.7581805284,0.1627963981,0.5016,0.0362483103,-0.1205294138,2.8756377864,0.2996443391,0.5016,0.0362483103,-0.1205294138,2.8756377864,0.2996443391
