Instance,INF_avg,INF_sd,INF_r1,INF_kr,INF_sk,SUP_avg,SUP_sd,SUP_r1,SUP_kr,SUP_sk,INC_avg,INC_sd,INC_r1,INC_kr,INC_sk,IND_avg,IND_sd,IND_r1,IND_kr,IND_sk
237,0.3058823529,0.1474113422,-0.0844964871,1.6634650493,-0.1014129512,0.1823529412,0.0784803768,0.3907990315,2.8923747002,-0.4092948324,0.5117647059,0.1604491964,0.0025808672,1.6738206729,0.2353449668,0.5117647059,0.1604491964,0.0025808672,1.6738206729,0.2353449668
