Instance,INF_avg,INF_sd,INF_r1,INF_kr,INF_sk,SUP_avg,SUP_sd,SUP_r1,SUP_kr,SUP_sk,INC_avg,INC_sd,INC_r1,INC_kr,INC_sk,IND_avg,IND_sd,IND_r1,IND_kr,IND_sk
225,0.25,0.1268857754,0.1415241058,2.5394467806,0.3818174639,0.238,0.134,0.0879167335,2.8241176756,0.4314626467,0.512,0.1380434714,0.0233780723,2.7737819541,-0.1245911325,0.512,0.1380434714,0.0233780723,2.7737819541,-0.1245911325
