Instance,INF_avg,INF_sd,INF_r1,INF_kr,INF_sk,SUP_avg,SUP_sd,SUP_r1,SUP_kr,SUP_sk,INC_avg,INC_sd,INC_r1,INC_kr,INC_sk,IND_avg,IND_sd,IND_r1,IND_kr,IND_sk
104,0.272,0.1562561999,0.081310028,2.2631838865,0.0295914864,0.316,0.1222456543,0.0092851748,2.7502327032,-0.0445622178,0.412,0.1531535178,0.0740060938,2.7307380199,0.3323311244,0.412,0.1531535178,0.0740060938,2.7307380199,0.3323311244
