Instance,INF_avg,INF_sd,INF_r1,INF_kr,INF_sk,SUP_avg,SUP_sd,SUP_r1,SUP_kr,SUP_sk,INC_avg,INC_sd,INC_r1,INC_kr,INC_sk,IND_avg,IND_sd,IND_r1,IND_kr,IND_sk
153,0.4959259259,0.0933436208,0.6563851454,2.6059445303,-0.1093786328,0.0992592593,0.053397595,0.5584759235,2.0460130339,0.1535189059,0.4048148148,0.0596514798,0.3277954837,2.5945098677,0.2432837587,0.4048148148,0.0596514798,0.3277954837,2.5945098677,0.2432837587
