Instance,INF_avg,INF_sd,INF_r1,INF_kr,INF_sk,SUP_avg,SUP_sd,SUP_r1,SUP_kr,SUP_sk,INC_avg,INC_sd,INC_r1,INC_kr,INC_sk,IND_avg,IND_sd,IND_r1,IND_kr,IND_sk
297,0.248,0.1004788535,-0.0606348754,3.3035901306,0.7054018732,0.312,0.0696850056,-0.1354163193,2.6291712014,-0.1670969453,0.44,0.092736185,0.0510777882,2.5086533261,0.2181732853,0.44,0.092736185,0.0510777882,2.5086533261,0.2181732853
