Instance,INF_avg,INF_sd,INF_r1,INF_kr,INF_sk,SUP_avg,SUP_sd,SUP_r1,SUP_kr,SUP_sk,INC_avg,INC_sd,INC_r1,INC_kr,INC_sk,IND_avg,IND_sd,IND_r1,IND_kr,IND_sk
155,0.244,0.0557135531,-0.5633074935,1.5209374004,-0.3730421773,0.32,0.0848528137,-0.5555555556,1.7,0.0,0.436,0.0344093011,-0.5311653117,2.6519357195,1.017952296,0.436,0.0344093011,-0.5311653117,2.6519357195,1.017952296
