Instance,INF_avg,INF_sd,INF_r1,INF_kr,INF_sk,SUP_avg,SUP_sd,SUP_r1,SUP_kr,SUP_sk,INC_avg,INC_sd,INC_r1,INC_kr,INC_sk,IND_avg,IND_sd,IND_r1,IND_kr,IND_sk
16,0.5375862069,0.135106093,0.9239131498,2.3569813678,-0.5916304176,0.0989655172,0.0889147142,0.9213167423,3.7409422967,1.2644810026,0.3634482759,0.0601234857,0.7450910865,2.7535188313,-0.0294139799,0.3634482759,0.0601234857,0.7450910865,2.7535188313,-0.0294139799
