Instance,INF_avg,INF_sd,INF_r1,INF_kr,INF_sk,SUP_avg,SUP_sd,SUP_r1,SUP_kr,SUP_sk,INC_avg,INC_sd,INC_r1,INC_kr,INC_sk,IND_avg,IND_sd,IND_r1,IND_kr,IND_sk
267,0.2585,0.0212190952,0.0050552747,1.6592968741,0.1771004956,0.246,0.0318433667,0.1077641913,1.9023726994,-0.3559397362,0.4955,0.0334252898,0.0887929671,2.5107107409,0.5961133928,0.4955,0.0334252898,0.0887929671,2.5107107409,0.5961133928
