Instance,INF_avg,INF_sd,INF_r1,INF_kr,INF_sk,SUP_avg,SUP_sd,SUP_r1,SUP_kr,SUP_sk,INC_avg,INC_sd,INC_r1,INC_kr,INC_sk,IND_avg,IND_sd,IND_r1,IND_kr,IND_sk
238,0.2528,0.0598344382,-0.0942944251,2.5818686424,-0.2736259664,0.2316,0.0457978165,-0.0576713853,2.574951779,0.0317327712,0.5156,0.0637858919,-0.3352857413,3.1669387121,0.3780461613,0.5156,0.0637858919,-0.3352857413,3.1669387121,0.3780461613
