Instance,INF_avg,INF_sd,INF_r1,INF_kr,INF_sk,SUP_avg,SUP_sd,SUP_r1,SUP_kr,SUP_sk,INC_avg,INC_sd,INC_r1,INC_kr,INC_sk,IND_avg,IND_sd,IND_r1,IND_kr,IND_sk
228,0.2612,0.0289751618,-0.2013280093,4.3316129661,0.5847911613,0.2811,0.029279515,0.2558244231,4.3148220358,0.6132062576,0.4577,0.0287090578,-0.2024239737,3.1300215351,-0.4240199459,0.4577,0.0287090578,-0.2024239737,3.1300215351,-0.4240199459
