Instance,INF_avg,INF_sd,INF_r1,INF_kr,INF_sk,SUP_avg,SUP_sd,SUP_r1,SUP_kr,SUP_sk,INC_avg,INC_sd,INC_r1,INC_kr,INC_sk,IND_avg,IND_sd,IND_r1,IND_kr,IND_sk
193,0.228,0.1249639948,-0.1595938096,1.8998715063,-0.1710000748,0.292,0.1324235629,-0.2132038257,2.5090008791,0.353709076,0.48,0.1414213562,-0.0575364668,2.9672,0.1018233765,0.48,0.1414213562,-0.0575364668,2.9672,0.1018233765
