Instance,INF_avg,INF_sd,INF_r1,INF_kr,INF_sk,SUP_avg,SUP_sd,SUP_r1,SUP_kr,SUP_sk,INC_avg,INC_sd,INC_r1,INC_kr,INC_sk,IND_avg,IND_sd,IND_r1,IND_kr,IND_sk
194,0.3136585366,0.0721027755,0.4240515418,3.4372247552,-0.6261045603,0.1370731707,0.0795795017,0.6730006431,2.0085852197,0.182399549,0.5492682927,0.0626406805,0.1948147293,3.0700076603,-0.1462501091,0.5492682927,0.0626406805,0.1948147293,3.0700076603,-0.1462501091
