Instance,INF_avg,INF_sd,INF_r1,INF_kr,INF_sk,SUP_avg,SUP_sd,SUP_r1,SUP_kr,SUP_sk,INC_avg,INC_sd,INC_r1,INC_kr,INC_sk,IND_avg,IND_sd,IND_r1,IND_kr,IND_sk
234,0.3318,0.0454286253,0.0327220665,2.2998609358,0.2405755164,0.2262,0.0372096762,0.0282236933,1.7467040435,-0.1672419712,0.442,0.0375765885,-0.2706726253,3.2340340585,0.2736620471,0.442,0.0375765885,-0.2706726253,3.2340340585,0.2736620471
