Instance,INF_avg,INF_sd,INF_r1,INF_kr,INF_sk,SUP_avg,SUP_sd,SUP_r1,SUP_kr,SUP_sk,INC_avg,INC_sd,INC_r1,INC_kr,INC_sk,IND_avg,IND_sd,IND_r1,IND_kr,IND_sk
122,0.17,0.0781024968,-0.1647254576,3.1542596076,-0.6800647393,0.34,0.1280624847,-0.3092269327,2.3837001785,0.6513588606,0.49,0.0943398113,-0.2360939431,2.971468249,0.9146947998,0.49,0.0943398113,-0.2360939431,2.971468249,0.9146947998
