Instance,INF_avg,INF_sd,INF_r1,INF_kr,INF_sk,SUP_avg,SUP_sd,SUP_r1,SUP_kr,SUP_sk,INC_avg,INC_sd,INC_r1,INC_kr,INC_sk,IND_avg,IND_sd,IND_r1,IND_kr,IND_sk
189,0.276,0.0387814389,-0.0368663594,1.4081032141,-0.3752617726,0.296,0.0752595509,-0.8483275663,1.4922436082,-0.0468435393,0.428,0.074404301,-0.6456494325,2.1968826222,0.8725954637,0.428,0.074404301,-0.6456494325,2.1968826222,0.8725954637
