Instance,INF_avg,INF_sd,INF_r1,INF_kr,INF_sk,SUP_avg,SUP_sd,SUP_r1,SUP_kr,SUP_sk,INC_avg,INC_sd,INC_r1,INC_kr,INC_sk,IND_avg,IND_sd,IND_r1,IND_kr,IND_sk
136,0.2465,0.0975333276,-0.0434064404,2.7217711445,0.4377800184,0.2915,0.1261061061,0.2235627801,2.6797995869,0.2592377916,0.462,0.1196076921,0.0943534552,2.897404729,0.1187862148,0.462,0.1196076921,0.0943534552,2.897404729,0.1187862148
