Instance,INF_avg,INF_sd,INF_r1,INF_kr,INF_sk,SUP_avg,SUP_sd,SUP_r1,SUP_kr,SUP_sk,INC_avg,INC_sd,INC_r1,INC_kr,INC_sk,IND_avg,IND_sd,IND_r1,IND_kr,IND_sk
297,0.272,0.1015677114,0.0064941169,3.8227869055,0.1083212232,0.242,0.0896437393,-0.056094535,2.982907677,0.3239636622,0.486,0.1122675376,0.1183549255,4.350837226,0.6693276212,0.486,0.1122675376,0.1183549255,4.350837226,0.6693276212
