Instance,INF_avg,INF_sd,INF_r1,INF_kr,INF_sk,SUP_avg,SUP_sd,SUP_r1,SUP_kr,SUP_sk,INC_avg,INC_sd,INC_r1,INC_kr,INC_sk,IND_avg,IND_sd,IND_r1,IND_kr,IND_sk
129,0.2265,0.0224777668,-0.2566960163,1.9606053803,0.4235754059,0.274,0.0216564078,0.3503241014,1.8128986502,0.1804692448,0.4995,0.0247436861,0.1822688353,2.240111838,-0.4847741767,0.4995,0.0247436861,0.1822688353,2.240111838,-0.4847741767
