Instance,INF_avg,INF_sd,INF_r1,INF_kr,INF_sk,SUP_avg,SUP_sd,SUP_r1,SUP_kr,SUP_sk,INC_avg,INC_sd,INC_r1,INC_kr,INC_sk,IND_avg,IND_sd,IND_r1,IND_kr,IND_sk
236,0.3913461538,0.0920916944,0.77686668,2.3722758172,0.1373917868,0.1037179487,0.0686333434,0.7850270046,2.3463493142,0.5747552494,0.5049358974,0.0535112832,0.2204316533,2.6743244938,-0.1771436839,0.5049358974,0.0535112832,0.2204316533,2.6743244938,-0.1771436839
