Instance,INF_avg,INF_sd,INF_r1,INF_kr,INF_sk,SUP_avg,SUP_sd,SUP_r1,SUP_kr,SUP_sk,INC_avg,INC_sd,INC_r1,INC_kr,INC_sk,IND_avg,IND_sd,IND_r1,IND_kr,IND_sk
90,0.326,0.0523832034,0.2429721218,2.4488563439,-0.3259229139,0.282,0.0605970296,-0.019414865,2.6422245005,-0.1887536166,0.392,0.0571314274,0.2833047105,3.380496684,-0.0332051711,0.392,0.0571314274,0.2833047105,3.380496684,-0.0332051711
