Instance,INF_avg,INF_sd,INF_r1,INF_kr,INF_sk,SUP_avg,SUP_sd,SUP_r1,SUP_kr,SUP_sk,INC_avg,INC_sd,INC_r1,INC_kr,INC_sk,IND_avg,IND_sd,IND_r1,IND_kr,IND_sk
228,0.232,0.0401995025,0.0405715744,1.8702333105,-0.0169944471,0.298,0.0278567766,-0.0362836723,2.9079073228,1.0391889224,0.47,0.0340587727,0.4827586207,1.4774078478,-0.0911203789,0.47,0.0340587727,0.4827586207,1.4774078478,-0.0911203789
