Instance,INF_avg,INF_sd,INF_r1,INF_kr,INF_sk,SUP_avg,SUP_sd,SUP_r1,SUP_kr,SUP_sk,INC_avg,INC_sd,INC_r1,INC_kr,INC_sk,IND_avg,IND_sd,IND_r1,IND_kr,IND_sk
281,0.3,0.1264911064,-0.1666666667,2.03125,-0.2964635306,0.22,0.12489996,-0.0160427807,2.4240631164,-0.6897828164,0.48,0.1469693846,0.0972222222,2.4012345679,-0.0302406141,0.48,0.1469693846,0.0972222222,2.4012345679,-0.0302406141
